     shots,    errors,  discards, seconds,decoder,strong_id,json_metadata,custom_counts
      6417,         0,         0,   0.011,pymatching,5dd0745ef49adc03d1763624c203142a1aeb1556c043d6478fde58622f17934b,"{""config"":[""Y+"",""Y""],""d"":5,""p"":4.641588833612782e-05}",
      9216,         0,         0,   0.015,pymatching,5dd0745ef49adc03d1763624c203142a1aeb1556c043d6478fde58622f17934b,"{""config"":[""Y+"",""Y""],""d"":5,""p"":4.641588833612782e-05}",
     20753,         1,         0,   0.009,pymatching,094244424a3bf204a531f9d7b7d1d43a6414c5b7616ede9e18dc2b8e33347317,"{""config"":[""Y+"",""Y""],""d"":3,""p"":0.00035938136638046257}",
      6417,       418,         0,   0.010,pymatching,f2332848e443d52a2aa2629a897832bd91c3476f65ca2a0ae50f3e5cd7268391,"{""config"":[""Y+"",""Y""],""d"":3,""p"":0.012505128205128205}",
     10513,       170,         0,   0.010,pymatching,22b82852cebe2d793d2919725058cb67336f6b35ffe024df46d05f953e5ff6b6,"{""config"":[""Y+"",""Y""],""d"":3,""p"":0.005733333333333333}",
     17681,         0,         0,   0.009,pymatching,58168bef05a465df2ae1ffe32c97b0c280a01c799294bc88de076b8c50bb5772,"{""config"":[""Y+"",""Y""],""d"":3,""p"":7.742636826811278e-05}",
     31744,         2,         0,   0.013,pymatching,094244424a3bf204a531f9d7b7d1d43a6414c5b7616ede9e18dc2b8e33347317,"{""config"":[""Y+"",""Y""],""d"":3,""p"":0.00035938136638046257}",
     12288,         0,         0,   0.019,pymatching,5dd0745ef49adc03d1763624c203142a1aeb1556c043d6478fde58622f17934b,"{""config"":[""Y+"",""Y""],""d"":5,""p"":4.641588833612782e-05}",
     10240,       609,         0,   0.015,pymatching,f2332848e443d52a2aa2629a897832bd91c3476f65ca2a0ae50f3e5cd7268391,"{""config"":[""Y+"",""Y""],""d"":3,""p"":0.012505128205128205}",
     15360,       232,         0,   0.014,pymatching,22b82852cebe2d793d2919725058cb67336f6b35ffe024df46d05f953e5ff6b6,"{""config"":[""Y+"",""Y""],""d"":3,""p"":0.005733333333333333}",
     21777,         0,         0,   0.009,pymatching,3f31cd20fd4567764927e4c9957a7782d9cda9ee23f09b3a2ab8add293bbae62,"{""config"":[""Y+"",""Y""],""d"":3,""p"":1e-05}",
     14609,        81,         0,   0.010,pymatching,e3b20d8e33e8b5243af076fdcd38f9a1bd6a3e7539635771b7721173509e7329,"{""config"":[""Y+"",""Y""],""d"":3,""p"":0.0028820512820512817}",
     11264,         0,         0,   0.012,pymatching,58168bef05a465df2ae1ffe32c97b0c280a01c799294bc88de076b8c50bb5772,"{""config"":[""Y+"",""Y""],""d"":3,""p"":7.742636826811278e-05}",
     13585,        96,         0,   0.010,pymatching,e653f60e4023282b12ab1c68f1cb27240ba55e79bc1e3c26f062945847afbee0,"{""config"":[""Y+"",""Y""],""d"":3,""p"":0.003238461538461538}",
     41984,         7,         0,   0.017,pymatching,094244424a3bf204a531f9d7b7d1d43a6414c5b7616ede9e18dc2b8e33347317,"{""config"":[""Y+"",""Y""],""d"":3,""p"":0.00035938136638046257}",
     33792,         0,         0,   0.013,pymatching,3f31cd20fd4567764927e4c9957a7782d9cda9ee23f09b3a2ab8add293bbae62,"{""config"":[""Y+"",""Y""],""d"":3,""p"":1e-05}",
     22528,        82,         0,   0.014,pymatching,e3b20d8e33e8b5243af076fdcd38f9a1bd6a3e7539635771b7721173509e7329,"{""config"":[""Y+"",""Y""],""d"":3,""p"":0.0028820512820512817}",
     14336,       936,         0,   0.021,pymatching,f2332848e443d52a2aa2629a897832bd91c3476f65ca2a0ae50f3e5cd7268391,"{""config"":[""Y+"",""Y""],""d"":3,""p"":0.012505128205128205}",
     22528,       360,         0,   0.019,pymatching,22b82852cebe2d793d2919725058cb67336f6b35ffe024df46d05f953e5ff6b6,"{""config"":[""Y+"",""Y""],""d"":3,""p"":0.005733333333333333}",
     22801,         0,         0,   0.009,pymatching,61ff5f1147e184afdf1f6e153ac4b4fe36aeee11ff1384592d8541e17c3fc3c7,"{""config"":[""Y+"",""Y""],""d"":3,""p"":4.641588833612782e-05}",
     16384,         0,         0,   0.026,pymatching,5dd0745ef49adc03d1763624c203142a1aeb1556c043d6478fde58622f17934b,"{""config"":[""Y+"",""Y""],""d"":5,""p"":4.641588833612782e-05}",
     21504,       117,         0,   0.014,pymatching,e653f60e4023282b12ab1c68f1cb27240ba55e79bc1e3c26f062945847afbee0,"{""config"":[""Y+"",""Y""],""d"":3,""p"":0.003238461538461538}",
     28672,         0,         0,   0.015,pymatching,58168bef05a465df2ae1ffe32c97b0c280a01c799294bc88de076b8c50bb5772,"{""config"":[""Y+"",""Y""],""d"":3,""p"":7.742636826811278e-05}",
      4369,         1,         0,   0.011,pymatching,5e7f5a5babac4f8ad707610f5b4cc4b26d807e8c8458cf225daf5167039534d1,"{""config"":[""Y+"",""Y""],""d"":5,""p"":0.0014564102564102565}",
     48128,         0,         0,   0.019,pymatching,3f31cd20fd4567764927e4c9957a7782d9cda9ee23f09b3a2ab8add293bbae62,"{""config"":[""Y+"",""Y""],""d"":3,""p"":1e-05}",
     34816,         0,         0,   0.013,pymatching,61ff5f1147e184afdf1f6e153ac4b4fe36aeee11ff1384592d8541e17c3fc3c7,"{""config"":[""Y+"",""Y""],""d"":3,""p"":4.641588833612782e-05}",
     31744,       128,         0,   0.019,pymatching,e3b20d8e33e8b5243af076fdcd38f9a1bd6a3e7539635771b7721173509e7329,"{""config"":[""Y+"",""Y""],""d"":3,""p"":0.0028820512820512817}",
     18705,         6,         0,   0.009,pymatching,05284bd7fbf783ec72e1f32951239b7415bbb249ca93c25d39ec07ea3e6f3f31,"{""config"":[""Y+"",""Y""],""d"":3,""p"":0.001}",
      7441,       252,         0,   0.010,pymatching,1fa83d0a544423f9fd32d56bc1571c9edd5cece32e1bbe4148e202f4905eec55,"{""config"":[""Y+"",""Y""],""d"":3,""p"":0.009297435897435898}",
     16657,        61,         0,   0.010,pymatching,c62c094ba7980f8a08ba5ddabf58b31d95224b799c8230b7ca55f74567575fd5,"{""config"":[""Y+"",""Y""],""d"":3,""p"":0.0025256410256410257}",
     63488,         6,         0,   0.026,pymatching,094244424a3bf204a531f9d7b7d1d43a6414c5b7616ede9e18dc2b8e33347317,"{""config"":[""Y+"",""Y""],""d"":3,""p"":0.00035938136638046257}",
     29696,       179,         0,   0.019,pymatching,e653f60e4023282b12ab1c68f1cb27240ba55e79bc1e3c26f062945847afbee0,"{""config"":[""Y+"",""Y""],""d"":3,""p"":0.003238461538461538}",
      7168,         5,         0,   0.016,pymatching,5e7f5a5babac4f8ad707610f5b4cc4b26d807e8c8458cf225daf5167039534d1,"{""config"":[""Y+"",""Y""],""d"":5,""p"":0.0014564102564102565}",
     19456,      1220,         0,   0.028,pymatching,f2332848e443d52a2aa2629a897832bd91c3476f65ca2a0ae50f3e5cd7268391,"{""config"":[""Y+"",""Y""],""d"":3,""p"":0.012505128205128205}",
     30720,       460,         0,   0.027,pymatching,22b82852cebe2d793d2919725058cb67336f6b35ffe024df46d05f953e5ff6b6,"{""config"":[""Y+"",""Y""],""d"":3,""p"":0.005733333333333333}",
     27648,        17,         0,   0.013,pymatching,05284bd7fbf783ec72e1f32951239b7415bbb249ca93c25d39ec07ea3e6f3f31,"{""config"":[""Y+"",""Y""],""d"":3,""p"":0.001}",
     10240,       407,         0,   0.014,pymatching,1fa83d0a544423f9fd32d56bc1571c9edd5cece32e1bbe4148e202f4905eec55,"{""config"":[""Y+"",""Y""],""d"":3,""p"":0.009297435897435898}",
     47104,         0,         0,   0.019,pymatching,61ff5f1147e184afdf1f6e153ac4b4fe36aeee11ff1384592d8541e17c3fc3c7,"{""config"":[""Y+"",""Y""],""d"":3,""p"":4.641588833612782e-05}",
     24576,        89,         0,   0.014,pymatching,c62c094ba7980f8a08ba5ddabf58b31d95224b799c8230b7ca55f74567575fd5,"{""config"":[""Y+"",""Y""],""d"":3,""p"":0.0025256410256410257}",
     31744,         0,         0,   0.023,pymatching,58168bef05a465df2ae1ffe32c97b0c280a01c799294bc88de076b8c50bb5772,"{""config"":[""Y+"",""Y""],""d"":3,""p"":7.742636826811278e-05}",
     24576,         0,         0,   0.039,pymatching,5dd0745ef49adc03d1763624c203142a1aeb1556c043d6478fde58622f17934b,"{""config"":[""Y+"",""Y""],""d"":5,""p"":4.641588833612782e-05}",
     66560,         0,         0,   0.026,pymatching,3f31cd20fd4567764927e4c9957a7782d9cda9ee23f09b3a2ab8add293bbae62,"{""config"":[""Y+"",""Y""],""d"":3,""p"":1e-05}",
     41984,       188,         0,   0.027,pymatching,e3b20d8e33e8b5243af076fdcd38f9a1bd6a3e7539635771b7721173509e7329,"{""config"":[""Y+"",""Y""],""d"":3,""p"":0.0028820512820512817}",
      8465,       250,         0,   0.011,pymatching,e5e5dbc2d3eb392840ed8216b9024e61a7c869f05ca90c75e765dcd7b3dee8f7,"{""config"":[""Y+"",""Y""],""d"":3,""p"":0.007871794871794872}",
      9216,         2,         0,   0.020,pymatching,5e7f5a5babac4f8ad707610f5b4cc4b26d807e8c8458cf225daf5167039534d1,"{""config"":[""Y+"",""Y""],""d"":5,""p"":0.0014564102564102565}",
     39936,        21,         0,   0.019,pymatching,05284bd7fbf783ec72e1f32951239b7415bbb249ca93c25d39ec07ea3e6f3f31,"{""config"":[""Y+"",""Y""],""d"":3,""p"":0.001}",
     39936,       226,         0,   0.027,pymatching,e653f60e4023282b12ab1c68f1cb27240ba55e79bc1e3c26f062945847afbee0,"{""config"":[""Y+"",""Y""],""d"":3,""p"":0.003238461538461538}",
     16657,        20,         0,   0.009,pymatching,b3c39a91922e1d85821518e4a54fa742c0386e70840b5cbf046ff177d1baab23,"{""config"":[""Y+"",""Y""],""d"":3,""p"":0.0014564102564102565}",
     15360,       623,         0,   0.020,pymatching,1fa83d0a544423f9fd32d56bc1571c9edd5cece32e1bbe4148e202f4905eec55,"{""config"":[""Y+"",""Y""],""d"":3,""p"":0.009297435897435898}",
     34816,        99,         0,   0.019,pymatching,c62c094ba7980f8a08ba5ddabf58b31d95224b799c8230b7ca55f74567575fd5,"{""config"":[""Y+"",""Y""],""d"":3,""p"":0.0025256410256410257}",
     23825,         0,         0,   0.009,pymatching,0201e142d22122fd05e8f0d2585e1d88241113628b31ed758dd648238bc30b2e,"{""config"":[""Y+"",""Y""],""d"":3,""p"":1.6681005372000593e-05}",
     12288,       347,         0,   0.014,pymatching,e5e5dbc2d3eb392840ed8216b9024e61a7c869f05ca90c75e765dcd7b3dee8f7,"{""config"":[""Y+"",""Y""],""d"":3,""p"":0.007871794871794872}",
      7441,       389,         0,   0.011,pymatching,2b0775494c48b69d06836dca4bfcb83e8e2c427f60b4dc59eab3cca2399c587c,"{""config"":[""Y+"",""Y""],""d"":3,""p"":0.01107948717948718}",
     84992,         7,         0,   0.036,pymatching,094244424a3bf204a531f9d7b7d1d43a6414c5b7616ede9e18dc2b8e33347317,"{""config"":[""Y+"",""Y""],""d"":3,""p"":0.00035938136638046257}",
     64512,         0,         0,   0.026,pymatching,61ff5f1147e184afdf1f6e153ac4b4fe36aeee11ff1384592d8541e17c3fc3c7,"{""config"":[""Y+"",""Y""],""d"":3,""p"":4.641588833612782e-05}",
      5393,       450,         0,   0.010,pymatching,e03d88b5326c0e41368aada92f05982a21f947e14d8770aea211df6d35348b3a,"{""config"":[""Y+"",""Y""],""d"":3,""p"":0.014999999999999998}",
     23825,         1,         0,   0.009,pymatching,5e84b82abe755e4ea7de0ff882c4294133952c06036bf6c4e401c0bd56fda9b4,"{""config"":[""Y+"",""Y""],""d"":3,""p"":0.0001291549665014884}",
     40960,       667,         0,   0.038,pymatching,22b82852cebe2d793d2919725058cb67336f6b35ffe024df46d05f953e5ff6b6,"{""config"":[""Y+"",""Y""],""d"":3,""p"":0.005733333333333333}",
     26624,      1704,         0,   0.039,pymatching,f2332848e443d52a2aa2629a897832bd91c3476f65ca2a0ae50f3e5cd7268391,"{""config"":[""Y+"",""Y""],""d"":3,""p"":0.012505128205128205}",
     15633,        53,         0,   0.010,pymatching,86658313b7feb23f7f4adc3e0ebdac50eeb365e776f073fe7fa8bc515987fee4,"{""config"":[""Y+"",""Y""],""d"":3,""p"":0.002169230769230769}",
     25600,        30,         0,   0.014,pymatching,b3c39a91922e1d85821518e4a54fa742c0386e70840b5cbf046ff177d1baab23,"{""config"":[""Y+"",""Y""],""d"":3,""p"":0.0014564102564102565}",
     36864,         0,         0,   0.013,pymatching,0201e142d22122fd05e8f0d2585e1d88241113628b31ed758dd648238bc30b2e,"{""config"":[""Y+"",""Y""],""d"":3,""p"":1.6681005372000593e-05}",
     17681,         9,         0,   0.009,pymatching,bc37b8888a1ee3671f55ca41a2132b95d1e5c25863c192cd78fb6dcf857f2299,"{""config"":[""Y+"",""Y""],""d"":3,""p"":0.0011}",
      9489,       256,         0,   0.010,pymatching,b25bbbd3ae229e539f1c32cdebedfa8e87b0ce8cc9ef3f578a1bca53db3581a2,"{""config"":[""Y+"",""Y""],""d"":3,""p"":0.008228205128205128}",
     12288,         3,         0,   0.027,pymatching,5e7f5a5babac4f8ad707610f5b4cc4b26d807e8c8458cf225daf5167039534d1,"{""config"":[""Y+"",""Y""],""d"":5,""p"":0.0014564102564102565}",
     10240,       528,         0,   0.014,pymatching,2b0775494c48b69d06836dca4bfcb83e8e2c427f60b4dc59eab3cca2399c587c,"{""config"":[""Y+"",""Y""],""d"":3,""p"":0.01107948717948718}",
      7441,       421,         0,   0.011,pymatching,a90c608b09d48bd94031ba5bfbae7088b88adebdecc592871cf3c6b1bde613e1,"{""config"":[""Y+"",""Y""],""d"":3,""p"":0.011435897435897435}",
     44032,         0,         0,   0.037,pymatching,58168bef05a465df2ae1ffe32c97b0c280a01c799294bc88de076b8c50bb5772,"{""config"":[""Y+"",""Y""],""d"":3,""p"":7.742636826811278e-05}",
     35840,         0,         0,   0.013,pymatching,5e84b82abe755e4ea7de0ff882c4294133952c06036bf6c4e401c0bd56fda9b4,"{""config"":[""Y+"",""Y""],""d"":3,""p"":0.0001291549665014884}",
      8192,       749,         0,   0.014,pymatching,e03d88b5326c0e41368aada92f05982a21f947e14d8770aea211df6d35348b3a,"{""config"":[""Y+"",""Y""],""d"":3,""p"":0.014999999999999998}",
      9489,       160,         0,   0.010,pymatching,423bba5cea99fdb492c8a4ec342b602514b19626c5df11f8498d3a303bf43efd,"{""config"":[""Y+"",""Y""],""d"":3,""p"":0.00608974358974359}",
     17408,       501,         0,   0.020,pymatching,e5e5dbc2d3eb392840ed8216b9024e61a7c869f05ca90c75e765dcd7b3dee8f7,"{""config"":[""Y+"",""Y""],""d"":3,""p"":0.007871794871794872}",
     54272,        28,         0,   0.026,pymatching,05284bd7fbf783ec72e1f32951239b7415bbb249ca93c25d39ec07ea3e6f3f31,"{""config"":[""Y+"",""Y""],""d"":3,""p"":0.001}",
      9489,       248,         0,   0.010,pymatching,f2d7c34c6617bbc4386c1f3dfb70893a3e72a8ca16a31b601ae68fe1f5fd8ff1,"{""config"":[""Y+"",""Y""],""d"":3,""p"":0.007158974358974359}",
     11537,        99,         0,   0.010,pymatching,e2b18fe2fa96d42b2cefcc2da895dd79f495a5f3fca2dacc546eb7011049e278,"{""config"":[""Y+"",""Y""],""d"":3,""p"":0.0043076923076923075}",
     10513,       125,         0,   0.010,pymatching,ecaea73fda730734887a55b404e6c0850d39decb2b50bf8a3e93dc1e94ed53f4,"{""config"":[""Y+"",""Y""],""d"":3,""p"":0.00502051282051282}",
     92160,         0,         0,   0.036,pymatching,3f31cd20fd4567764927e4c9957a7782d9cda9ee23f09b3a2ab8add293bbae62,"{""config"":[""Y+"",""Y""],""d"":3,""p"":1e-05}",
     22528,        57,         0,   0.013,pymatching,86658313b7feb23f7f4adc3e0ebdac50eeb365e776f073fe7fa8bc515987fee4,"{""config"":[""Y+"",""Y""],""d"":3,""p"":0.002169230769230769}",
     12561,        98,         0,   0.010,pymatching,34edb84dd4434fbd8b13a8a7a3082e9c7316ae82f63b935ebc2273f3b249c472,"{""config"":[""Y+"",""Y""],""d"":3,""p"":0.003951282051282051}",
     57344,       234,         0,   0.037,pymatching,e3b20d8e33e8b5243af076fdcd38f9a1bd6a3e7539635771b7721173509e7329,"{""config"":[""Y+"",""Y""],""d"":3,""p"":0.0028820512820512817}",
     22801,         0,         0,   0.009,pymatching,f99180d69f396452867d5b81d7775bb30ccdaa80975a3cb4cc576f8104172b19,"{""config"":[""Y+"",""Y""],""d"":3,""p"":0.00021544346900318823}",
     21504,       897,         0,   0.028,pymatching,1fa83d0a544423f9fd32d56bc1571c9edd5cece32e1bbe4148e202f4905eec55,"{""config"":[""Y+"",""Y""],""d"":3,""p"":0.009297435897435898}",
     48128,       154,         0,   0.027,pymatching,c62c094ba7980f8a08ba5ddabf58b31d95224b799c8230b7ca55f74567575fd5,"{""config"":[""Y+"",""Y""],""d"":3,""p"":0.0025256410256410257}",
      5393,       435,         0,   0.010,pymatching,f6e53bb210e9edad0e9dcaaa0cf04170b4e5ef2067007d78634f13038b279b3e,"{""config"":[""Y+"",""Y""],""d"":3,""p"":0.014643589743589744}",
      7441,       290,         0,   0.011,pymatching,776c9e9663fc3a799ea1a403e9f79e4ed8d10c1539d9064a684d3125df3d4bba,"{""config"":[""Y+"",""Y""],""d"":3,""p"":0.009653846153846153}",
      5393,       402,         0,   0.010,pymatching,ca24e0e9ca82dc9908c605e6df770be5c9447ea636c0b3b8cc726335526e9e0e,"{""config"":[""Y+"",""Y""],""d"":3,""p"":0.013574358974358974}",
     27648,        16,         0,   0.014,pymatching,bc37b8888a1ee3671f55ca41a2132b95d1e5c25863c192cd78fb6dcf857f2299,"{""config"":[""Y+"",""Y""],""d"":3,""p"":0.0011}",
     13312,       447,         0,   0.014,pymatching,b25bbbd3ae229e539f1c32cdebedfa8e87b0ce8cc9ef3f578a1bca53db3581a2,"{""config"":[""Y+"",""Y""],""d"":3,""p"":0.008228205128205128}",
     10240,       557,         0,   0.014,pymatching,a90c608b09d48bd94031ba5bfbae7088b88adebdecc592871cf3c6b1bde613e1,"{""config"":[""Y+"",""Y""],""d"":3,""p"":0.011435897435897435}",
     36864,        36,         0,   0.019,pymatching,b3c39a91922e1d85821518e4a54fa742c0386e70840b5cbf046ff177d1baab23,"{""config"":[""Y+"",""Y""],""d"":3,""p"":0.0014564102564102565}",
      7441,       262,         0,   0.010,pymatching,c58a960a06e9e70ea8e206652a237a9359a03d74e567c6e3df3bab87d5f3afa6,"{""config"":[""Y+"",""Y""],""d"":3,""p"":0.008584615384615385}",
      7441,       307,         0,   0.010,pymatching,69c8b3d603414b940dae784109cc3af3a8c2b108f6a9307d7e94d174c4b44a24,"{""config"":[""Y+"",""Y""],""d"":3,""p"":0.010010256410256409}",
     11537,       123,         0,   0.010,pymatching,dca8b5cefc5e27398fce52d0ea308a74c47f8915b8be63f68ed24bca138f4c3c,"{""config"":[""Y+"",""Y""],""d"":3,""p"":0.004664102564102564}",
     51200,         0,         0,   0.018,pymatching,0201e142d22122fd05e8f0d2585e1d88241113628b31ed758dd648238bc30b2e,"{""config"":[""Y+"",""Y""],""d"":3,""p"":1.6681005372000593e-05}",
     54272,       289,         0,   0.037,pymatching,e653f60e4023282b12ab1c68f1cb27240ba55e79bc1e3c26f062945847afbee0,"{""config"":[""Y+"",""Y""],""d"":3,""p"":0.003238461538461538}",
      6417,       456,         0,   0.011,pymatching,0d58841bfb980b901c46a788ebce0af06d8b8f386424fcac1a014112fadc3f36,"{""config"":[""Y+"",""Y""],""d"":3,""p"":0.01393076923076923}",
     11537,       163,         0,   0.010,pymatching,32191e2455e1080c3017ee54aee296f7e4bcbb3e6659652241ad07ff3ea5aff1,"{""config"":[""Y+"",""Y""],""d"":3,""p"":0.005376923076923077}",
     14336,       237,         0,   0.014,pymatching,423bba5cea99fdb492c8a4ec342b602514b19626c5df11f8498d3a303bf43efd,"{""config"":[""Y+"",""Y""],""d"":3,""p"":0.00608974358974359}",
     14336,       326,         0,   0.014,pymatching,f2d7c34c6617bbc4386c1f3dfb70893a3e72a8ca16a31b601ae68fe1f5fd8ff1,"{""config"":[""Y+"",""Y""],""d"":3,""p"":0.007158974358974359}",
      6417,       466,         0,   0.011,pymatching,c2de14e23581fe187690ae49a28a9c371a77e2d3b272296a29d271bcfc7f62b5,"{""config"":[""Y+"",""Y""],""d"":3,""p"":0.012861538461538462}",
      5393,       424,         0,   0.010,pymatching,112044dd5ee732842158e7cd2de588c9e489179a484a8bd58dee435fb896361f,"{""config"":[""Y+"",""Y""],""d"":3,""p"":0.014287179487179487}",
     18432,       162,         0,   0.014,pymatching,e2b18fe2fa96d42b2cefcc2da895dd79f495a5f3fca2dacc546eb7011049e278,"{""config"":[""Y+"",""Y""],""d"":3,""p"":0.0043076923076923075}",
     16384,       214,         0,   0.014,pymatching,ecaea73fda730734887a55b404e6c0850d39decb2b50bf8a3e93dc1e94ed53f4,"{""config"":[""Y+"",""Y""],""d"":3,""p"":0.00502051282051282}",
      6417,       418,         0,   0.011,pymatching,f24384ce659e7b6ef9a953d13379a136f4dfa1e2cf0c4fbb29c90fc2b8ddc98d,"{""config"":[""Y+"",""Y""],""d"":3,""p"":0.013217948717948718}",
     15360,       809,         0,   0.020,pymatching,2b0775494c48b69d06836dca4bfcb83e8e2c427f60b4dc59eab3cca2399c587c,"{""config"":[""Y+"",""Y""],""d"":3,""p"":0.01107948717948718}",
      9489,       243,         0,   0.010,pymatching,6749d57f6cfb2c97a3630bb6cc2c7a2e833709154ae6dc1a92b06ff1bbabe208,"{""config"":[""Y+"",""Y""],""d"":3,""p"":0.006802564102564103}",
     33792,         0,         0,   0.054,pymatching,5dd0745ef49adc03d1763624c203142a1aeb1556c043d6478fde58622f17934b,"{""config"":[""Y+"",""Y""],""d"":5,""p"":4.641588833612782e-05}",
      6417,       339,         0,   0.010,pymatching,b1bcaff7332317c8f31ec1f7a1881179c103f3a36419feb0c99d9b6f10642a93,"{""config"":[""Y+"",""Y""],""d"":3,""p"":0.010723076923076922}",
      9489,       195,         0,   0.010,pymatching,65e706aee81f529d98de7277fbb7ff42556a49bca616ad960dfd3f208378a2ec,"{""config"":[""Y+"",""Y""],""d"":3,""p"":0.006446153846153846}",
     18432,       153,         0,   0.014,pymatching,34edb84dd4434fbd8b13a8a7a3082e9c7316ae82f63b935ebc2273f3b249c472,"{""config"":[""Y+"",""Y""],""d"":3,""p"":0.003951282051282051}",
     35840,         1,         0,   0.013,pymatching,f99180d69f396452867d5b81d7775bb30ccdaa80975a3cb4cc576f8104172b19,"{""config"":[""Y+"",""Y""],""d"":3,""p"":0.00021544346900318823}",
     51200,         2,         0,   0.019,pymatching,5e84b82abe755e4ea7de0ff882c4294133952c06036bf6c4e401c0bd56fda9b4,"{""config"":[""Y+"",""Y""],""d"":3,""p"":0.0001291549665014884}",
      5393,         0,         0,   0.011,pymatching,c027daabe67c5e250c8ef5ae9ea64a61d5a0e806e67b3b60e36e792022c5d9f5,"{""config"":[""Y+"",""Y""],""d"":5,""p"":0.0005994842503189409}",
      5393,         0,         0,   0.010,pymatching,f8bf66581fd00bfa97b5b99cb2db33644b5d8de76544435f1508152e99566945,"{""config"":[""Y+"",""Y""],""d"":5,""p"":0.00021544346900318823}",
     12288,      1040,         0,   0.021,pymatching,e03d88b5326c0e41368aada92f05982a21f947e14d8770aea211df6d35348b3a,"{""config"":[""Y+"",""Y""],""d"":3,""p"":0.014999999999999998}",
      8192,       670,         0,   0.014,pymatching,f6e53bb210e9edad0e9dcaaa0cf04170b4e5ef2067007d78634f13038b279b3e,"{""config"":[""Y+"",""Y""],""d"":3,""p"":0.014643589743589744}",
     21777,         0,         0,   0.009,pymatching,fc05cf3df7361575a5b4d1135663ead1ff6817052d39c2a42b8f58c1dda6ac02,"{""config"":[""Y+"",""Y""],""d"":3,""p"":2.782559402207126e-05}",
      6417,         0,         0,   0.011,pymatching,7c666284d64c95144167644c2b1500400d18d3de09496dfa01ff3d370ed1d7ca,"{""config"":[""Y+"",""Y""],""d"":5,""p"":7.742636826811278e-05}",
     11264,       443,         0,   0.015,pymatching,776c9e9663fc3a799ea1a403e9f79e4ed8d10c1539d9064a684d3125df3d4bba,"{""config"":[""Y+"",""Y""],""d"":3,""p"":0.009653846153846153}",
     33792,        86,         0,   0.019,pymatching,86658313b7feb23f7f4adc3e0ebdac50eeb365e776f073fe7fa8bc515987fee4,"{""config"":[""Y+"",""Y""],""d"":3,""p"":0.002169230769230769}",
     91136,         0,         0,   0.036,pymatching,61ff5f1147e184afdf1f6e153ac4b4fe36aeee11ff1384592d8541e17c3fc3c7,"{""config"":[""Y+"",""Y""],""d"":3,""p"":4.641588833612782e-05}",
      8192,       583,         0,   0.014,pymatching,ca24e0e9ca82dc9908c605e6df770be5c9447ea636c0b3b8cc726335526e9e0e,"{""config"":[""Y+"",""Y""],""d"":3,""p"":0.013574358974358974}",
      5393,         0,         0,   0.011,pymatching,a431c6fd4a0c2277f809c38c43dcdc4348febec18248b8b052df301d91485069,"{""config"":[""Y+"",""Y""],""d"":5,""p"":0.00035938136638046257}",
      6417,       396,         0,   0.010,pymatching,bdd65841b5b3735126a76f8d553758473a0b9e6a2f8c471c13ca5bdc5573e344,"{""config"":[""Y+"",""Y""],""d"":3,""p"":0.011792307692307692}",
     12288,       406,         0,   0.014,pymatching,c58a960a06e9e70ea8e206652a237a9359a03d74e567c6e3df3bab87d5f3afa6,"{""config"":[""Y+"",""Y""],""d"":3,""p"":0.008584615384615385}",
     11264,       485,         0,   0.014,pymatching,69c8b3d603414b940dae784109cc3af3a8c2b108f6a9307d7e94d174c4b44a24,"{""config"":[""Y+"",""Y""],""d"":3,""p"":0.010010256410256409}",
     12561,        84,         0,   0.009,pymatching,746a597460e44077861540414653cc90dd911fdef1209d739ec7a2c1864db026,"{""config"":[""Y+"",""Y""],""d"":3,""p"":0.0035948717948717946}",
      4369,         0,         0,   0.012,pymatching,e30e755e7a0719ba6d1fc0f53b54f72ffaaa686b35dcc95660eec57ceed41e56,"{""config"":[""Y+"",""Y""],""d"":5,""p"":0.0018128205128205128}",
     19729,         5,         0,   0.009,pymatching,614ea721bc83dd8ee2ec7b2e018d6175a21e648c5ebcba264cce72b9d1d59090,"{""config"":[""Y+"",""Y""],""d"":3,""p"":0.0005994842503189409}",
     17408,       194,         0,   0.014,pymatching,dca8b5cefc5e27398fce52d0ea308a74c47f8915b8be63f68ed24bca138f4c3c,"{""config"":[""Y+"",""Y""],""d"":3,""p"":0.004664102564102564}",
      6417,         0,         0,   0.011,pymatching,6a38cbee8d4fbed323fe5fc0883fb594bf4325b0ce4571aaaa878f7b2affe8f6,"{""config"":[""Y+"",""Y""],""d"":5,""p"":2.782559402207126e-05}",
      7441,       260,         0,   0.010,pymatching,65951785552e7958023e71cf8a8932e66d7e596ffa1c5d9a3d3f80a2592a7ac9,"{""config"":[""Y+"",""Y""],""d"":3,""p"":0.00894102564102564}",
      6417,       328,         0,   0.010,pymatching,5974c2a61c61b13ea54ec59fc21970966161bc23f931ffa5d3eef00043383744,"{""config"":[""Y+"",""Y""],""d"":3,""p"":0.010366666666666666}",
     24576,       745,         0,   0.027,pymatching,e5e5dbc2d3eb392840ed8216b9024e61a7c869f05ca90c75e765dcd7b3dee8f7,"{""config"":[""Y+"",""Y""],""d"":3,""p"":0.007871794871794872}",
     17408,       245,         0,   0.014,pymatching,32191e2455e1080c3017ee54aee296f7e4bcbb3e6659652241ad07ff3ea5aff1,"{""config"":[""Y+"",""Y""],""d"":3,""p"":0.005376923076923077}",
      9216,       711,         0,   0.015,pymatching,0d58841bfb980b901c46a788ebce0af06d8b8f386424fcac1a014112fadc3f36,"{""config"":[""Y+"",""Y""],""d"":3,""p"":0.01393076923076923}",
      9216,       594,         0,   0.014,pymatching,c2de14e23581fe187690ae49a28a9c371a77e2d3b272296a29d271bcfc7f62b5,"{""config"":[""Y+"",""Y""],""d"":3,""p"":0.012861538461538462}",
      8465,       237,         0,   0.010,pymatching,d02b559a5faa1985703516c2d7beaac137d0e1d9ec58060fb414c5c655a5cc5e,"{""config"":[""Y+"",""Y""],""d"":3,""p"":0.007515384615384615}",
     39936,        34,         0,   0.019,pymatching,bc37b8888a1ee3671f55ca41a2132b95d1e5c25863c192cd78fb6dcf857f2299,"{""config"":[""Y+"",""Y""],""d"":3,""p"":0.0011}",
     18432,       519,         0,   0.019,pymatching,b25bbbd3ae229e539f1c32cdebedfa8e87b0ce8cc9ef3f578a1bca53db3581a2,"{""config"":[""Y+"",""Y""],""d"":3,""p"":0.008228205128205128}",
      8192,       657,         0,   0.014,pymatching,112044dd5ee732842158e7cd2de588c9e489179a484a8bd58dee435fb896361f,"{""config"":[""Y+"",""Y""],""d"":3,""p"":0.014287179487179487}",
     14336,       814,         0,   0.019,pymatching,a90c608b09d48bd94031ba5bfbae7088b88adebdecc592871cf3c6b1bde613e1,"{""config"":[""Y+"",""Y""],""d"":3,""p"":0.011435897435897435}",
      5393,         1,         0,   0.012,pymatching,21c1ff698806fc7edab1cc9c018ae50ee4c947af998e057ea46bdddad77411dd,"{""config"":[""Y+"",""Y""],""d"":5,""p"":0.001}",
      9216,       683,         0,   0.014,pymatching,f24384ce659e7b6ef9a953d13379a136f4dfa1e2cf0c4fbb29c90fc2b8ddc98d,"{""config"":[""Y+"",""Y""],""d"":3,""p"":0.013217948717948718}",
     14336,       323,         0,   0.014,pymatching,6749d57f6cfb2c97a3630bb6cc2c7a2e833709154ae6dc1a92b06ff1bbabe208,"{""config"":[""Y+"",""Y""],""d"":3,""p"":0.006802564102564103}",
      6417,       361,         0,   0.011,pymatching,8f0d031247e5ed80144e8fefcde4ea8d33124aa62fc4fa21a1ae6fb7507d7be4,"{""config"":[""Y+"",""Y""],""d"":3,""p"":0.012148717948717948}",
     14336,       262,         0,   0.014,pymatching,65e706aee81f529d98de7277fbb7ff42556a49bca616ad960dfd3f208378a2ec,"{""config"":[""Y+"",""Y""],""d"":3,""p"":0.006446153846153846}",
     10240,       506,         0,   0.015,pymatching,b1bcaff7332317c8f31ec1f7a1881179c103f3a36419feb0c99d9b6f10642a93,"{""config"":[""Y+"",""Y""],""d"":3,""p"":0.010723076923076922}",
     20480,       395,         0,   0.019,pymatching,423bba5cea99fdb492c8a4ec342b602514b19626c5df11f8498d3a303bf43efd,"{""config"":[""Y+"",""Y""],""d"":3,""p"":0.00608974358974359}",
      3345,         2,         0,   0.010,pymatching,7d722f229965de87d2d4daf10e9b29159b2435faef8a6944d5b39c4678d848f7,"{""config"":[""Y+"",""Y""],""d"":5,""p"":0.002169230769230769}",
     20480,       460,         0,   0.019,pymatching,f2d7c34c6617bbc4386c1f3dfb70893a3e72a8ca16a31b601ae68fe1f5fd8ff1,"{""config"":[""Y+"",""Y""],""d"":3,""p"":0.007158974358974359}",
      8192,         0,         0,   0.015,pymatching,c027daabe67c5e250c8ef5ae9ea64a61d5a0e806e67b3b60e36e792022c5d9f5,"{""config"":[""Y+"",""Y""],""d"":5,""p"":0.0005994842503189409}",
     17408,         6,         0,   0.039,pymatching,5e7f5a5babac4f8ad707610f5b4cc4b26d807e8c8458cf225daf5167039534d1,"{""config"":[""Y+"",""Y""],""d"":5,""p"":0.0014564102564102565}",
      4369,         0,         0,   0.011,pymatching,2b0c4fb2ea4cc842ea602a2df29d7dfe9642687babb506ecad7f9e8281d2599a,"{""config"":[""Y+"",""Y""],""d"":5,""p"":0.0011}",
      9216,         0,         0,   0.015,pymatching,f8bf66581fd00bfa97b5b99cb2db33644b5d8de76544435f1508152e99566945,"{""config"":[""Y+"",""Y""],""d"":5,""p"":0.00021544346900318823}",
    119808,         6,         0,   0.051,pymatching,094244424a3bf204a531f9d7b7d1d43a6414c5b7616ede9e18dc2b8e33347317,"{""config"":[""Y+"",""Y""],""d"":3,""p"":0.00035938136638046257}",
     33792,         0,         0,   0.013,pymatching,fc05cf3df7361575a5b4d1135663ead1ff6817052d39c2a42b8f58c1dda6ac02,"{""config"":[""Y+"",""Y""],""d"":3,""p"":2.782559402207126e-05}",
     25600,       229,         0,   0.019,pymatching,e2b18fe2fa96d42b2cefcc2da895dd79f495a5f3fca2dacc546eb7011049e278,"{""config"":[""Y+"",""Y""],""d"":3,""p"":0.0043076923076923075}",
      5393,         0,         0,   0.010,pymatching,dcf8d486b730d80c8516d1314b5f7e522b9684fea3b76df00f09a83e61559cd3,"{""config"":[""Y+"",""Y""],""d"":5,""p"":0.0001291549665014884}",
     22528,       271,         0,   0.019,pymatching,ecaea73fda730734887a55b404e6c0850d39decb2b50bf8a3e93dc1e94ed53f4,"{""config"":[""Y+"",""Y""],""d"":3,""p"":0.00502051282051282}",
      9216,         0,         0,   0.015,pymatching,7c666284d64c95144167644c2b1500400d18d3de09496dfa01ff3d370ed1d7ca,"{""config"":[""Y+"",""Y""],""d"":5,""p"":7.742636826811278e-05}",
     26624,       209,         0,   0.019,pymatching,34edb84dd4434fbd8b13a8a7a3082e9c7316ae82f63b935ebc2273f3b249c472,"{""config"":[""Y+"",""Y""],""d"":3,""p"":0.003951282051282051}",
     52224,        68,         0,   0.026,pymatching,b3c39a91922e1d85821518e4a54fa742c0386e70840b5cbf046ff177d1baab23,"{""config"":[""Y+"",""Y""],""d"":3,""p"":0.0014564102564102565}",
     49152,         1,         0,   0.018,pymatching,f99180d69f396452867d5b81d7775bb30ccdaa80975a3cb4cc576f8104172b19,"{""config"":[""Y+"",""Y""],""d"":3,""p"":0.00021544346900318823}",
     78848,        44,         0,   0.037,pymatching,05284bd7fbf783ec72e1f32951239b7415bbb249ca93c25d39ec07ea3e6f3f31,"{""config"":[""Y+"",""Y""],""d"":3,""p"":0.001}",
      9216,       529,         0,   0.014,pymatching,bdd65841b5b3735126a76f8d553758473a0b9e6a2f8c471c13ca5bdc5573e344,"{""config"":[""Y+"",""Y""],""d"":3,""p"":0.011792307692307692}",
      5393,         0,         0,   0.010,pymatching,fc0244b2383b9cd41b211227c1e3f71dc7d31de679c046c7ef605e4443a6f18e,"{""config"":[""Y+"",""Y""],""d"":5,""p"":1e-05}",
     72704,         0,         0,   0.026,pymatching,0201e142d22122fd05e8f0d2585e1d88241113628b31ed758dd648238bc30b2e,"{""config"":[""Y+"",""Y""],""d"":3,""p"":1.6681005372000593e-05}",
     19456,       118,         0,   0.013,pymatching,746a597460e44077861540414653cc90dd911fdef1209d739ec7a2c1864db026,"{""config"":[""Y+"",""Y""],""d"":3,""p"":0.0035948717948717946}",
      8192,         0,         0,   0.015,pymatching,a431c6fd4a0c2277f809c38c43dcdc4348febec18248b8b052df301d91485069,"{""config"":[""Y+"",""Y""],""d"":5,""p"":0.00035938136638046257}",
     30720,         5,         0,   0.013,pymatching,614ea721bc83dd8ee2ec7b2e018d6175a21e648c5ebcba264cce72b9d1d59090,"{""config"":[""Y+"",""Y""],""d"":3,""p"":0.0005994842503189409}",
     11264,       386,         0,   0.014,pymatching,65951785552e7958023e71cf8a8932e66d7e596ffa1c5d9a3d3f80a2592a7ac9,"{""config"":[""Y+"",""Y""],""d"":3,""p"":0.00894102564102564}",
      9216,         0,         0,   0.014,pymatching,6a38cbee8d4fbed323fe5fc0883fb594bf4325b0ce4571aaaa878f7b2affe8f6,"{""config"":[""Y+"",""Y""],""d"":5,""p"":2.782559402207126e-05}",
     10240,       481,         0,   0.014,pymatching,5974c2a61c61b13ea54ec59fc21970966161bc23f931ffa5d3eef00043383744,"{""config"":[""Y+"",""Y""],""d"":3,""p"":0.010366666666666666}",
     12288,      1028,         0,   0.021,pymatching,f6e53bb210e9edad0e9dcaaa0cf04170b4e5ef2067007d78634f13038b279b3e,"{""config"":[""Y+"",""Y""],""d"":3,""p"":0.014643589743589744}",
     15360,       655,         0,   0.020,pymatching,776c9e9663fc3a799ea1a403e9f79e4ed8d10c1539d9064a684d3125df3d4bba,"{""config"":[""Y+"",""Y""],""d"":3,""p"":0.009653846153846153}",
     16657,        27,         0,   0.009,pymatching,3f0a9e1dbc48885591d3d55a12d8668bf2c558682252d5ba43d227207ba448ab,"{""config"":[""Y+"",""Y""],""d"":3,""p"":0.0018128205128205128}",
      6144,         3,         0,   0.016,pymatching,e30e755e7a0719ba6d1fc0f53b54f72ffaaa686b35dcc95660eec57ceed41e56,"{""config"":[""Y+"",""Y""],""d"":5,""p"":0.0018128205128205128}",
     58368,       929,         0,   0.053,pymatching,22b82852cebe2d793d2919725058cb67336f6b35ffe024df46d05f953e5ff6b6,"{""config"":[""Y+"",""Y""],""d"":3,""p"":0.005733333333333333}",
     13312,       358,         0,   0.014,pymatching,d02b559a5faa1985703516c2d7beaac137d0e1d9ec58060fb414c5c655a5cc5e,"{""config"":[""Y+"",""Y""],""d"":3,""p"":0.007515384615384615}",
     36864,      2394,         0,   0.054,pymatching,f2332848e443d52a2aa2629a897832bd91c3476f65ca2a0ae50f3e5cd7268391,"{""config"":[""Y+"",""Y""],""d"":3,""p"":0.012505128205128205}",
     67584,       234,         0,   0.037,pymatching,c62c094ba7980f8a08ba5ddabf58b31d95224b799c8230b7ca55f74567575fd5,"{""config"":[""Y+"",""Y""],""d"":3,""p"":0.0025256410256410257}",
     12288,       914,         0,   0.021,pymatching,ca24e0e9ca82dc9908c605e6df770be5c9447ea636c0b3b8cc726335526e9e0e,"{""config"":[""Y+"",""Y""],""d"":3,""p"":0.013574358974358974}",
     20480,      1030,         0,   0.027,pymatching,2b0775494c48b69d06836dca4bfcb83e8e2c427f60b4dc59eab3cca2399c587c,"{""config"":[""Y+"",""Y""],""d"":3,""p"":0.01107948717948718}",
      7168,         1,         0,   0.014,pymatching,21c1ff698806fc7edab1cc9c018ae50ee4c947af998e057ea46bdddad77411dd,"{""config"":[""Y+"",""Y""],""d"":5,""p"":0.001}",
     16384,       540,         0,   0.019,pymatching,c58a960a06e9e70ea8e206652a237a9359a03d74e567c6e3df3bab87d5f3afa6,"{""config"":[""Y+"",""Y""],""d"":3,""p"":0.008584615384615385}",
     16384,       699,         0,   0.020,pymatching,69c8b3d603414b940dae784109cc3af3a8c2b108f6a9307d7e94d174c4b44a24,"{""config"":[""Y+"",""Y""],""d"":3,""p"":0.010010256410256409}",
     29696,      1136,         0,   0.040,pymatching,1fa83d0a544423f9fd32d56bc1571c9edd5cece32e1bbe4148e202f4905eec55,"{""config"":[""Y+"",""Y""],""d"":3,""p"":0.009297435897435898}",
      8192,       488,         0,   0.014,pymatching,8f0d031247e5ed80144e8fefcde4ea8d33124aa62fc4fa21a1ae6fb7507d7be4,"{""config"":[""Y+"",""Y""],""d"":3,""p"":0.012148717948717948}",
     70656,         0,         0,   0.026,pymatching,5e84b82abe755e4ea7de0ff882c4294133952c06036bf6c4e401c0bd56fda9b4,"{""config"":[""Y+"",""Y""],""d"":3,""p"":0.0001291549665014884}",
     24576,       260,         0,   0.019,pymatching,dca8b5cefc5e27398fce52d0ea308a74c47f8915b8be63f68ed24bca138f4c3c,"{""config"":[""Y+"",""Y""],""d"":3,""p"":0.004664102564102564}",
     24576,       325,         0,   0.019,pymatching,32191e2455e1080c3017ee54aee296f7e4bcbb3e6659652241ad07ff3ea5aff1,"{""config"":[""Y+"",""Y""],""d"":3,""p"":0.005376923076923077}",
     12288,       961,         0,   0.020,pymatching,0d58841bfb980b901c46a788ebce0af06d8b8f386424fcac1a014112fadc3f36,"{""config"":[""Y+"",""Y""],""d"":3,""p"":0.01393076923076923}",
     16384,      1437,         0,   0.028,pymatching,e03d88b5326c0e41368aada92f05982a21f947e14d8770aea211df6d35348b3a,"{""config"":[""Y+"",""Y""],""d"":3,""p"":0.014999999999999998}",
     13312,       938,         0,   0.020,pymatching,c2de14e23581fe187690ae49a28a9c371a77e2d3b272296a29d271bcfc7f62b5,"{""config"":[""Y+"",""Y""],""d"":3,""p"":0.012861538461538462}",
      5393,         0,         0,   0.010,pymatching,dd6ff887cc965fb5d609bf081139f2e07c4d599a2bb880d2ad09ebf78e04ea3f,"{""config"":[""Y+"",""Y""],""d"":5,""p"":1.6681005372000593e-05}",
      6144,         5,         0,   0.016,pymatching,7d722f229965de87d2d4daf10e9b29159b2435faef8a6944d5b39c4678d848f7,"{""config"":[""Y+"",""Y""],""d"":5,""p"":0.002169230769230769}",
     46080,       127,         0,   0.026,pymatching,86658313b7feb23f7f4adc3e0ebdac50eeb365e776f073fe7fa8bc515987fee4,"{""config"":[""Y+"",""Y""],""d"":3,""p"":0.002169230769230769}",
     12288,       936,         0,   0.020,pymatching,112044dd5ee732842158e7cd2de588c9e489179a484a8bd58dee435fb896361f,"{""config"":[""Y+"",""Y""],""d"":3,""p"":0.014287179487179487}",
      8192,         0,         0,   0.014,pymatching,dcf8d486b730d80c8516d1314b5f7e522b9684fea3b76df00f09a83e61559cd3,"{""config"":[""Y+"",""Y""],""d"":5,""p"":0.0001291549665014884}",
      7168,         0,         0,   0.016,pymatching,2b0c4fb2ea4cc842ea602a2df29d7dfe9642687babb506ecad7f9e8281d2599a,"{""config"":[""Y+"",""Y""],""d"":5,""p"":0.0011}",
     13312,       966,         0,   0.020,pymatching,f24384ce659e7b6ef9a953d13379a136f4dfa1e2cf0c4fbb29c90fc2b8ddc98d,"{""config"":[""Y+"",""Y""],""d"":3,""p"":0.013217948717948718}",
     19456,       421,         0,   0.020,pymatching,6749d57f6cfb2c97a3630bb6cc2c7a2e833709154ae6dc1a92b06ff1bbabe208,"{""config"":[""Y+"",""Y""],""d"":3,""p"":0.006802564102564103}",
     20480,       398,         0,   0.020,pymatching,65e706aee81f529d98de7277fbb7ff42556a49bca616ad960dfd3f208378a2ec,"{""config"":[""Y+"",""Y""],""d"":3,""p"":0.006446153846153846}",
     66560,         0,         0,   0.055,pymatching,58168bef05a465df2ae1ffe32c97b0c280a01c799294bc88de076b8c50bb5772,"{""config"":[""Y+"",""Y""],""d"":3,""p"":7.742636826811278e-05}",
     14336,       696,         0,   0.020,pymatching,b1bcaff7332317c8f31ec1f7a1881179c103f3a36419feb0c99d9b6f10642a93,"{""config"":[""Y+"",""Y""],""d"":3,""p"":0.010723076923076922}",
      8192,         0,         0,   0.014,pymatching,fc0244b2383b9cd41b211227c1e3f71dc7d31de679c046c7ef605e4443a6f18e,"{""config"":[""Y+"",""Y""],""d"":5,""p"":1e-05}",
     11264,         0,         0,   0.020,pymatching,c027daabe67c5e250c8ef5ae9ea64a61d5a0e806e67b3b60e36e792022c5d9f5,"{""config"":[""Y+"",""Y""],""d"":5,""p"":0.0005994842503189409}",
     47104,         0,         0,   0.019,pymatching,fc05cf3df7361575a5b4d1135663ead1ff6817052d39c2a42b8f58c1dda6ac02,"{""config"":[""Y+"",""Y""],""d"":3,""p"":2.782559402207126e-05}",
     12288,         0,         0,   0.020,pymatching,f8bf66581fd00bfa97b5b99cb2db33644b5d8de76544435f1508152e99566945,"{""config"":[""Y+"",""Y""],""d"":5,""p"":0.00021544346900318823}",
    131072,         0,         0,   0.051,pymatching,3f31cd20fd4567764927e4c9957a7782d9cda9ee23f09b3a2ab8add293bbae62,"{""config"":[""Y+"",""Y""],""d"":3,""p"":1e-05}",
     12288,         0,         0,   0.020,pymatching,7c666284d64c95144167644c2b1500400d18d3de09496dfa01ff3d370ed1d7ca,"{""config"":[""Y+"",""Y""],""d"":5,""p"":7.742636826811278e-05}",
     25600,        46,         0,   0.014,pymatching,3f0a9e1dbc48885591d3d55a12d8668bf2c558682252d5ba43d227207ba448ab,"{""config"":[""Y+"",""Y""],""d"":3,""p"":0.0018128205128205128}",
     55296,        40,         0,   0.026,pymatching,bc37b8888a1ee3671f55ca41a2132b95d1e5c25863c192cd78fb6dcf857f2299,"{""config"":[""Y+"",""Y""],""d"":3,""p"":0.0011}",
     81920,       379,         0,   0.052,pymatching,e3b20d8e33e8b5243af076fdcd38f9a1bd6a3e7539635771b7721173509e7329,"{""config"":[""Y+"",""Y""],""d"":3,""p"":0.0028820512820512817}",
     26624,       832,         0,   0.028,pymatching,b25bbbd3ae229e539f1c32cdebedfa8e87b0ce8cc9ef3f578a1bca53db3581a2,"{""config"":[""Y+"",""Y""],""d"":3,""p"":0.008228205128205128}",
     20480,      1096,         0,   0.028,pymatching,a90c608b09d48bd94031ba5bfbae7088b88adebdecc592871cf3c6b1bde613e1,"{""config"":[""Y+"",""Y""],""d"":3,""p"":0.011435897435897435}",
     26624,       200,         0,   0.019,pymatching,746a597460e44077861540414653cc90dd911fdef1209d739ec7a2c1864db026,"{""config"":[""Y+"",""Y""],""d"":3,""p"":0.0035948717948717946}",
     41984,         9,         0,   0.018,pymatching,614ea721bc83dd8ee2ec7b2e018d6175a21e648c5ebcba264cce72b9d1d59090,"{""config"":[""Y+"",""Y""],""d"":3,""p"":0.0005994842503189409}",
     13312,       805,         0,   0.021,pymatching,bdd65841b5b3735126a76f8d553758473a0b9e6a2f8c471c13ca5bdc5573e344,"{""config"":[""Y+"",""Y""],""d"":3,""p"":0.011792307692307692}",
     12288,         0,         0,   0.019,pymatching,6a38cbee8d4fbed323fe5fc0883fb594bf4325b0ce4571aaaa878f7b2affe8f6,"{""config"":[""Y+"",""Y""],""d"":5,""p"":2.782559402207126e-05}",
     16384,       575,         0,   0.020,pymatching,65951785552e7958023e71cf8a8932e66d7e596ffa1c5d9a3d3f80a2592a7ac9,"{""config"":[""Y+"",""Y""],""d"":3,""p"":0.00894102564102564}",
     11264,         0,         0,   0.021,pymatching,a431c6fd4a0c2277f809c38c43dcdc4348febec18248b8b052df301d91485069,"{""config"":[""Y+"",""Y""],""d"":5,""p"":0.00035938136638046257}",
     14336,       660,         0,   0.020,pymatching,5974c2a61c61b13ea54ec59fc21970966161bc23f931ffa5d3eef00043383744,"{""config"":[""Y+"",""Y""],""d"":3,""p"":0.010366666666666666}",
     28672,       699,         0,   0.027,pymatching,f2d7c34c6617bbc4386c1f3dfb70893a3e72a8ca16a31b601ae68fe1f5fd8ff1,"{""config"":[""Y+"",""Y""],""d"":3,""p"":0.007158974358974359}",
     29696,       559,         0,   0.027,pymatching,423bba5cea99fdb492c8a4ec342b602514b19626c5df11f8498d3a303bf43efd,"{""config"":[""Y+"",""Y""],""d"":3,""p"":0.00608974358974359}",
     18432,       523,         0,   0.020,pymatching,d02b559a5faa1985703516c2d7beaac137d0e1d9ec58060fb414c5c655a5cc5e,"{""config"":[""Y+"",""Y""],""d"":3,""p"":0.007515384615384615}",
      8192,         2,         0,   0.021,pymatching,e30e755e7a0719ba6d1fc0f53b54f72ffaaa686b35dcc95660eec57ceed41e56,"{""config"":[""Y+"",""Y""],""d"":5,""p"":0.0018128205128205128}",
     35840,       331,         0,   0.027,pymatching,e2b18fe2fa96d42b2cefcc2da895dd79f495a5f3fca2dacc546eb7011049e278,"{""config"":[""Y+"",""Y""],""d"":3,""p"":0.0043076923076923075}",
     31744,       397,         0,   0.027,pymatching,ecaea73fda730734887a55b404e6c0850d39decb2b50bf8a3e93dc1e94ed53f4,"{""config"":[""Y+"",""Y""],""d"":3,""p"":0.00502051282051282}",
      8192,         0,         0,   0.014,pymatching,dd6ff887cc965fb5d609bf081139f2e07c4d599a2bb880d2ad09ebf78e04ea3f,"{""config"":[""Y+"",""Y""],""d"":5,""p"":1.6681005372000593e-05}",
     69632,         2,         0,   0.026,pymatching,f99180d69f396452867d5b81d7775bb30ccdaa80975a3cb4cc576f8104172b19,"{""config"":[""Y+"",""Y""],""d"":3,""p"":0.00021544346900318823}",
     10240,         1,         0,   0.021,pymatching,21c1ff698806fc7edab1cc9c018ae50ee4c947af998e057ea46bdddad77411dd,"{""config"":[""Y+"",""Y""],""d"":5,""p"":0.001}",
     37888,       285,         0,   0.027,pymatching,34edb84dd4434fbd8b13a8a7a3082e9c7316ae82f63b935ebc2273f3b249c472,"{""config"":[""Y+"",""Y""],""d"":3,""p"":0.003951282051282051}",
     79872,       427,         0,   0.052,pymatching,e653f60e4023282b12ab1c68f1cb27240ba55e79bc1e3c26f062945847afbee0,"{""config"":[""Y+"",""Y""],""d"":3,""p"":0.003238461538461538}",
     12288,       772,         0,   0.020,pymatching,8f0d031247e5ed80144e8fefcde4ea8d33124aa62fc4fa21a1ae6fb7507d7be4,"{""config"":[""Y+"",""Y""],""d"":3,""p"":0.012148717948717948}",
     34816,      1030,         0,   0.038,pymatching,e5e5dbc2d3eb392840ed8216b9024e61a7c869f05ca90c75e765dcd7b3dee8f7,"{""config"":[""Y+"",""Y""],""d"":3,""p"":0.007871794871794872}",
     16384,      1351,         0,   0.028,pymatching,f6e53bb210e9edad0e9dcaaa0cf04170b4e5ef2067007d78634f13038b279b3e,"{""config"":[""Y+"",""Y""],""d"":3,""p"":0.014643589743589744}",
     21504,       872,         0,   0.027,pymatching,776c9e9663fc3a799ea1a403e9f79e4ed8d10c1539d9064a684d3125df3d4bba,"{""config"":[""Y+"",""Y""],""d"":3,""p"":0.009653846153846153}",
     11264,         0,         0,   0.020,pymatching,dcf8d486b730d80c8516d1314b5f7e522b9684fea3b76df00f09a83e61559cd3,"{""config"":[""Y+"",""Y""],""d"":5,""p"":0.0001291549665014884}",
      8192,         8,         0,   0.021,pymatching,7d722f229965de87d2d4daf10e9b29159b2435faef8a6944d5b39c4678d848f7,"{""config"":[""Y+"",""Y""],""d"":5,""p"":0.002169230769230769}",
      9216,         0,         0,   0.020,pymatching,2b0c4fb2ea4cc842ea602a2df29d7dfe9642687babb506ecad7f9e8281d2599a,"{""config"":[""Y+"",""Y""],""d"":5,""p"":0.0011}",
     16384,      1276,         0,   0.028,pymatching,ca24e0e9ca82dc9908c605e6df770be5c9447ea636c0b3b8cc726335526e9e0e,"{""config"":[""Y+"",""Y""],""d"":3,""p"":0.013574358974358974}",
     23552,       783,         0,   0.028,pymatching,c58a960a06e9e70ea8e206652a237a9359a03d74e567c6e3df3bab87d5f3afa6,"{""config"":[""Y+"",""Y""],""d"":3,""p"":0.008584615384615385}",
     22528,      1009,         0,   0.027,pymatching,69c8b3d603414b940dae784109cc3af3a8c2b108f6a9307d7e94d174c4b44a24,"{""config"":[""Y+"",""Y""],""d"":3,""p"":0.010010256410256409}",
     33792,       360,         0,   0.027,pymatching,dca8b5cefc5e27398fce52d0ea308a74c47f8915b8be63f68ed24bca138f4c3c,"{""config"":[""Y+"",""Y""],""d"":3,""p"":0.004664102564102564}",
     33792,       467,         0,   0.027,pymatching,32191e2455e1080c3017ee54aee296f7e4bcbb3e6659652241ad07ff3ea5aff1,"{""config"":[""Y+"",""Y""],""d"":3,""p"":0.005376923076923077}",
     12288,         0,         0,   0.021,pymatching,fc0244b2383b9cd41b211227c1e3f71dc7d31de679c046c7ef605e4443a6f18e,"{""config"":[""Y+"",""Y""],""d"":5,""p"":1e-05}",
     17408,      1284,         0,   0.027,pymatching,0d58841bfb980b901c46a788ebce0af06d8b8f386424fcac1a014112fadc3f36,"{""config"":[""Y+"",""Y""],""d"":3,""p"":0.01393076923076923}",
     35840,        50,         0,   0.019,pymatching,3f0a9e1dbc48885591d3d55a12d8668bf2c558682252d5ba43d227207ba448ab,"{""config"":[""Y+"",""Y""],""d"":3,""p"":0.0018128205128205128}",
     18432,      1210,         0,   0.028,pymatching,c2de14e23581fe187690ae49a28a9c371a77e2d3b272296a29d271bcfc7f62b5,"{""config"":[""Y+"",""Y""],""d"":3,""p"":0.012861538461538462}",
     72704,        94,         0,   0.037,pymatching,b3c39a91922e1d85821518e4a54fa742c0386e70840b5cbf046ff177d1baab23,"{""config"":[""Y+"",""Y""],""d"":3,""p"":0.0014564102564102565}",
    129024,         0,         0,   0.051,pymatching,61ff5f1147e184afdf1f6e153ac4b4fe36aeee11ff1384592d8541e17c3fc3c7,"{""config"":[""Y+"",""Y""],""d"":3,""p"":4.641588833612782e-05}",
    101376,         0,         0,   0.036,pymatching,0201e142d22122fd05e8f0d2585e1d88241113628b31ed758dd648238bc30b2e,"{""config"":[""Y+"",""Y""],""d"":3,""p"":1.6681005372000593e-05}",
     17408,      1367,         0,   0.028,pymatching,112044dd5ee732842158e7cd2de588c9e489179a484a8bd58dee435fb896361f,"{""config"":[""Y+"",""Y""],""d"":3,""p"":0.014287179487179487}",
     18432,      1292,         0,   0.028,pymatching,f24384ce659e7b6ef9a953d13379a136f4dfa1e2cf0c4fbb29c90fc2b8ddc98d,"{""config"":[""Y+"",""Y""],""d"":3,""p"":0.013217948717948718}",
     27648,       575,         0,   0.028,pymatching,6749d57f6cfb2c97a3630bb6cc2c7a2e833709154ae6dc1a92b06ff1bbabe208,"{""config"":[""Y+"",""Y""],""d"":3,""p"":0.006802564102564103}",
     28672,       576,         0,   0.028,pymatching,65e706aee81f529d98de7277fbb7ff42556a49bca616ad960dfd3f208378a2ec,"{""config"":[""Y+"",""Y""],""d"":3,""p"":0.006446153846153846}",
     18432,       990,         0,   0.027,pymatching,b1bcaff7332317c8f31ec1f7a1881179c103f3a36419feb0c99d9b6f10642a93,"{""config"":[""Y+"",""Y""],""d"":3,""p"":0.010723076923076922}",
     28672,      1436,         0,   0.038,pymatching,2b0775494c48b69d06836dca4bfcb83e8e2c427f60b4dc59eab3cca2399c587c,"{""config"":[""Y+"",""Y""],""d"":3,""p"":0.01107948717948718}",
     15360,         0,         0,   0.027,pymatching,c027daabe67c5e250c8ef5ae9ea64a61d5a0e806e67b3b60e36e792022c5d9f5,"{""config"":[""Y+"",""Y""],""d"":5,""p"":0.0005994842503189409}",
     65536,         0,         0,   0.026,pymatching,fc05cf3df7361575a5b4d1135663ead1ff6817052d39c2a42b8f58c1dda6ac02,"{""config"":[""Y+"",""Y""],""d"":3,""p"":2.782559402207126e-05}",
     16384,         0,         0,   0.027,pymatching,f8bf66581fd00bfa97b5b99cb2db33644b5d8de76544435f1508152e99566945,"{""config"":[""Y+"",""Y""],""d"":5,""p"":0.00021544346900318823}",
     11264,         0,         0,   0.019,pymatching,dd6ff887cc965fb5d609bf081139f2e07c4d599a2bb880d2ad09ebf78e04ea3f,"{""config"":[""Y+"",""Y""],""d"":5,""p"":1.6681005372000593e-05}",
     17408,         0,         0,   0.028,pymatching,7c666284d64c95144167644c2b1500400d18d3de09496dfa01ff3d370ed1d7ca,"{""config"":[""Y+"",""Y""],""d"":5,""p"":7.742636826811278e-05}",
     98304,         2,         0,   0.036,pymatching,5e84b82abe755e4ea7de0ff882c4294133952c06036bf6c4e401c0bd56fda9b4,"{""config"":[""Y+"",""Y""],""d"":3,""p"":0.0001291549665014884}",
     22528,      1958,         0,   0.038,pymatching,e03d88b5326c0e41368aada92f05982a21f947e14d8770aea211df6d35348b3a,"{""config"":[""Y+"",""Y""],""d"":3,""p"":0.014999999999999998}",
     38912,       278,         0,   0.027,pymatching,746a597460e44077861540414653cc90dd911fdef1209d739ec7a2c1864db026,"{""config"":[""Y+"",""Y""],""d"":3,""p"":0.0035948717948717946}",
     59392,        13,         0,   0.026,pymatching,614ea721bc83dd8ee2ec7b2e018d6175a21e648c5ebcba264cce72b9d1d59090,"{""config"":[""Y+"",""Y""],""d"":3,""p"":0.0005994842503189409}",
     17408,         0,         0,   0.027,pymatching,6a38cbee8d4fbed323fe5fc0883fb594bf4325b0ce4571aaaa878f7b2affe8f6,"{""config"":[""Y+"",""Y""],""d"":5,""p"":2.782559402207126e-05}",
     18432,      1102,         0,   0.028,pymatching,bdd65841b5b3735126a76f8d553758473a0b9e6a2f8c471c13ca5bdc5573e344,"{""config"":[""Y+"",""Y""],""d"":3,""p"":0.011792307692307692}",
     19456,       936,         0,   0.027,pymatching,5974c2a61c61b13ea54ec59fc21970966161bc23f931ffa5d3eef00043383744,"{""config"":[""Y+"",""Y""],""d"":3,""p"":0.010366666666666666}",
     22528,       846,         0,   0.028,pymatching,65951785552e7958023e71cf8a8932e66d7e596ffa1c5d9a3d3f80a2592a7ac9,"{""config"":[""Y+"",""Y""],""d"":3,""p"":0.00894102564102564}",
     65536,       165,         0,   0.037,pymatching,86658313b7feb23f7f4adc3e0ebdac50eeb365e776f073fe7fa8bc515987fee4,"{""config"":[""Y+"",""Y""],""d"":3,""p"":0.002169230769230769}",
     24576,         8,         0,   0.054,pymatching,5e7f5a5babac4f8ad707610f5b4cc4b26d807e8c8458cf225daf5167039534d1,"{""config"":[""Y+"",""Y""],""d"":5,""p"":0.0014564102564102565}",
     15360,         0,         0,   0.029,pymatching,a431c6fd4a0c2277f809c38c43dcdc4348febec18248b8b052df301d91485069,"{""config"":[""Y+"",""Y""],""d"":5,""p"":0.00035938136638046257}",
     24576,       669,         0,   0.027,pymatching,d02b559a5faa1985703516c2d7beaac137d0e1d9ec58060fb414c5c655a5cc5e,"{""config"":[""Y+"",""Y""],""d"":3,""p"":0.007515384615384615}",
    109568,        57,         0,   0.051,pymatching,05284bd7fbf783ec72e1f32951239b7415bbb249ca93c25d39ec07ea3e6f3f31,"{""config"":[""Y+"",""Y""],""d"":3,""p"":0.001}",
     11264,         4,         0,   0.029,pymatching,e30e755e7a0719ba6d1fc0f53b54f72ffaaa686b35dcc95660eec57ceed41e56,"{""config"":[""Y+"",""Y""],""d"":5,""p"":0.0018128205128205128}",
     47104,         0,         0,   0.075,pymatching,5dd0745ef49adc03d1763624c203142a1aeb1556c043d6478fde58622f17934b,"{""config"":[""Y+"",""Y""],""d"":5,""p"":4.641588833612782e-05}",
     14336,         0,         0,   0.028,pymatching,21c1ff698806fc7edab1cc9c018ae50ee4c947af998e057ea46bdddad77411dd,"{""config"":[""Y+"",""Y""],""d"":5,""p"":0.001}",
     16384,       972,         0,   0.027,pymatching,8f0d031247e5ed80144e8fefcde4ea8d33124aa62fc4fa21a1ae6fb7507d7be4,"{""config"":[""Y+"",""Y""],""d"":3,""p"":0.012148717948717948}",
     76800,        52,         0,   0.037,pymatching,bc37b8888a1ee3671f55ca41a2132b95d1e5c25863c192cd78fb6dcf857f2299,"{""config"":[""Y+"",""Y""],""d"":3,""p"":0.0011}",
     35840,      1080,         0,   0.038,pymatching,b25bbbd3ae229e539f1c32cdebedfa8e87b0ce8cc9ef3f578a1bca53db3581a2,"{""config"":[""Y+"",""Y""],""d"":3,""p"":0.008228205128205128}",
     28672,      1575,         0,   0.038,pymatching,a90c608b09d48bd94031ba5bfbae7088b88adebdecc592871cf3c6b1bde613e1,"{""config"":[""Y+"",""Y""],""d"":3,""p"":0.011435897435897435}",
     93184,       294,         0,   0.052,pymatching,c62c094ba7980f8a08ba5ddabf58b31d95224b799c8230b7ca55f74567575fd5,"{""config"":[""Y+"",""Y""],""d"":3,""p"":0.0025256410256410257}",
     15360,         0,         0,   0.027,pymatching,dcf8d486b730d80c8516d1314b5f7e522b9684fea3b76df00f09a83e61559cd3,"{""config"":[""Y+"",""Y""],""d"":5,""p"":0.0001291549665014884}",
     40960,      1494,         0,   0.053,pymatching,1fa83d0a544423f9fd32d56bc1571c9edd5cece32e1bbe4148e202f4905eec55,"{""config"":[""Y+"",""Y""],""d"":3,""p"":0.009297435897435898}",
     39936,       973,         0,   0.038,pymatching,f2d7c34c6617bbc4386c1f3dfb70893a3e72a8ca16a31b601ae68fe1f5fd8ff1,"{""config"":[""Y+"",""Y""],""d"":3,""p"":0.007158974358974359}",
     11264,        12,         0,   0.029,pymatching,7d722f229965de87d2d4daf10e9b29159b2435faef8a6944d5b39c4678d848f7,"{""config"":[""Y+"",""Y""],""d"":5,""p"":0.002169230769230769}",
     13312,         3,         0,   0.029,pymatching,2b0c4fb2ea4cc842ea602a2df29d7dfe9642687babb506ecad7f9e8281d2599a,"{""config"":[""Y+"",""Y""],""d"":5,""p"":0.0011}",
     40960,       715,         0,   0.038,pymatching,423bba5cea99fdb492c8a4ec342b602514b19626c5df11f8498d3a303bf43efd,"{""config"":[""Y+"",""Y""],""d"":3,""p"":0.00608974358974359}",
     50176,       434,         0,   0.037,pymatching,e2b18fe2fa96d42b2cefcc2da895dd79f495a5f3fca2dacc546eb7011049e278,"{""config"":[""Y+"",""Y""],""d"":3,""p"":0.0043076923076923075}",
     44032,       529,         0,   0.037,pymatching,ecaea73fda730734887a55b404e6c0850d39decb2b50bf8a3e93dc1e94ed53f4,"{""config"":[""Y+"",""Y""],""d"":3,""p"":0.00502051282051282}",
     16384,         0,         0,   0.028,pymatching,fc0244b2383b9cd41b211227c1e3f71dc7d31de679c046c7ef605e4443a6f18e,"{""config"":[""Y+"",""Y""],""d"":5,""p"":1e-05}",
     49152,        89,         0,   0.026,pymatching,3f0a9e1dbc48885591d3d55a12d8668bf2c558682252d5ba43d227207ba448ab,"{""config"":[""Y+"",""Y""],""d"":3,""p"":0.0018128205128205128}",
     97280,         5,         0,   0.036,pymatching,f99180d69f396452867d5b81d7775bb30ccdaa80975a3cb4cc576f8104172b19,"{""config"":[""Y+"",""Y""],""d"":3,""p"":0.00021544346900318823}",
     52224,       429,         0,   0.038,pymatching,34edb84dd4434fbd8b13a8a7a3082e9c7316ae82f63b935ebc2273f3b249c472,"{""config"":[""Y+"",""Y""],""d"":3,""p"":0.003951282051282051}",
     41984,      2723,         0,   0.061,pymatching,f2332848e443d52a2aa2629a897832bd91c3476f65ca2a0ae50f3e5cd7268391,"{""config"":[""Y+"",""Y""],""d"":3,""p"":0.012505128205128205}",
     29696,      1220,         0,   0.038,pymatching,776c9e9663fc3a799ea1a403e9f79e4ed8d10c1539d9064a684d3125df3d4bba,"{""config"":[""Y+"",""Y""],""d"":3,""p"":0.009653846153846153}",
     22528,      1909,         0,   0.038,pymatching,f6e53bb210e9edad0e9dcaaa0cf04170b4e5ef2067007d78634f13038b279b3e,"{""config"":[""Y+"",""Y""],""d"":3,""p"":0.014643589743589744}",
    171008,        11,         0,   0.071,pymatching,094244424a3bf204a531f9d7b7d1d43a6414c5b7616ede9e18dc2b8e33347317,"{""config"":[""Y+"",""Y""],""d"":3,""p"":0.00035938136638046257}",
     22528,      1565,         0,   0.038,pymatching,ca24e0e9ca82dc9908c605e6df770be5c9447ea636c0b3b8cc726335526e9e0e,"{""config"":[""Y+"",""Y""],""d"":3,""p"":0.013574358974358974}",
     16384,         0,         0,   0.028,pymatching,dd6ff887cc965fb5d609bf081139f2e07c4d599a2bb880d2ad09ebf78e04ea3f,"{""config"":[""Y+"",""Y""],""d"":5,""p"":1.6681005372000593e-05}",
     32768,      1074,         0,   0.038,pymatching,c58a960a06e9e70ea8e206652a237a9359a03d74e567c6e3df3bab87d5f3afa6,"{""config"":[""Y+"",""Y""],""d"":3,""p"":0.008584615384615385}",
     47104,       529,         0,   0.037,pymatching,dca8b5cefc5e27398fce52d0ea308a74c47f8915b8be63f68ed24bca138f4c3c,"{""config"":[""Y+"",""Y""],""d"":3,""p"":0.004664102564102564}",
     31744,      1412,         0,   0.039,pymatching,69c8b3d603414b940dae784109cc3af3a8c2b108f6a9307d7e94d174c4b44a24,"{""config"":[""Y+"",""Y""],""d"":3,""p"":0.010010256410256409}",
     48128,       689,         0,   0.038,pymatching,32191e2455e1080c3017ee54aee296f7e4bcbb3e6659652241ad07ff3ea5aff1,"{""config"":[""Y+"",""Y""],""d"":3,""p"":0.005376923076923077}",
     24576,      1812,         0,   0.039,pymatching,0d58841bfb980b901c46a788ebce0af06d8b8f386424fcac1a014112fadc3f36,"{""config"":[""Y+"",""Y""],""d"":3,""p"":0.01393076923076923}",
     25600,      1674,         0,   0.039,pymatching,c2de14e23581fe187690ae49a28a9c371a77e2d3b272296a29d271bcfc7f62b5,"{""config"":[""Y+"",""Y""],""d"":3,""p"":0.012861538461538462}",
     82944,      1368,         0,   0.073,pymatching,22b82852cebe2d793d2919725058cb67336f6b35ffe024df46d05f953e5ff6b6,"{""config"":[""Y+"",""Y""],""d"":3,""p"":0.005733333333333333}",
     23552,      1814,         0,   0.038,pymatching,112044dd5ee732842158e7cd2de588c9e489179a484a8bd58dee435fb896361f,"{""config"":[""Y+"",""Y""],""d"":3,""p"":0.014287179487179487}",
     37888,       856,         0,   0.038,pymatching,6749d57f6cfb2c97a3630bb6cc2c7a2e833709154ae6dc1a92b06ff1bbabe208,"{""config"":[""Y+"",""Y""],""d"":3,""p"":0.006802564102564103}",
     25600,      1763,         0,   0.039,pymatching,f24384ce659e7b6ef9a953d13379a136f4dfa1e2cf0c4fbb29c90fc2b8ddc98d,"{""config"":[""Y+"",""Y""],""d"":3,""p"":0.013217948717948718}",
     39936,       790,         0,   0.038,pymatching,65e706aee81f529d98de7277fbb7ff42556a49bca616ad960dfd3f208378a2ec,"{""config"":[""Y+"",""Y""],""d"":3,""p"":0.006446153846153846}",
    102400,       130,         0,   0.051,pymatching,b3c39a91922e1d85821518e4a54fa742c0386e70840b5cbf046ff177d1baab23,"{""config"":[""Y+"",""Y""],""d"":3,""p"":0.0014564102564102565}",
     27648,      1432,         0,   0.039,pymatching,b1bcaff7332317c8f31ec1f7a1881179c103f3a36419feb0c99d9b6f10642a93,"{""config"":[""Y+"",""Y""],""d"":3,""p"":0.010723076923076922}",
     48128,      1417,         0,   0.053,pymatching,e5e5dbc2d3eb392840ed8216b9024e61a7c869f05ca90c75e765dcd7b3dee8f7,"{""config"":[""Y+"",""Y""],""d"":3,""p"":0.007871794871794872}",
     92160,         0,         0,   0.036,pymatching,fc05cf3df7361575a5b4d1135663ead1ff6817052d39c2a42b8f58c1dda6ac02,"{""config"":[""Y+"",""Y""],""d"":3,""p"":2.782559402207126e-05}",
     21504,         1,         0,   0.038,pymatching,c027daabe67c5e250c8ef5ae9ea64a61d5a0e806e67b3b60e36e792022c5d9f5,"{""config"":[""Y+"",""Y""],""d"":5,""p"":0.0005994842503189409}",
     23552,         0,         0,   0.038,pymatching,f8bf66581fd00bfa97b5b99cb2db33644b5d8de76544435f1508152e99566945,"{""config"":[""Y+"",""Y""],""d"":5,""p"":0.00021544346900318823}",
     24576,         0,         0,   0.039,pymatching,7c666284d64c95144167644c2b1500400d18d3de09496dfa01ff3d370ed1d7ca,"{""config"":[""Y+"",""Y""],""d"":5,""p"":7.742636826811278e-05}",
     84992,        15,         0,   0.037,pymatching,614ea721bc83dd8ee2ec7b2e018d6175a21e648c5ebcba264cce72b9d1d59090,"{""config"":[""Y+"",""Y""],""d"":3,""p"":0.0005994842503189409}",
     55296,       361,         0,   0.038,pymatching,746a597460e44077861540414653cc90dd911fdef1209d739ec7a2c1864db026,"{""config"":[""Y+"",""Y""],""d"":3,""p"":0.0035948717948717946}",
     31744,      1099,         0,   0.038,pymatching,65951785552e7958023e71cf8a8932e66d7e596ffa1c5d9a3d3f80a2592a7ac9,"{""config"":[""Y+"",""Y""],""d"":3,""p"":0.00894102564102564}",
     25600,      1475,         0,   0.038,pymatching,bdd65841b5b3735126a76f8d553758473a0b9e6a2f8c471c13ca5bdc5573e344,"{""config"":[""Y+"",""Y""],""d"":3,""p"":0.011792307692307692}",
     27648,      1285,         0,   0.038,pymatching,5974c2a61c61b13ea54ec59fc21970966161bc23f931ffa5d3eef00043383744,"{""config"":[""Y+"",""Y""],""d"":3,""p"":0.010366666666666666}",
     93184,         0,         0,   0.073,pymatching,58168bef05a465df2ae1ffe32c97b0c280a01c799294bc88de076b8c50bb5772,"{""config"":[""Y+"",""Y""],""d"":3,""p"":7.742636826811278e-05}",
     35840,      1005,         0,   0.038,pymatching,d02b559a5faa1985703516c2d7beaac137d0e1d9ec58060fb414c5c655a5cc5e,"{""config"":[""Y+"",""Y""],""d"":3,""p"":0.007515384615384615}",
     21504,         0,         0,   0.039,pymatching,a431c6fd4a0c2277f809c38c43dcdc4348febec18248b8b052df301d91485069,"{""config"":[""Y+"",""Y""],""d"":5,""p"":0.00035938136638046257}",
     24576,         0,         0,   0.038,pymatching,6a38cbee8d4fbed323fe5fc0883fb594bf4325b0ce4571aaaa878f7b2affe8f6,"{""config"":[""Y+"",""Y""],""d"":5,""p"":2.782559402207126e-05}",
    181248,         0,         0,   0.071,pymatching,3f31cd20fd4567764927e4c9957a7782d9cda9ee23f09b3a2ab8add293bbae62,"{""config"":[""Y+"",""Y""],""d"":3,""p"":1e-05}",
     71680,       101,         0,   0.037,pymatching,3f0a9e1dbc48885591d3d55a12d8668bf2c558682252d5ba43d227207ba448ab,"{""config"":[""Y+"",""Y""],""d"":3,""p"":0.0018128205128205128}",
     15360,         8,         0,   0.039,pymatching,e30e755e7a0719ba6d1fc0f53b54f72ffaaa686b35dcc95660eec57ceed41e56,"{""config"":[""Y+"",""Y""],""d"":5,""p"":0.0018128205128205128}",
    140288,         0,         0,   0.051,pymatching,0201e142d22122fd05e8f0d2585e1d88241113628b31ed758dd648238bc30b2e,"{""config"":[""Y+"",""Y""],""d"":3,""p"":1.6681005372000593e-05}",
    115712,       498,         0,   0.072,pymatching,e3b20d8e33e8b5243af076fdcd38f9a1bd6a3e7539635771b7721173509e7329,"{""config"":[""Y+"",""Y""],""d"":3,""p"":0.0028820512820512817}",
     19456,         5,         0,   0.038,pymatching,21c1ff698806fc7edab1cc9c018ae50ee4c947af998e057ea46bdddad77411dd,"{""config"":[""Y+"",""Y""],""d"":5,""p"":0.001}",
     25600,      1533,         0,   0.039,pymatching,8f0d031247e5ed80144e8fefcde4ea8d33124aa62fc4fa21a1ae6fb7507d7be4,"{""config"":[""Y+"",""Y""],""d"":3,""p"":0.012148717948717948}",
     39936,      2065,         0,   0.053,pymatching,2b0775494c48b69d06836dca4bfcb83e8e2c427f60b4dc59eab3cca2399c587c,"{""config"":[""Y+"",""Y""],""d"":3,""p"":0.01107948717948718}",
    138240,         4,         0,   0.051,pymatching,5e84b82abe755e4ea7de0ff882c4294133952c06036bf6c4e401c0bd56fda9b4,"{""config"":[""Y+"",""Y""],""d"":3,""p"":0.0001291549665014884}",
     15360,        13,         0,   0.039,pymatching,7d722f229965de87d2d4daf10e9b29159b2435faef8a6944d5b39c4678d848f7,"{""config"":[""Y+"",""Y""],""d"":5,""p"":0.002169230769230769}",
     18432,         1,         0,   0.040,pymatching,2b0c4fb2ea4cc842ea602a2df29d7dfe9642687babb506ecad7f9e8281d2599a,"{""config"":[""Y+"",""Y""],""d"":5,""p"":0.0011}",
    112640,       578,         0,   0.072,pymatching,e653f60e4023282b12ab1c68f1cb27240ba55e79bc1e3c26f062945847afbee0,"{""config"":[""Y+"",""Y""],""d"":3,""p"":0.003238461538461538}",
     31744,      2629,         0,   0.054,pymatching,e03d88b5326c0e41368aada92f05982a21f947e14d8770aea211df6d35348b3a,"{""config"":[""Y+"",""Y""],""d"":3,""p"":0.014999999999999998}",
     22528,         0,         0,   0.039,pymatching,dcf8d486b730d80c8516d1314b5f7e522b9684fea3b76df00f09a83e61559cd3,"{""config"":[""Y+"",""Y""],""d"":5,""p"":0.0001291549665014884}",
     93184,       220,         0,   0.051,pymatching,86658313b7feb23f7f4adc3e0ebdac50eeb365e776f073fe7fa8bc515987fee4,"{""config"":[""Y+"",""Y""],""d"":3,""p"":0.002169230769230769}",
     23552,         0,         0,   0.039,pymatching,fc0244b2383b9cd41b211227c1e3f71dc7d31de679c046c7ef605e4443a6f18e,"{""config"":[""Y+"",""Y""],""d"":5,""p"":1e-05}",
    110592,        83,         0,   0.051,pymatching,bc37b8888a1ee3671f55ca41a2132b95d1e5c25863c192cd78fb6dcf857f2299,"{""config"":[""Y+"",""Y""],""d"":3,""p"":0.0011}",
     71680,       689,         0,   0.052,pymatching,e2b18fe2fa96d42b2cefcc2da895dd79f495a5f3fca2dacc546eb7011049e278,"{""config"":[""Y+"",""Y""],""d"":3,""p"":0.0043076923076923075}",
     23552,         0,         0,   0.039,pymatching,dd6ff887cc965fb5d609bf081139f2e07c4d599a2bb880d2ad09ebf78e04ea3f,"{""config"":[""Y+"",""Y""],""d"":5,""p"":1.6681005372000593e-05}",
     51200,      1581,         0,   0.053,pymatching,b25bbbd3ae229e539f1c32cdebedfa8e87b0ce8cc9ef3f578a1bca53db3581a2,"{""config"":[""Y+"",""Y""],""d"":3,""p"":0.008228205128205128}",
    183296,         0,         0,   0.071,pymatching,61ff5f1147e184afdf1f6e153ac4b4fe36aeee11ff1384592d8541e17c3fc3c7,"{""config"":[""Y+"",""Y""],""d"":3,""p"":4.641588833612782e-05}",
     62464,       813,         0,   0.052,pymatching,ecaea73fda730734887a55b404e6c0850d39decb2b50bf8a3e93dc1e94ed53f4,"{""config"":[""Y+"",""Y""],""d"":3,""p"":0.00502051282051282}",
     39936,      2282,         0,   0.054,pymatching,a90c608b09d48bd94031ba5bfbae7088b88adebdecc592871cf3c6b1bde613e1,"{""config"":[""Y+"",""Y""],""d"":3,""p"":0.011435897435897435}",
     57344,       997,         0,   0.052,pymatching,423bba5cea99fdb492c8a4ec342b602514b19626c5df11f8498d3a303bf43efd,"{""config"":[""Y+"",""Y""],""d"":3,""p"":0.00608974358974359}",
     56320,      1344,         0,   0.053,pymatching,f2d7c34c6617bbc4386c1f3dfb70893a3e72a8ca16a31b601ae68fe1f5fd8ff1,"{""config"":[""Y+"",""Y""],""d"":3,""p"":0.007158974358974359}",
    137216,         1,         0,   0.051,pymatching,f99180d69f396452867d5b81d7775bb30ccdaa80975a3cb4cc576f8104172b19,"{""config"":[""Y+"",""Y""],""d"":3,""p"":0.00021544346900318823}",
     75776,       532,         0,   0.053,pymatching,34edb84dd4434fbd8b13a8a7a3082e9c7316ae82f63b935ebc2273f3b249c472,"{""config"":[""Y+"",""Y""],""d"":3,""p"":0.003951282051282051}",
     43008,      1761,         0,   0.053,pymatching,776c9e9663fc3a799ea1a403e9f79e4ed8d10c1539d9064a684d3125df3d4bba,"{""config"":[""Y+"",""Y""],""d"":3,""p"":0.009653846153846153}",
     31744,      2648,         0,   0.054,pymatching,f6e53bb210e9edad0e9dcaaa0cf04170b4e5ef2067007d78634f13038b279b3e,"{""config"":[""Y+"",""Y""],""d"":3,""p"":0.014643589743589744}",
     33792,        12,         0,   0.074,pymatching,5e7f5a5babac4f8ad707610f5b4cc4b26d807e8c8458cf225daf5167039534d1,"{""config"":[""Y+"",""Y""],""d"":5,""p"":0.0014564102564102565}",
     32768,      2402,         0,   0.053,pymatching,ca24e0e9ca82dc9908c605e6df770be5c9447ea636c0b3b8cc726335526e9e0e,"{""config"":[""Y+"",""Y""],""d"":3,""p"":0.013574358974358974}",
     68608,       703,         0,   0.052,pymatching,dca8b5cefc5e27398fce52d0ea308a74c47f8915b8be63f68ed24bca138f4c3c,"{""config"":[""Y+"",""Y""],""d"":3,""p"":0.004664102564102564}",
     47104,      1578,         0,   0.053,pymatching,c58a960a06e9e70ea8e206652a237a9359a03d74e567c6e3df3bab87d5f3afa6,"{""config"":[""Y+"",""Y""],""d"":3,""p"":0.008584615384615385}",
     44032,      1922,         0,   0.053,pymatching,69c8b3d603414b940dae784109cc3af3a8c2b108f6a9307d7e94d174c4b44a24,"{""config"":[""Y+"",""Y""],""d"":3,""p"":0.010010256410256409}",
    157696,        93,         0,   0.072,pymatching,05284bd7fbf783ec72e1f32951239b7415bbb249ca93c25d39ec07ea3e6f3f31,"{""config"":[""Y+"",""Y""],""d"":3,""p"":0.001}",
     67584,       956,         0,   0.053,pymatching,32191e2455e1080c3017ee54aee296f7e4bcbb3e6659652241ad07ff3ea5aff1,"{""config"":[""Y+"",""Y""],""d"":3,""p"":0.005376923076923077}",
     33792,      2543,         0,   0.053,pymatching,0d58841bfb980b901c46a788ebce0af06d8b8f386424fcac1a014112fadc3f36,"{""config"":[""Y+"",""Y""],""d"":3,""p"":0.01393076923076923}",
     35840,      2373,         0,   0.053,pymatching,c2de14e23581fe187690ae49a28a9c371a77e2d3b272296a29d271bcfc7f62b5,"{""config"":[""Y+"",""Y""],""d"":3,""p"":0.012861538461538462}",
     32768,      2709,         0,   0.053,pymatching,112044dd5ee732842158e7cd2de588c9e489179a484a8bd58dee435fb896361f,"{""config"":[""Y+"",""Y""],""d"":3,""p"":0.014287179487179487}",
    133120,       449,         0,   0.072,pymatching,c62c094ba7980f8a08ba5ddabf58b31d95224b799c8230b7ca55f74567575fd5,"{""config"":[""Y+"",""Y""],""d"":3,""p"":0.0025256410256410257}",
     55296,      1229,         0,   0.053,pymatching,6749d57f6cfb2c97a3630bb6cc2c7a2e833709154ae6dc1a92b06ff1bbabe208,"{""config"":[""Y+"",""Y""],""d"":3,""p"":0.006802564102564103}",
     45056,       893,         0,   0.042,pymatching,65e706aee81f529d98de7277fbb7ff42556a49bca616ad960dfd3f208378a2ec,"{""config"":[""Y+"",""Y""],""d"":3,""p"":0.006446153846153846}",
     30720,      1541,         0,   0.043,pymatching,b1bcaff7332317c8f31ec1f7a1881179c103f3a36419feb0c99d9b6f10642a93,"{""config"":[""Y+"",""Y""],""d"":3,""p"":0.010723076923076922}",
     28672,      2017,         0,   0.043,pymatching,f24384ce659e7b6ef9a953d13379a136f4dfa1e2cf0c4fbb29c90fc2b8ddc98d,"{""config"":[""Y+"",""Y""],""d"":3,""p"":0.013217948717948718}",
     24576,         0,         0,   0.044,pymatching,c027daabe67c5e250c8ef5ae9ea64a61d5a0e806e67b3b60e36e792022c5d9f5,"{""config"":[""Y+"",""Y""],""d"":5,""p"":0.0005994842503189409}",
    110592,         0,         0,   0.042,pymatching,fc05cf3df7361575a5b4d1135663ead1ff6817052d39c2a42b8f58c1dda6ac02,"{""config"":[""Y+"",""Y""],""d"":3,""p"":2.782559402207126e-05}",
     60416,      2417,         0,   0.074,pymatching,1fa83d0a544423f9fd32d56bc1571c9edd5cece32e1bbe4148e202f4905eec55,"{""config"":[""Y+"",""Y""],""d"":3,""p"":0.009297435897435898}",
     27648,         0,         0,   0.045,pymatching,f8bf66581fd00bfa97b5b99cb2db33644b5d8de76544435f1508152e99566945,"{""config"":[""Y+"",""Y""],""d"":5,""p"":0.00021544346900318823}",
     29696,         0,         0,   0.047,pymatching,7c666284d64c95144167644c2b1500400d18d3de09496dfa01ff3d370ed1d7ca,"{""config"":[""Y+"",""Y""],""d"":5,""p"":7.742636826811278e-05}",
    109568,        19,         0,   0.046,pymatching,614ea721bc83dd8ee2ec7b2e018d6175a21e648c5ebcba264cce72b9d1d59090,"{""config"":[""Y+"",""Y""],""d"":3,""p"":0.0005994842503189409}",
     22528,         3,         0,   0.045,pymatching,21c1ff698806fc7edab1cc9c018ae50ee4c947af998e057ea46bdddad77411dd,"{""config"":[""Y+"",""Y""],""d"":5,""p"":0.001}",
     71680,       470,         0,   0.048,pymatching,746a597460e44077861540414653cc90dd911fdef1209d739ec7a2c1864db026,"{""config"":[""Y+"",""Y""],""d"":3,""p"":0.0035948717948717946}",
     24576,         0,         0,   0.039,pymatching,6a38cbee8d4fbed323fe5fc0883fb594bf4325b0ce4571aaaa878f7b2affe8f6,"{""config"":[""Y+"",""Y""],""d"":5,""p"":2.782559402207126e-05}",
     36864,      1663,         0,   0.049,pymatching,5974c2a61c61b13ea54ec59fc21970966161bc23f931ffa5d3eef00043383744,"{""config"":[""Y+"",""Y""],""d"":3,""p"":0.010366666666666666}",
     33792,      1973,         0,   0.050,pymatching,bdd65841b5b3735126a76f8d553758473a0b9e6a2f8c471c13ca5bdc5573e344,"{""config"":[""Y+"",""Y""],""d"":3,""p"":0.011792307692307692}",
     41984,      1555,         0,   0.050,pymatching,65951785552e7958023e71cf8a8932e66d7e596ffa1c5d9a3d3f80a2592a7ac9,"{""config"":[""Y+"",""Y""],""d"":3,""p"":0.00894102564102564}",
     38912,      1007,         0,   0.041,pymatching,d02b559a5faa1985703516c2d7beaac137d0e1d9ec58060fb414c5c655a5cc5e,"{""config"":[""Y+"",""Y""],""d"":3,""p"":0.007515384615384615}",
     23552,         0,         0,   0.043,pymatching,a431c6fd4a0c2277f809c38c43dcdc4348febec18248b8b052df301d91485069,"{""config"":[""Y+"",""Y""],""d"":5,""p"":0.00035938136638046257}",
     17408,         7,         0,   0.044,pymatching,e30e755e7a0719ba6d1fc0f53b54f72ffaaa686b35dcc95660eec57ceed41e56,"{""config"":[""Y+"",""Y""],""d"":5,""p"":0.0018128205128205128}",
     29696,      1791,         0,   0.045,pymatching,8f0d031247e5ed80144e8fefcde4ea8d33124aa62fc4fa21a1ae6fb7507d7be4,"{""config"":[""Y+"",""Y""],""d"":3,""p"":0.012148717948717948}",
     20480,         0,         0,   0.036,pymatching,dcf8d486b730d80c8516d1314b5f7e522b9684fea3b76df00f09a83e61559cd3,"{""config"":[""Y+"",""Y""],""d"":5,""p"":0.0001291549665014884}",
     20480,      1787,         0,   0.036,pymatching,e03d88b5326c0e41368aada92f05982a21f947e14d8770aea211df6d35348b3a,"{""config"":[""Y+"",""Y""],""d"":3,""p"":0.014999999999999998}",
     20480,        19,         0,   0.052,pymatching,7d722f229965de87d2d4daf10e9b29159b2435faef8a6944d5b39c4678d848f7,"{""config"":[""Y+"",""Y""],""d"":5,""p"":0.002169230769230769}",
     99328,       165,         0,   0.052,pymatching,3f0a9e1dbc48885591d3d55a12d8668bf2c558682252d5ba43d227207ba448ab,"{""config"":[""Y+"",""Y""],""d"":3,""p"":0.0018128205128205128}",
     24576,         3,         0,   0.053,pymatching,2b0c4fb2ea4cc842ea602a2df29d7dfe9642687babb506ecad7f9e8281d2599a,"{""config"":[""Y+"",""Y""],""d"":5,""p"":0.0011}",
     60416,      1766,         0,   0.065,pymatching,e5e5dbc2d3eb392840ed8216b9024e61a7c869f05ca90c75e765dcd7b3dee8f7,"{""config"":[""Y+"",""Y""],""d"":3,""p"":0.007871794871794872}",
     24576,         0,         0,   0.041,pymatching,fc0244b2383b9cd41b211227c1e3f71dc7d31de679c046c7ef605e4443a6f18e,"{""config"":[""Y+"",""Y""],""d"":5,""p"":1e-05}",
     66560,         0,         0,   0.105,pymatching,5dd0745ef49adc03d1763624c203142a1aeb1556c043d6478fde58622f17934b,"{""config"":[""Y+"",""Y""],""d"":5,""p"":4.641588833612782e-05}",
     28672,         0,         0,   0.048,pymatching,dd6ff887cc965fb5d609bf081139f2e07c4d599a2bb880d2ad09ebf78e04ea3f,"{""config"":[""Y+"",""Y""],""d"":5,""p"":1.6681005372000593e-05}",
    147456,       168,         0,   0.072,pymatching,b3c39a91922e1d85821518e4a54fa742c0386e70840b5cbf046ff177d1baab23,"{""config"":[""Y+"",""Y""],""d"":3,""p"":0.0014564102564102565}",
    169984,         0,         0,   0.062,pymatching,0201e142d22122fd05e8f0d2585e1d88241113628b31ed758dd648238bc30b2e,"{""config"":[""Y+"",""Y""],""d"":3,""p"":1.6681005372000593e-05}",
     52224,      2691,         0,   0.068,pymatching,2b0775494c48b69d06836dca4bfcb83e8e2c427f60b4dc59eab3cca2399c587c,"{""config"":[""Y+"",""Y""],""d"":3,""p"":0.01107948717948718}",
    182272,         4,         0,   0.067,pymatching,5e84b82abe755e4ea7de0ff882c4294133952c06036bf6c4e401c0bd56fda9b4,"{""config"":[""Y+"",""Y""],""d"":3,""p"":0.0001291549665014884}",
     24576,      2005,         0,   0.041,pymatching,f6e53bb210e9edad0e9dcaaa0cf04170b4e5ef2067007d78634f13038b279b3e,"{""config"":[""Y+"",""Y""],""d"":3,""p"":0.014643589743589744}",
     26624,      2096,         0,   0.043,pymatching,112044dd5ee732842158e7cd2de588c9e489179a484a8bd58dee435fb896361f,"{""config"":[""Y+"",""Y""],""d"":3,""p"":0.014287179487179487}",
    244736,        20,         0,   0.100,pymatching,094244424a3bf204a531f9d7b7d1d43a6414c5b7616ede9e18dc2b8e33347317,"{""config"":[""Y+"",""Y""],""d"":3,""p"":0.00035938136638046257}",
    107520,       270,         0,   0.060,pymatching,86658313b7feb23f7f4adc3e0ebdac50eeb365e776f073fe7fa8bc515987fee4,"{""config"":[""Y+"",""Y""],""d"":3,""p"":0.002169230769230769}",
     28672,      2254,         0,   0.046,pymatching,0d58841bfb980b901c46a788ebce0af06d8b8f386424fcac1a014112fadc3f36,"{""config"":[""Y+"",""Y""],""d"":3,""p"":0.01393076923076923}",
    118784,      1925,         0,   0.103,pymatching,22b82852cebe2d793d2919725058cb67336f6b35ffe024df46d05f953e5ff6b6,"{""config"":[""Y+"",""Y""],""d"":3,""p"":0.005733333333333333}",
    140288,        92,         0,   0.066,pymatching,bc37b8888a1ee3671f55ca41a2132b95d1e5c25863c192cd78fb6dcf857f2299,"{""config"":[""Y+"",""Y""],""d"":3,""p"":0.0011}",
     65536,      1994,         0,   0.069,pymatching,b25bbbd3ae229e539f1c32cdebedfa8e87b0ce8cc9ef3f578a1bca53db3581a2,"{""config"":[""Y+"",""Y""],""d"":3,""p"":0.008228205128205128}",
     52224,      2963,         0,   0.070,pymatching,a90c608b09d48bd94031ba5bfbae7088b88adebdecc592871cf3c6b1bde613e1,"{""config"":[""Y+"",""Y""],""d"":3,""p"":0.011435897435897435}",
     76800,      1384,         0,   0.072,pymatching,423bba5cea99fdb492c8a4ec342b602514b19626c5df11f8498d3a303bf43efd,"{""config"":[""Y+"",""Y""],""d"":3,""p"":0.00608974358974359}",
     70656,      1638,         0,   0.072,pymatching,f2d7c34c6617bbc4386c1f3dfb70893a3e72a8ca16a31b601ae68fe1f5fd8ff1,"{""config"":[""Y+"",""Y""],""d"":3,""p"":0.007158974358974359}",
     98304,       947,         0,   0.073,pymatching,e2b18fe2fa96d42b2cefcc2da895dd79f495a5f3fca2dacc546eb7011049e278,"{""config"":[""Y+"",""Y""],""d"":3,""p"":0.0043076923076923075}",
     89088,      1145,         0,   0.073,pymatching,ecaea73fda730734887a55b404e6c0850d39decb2b50bf8a3e93dc1e94ed53f4,"{""config"":[""Y+"",""Y""],""d"":3,""p"":0.00502051282051282}",
    190464,         8,         0,   0.071,pymatching,f99180d69f396452867d5b81d7775bb30ccdaa80975a3cb4cc576f8104172b19,"{""config"":[""Y+"",""Y""],""d"":3,""p"":0.00021544346900318823}",
    249856,         3,         0,   0.097,pymatching,58168bef05a465df2ae1ffe32c97b0c280a01c799294bc88de076b8c50bb5772,"{""config"":[""Y+"",""Y""],""d"":3,""p"":7.742636826811278e-05}",
    102400,       798,         0,   0.073,pymatching,34edb84dd4434fbd8b13a8a7a3082e9c7316ae82f63b935ebc2273f3b249c472,"{""config"":[""Y+"",""Y""],""d"":3,""p"":0.003951282051282051}",
    149504,       671,         0,   0.092,pymatching,e3b20d8e33e8b5243af076fdcd38f9a1bd6a3e7539635771b7721173509e7329,"{""config"":[""Y+"",""Y""],""d"":3,""p"":0.0028820512820512817}",
     40960,      2786,         0,   0.060,pymatching,c2de14e23581fe187690ae49a28a9c371a77e2d3b272296a29d271bcfc7f62b5,"{""config"":[""Y+"",""Y""],""d"":3,""p"":0.012861538461538462}",
      5120,       311,         0,   0.007,pymatching,a90c608b09d48bd94031ba5bfbae7088b88adebdecc592871cf3c6b1bde613e1,"{""config"":[""Y+"",""Y""],""d"":3,""p"":0.011435897435897435}",
    227328,         0,         0,   0.089,pymatching,3f31cd20fd4567764927e4c9957a7782d9cda9ee23f09b3a2ab8add293bbae62,"{""config"":[""Y+"",""Y""],""d"":3,""p"":1e-05}",
     51200,      2078,         0,   0.065,pymatching,776c9e9663fc3a799ea1a403e9f79e4ed8d10c1539d9064a684d3125df3d4bba,"{""config"":[""Y+"",""Y""],""d"":3,""p"":0.009653846153846153}",
     21504,      1093,         0,   0.028,pymatching,2b0775494c48b69d06836dca4bfcb83e8e2c427f60b4dc59eab3cca2399c587c,"{""config"":[""Y+"",""Y""],""d"":3,""p"":0.01107948717948718}",
     87040,       940,         0,   0.067,pymatching,dca8b5cefc5e27398fce52d0ea308a74c47f8915b8be63f68ed24bca138f4c3c,"{""config"":[""Y+"",""Y""],""d"":3,""p"":0.004664102564102564}",
     39936,      2883,         0,   0.068,pymatching,ca24e0e9ca82dc9908c605e6df770be5c9447ea636c0b3b8cc726335526e9e0e,"{""config"":[""Y+"",""Y""],""d"":3,""p"":0.013574358974358974}",
     59392,      2007,         0,   0.069,pymatching,c58a960a06e9e70ea8e206652a237a9359a03d74e567c6e3df3bab87d5f3afa6,"{""config"":[""Y+"",""Y""],""d"":3,""p"":0.008584615384615385}",
     88064,      1270,         0,   0.068,pymatching,32191e2455e1080c3017ee54aee296f7e4bcbb3e6659652241ad07ff3ea5aff1,"{""config"":[""Y+"",""Y""],""d"":3,""p"":0.005376923076923077}",
     57344,      2509,         0,   0.070,pymatching,69c8b3d603414b940dae784109cc3af3a8c2b108f6a9307d7e94d174c4b44a24,"{""config"":[""Y+"",""Y""],""d"":3,""p"":0.010010256410256409}",
    154624,       808,         0,   0.101,pymatching,e653f60e4023282b12ab1c68f1cb27240ba55e79bc1e3c26f062945847afbee0,"{""config"":[""Y+"",""Y""],""d"":3,""p"":0.003238461538461538}",
     75776,      1748,         0,   0.074,pymatching,6749d57f6cfb2c97a3630bb6cc2c7a2e833709154ae6dc1a92b06ff1bbabe208,"{""config"":[""Y+"",""Y""],""d"":3,""p"":0.006802564102564103}",
     77824,      1544,         0,   0.074,pymatching,65e706aee81f529d98de7277fbb7ff42556a49bca616ad960dfd3f208378a2ec,"{""config"":[""Y+"",""Y""],""d"":3,""p"":0.006446153846153846}",
     40960,      2865,         0,   0.061,pymatching,f24384ce659e7b6ef9a953d13379a136f4dfa1e2cf0c4fbb29c90fc2b8ddc98d,"{""config"":[""Y+"",""Y""],""d"":3,""p"":0.013217948717948718}",
     44032,      2264,         0,   0.061,pymatching,b1bcaff7332317c8f31ec1f7a1881179c103f3a36419feb0c99d9b6f10642a93,"{""config"":[""Y+"",""Y""],""d"":3,""p"":0.010723076923076922}",
     34816,         0,         0,   0.062,pymatching,c027daabe67c5e250c8ef5ae9ea64a61d5a0e806e67b3b60e36e792022c5d9f5,"{""config"":[""Y+"",""Y""],""d"":5,""p"":0.0005994842503189409}",
    148480,        32,         0,   0.064,pymatching,614ea721bc83dd8ee2ec7b2e018d6175a21e648c5ebcba264cce72b9d1d59090,"{""config"":[""Y+"",""Y""],""d"":3,""p"":0.0005994842503189409}",
     38912,         0,         0,   0.064,pymatching,f8bf66581fd00bfa97b5b99cb2db33644b5d8de76544435f1508152e99566945,"{""config"":[""Y+"",""Y""],""d"":5,""p"":0.00021544346900318823}",
     41984,         0,         0,   0.066,pymatching,7c666284d64c95144167644c2b1500400d18d3de09496dfa01ff3d370ed1d7ca,"{""config"":[""Y+"",""Y""],""d"":5,""p"":7.742636826811278e-05}",
    153600,         0,         0,   0.060,pymatching,fc05cf3df7361575a5b4d1135663ead1ff6817052d39c2a42b8f58c1dda6ac02,"{""config"":[""Y+"",""Y""],""d"":3,""p"":2.782559402207126e-05}",
     96256,       653,         0,   0.066,pymatching,746a597460e44077861540414653cc90dd911fdef1209d739ec7a2c1864db026,"{""config"":[""Y+"",""Y""],""d"":3,""p"":0.0035948717948717946}",
     45056,      2677,         0,   0.068,pymatching,bdd65841b5b3735126a76f8d553758473a0b9e6a2f8c471c13ca5bdc5573e344,"{""config"":[""Y+"",""Y""],""d"":3,""p"":0.011792307692307692}",
     56320,      1973,         0,   0.067,pymatching,65951785552e7958023e71cf8a8932e66d7e596ffa1c5d9a3d3f80a2592a7ac9,"{""config"":[""Y+"",""Y""],""d"":3,""p"":0.00894102564102564}",
     44032,         0,         0,   0.068,pymatching,6a38cbee8d4fbed323fe5fc0883fb594bf4325b0ce4571aaaa878f7b2affe8f6,"{""config"":[""Y+"",""Y""],""d"":5,""p"":2.782559402207126e-05}",
     50176,      2290,         0,   0.068,pymatching,5974c2a61c61b13ea54ec59fc21970966161bc23f931ffa5d3eef00043383744,"{""config"":[""Y+"",""Y""],""d"":3,""p"":0.010366666666666666}",
    244736,         1,         0,   0.096,pymatching,61ff5f1147e184afdf1f6e153ac4b4fe36aeee11ff1384592d8541e17c3fc3c7,"{""config"":[""Y+"",""Y""],""d"":3,""p"":4.641588833612782e-05}",
     65536,      1688,         0,   0.070,pymatching,d02b559a5faa1985703516c2d7beaac137d0e1d9ec58060fb414c5c655a5cc5e,"{""config"":[""Y+"",""Y""],""d"":3,""p"":0.007515384615384615}",
     30720,         0,         0,   0.057,pymatching,a431c6fd4a0c2277f809c38c43dcdc4348febec18248b8b052df301d91485069,"{""config"":[""Y+"",""Y""],""d"":5,""p"":0.00035938136638046257}",
     37888,         4,         0,   0.075,pymatching,21c1ff698806fc7edab1cc9c018ae50ee4c947af998e057ea46bdddad77411dd,"{""config"":[""Y+"",""Y""],""d"":5,""p"":0.001}",
     37888,      2272,         0,   0.058,pymatching,8f0d031247e5ed80144e8fefcde4ea8d33124aa62fc4fa21a1ae6fb7507d7be4,"{""config"":[""Y+"",""Y""],""d"":3,""p"":0.012148717948717948}",
     22528,        12,         0,   0.059,pymatching,e30e755e7a0719ba6d1fc0f53b54f72ffaaa686b35dcc95660eec57ceed41e56,"{""config"":[""Y+"",""Y""],""d"":5,""p"":0.0018128205128205128}",
     35840,         0,         0,   0.063,pymatching,dcf8d486b730d80c8516d1314b5f7e522b9684fea3b76df00f09a83e61559cd3,"{""config"":[""Y+"",""Y""],""d"":5,""p"":0.0001291549665014884}",
     44032,         9,         0,   0.097,pymatching,5e7f5a5babac4f8ad707610f5b4cc4b26d807e8c8458cf225daf5167039534d1,"{""config"":[""Y+"",""Y""],""d"":5,""p"":0.0014564102564102565}",
     25600,        24,         0,   0.066,pymatching,7d722f229965de87d2d4daf10e9b29159b2435faef8a6944d5b39c4678d848f7,"{""config"":[""Y+"",""Y""],""d"":5,""p"":0.002169230769230769}",
    119808,       222,         0,   0.064,pymatching,3f0a9e1dbc48885591d3d55a12d8668bf2c558682252d5ba43d227207ba448ab,"{""config"":[""Y+"",""Y""],""d"":3,""p"":0.0018128205128205128}",
     29696,         2,         0,   0.066,pymatching,2b0c4fb2ea4cc842ea602a2df29d7dfe9642687babb506ecad7f9e8281d2599a,"{""config"":[""Y+"",""Y""],""d"":5,""p"":0.0011}",
    206848,        99,         0,   0.095,pymatching,05284bd7fbf783ec72e1f32951239b7415bbb249ca93c25d39ec07ea3e6f3f31,"{""config"":[""Y+"",""Y""],""d"":3,""p"":0.001}",
     39936,         0,         0,   0.068,pymatching,fc0244b2383b9cd41b211227c1e3f71dc7d31de679c046c7ef605e4443a6f18e,"{""config"":[""Y+"",""Y""],""d"":5,""p"":1e-05}",
     70656,      2780,         0,   0.087,pymatching,1fa83d0a544423f9fd32d56bc1571c9edd5cece32e1bbe4148e202f4905eec55,"{""config"":[""Y+"",""Y""],""d"":3,""p"":0.009297435897435898}",
    186368,       630,         0,   0.101,pymatching,c62c094ba7980f8a08ba5ddabf58b31d95224b799c8230b7ca55f74567575fd5,"{""config"":[""Y+"",""Y""],""d"":3,""p"":0.0025256410256410257}",
     44032,         0,         0,   0.075,pymatching,dd6ff887cc965fb5d609bf081139f2e07c4d599a2bb880d2ad09ebf78e04ea3f,"{""config"":[""Y+"",""Y""],""d"":5,""p"":1.6681005372000593e-05}",
     18432,      1049,         0,   0.027,pymatching,bdd65841b5b3735126a76f8d553758473a0b9e6a2f8c471c13ca5bdc5573e344,"{""config"":[""Y+"",""Y""],""d"":3,""p"":0.011792307692307692}",
     36864,      1665,         0,   0.044,pymatching,69c8b3d603414b940dae784109cc3af3a8c2b108f6a9307d7e94d174c4b44a24,"{""config"":[""Y+"",""Y""],""d"":3,""p"":0.010010256410256409}",
     88064,      2586,         0,   0.096,pymatching,e5e5dbc2d3eb392840ed8216b9024e61a7c869f05ca90c75e765dcd7b3dee8f7,"{""config"":[""Y+"",""Y""],""d"":3,""p"":0.007871794871794872}",
    201728,       258,         0,   0.101,pymatching,b3c39a91922e1d85821518e4a54fa742c0386e70840b5cbf046ff177d1baab23,"{""config"":[""Y+"",""Y""],""d"":3,""p"":0.0014564102564102565}",
    276480,         0,         0,   0.100,pymatching,0201e142d22122fd05e8f0d2585e1d88241113628b31ed758dd648238bc30b2e,"{""config"":[""Y+"",""Y""],""d"":3,""p"":1.6681005372000593e-05}",
    221487,        17,         0,   0.091,pymatching,094244424a3bf204a531f9d7b7d1d43a6414c5b7616ede9e18dc2b8e33347317,"{""config"":[""Y+"",""Y""],""d"":3,""p"":0.00035938136638046257}",
    252928,         1,         0,   0.093,pymatching,5e84b82abe755e4ea7de0ff882c4294133952c06036bf6c4e401c0bd56fda9b4,"{""config"":[""Y+"",""Y""],""d"":3,""p"":0.0001291549665014884}",
     46080,      2280,         0,   0.064,pymatching,b1bcaff7332317c8f31ec1f7a1881179c103f3a36419feb0c99d9b6f10642a93,"{""config"":[""Y+"",""Y""],""d"":3,""p"":0.010723076923076922}",
    197935,         0,         0,   0.078,pymatching,3f31cd20fd4567764927e4c9957a7782d9cda9ee23f09b3a2ab8add293bbae62,"{""config"":[""Y+"",""Y""],""d"":3,""p"":1e-05}",
     29696,      1823,         0,   0.046,pymatching,8f0d031247e5ed80144e8fefcde4ea8d33124aa62fc4fa21a1ae6fb7507d7be4,"{""config"":[""Y+"",""Y""],""d"":3,""p"":0.012148717948717948}",
     65536,      2681,         0,   0.083,pymatching,776c9e9663fc3a799ea1a403e9f79e4ed8d10c1539d9064a684d3125df3d4bba,"{""config"":[""Y+"",""Y""],""d"":3,""p"":0.009653846153846153}",
    177152,       436,         0,   0.098,pymatching,86658313b7feb23f7f4adc3e0ebdac50eeb365e776f073fe7fa8bc515987fee4,"{""config"":[""Y+"",""Y""],""d"":3,""p"":0.002169230769230769}",
     52224,      2380,         0,   0.069,pymatching,5974c2a61c61b13ea54ec59fc21970966161bc23f931ffa5d3eef00043383744,"{""config"":[""Y+"",""Y""],""d"":3,""p"":0.010366666666666666}",
    214016,       146,         0,   0.100,pymatching,bc37b8888a1ee3671f55ca41a2132b95d1e5c25863c192cd78fb6dcf857f2299,"{""config"":[""Y+"",""Y""],""d"":3,""p"":0.0011}",
    182575,         1,         0,   0.070,pymatching,61ff5f1147e184afdf1f6e153ac4b4fe36aeee11ff1384592d8541e17c3fc3c7,"{""config"":[""Y+"",""Y""],""d"":3,""p"":4.641588833612782e-05}",
     99328,      3067,         0,   0.103,pymatching,b25bbbd3ae229e539f1c32cdebedfa8e87b0ce8cc9ef3f578a1bca53db3581a2,"{""config"":[""Y+"",""Y""],""d"":3,""p"":0.008228205128205128}",
    101376,      2457,         0,   0.103,pymatching,f2d7c34c6617bbc4386c1f3dfb70893a3e72a8ca16a31b601ae68fe1f5fd8ff1,"{""config"":[""Y+"",""Y""],""d"":3,""p"":0.007158974358974359}",
    112640,      1971,         0,   0.102,pymatching,423bba5cea99fdb492c8a4ec342b602514b19626c5df11f8498d3a303bf43efd,"{""config"":[""Y+"",""Y""],""d"":3,""p"":0.00608974358974359}",
    139264,      1304,         0,   0.102,pymatching,e2b18fe2fa96d42b2cefcc2da895dd79f495a5f3fca2dacc546eb7011049e278,"{""config"":[""Y+"",""Y""],""d"":3,""p"":0.0043076923076923075}",
    128000,      1609,         0,   0.103,pymatching,ecaea73fda730734887a55b404e6c0850d39decb2b50bf8a3e93dc1e94ed53f4,"{""config"":[""Y+"",""Y""],""d"":3,""p"":0.00502051282051282}",
    268288,         7,         0,   0.099,pymatching,f99180d69f396452867d5b81d7775bb30ccdaa80975a3cb4cc576f8104172b19,"{""config"":[""Y+"",""Y""],""d"":3,""p"":0.00021544346900318823}",
    140288,      1145,         0,   0.099,pymatching,34edb84dd4434fbd8b13a8a7a3082e9c7316ae82f63b935ebc2273f3b249c472,"{""config"":[""Y+"",""Y""],""d"":3,""p"":0.003951282051282051}",
      7168,       232,         0,   0.008,pymatching,b25bbbd3ae229e539f1c32cdebedfa8e87b0ce8cc9ef3f578a1bca53db3581a2,"{""config"":[""Y+"",""Y""],""d"":3,""p"":0.008228205128205128}",
    133120,      1525,         0,   0.102,pymatching,dca8b5cefc5e27398fce52d0ea308a74c47f8915b8be63f68ed24bca138f4c3c,"{""config"":[""Y+"",""Y""],""d"":3,""p"":0.004664102564102564}",
     89088,         0,         0,   0.141,pymatching,5dd0745ef49adc03d1763624c203142a1aeb1556c043d6478fde58622f17934b,"{""config"":[""Y+"",""Y""],""d"":5,""p"":4.641588833612782e-05}",
    130048,      1808,         0,   0.102,pymatching,32191e2455e1080c3017ee54aee296f7e4bcbb3e6659652241ad07ff3ea5aff1,"{""config"":[""Y+"",""Y""],""d"":3,""p"":0.005376923076923077}",
     91136,      3144,         0,   0.104,pymatching,c58a960a06e9e70ea8e206652a237a9359a03d74e567c6e3df3bab87d5f3afa6,"{""config"":[""Y+"",""Y""],""d"":3,""p"":0.008584615384615385}",
     46080,      1373,         0,   0.049,pymatching,e5e5dbc2d3eb392840ed8216b9024e61a7c869f05ca90c75e765dcd7b3dee8f7,"{""config"":[""Y+"",""Y""],""d"":3,""p"":0.007871794871794872}",
    107520,      2383,         0,   0.103,pymatching,6749d57f6cfb2c97a3630bb6cc2c7a2e833709154ae6dc1a92b06ff1bbabe208,"{""config"":[""Y+"",""Y""],""d"":3,""p"":0.006802564102564103}",
    105472,      2121,         0,   0.098,pymatching,65e706aee81f529d98de7277fbb7ff42556a49bca616ad960dfd3f208378a2ec,"{""config"":[""Y+"",""Y""],""d"":3,""p"":0.006446153846153846}",
      6144,       217,         0,   0.007,pymatching,c58a960a06e9e70ea8e206652a237a9359a03d74e567c6e3df3bab87d5f3afa6,"{""config"":[""Y+"",""Y""],""d"":3,""p"":0.008584615384615385}",
    249856,         1,         0,   0.095,pymatching,fc05cf3df7361575a5b4d1135663ead1ff6817052d39c2a42b8f58c1dda6ac02,"{""config"":[""Y+"",""Y""],""d"":3,""p"":2.782559402207126e-05}",
     56320,         0,         0,   0.101,pymatching,c027daabe67c5e250c8ef5ae9ea64a61d5a0e806e67b3b60e36e792022c5d9f5,"{""config"":[""Y+"",""Y""],""d"":5,""p"":0.0005994842503189409}",
     61440,         0,         0,   0.101,pymatching,f8bf66581fd00bfa97b5b99cb2db33644b5d8de76544435f1508152e99566945,"{""config"":[""Y+"",""Y""],""d"":5,""p"":0.00021544346900318823}",
     65536,         0,         0,   0.104,pymatching,7c666284d64c95144167644c2b1500400d18d3de09496dfa01ff3d370ed1d7ca,"{""config"":[""Y+"",""Y""],""d"":5,""p"":7.742636826811278e-05}",
    238592,        41,         0,   0.100,pymatching,614ea721bc83dd8ee2ec7b2e018d6175a21e648c5ebcba264cce72b9d1d59090,"{""config"":[""Y+"",""Y""],""d"":3,""p"":0.0005994842503189409}",
    127279,         0,         0,   0.046,pymatching,0201e142d22122fd05e8f0d2585e1d88241113628b31ed758dd648238bc30b2e,"{""config"":[""Y+"",""Y""],""d"":3,""p"":1.6681005372000593e-05}",
    153600,       989,         0,   0.102,pymatching,746a597460e44077861540414653cc90dd911fdef1209d739ec7a2c1864db026,"{""config"":[""Y+"",""Y""],""d"":3,""p"":0.0035948717948717946}",
     66560,         0,         0,   0.104,pymatching,6a38cbee8d4fbed323fe5fc0883fb594bf4325b0ce4571aaaa878f7b2affe8f6,"{""config"":[""Y+"",""Y""],""d"":5,""p"":2.782559402207126e-05}",
     89088,      3152,         0,   0.104,pymatching,65951785552e7958023e71cf8a8932e66d7e596ffa1c5d9a3d3f80a2592a7ac9,"{""config"":[""Y+"",""Y""],""d"":3,""p"":0.00894102564102564}",
    100352,      2629,         0,   0.103,pymatching,d02b559a5faa1985703516c2d7beaac137d0e1d9ec58060fb414c5c655a5cc5e,"{""config"":[""Y+"",""Y""],""d"":3,""p"":0.007515384615384615}",
     52224,         0,         0,   0.092,pymatching,a431c6fd4a0c2277f809c38c43dcdc4348febec18248b8b052df301d91485069,"{""config"":[""Y+"",""Y""],""d"":5,""p"":0.00035938136638046257}",
      6144,       188,         0,   0.007,pymatching,65951785552e7958023e71cf8a8932e66d7e596ffa1c5d9a3d3f80a2592a7ac9,"{""config"":[""Y+"",""Y""],""d"":3,""p"":0.00894102564102564}",
     37888,        21,         0,   0.094,pymatching,e30e755e7a0719ba6d1fc0f53b54f72ffaaa686b35dcc95660eec57ceed41e56,"{""config"":[""Y+"",""Y""],""d"":5,""p"":0.0018128205128205128}",
     48128,         2,         0,   0.095,pymatching,21c1ff698806fc7edab1cc9c018ae50ee4c947af998e057ea46bdddad77411dd,"{""config"":[""Y+"",""Y""],""d"":5,""p"":0.001}",
    166912,      2652,         0,   0.143,pymatching,22b82852cebe2d793d2919725058cb67336f6b35ffe024df46d05f953e5ff6b6,"{""config"":[""Y+"",""Y""],""d"":3,""p"":0.005733333333333333}",
     59392,         0,         0,   0.099,pymatching,dcf8d486b730d80c8516d1314b5f7e522b9684fea3b76df00f09a83e61559cd3,"{""config"":[""Y+"",""Y""],""d"":5,""p"":0.0001291549665014884}",
    146735,         1,         0,   0.053,pymatching,5e84b82abe755e4ea7de0ff882c4294133952c06036bf6c4e401c0bd56fda9b4,"{""config"":[""Y+"",""Y""],""d"":3,""p"":0.0001291549665014884}",
    192512,       321,         0,   0.098,pymatching,3f0a9e1dbc48885591d3d55a12d8668bf2c558682252d5ba43d227207ba448ab,"{""config"":[""Y+"",""Y""],""d"":3,""p"":0.0018128205128205128}",
     39936,        39,         0,   0.103,pymatching,7d722f229965de87d2d4daf10e9b29159b2435faef8a6944d5b39c4678d848f7,"{""config"":[""Y+"",""Y""],""d"":5,""p"":0.002169230769230769}",
     49152,         8,         0,   0.103,pymatching,2b0c4fb2ea4cc842ea602a2df29d7dfe9642687babb506ecad7f9e8281d2599a,"{""config"":[""Y+"",""Y""],""d"":5,""p"":0.0011}",
     63488,         0,         0,   0.103,pymatching,fc0244b2383b9cd41b211227c1e3f71dc7d31de679c046c7ef605e4443a6f18e,"{""config"":[""Y+"",""Y""],""d"":5,""p"":1e-05}",
    355328,         1,         0,   0.135,pymatching,58168bef05a465df2ae1ffe32c97b0c280a01c799294bc88de076b8c50bb5772,"{""config"":[""Y+"",""Y""],""d"":3,""p"":7.742636826811278e-05}",
    235520,      1038,         0,   0.142,pymatching,e3b20d8e33e8b5243af076fdcd38f9a1bd6a3e7539635771b7721173509e7329,"{""config"":[""Y+"",""Y""],""d"":3,""p"":0.0028820512820512817}",
     64512,         0,         0,   0.105,pymatching,dd6ff887cc965fb5d609bf081139f2e07c4d599a2bb880d2ad09ebf78e04ea3f,"{""config"":[""Y+"",""Y""],""d"":5,""p"":1.6681005372000593e-05}",
    129327,         2,         0,   0.048,pymatching,f99180d69f396452867d5b81d7775bb30ccdaa80975a3cb4cc576f8104172b19,"{""config"":[""Y+"",""Y""],""d"":3,""p"":0.00021544346900318823}",
    226304,      1215,         0,   0.142,pymatching,e653f60e4023282b12ab1c68f1cb27240ba55e79bc1e3c26f062945847afbee0,"{""config"":[""Y+"",""Y""],""d"":3,""p"":0.003238461538461538}",
     76800,      1868,         0,   0.073,pymatching,f2d7c34c6617bbc4386c1f3dfb70893a3e72a8ca16a31b601ae68fe1f5fd8ff1,"{""config"":[""Y+"",""Y""],""d"":3,""p"":0.007158974358974359}",
    306479,       184,         0,   0.135,pymatching,05284bd7fbf783ec72e1f32951239b7415bbb249ca93c25d39ec07ea3e6f3f31,"{""config"":[""Y+"",""Y""],""d"":3,""p"":0.001}",
     65536,        19,         0,   0.144,pymatching,5e7f5a5babac4f8ad707610f5b4cc4b26d807e8c8458cf225daf5167039534d1,"{""config"":[""Y+"",""Y""],""d"":5,""p"":0.0014564102564102565}",
    101679,         2,         0,   0.037,pymatching,58168bef05a465df2ae1ffe32c97b0c280a01c799294bc88de076b8c50bb5772,"{""config"":[""Y+"",""Y""],""d"":3,""p"":7.742636826811278e-05}",
    261120,       894,         0,   0.142,pymatching,c62c094ba7980f8a08ba5ddabf58b31d95224b799c8230b7ca55f74567575fd5,"{""config"":[""Y+"",""Y""],""d"":3,""p"":0.0025256410256410257}",
     76800,      1239,         0,   0.063,pymatching,22b82852cebe2d793d2919725058cb67336f6b35ffe024df46d05f953e5ff6b6,"{""config"":[""Y+"",""Y""],""d"":3,""p"":0.005733333333333333}",
     72704,      1888,         0,   0.072,pymatching,d02b559a5faa1985703516c2d7beaac137d0e1d9ec58060fb414c5c655a5cc5e,"{""config"":[""Y+"",""Y""],""d"":3,""p"":0.007515384615384615}",
    225583,         0,         0,   0.082,pymatching,fc05cf3df7361575a5b4d1135663ead1ff6817052d39c2a42b8f58c1dda6ac02,"{""config"":[""Y+"",""Y""],""d"":3,""p"":2.782559402207126e-05}",
    103424,      2231,         0,   0.094,pymatching,6749d57f6cfb2c97a3630bb6cc2c7a2e833709154ae6dc1a92b06ff1bbabe208,"{""config"":[""Y+"",""Y""],""d"":3,""p"":0.006802564102564103}",
    301056,       341,         0,   0.141,pymatching,b3c39a91922e1d85821518e4a54fa742c0386e70840b5cbf046ff177d1baab23,"{""config"":[""Y+"",""Y""],""d"":3,""p"":0.0014564102564102565}",
    271360,       706,         0,   0.141,pymatching,86658313b7feb23f7f4adc3e0ebdac50eeb365e776f073fe7fa8bc515987fee4,"{""config"":[""Y+"",""Y""],""d"":3,""p"":0.002169230769230769}",
    266543,        50,         0,   0.106,pymatching,614ea721bc83dd8ee2ec7b2e018d6175a21e648c5ebcba264cce72b9d1d59090,"{""config"":[""Y+"",""Y""],""d"":3,""p"":0.0005994842503189409}",
    317743,       206,         0,   0.140,pymatching,bc37b8888a1ee3671f55ca41a2132b95d1e5c25863c192cd78fb6dcf857f2299,"{""config"":[""Y+"",""Y""],""d"":3,""p"":0.0011}",
     43311,        45,         0,   0.020,pymatching,b3c39a91922e1d85821518e4a54fa742c0386e70840b5cbf046ff177d1baab23,"{""config"":[""Y+"",""Y""],""d"":3,""p"":0.0014564102564102565}",
    167936,      3009,         0,   0.144,pymatching,423bba5cea99fdb492c8a4ec342b602514b19626c5df11f8498d3a303bf43efd,"{""config"":[""Y+"",""Y""],""d"":3,""p"":0.00608974358974359}",
    207872,      1900,         0,   0.143,pymatching,e2b18fe2fa96d42b2cefcc2da895dd79f495a5f3fca2dacc546eb7011049e278,"{""config"":[""Y+"",""Y""],""d"":3,""p"":0.0043076923076923075}",
    189440,      2397,         0,   0.143,pymatching,ecaea73fda730734887a55b404e6c0850d39decb2b50bf8a3e93dc1e94ed53f4,"{""config"":[""Y+"",""Y""],""d"":3,""p"":0.00502051282051282}",
    215040,      1735,         0,   0.143,pymatching,34edb84dd4434fbd8b13a8a7a3082e9c7316ae82f63b935ebc2273f3b249c472,"{""config"":[""Y+"",""Y""],""d"":3,""p"":0.003951282051282051}",
    197632,      2149,         0,   0.143,pymatching,dca8b5cefc5e27398fce52d0ea308a74c47f8915b8be63f68ed24bca138f4c3c,"{""config"":[""Y+"",""Y""],""d"":3,""p"":0.004664102564102564}",
    184320,      2649,         0,   0.143,pymatching,32191e2455e1080c3017ee54aee296f7e4bcbb3e6659652241ad07ff3ea5aff1,"{""config"":[""Y+"",""Y""],""d"":3,""p"":0.005376923076923077}",
    157696,      3235,         0,   0.140,pymatching,65e706aee81f529d98de7277fbb7ff42556a49bca616ad960dfd3f208378a2ec,"{""config"":[""Y+"",""Y""],""d"":3,""p"":0.006446153846153846}",
    134447,       456,         0,   0.073,pymatching,c62c094ba7980f8a08ba5ddabf58b31d95224b799c8230b7ca55f74567575fd5,"{""config"":[""Y+"",""Y""],""d"":3,""p"":0.0025256410256410257}",
     89088,         0,         0,   0.146,pymatching,f8bf66581fd00bfa97b5b99cb2db33644b5d8de76544435f1508152e99566945,"{""config"":[""Y+"",""Y""],""d"":5,""p"":0.00021544346900318823}",
     81920,         0,         0,   0.147,pymatching,c027daabe67c5e250c8ef5ae9ea64a61d5a0e806e67b3b60e36e792022c5d9f5,"{""config"":[""Y+"",""Y""],""d"":5,""p"":0.0005994842503189409}",
     93184,         0,         0,   0.147,pymatching,7c666284d64c95144167644c2b1500400d18d3de09496dfa01ff3d370ed1d7ca,"{""config"":[""Y+"",""Y""],""d"":5,""p"":7.742636826811278e-05}",
    223232,      1460,         0,   0.143,pymatching,746a597460e44077861540414653cc90dd911fdef1209d739ec7a2c1864db026,"{""config"":[""Y+"",""Y""],""d"":3,""p"":0.0035948717948717946}",
     94208,         0,         0,   0.146,pymatching,6a38cbee8d4fbed323fe5fc0883fb594bf4325b0ce4571aaaa878f7b2affe8f6,"{""config"":[""Y+"",""Y""],""d"":5,""p"":2.782559402207126e-05}",
     32768,       587,         0,   0.028,pymatching,423bba5cea99fdb492c8a4ec342b602514b19626c5df11f8498d3a303bf43efd,"{""config"":[""Y+"",""Y""],""d"":3,""p"":0.00608974358974359}",
     86016,         0,         0,   0.146,pymatching,a431c6fd4a0c2277f809c38c43dcdc4348febec18248b8b052df301d91485069,"{""config"":[""Y+"",""Y""],""d"":5,""p"":0.00035938136638046257}",
     73728,         5,         0,   0.147,pymatching,21c1ff698806fc7edab1cc9c018ae50ee4c947af998e057ea46bdddad77411dd,"{""config"":[""Y+"",""Y""],""d"":5,""p"":0.001}",
     60416,        40,         0,   0.148,pymatching,e30e755e7a0719ba6d1fc0f53b54f72ffaaa686b35dcc95660eec57ceed41e56,"{""config"":[""Y+"",""Y""],""d"":5,""p"":0.0018128205128205128}",
     91136,         0,         0,   0.147,pymatching,dcf8d486b730d80c8516d1314b5f7e522b9684fea3b76df00f09a83e61559cd3,"{""config"":[""Y+"",""Y""],""d"":5,""p"":0.0001291549665014884}",
    289792,       517,         0,   0.141,pymatching,3f0a9e1dbc48885591d3d55a12d8668bf2c558682252d5ba43d227207ba448ab,"{""config"":[""Y+"",""Y""],""d"":3,""p"":0.0018128205128205128}",
     57344,        50,         0,   0.146,pymatching,7d722f229965de87d2d4daf10e9b29159b2435faef8a6944d5b39c4678d848f7,"{""config"":[""Y+"",""Y""],""d"":5,""p"":0.002169230769230769}",
     72704,         5,         0,   0.147,pymatching,2b0c4fb2ea4cc842ea602a2df29d7dfe9642687babb506ecad7f9e8281d2599a,"{""config"":[""Y+"",""Y""],""d"":5,""p"":0.0011}",
     93184,         0,         0,   0.146,pymatching,fc0244b2383b9cd41b211227c1e3f71dc7d31de679c046c7ef605e4443a6f18e,"{""config"":[""Y+"",""Y""],""d"":5,""p"":1e-05}",
    249135,      1064,         0,   0.144,pymatching,e3b20d8e33e8b5243af076fdcd38f9a1bd6a3e7539635771b7721173509e7329,"{""config"":[""Y+"",""Y""],""d"":3,""p"":0.0028820512820512817}",
     93184,         0,         0,   0.147,pymatching,dd6ff887cc965fb5d609bf081139f2e07c4d599a2bb880d2ad09ebf78e04ea3f,"{""config"":[""Y+"",""Y""],""d"":5,""p"":1.6681005372000593e-05}",
    129024,         0,         0,   0.204,pymatching,5dd0745ef49adc03d1763624c203142a1aeb1556c043d6478fde58622f17934b,"{""config"":[""Y+"",""Y""],""d"":5,""p"":4.641588833612782e-05}",
    267567,      1419,         0,   0.161,pymatching,e653f60e4023282b12ab1c68f1cb27240ba55e79bc1e3c26f062945847afbee0,"{""config"":[""Y+"",""Y""],""d"":3,""p"":0.003238461538461538}",
    167215,       433,         0,   0.088,pymatching,86658313b7feb23f7f4adc3e0ebdac50eeb365e776f073fe7fa8bc515987fee4,"{""config"":[""Y+"",""Y""],""d"":3,""p"":0.002169230769230769}",
     99631,       198,         0,   0.048,pymatching,3f0a9e1dbc48885591d3d55a12d8668bf2c558682252d5ba43d227207ba448ab,"{""config"":[""Y+"",""Y""],""d"":3,""p"":0.0018128205128205128}",
    100352,      1440,         0,   0.078,pymatching,32191e2455e1080c3017ee54aee296f7e4bcbb3e6659652241ad07ff3ea5aff1,"{""config"":[""Y+"",""Y""],""d"":3,""p"":0.005376923076923077}",
     93184,        32,         0,   0.205,pymatching,5e7f5a5babac4f8ad707610f5b4cc4b26d807e8c8458cf225daf5167039534d1,"{""config"":[""Y+"",""Y""],""d"":5,""p"":0.0014564102564102565}",
      1297,         1,         0,   0.010,pymatching,10f522386e5401ce6a5865e1ae4a4bbef4eb1bf3daffbc11d9ada0dc0bad96c2,"{""config"":[""Y+"",""Y""],""d"":5,""p"":0.0025256410256410257}",
    195584,      2507,         0,   0.147,pymatching,ecaea73fda730734887a55b404e6c0850d39decb2b50bf8a3e93dc1e94ed53f4,"{""config"":[""Y+"",""Y""],""d"":3,""p"":0.00502051282051282}",
      3072,         5,         0,   0.018,pymatching,10f522386e5401ce6a5865e1ae4a4bbef4eb1bf3daffbc11d9ada0dc0bad96c2,"{""config"":[""Y+"",""Y""],""d"":5,""p"":0.0025256410256410257}",
      1297,         2,         0,   0.011,pymatching,d0f00be01be4cf465b3edd773909d2115ae29a61da6eed6079d3b2258616393e,"{""config"":[""Y+"",""Y""],""d"":5,""p"":0.0028820512820512817}",
      1297,         2,         0,   0.011,pymatching,f2a68c7e7caa1dbcd527c13e207c28d6b9f88214222056c0daa9bf175bbd294f,"{""config"":[""Y+"",""Y""],""d"":5,""p"":0.003238461538461538}",
      3072,         6,         0,   0.015,pymatching,d0f00be01be4cf465b3edd773909d2115ae29a61da6eed6079d3b2258616393e,"{""config"":[""Y+"",""Y""],""d"":5,""p"":0.0028820512820512817}",
      7168,         4,         0,   0.022,pymatching,10f522386e5401ce6a5865e1ae4a4bbef4eb1bf3daffbc11d9ada0dc0bad96c2,"{""config"":[""Y+"",""Y""],""d"":5,""p"":0.0025256410256410257}",
      1297,         8,         0,   0.014,pymatching,416ae957e4ead28fc5c3fa675fb1fa14810150ea56974c4179e9bf8e0ad9c5c2,"{""config"":[""Y+"",""Y""],""d"":5,""p"":0.0035948717948717946}",
      3072,         6,         0,   0.019,pymatching,f2a68c7e7caa1dbcd527c13e207c28d6b9f88214222056c0daa9bf175bbd294f,"{""config"":[""Y+"",""Y""],""d"":5,""p"":0.003238461538461538}",
    291840,      2686,         0,   0.200,pymatching,e2b18fe2fa96d42b2cefcc2da895dd79f495a5f3fca2dacc546eb7011049e278,"{""config"":[""Y+"",""Y""],""d"":3,""p"":0.0043076923076923075}",
      6144,        16,         0,   0.021,pymatching,d0f00be01be4cf465b3edd773909d2115ae29a61da6eed6079d3b2258616393e,"{""config"":[""Y+"",""Y""],""d"":5,""p"":0.0028820512820512817}",
    303104,      2436,         0,   0.200,pymatching,34edb84dd4434fbd8b13a8a7a3082e9c7316ae82f63b935ebc2273f3b249c472,"{""config"":[""Y+"",""Y""],""d"":3,""p"":0.003951282051282051}",
      2048,         7,         0,   0.014,pymatching,416ae957e4ead28fc5c3fa675fb1fa14810150ea56974c4179e9bf8e0ad9c5c2,"{""config"":[""Y+"",""Y""],""d"":5,""p"":0.0035948717948717946}",
     10240,        19,         0,   0.029,pymatching,10f522386e5401ce6a5865e1ae4a4bbef4eb1bf3daffbc11d9ada0dc0bad96c2,"{""config"":[""Y+"",""Y""],""d"":5,""p"":0.0025256410256410257}",
    276480,      3081,         0,   0.200,pymatching,dca8b5cefc5e27398fce52d0ea308a74c47f8915b8be63f68ed24bca138f4c3c,"{""config"":[""Y+"",""Y""],""d"":3,""p"":0.004664102564102564}",
     15663,       143,         0,   0.011,pymatching,34edb84dd4434fbd8b13a8a7a3082e9c7316ae82f63b935ebc2273f3b249c472,"{""config"":[""Y+"",""Y""],""d"":3,""p"":0.003951282051282051}",
    302383,      2101,         0,   0.191,pymatching,746a597460e44077861540414653cc90dd911fdef1209d739ec7a2c1864db026,"{""config"":[""Y+"",""Y""],""d"":3,""p"":0.0035948717948717946}",
      6144,        14,         0,   0.019,pymatching,f2a68c7e7caa1dbcd527c13e207c28d6b9f88214222056c0daa9bf175bbd294f,"{""config"":[""Y+"",""Y""],""d"":5,""p"":0.003238461538461538}",
     11264,       136,         0,   0.008,pymatching,dca8b5cefc5e27398fce52d0ea308a74c47f8915b8be63f68ed24bca138f4c3c,"{""config"":[""Y+"",""Y""],""d"":3,""p"":0.004664102564102564}",
    123904,         0,         0,   0.203,pymatching,f8bf66581fd00bfa97b5b99cb2db33644b5d8de76544435f1508152e99566945,"{""config"":[""Y+"",""Y""],""d"":5,""p"":0.00021544346900318823}",
      1297,         8,         0,   0.012,pymatching,9581cf577c94fd3d92524757513bc8aea03230286c8c1988dd819d15427f1f62,"{""config"":[""Y+"",""Y""],""d"":5,""p"":0.003951282051282051}",
    113664,         1,         0,   0.205,pymatching,c027daabe67c5e250c8ef5ae9ea64a61d5a0e806e67b3b60e36e792022c5d9f5,"{""config"":[""Y+"",""Y""],""d"":5,""p"":0.0005994842503189409}",
      1297,         9,         0,   0.011,pymatching,895f35546a52b568e46374f1d341a2badddf9bb9ff60f52b898b573fb39acc83,"{""config"":[""Y+"",""Y""],""d"":5,""p"":0.0043076923076923075}",
    129024,         0,         0,   0.204,pymatching,7c666284d64c95144167644c2b1500400d18d3de09496dfa01ff3d370ed1d7ca,"{""config"":[""Y+"",""Y""],""d"":5,""p"":7.742636826811278e-05}",
      2321,        13,         0,   0.010,pymatching,518da64528007b967ad3978374c3581953e1802654a73a1069fd7b23150eec53,"{""config"":[""Y+"",""Y""],""d"":5,""p"":0.004664102564102564}",
    129024,         0,         0,   0.203,pymatching,6a38cbee8d4fbed323fe5fc0883fb594bf4325b0ce4571aaaa878f7b2affe8f6,"{""config"":[""Y+"",""Y""],""d"":5,""p"":2.782559402207126e-05}",
      6144,        25,         0,   0.021,pymatching,416ae957e4ead28fc5c3fa675fb1fa14810150ea56974c4179e9bf8e0ad9c5c2,"{""config"":[""Y+"",""Y""],""d"":5,""p"":0.0035948717948717946}",
      8192,        15,         0,   0.027,pymatching,d0f00be01be4cf465b3edd773909d2115ae29a61da6eed6079d3b2258616393e,"{""config"":[""Y+"",""Y""],""d"":5,""p"":0.0028820512820512817}",
      1297,        21,         0,   0.015,pymatching,2dc7be9fda138f8bc49605ace479e0f83ef64593f02f437fd6605e765794cb1f,"{""config"":[""Y+"",""Y""],""d"":5,""p"":0.005733333333333333}",
    120832,         2,         0,   0.205,pymatching,a431c6fd4a0c2277f809c38c43dcdc4348febec18248b8b052df301d91485069,"{""config"":[""Y+"",""Y""],""d"":5,""p"":0.00035938136638046257}",
      1297,        32,         0,   0.016,pymatching,2e114e34e9047f37305ffeabf7a391e9e94302a1b882029be1728590241753c5,"{""config"":[""Y+"",""Y""],""d"":5,""p"":0.00608974358974359}",
      1297,        23,         0,   0.015,pymatching,fee0796c5a42d138738f9c1fb5793d4c8d53e8541fd66dd86c4bf8e6bbf752bc,"{""config"":[""Y+"",""Y""],""d"":5,""p"":0.005376923076923077}",
     49455,       473,         0,   0.034,pymatching,e2b18fe2fa96d42b2cefcc2da895dd79f495a5f3fca2dacc546eb7011049e278,"{""config"":[""Y+"",""Y""],""d"":3,""p"":0.0043076923076923075}",
      2048,         9,         0,   0.014,pymatching,9581cf577c94fd3d92524757513bc8aea03230286c8c1988dd819d15427f1f62,"{""config"":[""Y+"",""Y""],""d"":5,""p"":0.003951282051282051}",
    104448,        17,         0,   0.206,pymatching,21c1ff698806fc7edab1cc9c018ae50ee4c947af998e057ea46bdddad77411dd,"{""config"":[""Y+"",""Y""],""d"":5,""p"":0.001}",
      1297,        12,         0,   0.014,pymatching,b78d51e4f39cc3935f7278ccdeef8f922559597ffbd4f8e0507abeacc3a2c063,"{""config"":[""Y+"",""Y""],""d"":5,""p"":0.00502051282051282}",
     86016,        45,         0,   0.206,pymatching,e30e755e7a0719ba6d1fc0f53b54f72ffaaa686b35dcc95660eec57ceed41e56,"{""config"":[""Y+"",""Y""],""d"":5,""p"":0.0018128205128205128}",
      1297,        29,         0,   0.016,pymatching,55f8132449de2eb149ce51c48afbecf6eed8a22046d8c5e95991cde162fd4ea9,"{""config"":[""Y+"",""Y""],""d"":5,""p"":0.006446153846153846}",
      1297,        33,         0,   0.017,pymatching,277ea2ac4a1a93fbda751637012d94b50a32886d0a3cf967e6960cad73efbcd3,"{""config"":[""Y+"",""Y""],""d"":5,""p"":0.006802564102564103}",
    126976,         0,         0,   0.204,pymatching,dcf8d486b730d80c8516d1314b5f7e522b9684fea3b76df00f09a83e61559cd3,"{""config"":[""Y+"",""Y""],""d"":5,""p"":0.0001291549665014884}",
      3072,        26,         0,   0.017,pymatching,895f35546a52b568e46374f1d341a2badddf9bb9ff60f52b898b573fb39acc83,"{""config"":[""Y+"",""Y""],""d"":5,""p"":0.0043076923076923075}",
      4096,        35,         0,   0.017,pymatching,518da64528007b967ad3978374c3581953e1802654a73a1069fd7b23150eec53,"{""config"":[""Y+"",""Y""],""d"":5,""p"":0.004664102564102564}",
    130048,         0,         0,   0.204,pymatching,fc0244b2383b9cd41b211227c1e3f71dc7d31de679c046c7ef605e4443a6f18e,"{""config"":[""Y+"",""Y""],""d"":5,""p"":1e-05}",
    101376,        12,         0,   0.204,pymatching,2b0c4fb2ea4cc842ea602a2df29d7dfe9642687babb506ecad7f9e8281d2599a,"{""config"":[""Y+"",""Y""],""d"":5,""p"":0.0011}",
     80896,        66,         0,   0.207,pymatching,7d722f229965de87d2d4daf10e9b29159b2435faef8a6944d5b39c4678d848f7,"{""config"":[""Y+"",""Y""],""d"":5,""p"":0.002169230769230769}",
      1297,        30,         0,   0.017,pymatching,04af591bfd4026d147069fa6690b45186668d32a5374a72746a306adc38dea2d,"{""config"":[""Y+"",""Y""],""d"":5,""p"":0.007158974358974359}",
      1297,        48,         0,   0.019,pymatching,37eac3d63624d183ca24f183e04ef642886d397414d08ee835b1c08ee7dae049,"{""config"":[""Y+"",""Y""],""d"":5,""p"":0.007515384615384615}",
      9216,        28,         0,   0.030,pymatching,f2a68c7e7caa1dbcd527c13e207c28d6b9f88214222056c0daa9bf175bbd294f,"{""config"":[""Y+"",""Y""],""d"":5,""p"":0.003238461538461538}",
      2048,        37,         0,   0.016,pymatching,2e114e34e9047f37305ffeabf7a391e9e94302a1b882029be1728590241753c5,"{""config"":[""Y+"",""Y""],""d"":5,""p"":0.00608974358974359}",
      2048,        32,         0,   0.015,pymatching,fee0796c5a42d138738f9c1fb5793d4c8d53e8541fd66dd86c4bf8e6bbf752bc,"{""config"":[""Y+"",""Y""],""d"":5,""p"":0.005376923076923077}",
      2048,        35,         0,   0.017,pymatching,2dc7be9fda138f8bc49605ace479e0f83ef64593f02f437fd6605e765794cb1f,"{""config"":[""Y+"",""Y""],""d"":5,""p"":0.005733333333333333}",
     14336,        19,         0,   0.039,pymatching,10f522386e5401ce6a5865e1ae4a4bbef4eb1bf3daffbc11d9ada0dc0bad96c2,"{""config"":[""Y+"",""Y""],""d"":5,""p"":0.0025256410256410257}",
    130048,         0,         0,   0.204,pymatching,dd6ff887cc965fb5d609bf081139f2e07c4d599a2bb880d2ad09ebf78e04ea3f,"{""config"":[""Y+"",""Y""],""d"":5,""p"":1.6681005372000593e-05}",
      2048,        26,         0,   0.017,pymatching,b78d51e4f39cc3935f7278ccdeef8f922559597ffbd4f8e0507abeacc3a2c063,"{""config"":[""Y+"",""Y""],""d"":5,""p"":0.00502051282051282}",
      2048,        37,         0,   0.017,pymatching,55f8132449de2eb149ce51c48afbecf6eed8a22046d8c5e95991cde162fd4ea9,"{""config"":[""Y+"",""Y""],""d"":5,""p"":0.006446153846153846}",
      8192,        25,         0,   0.028,pymatching,416ae957e4ead28fc5c3fa675fb1fa14810150ea56974c4179e9bf8e0ad9c5c2,"{""config"":[""Y+"",""Y""],""d"":5,""p"":0.0035948717948717946}",
      5120,        31,         0,   0.020,pymatching,9581cf577c94fd3d92524757513bc8aea03230286c8c1988dd819d15427f1f62,"{""config"":[""Y+"",""Y""],""d"":5,""p"":0.003951282051282051}",
      2048,        63,         0,   0.016,pymatching,277ea2ac4a1a93fbda751637012d94b50a32886d0a3cf967e6960cad73efbcd3,"{""config"":[""Y+"",""Y""],""d"":5,""p"":0.006802564102564103}",
      1297,        61,         0,   0.021,pymatching,39ffa6c7a738853e61da0a9ef276cbbd7b304b4bac770844889e9607d62bf55d,"{""config"":[""Y+"",""Y""],""d"":5,""p"":0.008228205128205128}",
      5120,        36,         0,   0.020,pymatching,895f35546a52b568e46374f1d341a2badddf9bb9ff60f52b898b573fb39acc83,"{""config"":[""Y+"",""Y""],""d"":5,""p"":0.0043076923076923075}",
      1297,        55,         0,   0.020,pymatching,68d3b6d497833e47044c4059452326f0dcce649ba2f47180fc18871bbc9f16f6,"{""config"":[""Y+"",""Y""],""d"":5,""p"":0.007871794871794872}",
      2048,        58,         0,   0.016,pymatching,04af591bfd4026d147069fa6690b45186668d32a5374a72746a306adc38dea2d,"{""config"":[""Y+"",""Y""],""d"":5,""p"":0.007158974358974359}",
      5120,        42,         0,   0.021,pymatching,518da64528007b967ad3978374c3581953e1802654a73a1069fd7b23150eec53,"{""config"":[""Y+"",""Y""],""d"":5,""p"":0.004664102564102564}",
      2048,        69,         0,   0.019,pymatching,37eac3d63624d183ca24f183e04ef642886d397414d08ee835b1c08ee7dae049,"{""config"":[""Y+"",""Y""],""d"":5,""p"":0.007515384615384615}",
      4096,        65,         0,   0.019,pymatching,fee0796c5a42d138738f9c1fb5793d4c8d53e8541fd66dd86c4bf8e6bbf752bc,"{""config"":[""Y+"",""Y""],""d"":5,""p"":0.005376923076923077}",
      4096,        56,         0,   0.019,pymatching,2dc7be9fda138f8bc49605ace479e0f83ef64593f02f437fd6605e765794cb1f,"{""config"":[""Y+"",""Y""],""d"":5,""p"":0.005733333333333333}",
      4096,        79,         0,   0.021,pymatching,2e114e34e9047f37305ffeabf7a391e9e94302a1b882029be1728590241753c5,"{""config"":[""Y+"",""Y""],""d"":5,""p"":0.00608974358974359}",
     12288,        26,         0,   0.040,pymatching,d0f00be01be4cf465b3edd773909d2115ae29a61da6eed6079d3b2258616393e,"{""config"":[""Y+"",""Y""],""d"":5,""p"":0.0028820512820512817}",
      4096,       100,         0,   0.022,pymatching,55f8132449de2eb149ce51c48afbecf6eed8a22046d8c5e95991cde162fd4ea9,"{""config"":[""Y+"",""Y""],""d"":5,""p"":0.006446153846153846}",
      5120,        57,         0,   0.023,pymatching,b78d51e4f39cc3935f7278ccdeef8f922559597ffbd4f8e0507abeacc3a2c063,"{""config"":[""Y+"",""Y""],""d"":5,""p"":0.00502051282051282}",
      2048,        86,         0,   0.021,pymatching,39ffa6c7a738853e61da0a9ef276cbbd7b304b4bac770844889e9607d62bf55d,"{""config"":[""Y+"",""Y""],""d"":5,""p"":0.008228205128205128}",
      4096,       107,         0,   0.023,pymatching,277ea2ac4a1a93fbda751637012d94b50a32886d0a3cf967e6960cad73efbcd3,"{""config"":[""Y+"",""Y""],""d"":5,""p"":0.006802564102564103}",
      2048,        81,         0,   0.018,pymatching,68d3b6d497833e47044c4059452326f0dcce649ba2f47180fc18871bbc9f16f6,"{""config"":[""Y+"",""Y""],""d"":5,""p"":0.007871794871794872}",
      8192,        36,         0,   0.030,pymatching,9581cf577c94fd3d92524757513bc8aea03230286c8c1988dd819d15427f1f62,"{""config"":[""Y+"",""Y""],""d"":5,""p"":0.003951282051282051}",
      4096,       123,         0,   0.024,pymatching,04af591bfd4026d147069fa6690b45186668d32a5374a72746a306adc38dea2d,"{""config"":[""Y+"",""Y""],""d"":5,""p"":0.007158974358974359}",
     12288,        48,         0,   0.039,pymatching,f2a68c7e7caa1dbcd527c13e207c28d6b9f88214222056c0daa9bf175bbd294f,"{""config"":[""Y+"",""Y""],""d"":5,""p"":0.003238461538461538}",
      7168,        46,         0,   0.027,pymatching,895f35546a52b568e46374f1d341a2badddf9bb9ff60f52b898b573fb39acc83,"{""config"":[""Y+"",""Y""],""d"":5,""p"":0.0043076923076923075}",
      4096,       152,         0,   0.025,pymatching,37eac3d63624d183ca24f183e04ef642886d397414d08ee835b1c08ee7dae049,"{""config"":[""Y+"",""Y""],""d"":5,""p"":0.007515384615384615}",
      7168,        57,         0,   0.029,pymatching,518da64528007b967ad3978374c3581953e1802654a73a1069fd7b23150eec53,"{""config"":[""Y+"",""Y""],""d"":5,""p"":0.004664102564102564}",
     11264,        50,         0,   0.039,pymatching,416ae957e4ead28fc5c3fa675fb1fa14810150ea56974c4179e9bf8e0ad9c5c2,"{""config"":[""Y+"",""Y""],""d"":5,""p"":0.0035948717948717946}",
      1297,        62,         0,   0.021,pymatching,c02ebbf1fd65fa9c3ae2c2a12c52366afbf82bca0f3a1e453a2b1547ccc2f6ce,"{""config"":[""Y+"",""Y""],""d"":5,""p"":0.008584615384615385}",
      6144,        76,         0,   0.028,pymatching,fee0796c5a42d138738f9c1fb5793d4c8d53e8541fd66dd86c4bf8e6bbf752bc,"{""config"":[""Y+"",""Y""],""d"":5,""p"":0.005376923076923077}",
      6144,        85,         0,   0.030,pymatching,2dc7be9fda138f8bc49605ace479e0f83ef64593f02f437fd6605e765794cb1f,"{""config"":[""Y+"",""Y""],""d"":5,""p"":0.005733333333333333}",
      3072,       136,         0,   0.021,pymatching,39ffa6c7a738853e61da0a9ef276cbbd7b304b4bac770844889e9607d62bf55d,"{""config"":[""Y+"",""Y""],""d"":5,""p"":0.008228205128205128}",
      3072,       123,         0,   0.020,pymatching,68d3b6d497833e47044c4059452326f0dcce649ba2f47180fc18871bbc9f16f6,"{""config"":[""Y+"",""Y""],""d"":5,""p"":0.007871794871794872}",
      1297,        64,         0,   0.021,pymatching,4cb24fa9ab8f0b7112d7f21679f77b54975282aca7f7b3cb823c5fe56300ea6c,"{""config"":[""Y+"",""Y""],""d"":5,""p"":0.009297435897435898}",
      6144,       106,         0,   0.032,pymatching,2e114e34e9047f37305ffeabf7a391e9e94302a1b882029be1728590241753c5,"{""config"":[""Y+"",""Y""],""d"":5,""p"":0.00608974358974359}",
      1297,        53,         0,   0.022,pymatching,c158f65688299f75c2a23a65a865def7419d91a7b818b2c66e2d16dda90eef87,"{""config"":[""Y+"",""Y""],""d"":5,""p"":0.00894102564102564}",
      5120,        85,         0,   0.028,pymatching,55f8132449de2eb149ce51c48afbecf6eed8a22046d8c5e95991cde162fd4ea9,"{""config"":[""Y+"",""Y""],""d"":5,""p"":0.006446153846153846}",
     19456,        21,         0,   0.056,pymatching,10f522386e5401ce6a5865e1ae4a4bbef4eb1bf3daffbc11d9ada0dc0bad96c2,"{""config"":[""Y+"",""Y""],""d"":5,""p"":0.0025256410256410257}",
      7168,        75,         0,   0.031,pymatching,b78d51e4f39cc3935f7278ccdeef8f922559597ffbd4f8e0507abeacc3a2c063,"{""config"":[""Y+"",""Y""],""d"":5,""p"":0.00502051282051282}",
      5120,       130,         0,   0.029,pymatching,277ea2ac4a1a93fbda751637012d94b50a32886d0a3cf967e6960cad73efbcd3,"{""config"":[""Y+"",""Y""],""d"":5,""p"":0.006802564102564103}",
      1297,        95,         0,   0.026,pymatching,519dd45f646daaf287cb56b7807beae56e6a02df17f815cc31b4cc72e96316f4,"{""config"":[""Y+"",""Y""],""d"":5,""p"":0.010366666666666666}",
      1297,        66,         0,   0.024,pymatching,593850c559acfa69a73e8599435c38036e326c0e068924eab2780cdb4ee4af44,"{""config"":[""Y+"",""Y""],""d"":5,""p"":0.009653846153846153}",
      1297,        88,         0,   0.024,pymatching,ae388a1a7b56bd08927eb6748e75367cc11c52650ca1a45b4d94765fe8fa3dcf,"{""config"":[""Y+"",""Y""],""d"":5,""p"":0.010010256410256409}",
      2048,        93,         0,   0.020,pymatching,c02ebbf1fd65fa9c3ae2c2a12c52366afbf82bca0f3a1e453a2b1547ccc2f6ce,"{""config"":[""Y+"",""Y""],""d"":5,""p"":0.008584615384615385}",
      5120,       157,         0,   0.030,pymatching,04af591bfd4026d147069fa6690b45186668d32a5374a72746a306adc38dea2d,"{""config"":[""Y+"",""Y""],""d"":5,""p"":0.007158974358974359}",
      2048,       110,         0,   0.019,pymatching,4cb24fa9ab8f0b7112d7f21679f77b54975282aca7f7b3cb823c5fe56300ea6c,"{""config"":[""Y+"",""Y""],""d"":5,""p"":0.009297435897435898}",
      2048,       102,         0,   0.018,pymatching,c158f65688299f75c2a23a65a865def7419d91a7b818b2c66e2d16dda90eef87,"{""config"":[""Y+"",""Y""],""d"":5,""p"":0.00894102564102564}",
      5120,       153,         0,   0.032,pymatching,37eac3d63624d183ca24f183e04ef642886d397414d08ee835b1c08ee7dae049,"{""config"":[""Y+"",""Y""],""d"":5,""p"":0.007515384615384615}",
      1297,       119,         0,   0.026,pymatching,fbbb21431ffdb6066af66c9c44765b6ac5b2e2f4ad2bde10f07047d02dfd2e1e,"{""config"":[""Y+"",""Y""],""d"":5,""p"":0.010723076923076922}",
     16384,        33,         0,   0.056,pymatching,d0f00be01be4cf465b3edd773909d2115ae29a61da6eed6079d3b2258616393e,"{""config"":[""Y+"",""Y""],""d"":5,""p"":0.0028820512820512817}",
     11264,        52,         0,   0.041,pymatching,9581cf577c94fd3d92524757513bc8aea03230286c8c1988dd819d15427f1f62,"{""config"":[""Y+"",""Y""],""d"":5,""p"":0.003951282051282051}",
     10240,        53,         0,   0.039,pymatching,895f35546a52b568e46374f1d341a2badddf9bb9ff60f52b898b573fb39acc83,"{""config"":[""Y+"",""Y""],""d"":5,""p"":0.0043076923076923075}",
      2048,       157,         0,   0.019,pymatching,519dd45f646daaf287cb56b7807beae56e6a02df17f815cc31b4cc72e96316f4,"{""config"":[""Y+"",""Y""],""d"":5,""p"":0.010366666666666666}",
      2048,       118,         0,   0.019,pymatching,593850c559acfa69a73e8599435c38036e326c0e068924eab2780cdb4ee4af44,"{""config"":[""Y+"",""Y""],""d"":5,""p"":0.009653846153846153}",
      1297,       125,         0,   0.026,pymatching,54bb703cea76a15bdf61d2cf2204d58e7d06d8aed6e2320203e3854ac25ed8c2,"{""config"":[""Y+"",""Y""],""d"":5,""p"":0.011435897435897435}",
      1297,       130,         0,   0.027,pymatching,11b97e06af0ed11396eb4aa725e63df52551e952878613e9006df7932181a6b5,"{""config"":[""Y+"",""Y""],""d"":5,""p"":0.01107948717948718}",
      5120,       211,         0,   0.034,pymatching,39ffa6c7a738853e61da0a9ef276cbbd7b304b4bac770844889e9607d62bf55d,"{""config"":[""Y+"",""Y""],""d"":5,""p"":0.008228205128205128}",
      5120,       183,         0,   0.033,pymatching,68d3b6d497833e47044c4059452326f0dcce649ba2f47180fc18871bbc9f16f6,"{""config"":[""Y+"",""Y""],""d"":5,""p"":0.007871794871794872}",
     10240,        78,         0,   0.042,pymatching,518da64528007b967ad3978374c3581953e1802654a73a1069fd7b23150eec53,"{""config"":[""Y+"",""Y""],""d"":5,""p"":0.004664102564102564}",
      2048,       161,         0,   0.020,pymatching,ae388a1a7b56bd08927eb6748e75367cc11c52650ca1a45b4d94765fe8fa3dcf,"{""config"":[""Y+"",""Y""],""d"":5,""p"":0.010010256410256409}",
      1297,       133,         0,   0.028,pymatching,78fcdcb560dd8997220b9c26c8f600c2065ba8567ecd5dfd66b9c04843659c04,"{""config"":[""Y+"",""Y""],""d"":5,""p"":0.011792307692307692}",
      3072,       151,         0,   0.021,pymatching,c02ebbf1fd65fa9c3ae2c2a12c52366afbf82bca0f3a1e453a2b1547ccc2f6ce,"{""config"":[""Y+"",""Y""],""d"":5,""p"":0.008584615384615385}",
      1297,       191,         0,   0.016,pymatching,f9e5b59df5fefb5c5288960e57264f08eaaec4bbac87997ff5f65ef0bc79d37f,"{""config"":[""Y+"",""Y""],""d"":5,""p"":0.013574358974358974}",
      8192,       138,         0,   0.040,pymatching,2dc7be9fda138f8bc49605ace479e0f83ef64593f02f437fd6605e765794cb1f,"{""config"":[""Y+"",""Y""],""d"":5,""p"":0.005733333333333333}",
      9216,       111,         0,   0.042,pymatching,fee0796c5a42d138738f9c1fb5793d4c8d53e8541fd66dd86c4bf8e6bbf752bc,"{""config"":[""Y+"",""Y""],""d"":5,""p"":0.005376923076923077}",
      7168,       142,         0,   0.038,pymatching,55f8132449de2eb149ce51c48afbecf6eed8a22046d8c5e95991cde162fd4ea9,"{""config"":[""Y+"",""Y""],""d"":5,""p"":0.006446153846153846}",
      3072,       155,         0,   0.022,pymatching,c158f65688299f75c2a23a65a865def7419d91a7b818b2c66e2d16dda90eef87,"{""config"":[""Y+"",""Y""],""d"":5,""p"":0.00894102564102564}",
     17408,        51,         0,   0.056,pymatching,f2a68c7e7caa1dbcd527c13e207c28d6b9f88214222056c0daa9bf175bbd294f,"{""config"":[""Y+"",""Y""],""d"":5,""p"":0.003238461538461538}",
      3072,       164,         0,   0.024,pymatching,4cb24fa9ab8f0b7112d7f21679f77b54975282aca7f7b3cb823c5fe56300ea6c,"{""config"":[""Y+"",""Y""],""d"":5,""p"":0.009297435897435898}",
      8192,       142,         0,   0.043,pymatching,2e114e34e9047f37305ffeabf7a391e9e94302a1b882029be1728590241753c5,"{""config"":[""Y+"",""Y""],""d"":5,""p"":0.00608974358974359}",
      2048,       178,         0,   0.020,pymatching,fbbb21431ffdb6066af66c9c44765b6ac5b2e2f4ad2bde10f07047d02dfd2e1e,"{""config"":[""Y+"",""Y""],""d"":5,""p"":0.010723076923076922}",
      1297,       232,         0,   0.032,pymatching,3b92bd02934c77297399a3c76d68dbd6057f8022d948d367956eea26e6e07545,"{""config"":[""Y+"",""Y""],""d"":5,""p"":0.014643589743589744}",
      9216,       111,         0,   0.040,pymatching,b78d51e4f39cc3935f7278ccdeef8f922559597ffbd4f8e0507abeacc3a2c063,"{""config"":[""Y+"",""Y""],""d"":5,""p"":0.00502051282051282}",
      7168,       169,         0,   0.040,pymatching,277ea2ac4a1a93fbda751637012d94b50a32886d0a3cf967e6960cad73efbcd3,"{""config"":[""Y+"",""Y""],""d"":5,""p"":0.006802564102564103}",
      1297,       207,         0,   0.031,pymatching,c95d86c399046946f2268a41dd736bc734dca083de052b6b857464d5e42b8988,"{""config"":[""Y+"",""Y""],""d"":5,""p"":0.01393076923076923}",
      1297,       167,         0,   0.026,pymatching,837fb1bef3c71c46ff7d7295581390cf72a8163e61e1b27f8e8d63ea3a6a1007,"{""config"":[""Y+"",""Y""],""d"":5,""p"":0.012861538461538462}",
     16384,        63,         0,   0.056,pymatching,416ae957e4ead28fc5c3fa675fb1fa14810150ea56974c4179e9bf8e0ad9c5c2,"{""config"":[""Y+"",""Y""],""d"":5,""p"":0.0035948717948717946}",
      1297,       140,         0,   0.028,pymatching,97570710ab6c7dadb39128d194b7ef98f8b66e234012630c9055351dddce15ae,"{""config"":[""Y+"",""Y""],""d"":5,""p"":0.012148717948717948}",
      2048,       192,         0,   0.020,pymatching,54bb703cea76a15bdf61d2cf2204d58e7d06d8aed6e2320203e3854ac25ed8c2,"{""config"":[""Y+"",""Y""],""d"":5,""p"":0.011435897435897435}",
      2048,       197,         0,   0.021,pymatching,11b97e06af0ed11396eb4aa725e63df52551e952878613e9006df7932181a6b5,"{""config"":[""Y+"",""Y""],""d"":5,""p"":0.01107948717948718}",
    181248,         0,         0,   0.286,pymatching,5dd0745ef49adc03d1763624c203142a1aeb1556c043d6478fde58622f17934b,"{""config"":[""Y+"",""Y""],""d"":5,""p"":4.641588833612782e-05}",
      1297,       192,         0,   0.029,pymatching,fe459bf290e302323a3cbcfbf743b6f32dee206986b225c466a928fd7e6982ac,"{""config"":[""Y+"",""Y""],""d"":5,""p"":0.014287179487179487}",
      1297,       124,         0,   0.030,pymatching,92b238d56566245af096f614b6e0dccb2a29a53e17f15099b266c7c1f51ba888,"{""config"":[""Y+"",""Y""],""d"":5,""p"":0.012505128205128205}",
      3072,       211,         0,   0.024,pymatching,593850c559acfa69a73e8599435c38036e326c0e068924eab2780cdb4ee4af44,"{""config"":[""Y+"",""Y""],""d"":5,""p"":0.009653846153846153}",
      2048,       201,         0,   0.020,pymatching,78fcdcb560dd8997220b9c26c8f600c2065ba8567ecd5dfd66b9c04843659c04,"{""config"":[""Y+"",""Y""],""d"":5,""p"":0.011792307692307692}",
      3072,       269,         0,   0.027,pymatching,519dd45f646daaf287cb56b7807beae56e6a02df17f815cc31b4cc72e96316f4,"{""config"":[""Y+"",""Y""],""d"":5,""p"":0.010366666666666666}",
      7168,       189,         0,   0.042,pymatching,04af591bfd4026d147069fa6690b45186668d32a5374a72746a306adc38dea2d,"{""config"":[""Y+"",""Y""],""d"":5,""p"":0.007158974358974359}",
      1297,       221,         0,   0.036,pymatching,7fee7d0d9295348693f53b3699d011d8800e70681750d6e5dc1a935e3530dbc7,"{""config"":[""Y+"",""Y""],""d"":5,""p"":0.014999999999999998}",
      6144,       206,         0,   0.038,pymatching,37eac3d63624d183ca24f183e04ef642886d397414d08ee835b1c08ee7dae049,"{""config"":[""Y+"",""Y""],""d"":5,""p"":0.007515384615384615}",
      2048,       279,         0,   0.023,pymatching,f9e5b59df5fefb5c5288960e57264f08eaaec4bbac87997ff5f65ef0bc79d37f,"{""config"":[""Y+"",""Y""],""d"":5,""p"":0.013574358974358974}",
      3072,       229,         0,   0.025,pymatching,ae388a1a7b56bd08927eb6748e75367cc11c52650ca1a45b4d94765fe8fa3dcf,"{""config"":[""Y+"",""Y""],""d"":5,""p"":0.010010256410256409}",
      4096,       205,         0,   0.029,pymatching,c02ebbf1fd65fa9c3ae2c2a12c52366afbf82bca0f3a1e453a2b1547ccc2f6ce,"{""config"":[""Y+"",""Y""],""d"":5,""p"":0.008584615384615385}",
      1297,       180,         0,   0.027,pymatching,c3ee7c85f31da0c1913c1323b7be3d42c9a016b0e5e8aeb9ef562456edd1439e,"{""config"":[""Y+"",""Y""],""d"":5,""p"":0.013217948717948718}",
      2048,       221,         0,   0.020,pymatching,54bb703cea76a15bdf61d2cf2204d58e7d06d8aed6e2320203e3854ac25ed8c2,"{""config"":[""Y+"",""Y""],""d"":5,""p"":0.011435897435897435}",
      4096,       220,         0,   0.030,pymatching,c158f65688299f75c2a23a65a865def7419d91a7b818b2c66e2d16dda90eef87,"{""config"":[""Y+"",""Y""],""d"":5,""p"":0.00894102564102564}",
      2048,       227,         0,   0.021,pymatching,97570710ab6c7dadb39128d194b7ef98f8b66e234012630c9055351dddce15ae,"{""config"":[""Y+"",""Y""],""d"":5,""p"":0.012148717948717948}",
      6144,       243,         0,   0.040,pymatching,68d3b6d497833e47044c4059452326f0dcce649ba2f47180fc18871bbc9f16f6,"{""config"":[""Y+"",""Y""],""d"":5,""p"":0.007871794871794872}",
      3072,       234,         0,   0.028,pymatching,fbbb21431ffdb6066af66c9c44765b6ac5b2e2f4ad2bde10f07047d02dfd2e1e,"{""config"":[""Y+"",""Y""],""d"":5,""p"":0.010723076923076922}",
      2048,       251,         0,   0.022,pymatching,837fb1bef3c71c46ff7d7295581390cf72a8163e61e1b27f8e8d63ea3a6a1007,"{""config"":[""Y+"",""Y""],""d"":5,""p"":0.012861538461538462}",
      2048,       321,         0,   0.024,pymatching,c95d86c399046946f2268a41dd736bc734dca083de052b6b857464d5e42b8988,"{""config"":[""Y+"",""Y""],""d"":5,""p"":0.01393076923076923}",
      4096,       245,         0,   0.031,pymatching,4cb24fa9ab8f0b7112d7f21679f77b54975282aca7f7b3cb823c5fe56300ea6c,"{""config"":[""Y+"",""Y""],""d"":5,""p"":0.009297435897435898}",
      2048,       345,         0,   0.026,pymatching,3b92bd02934c77297399a3c76d68dbd6057f8022d948d367956eea26e6e07545,"{""config"":[""Y+"",""Y""],""d"":5,""p"":0.014643589743589744}",
      6144,       263,         0,   0.041,pymatching,39ffa6c7a738853e61da0a9ef276cbbd7b304b4bac770844889e9607d62bf55d,"{""config"":[""Y+"",""Y""],""d"":5,""p"":0.008228205128205128}",
      2048,       213,         0,   0.020,pymatching,78fcdcb560dd8997220b9c26c8f600c2065ba8567ecd5dfd66b9c04843659c04,"{""config"":[""Y+"",""Y""],""d"":5,""p"":0.011792307692307692}",
      2321,         0,         0,   0.012,pymatching,ddab9fbd6b14be7b367f4624635cfd20a4481975912af552cad4351f6a7e48e2,"{""config"":[""Y+"",""Y""],""d"":7,""p"":1e-05}",
      2048,       245,         0,   0.023,pymatching,92b238d56566245af096f614b6e0dccb2a29a53e17f15099b266c7c1f51ba888,"{""config"":[""Y+"",""Y""],""d"":5,""p"":0.012505128205128205}",
      2048,       314,         0,   0.025,pymatching,fe459bf290e302323a3cbcfbf743b6f32dee206986b225c466a928fd7e6982ac,"{""config"":[""Y+"",""Y""],""d"":5,""p"":0.014287179487179487}",
      3072,       276,         0,   0.028,pymatching,11b97e06af0ed11396eb4aa725e63df52551e952878613e9006df7932181a6b5,"{""config"":[""Y+"",""Y""],""d"":5,""p"":0.01107948717948718}",
     15360,        80,         0,   0.056,pymatching,9581cf577c94fd3d92524757513bc8aea03230286c8c1988dd819d15427f1f62,"{""config"":[""Y+"",""Y""],""d"":5,""p"":0.003951282051282051}",
     27648,        44,         0,   0.077,pymatching,10f522386e5401ce6a5865e1ae4a4bbef4eb1bf3daffbc11d9ada0dc0bad96c2,"{""config"":[""Y+"",""Y""],""d"":5,""p"":0.0025256410256410257}",
     14336,        96,         0,   0.055,pymatching,895f35546a52b568e46374f1d341a2badddf9bb9ff60f52b898b573fb39acc83,"{""config"":[""Y+"",""Y""],""d"":5,""p"":0.0043076923076923075}",
      2048,       279,         0,   0.023,pymatching,f9e5b59df5fefb5c5288960e57264f08eaaec4bbac87997ff5f65ef0bc79d37f,"{""config"":[""Y+"",""Y""],""d"":5,""p"":0.013574358974358974}",
      2048,       359,         0,   0.027,pymatching,7fee7d0d9295348693f53b3699d011d8800e70681750d6e5dc1a935e3530dbc7,"{""config"":[""Y+"",""Y""],""d"":5,""p"":0.014999999999999998}",
      4096,       243,         0,   0.033,pymatching,593850c559acfa69a73e8599435c38036e326c0e068924eab2780cdb4ee4af44,"{""config"":[""Y+"",""Y""],""d"":5,""p"":0.009653846153846153}",
     13312,       121,         0,   0.054,pymatching,518da64528007b967ad3978374c3581953e1802654a73a1069fd7b23150eec53,"{""config"":[""Y+"",""Y""],""d"":5,""p"":0.004664102564102564}",
      2048,       262,         0,   0.023,pymatching,c3ee7c85f31da0c1913c1323b7be3d42c9a016b0e5e8aeb9ef562456edd1439e,"{""config"":[""Y+"",""Y""],""d"":5,""p"":0.013217948717948718}",
      4096,       339,         0,   0.036,pymatching,519dd45f646daaf287cb56b7807beae56e6a02df17f815cc31b4cc72e96316f4,"{""config"":[""Y+"",""Y""],""d"":5,""p"":0.010366666666666666}",
     11264,       198,         0,   0.055,pymatching,2dc7be9fda138f8bc49605ace479e0f83ef64593f02f437fd6605e765794cb1f,"{""config"":[""Y+"",""Y""],""d"":5,""p"":0.005733333333333333}",
      2048,       213,         0,   0.021,pymatching,97570710ab6c7dadb39128d194b7ef98f8b66e234012630c9055351dddce15ae,"{""config"":[""Y+"",""Y""],""d"":5,""p"":0.012148717948717948}",
      2048,       236,         0,   0.022,pymatching,837fb1bef3c71c46ff7d7295581390cf72a8163e61e1b27f8e8d63ea3a6a1007,"{""config"":[""Y+"",""Y""],""d"":5,""p"":0.012861538461538462}",
      4096,         0,         0,   0.018,pymatching,ddab9fbd6b14be7b367f4624635cfd20a4481975912af552cad4351f6a7e48e2,"{""config"":[""Y+"",""Y""],""d"":7,""p"":1e-05}",
      4096,       294,         0,   0.034,pymatching,ae388a1a7b56bd08927eb6748e75367cc11c52650ca1a45b4d94765fe8fa3dcf,"{""config"":[""Y+"",""Y""],""d"":5,""p"":0.010010256410256409}",
     12288,       168,         0,   0.057,pymatching,fee0796c5a42d138738f9c1fb5793d4c8d53e8541fd66dd86c4bf8e6bbf752bc,"{""config"":[""Y+"",""Y""],""d"":5,""p"":0.005376923076923077}",
     10240,       215,         0,   0.056,pymatching,55f8132449de2eb149ce51c48afbecf6eed8a22046d8c5e95991cde162fd4ea9,"{""config"":[""Y+"",""Y""],""d"":5,""p"":0.006446153846153846}",
      2048,       333,         0,   0.024,pymatching,c95d86c399046946f2268a41dd736bc734dca083de052b6b857464d5e42b8988,"{""config"":[""Y+"",""Y""],""d"":5,""p"":0.01393076923076923}",
      2048,       242,         0,   0.022,pymatching,92b238d56566245af096f614b6e0dccb2a29a53e17f15099b266c7c1f51ba888,"{""config"":[""Y+"",""Y""],""d"":5,""p"":0.012505128205128205}",
      2048,       334,         0,   0.027,pymatching,3b92bd02934c77297399a3c76d68dbd6057f8022d948d367956eea26e6e07545,"{""config"":[""Y+"",""Y""],""d"":5,""p"":0.014643589743589744}",
      3072,       274,         0,   0.030,pymatching,54bb703cea76a15bdf61d2cf2204d58e7d06d8aed6e2320203e3854ac25ed8c2,"{""config"":[""Y+"",""Y""],""d"":5,""p"":0.011435897435897435}",
     12288,       107,         0,   0.054,pymatching,b78d51e4f39cc3935f7278ccdeef8f922559597ffbd4f8e0507abeacc3a2c063,"{""config"":[""Y+"",""Y""],""d"":5,""p"":0.00502051282051282}",
     11264,       217,         0,   0.058,pymatching,2e114e34e9047f37305ffeabf7a391e9e94302a1b882029be1728590241753c5,"{""config"":[""Y+"",""Y""],""d"":5,""p"":0.00608974358974359}",
     23552,        60,         0,   0.077,pymatching,d0f00be01be4cf465b3edd773909d2115ae29a61da6eed6079d3b2258616393e,"{""config"":[""Y+"",""Y""],""d"":5,""p"":0.0028820512820512817}",
      2048,       318,         0,   0.026,pymatching,fe459bf290e302323a3cbcfbf743b6f32dee206986b225c466a928fd7e6982ac,"{""config"":[""Y+"",""Y""],""d"":5,""p"":0.014287179487179487}",
     10240,       239,         0,   0.058,pymatching,277ea2ac4a1a93fbda751637012d94b50a32886d0a3cf967e6960cad73efbcd3,"{""config"":[""Y+"",""Y""],""d"":5,""p"":0.006802564102564103}",
      3072,       304,         0,   0.031,pymatching,78fcdcb560dd8997220b9c26c8f600c2065ba8567ecd5dfd66b9c04843659c04,"{""config"":[""Y+"",""Y""],""d"":5,""p"":0.011792307692307692}",
      4096,       329,         0,   0.036,pymatching,fbbb21431ffdb6066af66c9c44765b6ac5b2e2f4ad2bde10f07047d02dfd2e1e,"{""config"":[""Y+"",""Y""],""d"":5,""p"":0.010723076923076922}",
      6144,       286,         0,   0.043,pymatching,c02ebbf1fd65fa9c3ae2c2a12c52366afbf82bca0f3a1e453a2b1547ccc2f6ce,"{""config"":[""Y+"",""Y""],""d"":5,""p"":0.008584615384615385}",
      3072,       267,         0,   0.028,pymatching,11b97e06af0ed11396eb4aa725e63df52551e952878613e9006df7932181a6b5,"{""config"":[""Y+"",""Y""],""d"":5,""p"":0.01107948717948718}",
      2321,         0,         0,   0.012,pymatching,2a9abd83c5a3d3db0eec60cc1cc5f8926ad0cda6b05841260a774163de5a5300,"{""config"":[""Y+"",""Y""],""d"":7,""p"":1.6681005372000593e-05}",
      2048,       359,         0,   0.027,pymatching,7fee7d0d9295348693f53b3699d011d8800e70681750d6e5dc1a935e3530dbc7,"{""config"":[""Y+"",""Y""],""d"":5,""p"":0.014999999999999998}",
      9216,       280,         0,   0.054,pymatching,04af591bfd4026d147069fa6690b45186668d32a5374a72746a306adc38dea2d,"{""config"":[""Y+"",""Y""],""d"":5,""p"":0.007158974358974359}",
      2048,       300,         0,   0.023,pymatching,c3ee7c85f31da0c1913c1323b7be3d42c9a016b0e5e8aeb9ef562456edd1439e,"{""config"":[""Y+"",""Y""],""d"":5,""p"":0.013217948717948718}",
      6144,       329,         0,   0.045,pymatching,c158f65688299f75c2a23a65a865def7419d91a7b818b2c66e2d16dda90eef87,"{""config"":[""Y+"",""Y""],""d"":5,""p"":0.00894102564102564}",
      9216,       328,         0,   0.057,pymatching,37eac3d63624d183ca24f183e04ef642886d397414d08ee835b1c08ee7dae049,"{""config"":[""Y+"",""Y""],""d"":5,""p"":0.007515384615384615}",
      5120,         0,         0,   0.023,pymatching,ddab9fbd6b14be7b367f4624635cfd20a4481975912af552cad4351f6a7e48e2,"{""config"":[""Y+"",""Y""],""d"":7,""p"":1e-05}",
     23552,        85,         0,   0.077,pymatching,f2a68c7e7caa1dbcd527c13e207c28d6b9f88214222056c0daa9bf175bbd294f,"{""config"":[""Y+"",""Y""],""d"":5,""p"":0.003238461538461538}",
      6144,       372,         0,   0.046,pymatching,4cb24fa9ab8f0b7112d7f21679f77b54975282aca7f7b3cb823c5fe56300ea6c,"{""config"":[""Y+"",""Y""],""d"":5,""p"":0.009297435897435898}",
      3072,       408,         0,   0.036,pymatching,f9e5b59df5fefb5c5288960e57264f08eaaec4bbac87997ff5f65ef0bc79d37f,"{""config"":[""Y+"",""Y""],""d"":5,""p"":0.013574358974358974}",
      3072,         0,         0,   0.014,pymatching,2a9abd83c5a3d3db0eec60cc1cc5f8926ad0cda6b05841260a774163de5a5300,"{""config"":[""Y+"",""Y""],""d"":7,""p"":1.6681005372000593e-05}",
    130048,        50,         0,   0.287,pymatching,5e7f5a5babac4f8ad707610f5b4cc4b26d807e8c8458cf225daf5167039534d1,"{""config"":[""Y+"",""Y""],""d"":5,""p"":0.0014564102564102565}",
      3072,       331,         0,   0.032,pymatching,97570710ab6c7dadb39128d194b7ef98f8b66e234012630c9055351dddce15ae,"{""config"":[""Y+"",""Y""],""d"":5,""p"":0.012148717948717948}",
     22528,       107,         0,   0.077,pymatching,416ae957e4ead28fc5c3fa675fb1fa14810150ea56974c4179e9bf8e0ad9c5c2,"{""config"":[""Y+"",""Y""],""d"":5,""p"":0.0035948717948717946}",
      2048,       344,         0,   0.028,pymatching,3b92bd02934c77297399a3c76d68dbd6057f8022d948d367956eea26e6e07545,"{""config"":[""Y+"",""Y""],""d"":5,""p"":0.014643589743589744}",
      8192,       324,         0,   0.055,pymatching,39ffa6c7a738853e61da0a9ef276cbbd7b304b4bac770844889e9607d62bf55d,"{""config"":[""Y+"",""Y""],""d"":5,""p"":0.008228205128205128}",
      3072,       376,         0,   0.034,pymatching,837fb1bef3c71c46ff7d7295581390cf72a8163e61e1b27f8e8d63ea3a6a1007,"{""config"":[""Y+"",""Y""],""d"":5,""p"":0.012861538461538462}",
      5120,       357,         0,   0.043,pymatching,593850c559acfa69a73e8599435c38036e326c0e068924eab2780cdb4ee4af44,"{""config"":[""Y+"",""Y""],""d"":5,""p"":0.009653846153846153}",
      9216,       373,         0,   0.059,pymatching,68d3b6d497833e47044c4059452326f0dcce649ba2f47180fc18871bbc9f16f6,"{""config"":[""Y+"",""Y""],""d"":5,""p"":0.007871794871794872}",
      3072,       369,         0,   0.033,pymatching,92b238d56566245af096f614b6e0dccb2a29a53e17f15099b266c7c1f51ba888,"{""config"":[""Y+"",""Y""],""d"":5,""p"":0.012505128205128205}",
      2321,         0,         0,   0.013,pymatching,d4efb51de84e8753bb144bbe5cbc1e16119dd4138c3429ef067e31fd81182969,"{""config"":[""Y+"",""Y""],""d"":7,""p"":7.742636826811278e-05}",
      2321,         0,         0,   0.013,pymatching,1ebf2e24f42a25fd0e80fbd92c68bca690d32a7b6f33c49e44b405cff829f70d,"{""config"":[""Y+"",""Y""],""d"":7,""p"":0.00021544346900318823}",
      3072,       432,         0,   0.037,pymatching,c95d86c399046946f2268a41dd736bc734dca083de052b6b857464d5e42b8988,"{""config"":[""Y+"",""Y""],""d"":5,""p"":0.01393076923076923}",
      5120,       392,         0,   0.043,pymatching,519dd45f646daaf287cb56b7807beae56e6a02df17f815cc31b4cc72e96316f4,"{""config"":[""Y+"",""Y""],""d"":5,""p"":0.010366666666666666}",
      2321,         0,         0,   0.013,pymatching,3c857fc2010553329b0c56ef74743c200a997a241ffdc1a3d6ce71eeb6f35a54,"{""config"":[""Y+"",""Y""],""d"":7,""p"":0.0001291549665014884}",
      2048,       370,         0,   0.028,pymatching,7fee7d0d9295348693f53b3699d011d8800e70681750d6e5dc1a935e3530dbc7,"{""config"":[""Y+"",""Y""],""d"":5,""p"":0.014999999999999998}",
      5120,       341,         0,   0.045,pymatching,ae388a1a7b56bd08927eb6748e75367cc11c52650ca1a45b4d94765fe8fa3dcf,"{""config"":[""Y+"",""Y""],""d"":5,""p"":0.010010256410256409}",
      4096,       377,         0,   0.040,pymatching,54bb703cea76a15bdf61d2cf2204d58e7d06d8aed6e2320203e3854ac25ed8c2,"{""config"":[""Y+"",""Y""],""d"":5,""p"":0.011435897435897435}",
      2321,         0,         0,   0.012,pymatching,7aa90f14661fe503b169d17735323782ba47d9bacb07fb92cec4acd1e3381f76,"{""config"":[""Y+"",""Y""],""d"":7,""p"":2.782559402207126e-05}",
      3072,       463,         0,   0.040,pymatching,fe459bf290e302323a3cbcfbf743b6f32dee206986b225c466a928fd7e6982ac,"{""config"":[""Y+"",""Y""],""d"":5,""p"":0.014287179487179487}",
      6144,         0,         0,   0.029,pymatching,ddab9fbd6b14be7b367f4624635cfd20a4481975912af552cad4351f6a7e48e2,"{""config"":[""Y+"",""Y""],""d"":7,""p"":1e-05}",
      3072,         0,         0,   0.015,pymatching,d4efb51de84e8753bb144bbe5cbc1e16119dd4138c3429ef067e31fd81182969,"{""config"":[""Y+"",""Y""],""d"":7,""p"":7.742636826811278e-05}",
      5120,         0,         0,   0.024,pymatching,2a9abd83c5a3d3db0eec60cc1cc5f8926ad0cda6b05841260a774163de5a5300,"{""config"":[""Y+"",""Y""],""d"":7,""p"":1.6681005372000593e-05}",
      3072,       392,         0,   0.034,pymatching,c3ee7c85f31da0c1913c1323b7be3d42c9a016b0e5e8aeb9ef562456edd1439e,"{""config"":[""Y+"",""Y""],""d"":5,""p"":0.013217948717948718}",
      4096,       348,         0,   0.040,pymatching,11b97e06af0ed11396eb4aa725e63df52551e952878613e9006df7932181a6b5,"{""config"":[""Y+"",""Y""],""d"":5,""p"":0.01107948717948718}",
      3072,         0,         0,   0.015,pymatching,1ebf2e24f42a25fd0e80fbd92c68bca690d32a7b6f33c49e44b405cff829f70d,"{""config"":[""Y+"",""Y""],""d"":7,""p"":0.00021544346900318823}",
      3072,         0,         0,   0.015,pymatching,3c857fc2010553329b0c56ef74743c200a997a241ffdc1a3d6ce71eeb6f35a54,"{""config"":[""Y+"",""Y""],""d"":7,""p"":0.0001291549665014884}",
      4096,       413,         0,   0.043,pymatching,78fcdcb560dd8997220b9c26c8f600c2065ba8567ecd5dfd66b9c04843659c04,"{""config"":[""Y+"",""Y""],""d"":5,""p"":0.011792307692307692}",
      2321,         0,         0,   0.016,pymatching,e34529a27c2f8d5d8bc8d8e2e799cf1fb09be2666f89b6597da07e402b93b3a8,"{""config"":[""Y+"",""Y""],""d"":7,""p"":0.0011}",
      5120,       417,         0,   0.045,pymatching,fbbb21431ffdb6066af66c9c44765b6ac5b2e2f4ad2bde10f07047d02dfd2e1e,"{""config"":[""Y+"",""Y""],""d"":5,""p"":0.010723076923076922}",
      2321,         0,         0,   0.014,pymatching,7a36ae4616f1d754f42dd521d2fabf024d85329dfad51a046c6fc6d074b7b6f0,"{""config"":[""Y+"",""Y""],""d"":7,""p"":0.00035938136638046257}",
     20480,       120,         0,   0.075,pymatching,9581cf577c94fd3d92524757513bc8aea03230286c8c1988dd819d15427f1f62,"{""config"":[""Y+"",""Y""],""d"":5,""p"":0.003951282051282051}",
      3072,         0,         0,   0.014,pymatching,7aa90f14661fe503b169d17735323782ba47d9bacb07fb92cec4acd1e3381f76,"{""config"":[""Y+"",""Y""],""d"":7,""p"":2.782559402207126e-05}",
     19456,       147,         0,   0.075,pymatching,895f35546a52b568e46374f1d341a2badddf9bb9ff60f52b898b573fb39acc83,"{""config"":[""Y+"",""Y""],""d"":5,""p"":0.0043076923076923075}",
      2321,         0,         0,   0.012,pymatching,7e10452490fdaa8d156054ff5ef1acff444cf67cb4c136cd79857b341f9e4172,"{""config"":[""Y+"",""Y""],""d"":7,""p"":4.641588833612782e-05}",
      2321,         0,         0,   0.014,pymatching,f1775c7e580d8f5fddb23efcaf637a9598af94daaad5195170fd5a28436ce87c,"{""config"":[""Y+"",""Y""],""d"":7,""p"":0.0005994842503189409}",
      8192,       374,         0,   0.057,pymatching,c02ebbf1fd65fa9c3ae2c2a12c52366afbf82bca0f3a1e453a2b1547ccc2f6ce,"{""config"":[""Y+"",""Y""],""d"":5,""p"":0.008584615384615385}",
      4096,         0,         0,   0.020,pymatching,d4efb51de84e8753bb144bbe5cbc1e16119dd4138c3429ef067e31fd81182969,"{""config"":[""Y+"",""Y""],""d"":7,""p"":7.742636826811278e-05}",
      2321,         0,         0,   0.016,pymatching,d964ce250f510f05b10feb424012badadf776273e0f85d97054e675ebf8d58cb,"{""config"":[""Y+"",""Y""],""d"":7,""p"":0.001}",
     19456,       160,         0,   0.079,pymatching,518da64528007b967ad3978374c3581953e1802654a73a1069fd7b23150eec53,"{""config"":[""Y+"",""Y""],""d"":5,""p"":0.004664102564102564}",
      3072,         0,         0,   0.016,pymatching,7a36ae4616f1d754f42dd521d2fabf024d85329dfad51a046c6fc6d074b7b6f0,"{""config"":[""Y+"",""Y""],""d"":7,""p"":0.00035938136638046257}",
      4096,       505,         0,   0.045,pymatching,97570710ab6c7dadb39128d194b7ef98f8b66e234012630c9055351dddce15ae,"{""config"":[""Y+"",""Y""],""d"":5,""p"":0.012148717948717948}",
      4096,       611,         0,   0.050,pymatching,f9e5b59df5fefb5c5288960e57264f08eaaec4bbac87997ff5f65ef0bc79d37f,"{""config"":[""Y+"",""Y""],""d"":5,""p"":0.013574358974358974}",
     15360,       213,         0,   0.078,pymatching,2dc7be9fda138f8bc49605ace479e0f83ef64593f02f437fd6605e765794cb1f,"{""config"":[""Y+"",""Y""],""d"":5,""p"":0.005733333333333333}",
      3072,       543,         0,   0.042,pymatching,3b92bd02934c77297399a3c76d68dbd6057f8022d948d367956eea26e6e07545,"{""config"":[""Y+"",""Y""],""d"":5,""p"":0.014643589743589744}",
      3072,         0,         0,   0.019,pymatching,e34529a27c2f8d5d8bc8d8e2e799cf1fb09be2666f89b6597da07e402b93b3a8,"{""config"":[""Y+"",""Y""],""d"":7,""p"":0.0011}",
      3072,         0,         0,   0.014,pymatching,7e10452490fdaa8d156054ff5ef1acff444cf67cb4c136cd79857b341f9e4172,"{""config"":[""Y+"",""Y""],""d"":7,""p"":4.641588833612782e-05}",
      5120,         0,         0,   0.024,pymatching,1ebf2e24f42a25fd0e80fbd92c68bca690d32a7b6f33c49e44b405cff829f70d,"{""config"":[""Y+"",""Y""],""d"":7,""p"":0.00021544346900318823}",
      7168,       404,         0,   0.054,pymatching,4cb24fa9ab8f0b7112d7f21679f77b54975282aca7f7b3cb823c5fe56300ea6c,"{""config"":[""Y+"",""Y""],""d"":5,""p"":0.009297435897435898}",
     13312,       306,         0,   0.077,pymatching,55f8132449de2eb149ce51c48afbecf6eed8a22046d8c5e95991cde162fd4ea9,"{""config"":[""Y+"",""Y""],""d"":5,""p"":0.006446153846153846}",
      5120,         0,         0,   0.024,pymatching,3c857fc2010553329b0c56ef74743c200a997a241ffdc1a3d6ce71eeb6f35a54,"{""config"":[""Y+"",""Y""],""d"":7,""p"":0.0001291549665014884}",
     16384,       192,         0,   0.080,pymatching,fee0796c5a42d138738f9c1fb5793d4c8d53e8541fd66dd86c4bf8e6bbf752bc,"{""config"":[""Y+"",""Y""],""d"":5,""p"":0.005376923076923077}",
      6144,         0,         0,   0.029,pymatching,2a9abd83c5a3d3db0eec60cc1cc5f8926ad0cda6b05841260a774163de5a5300,"{""config"":[""Y+"",""Y""],""d"":7,""p"":1.6681005372000593e-05}",
      8192,       437,         0,   0.061,pymatching,c158f65688299f75c2a23a65a865def7419d91a7b818b2c66e2d16dda90eef87,"{""config"":[""Y+"",""Y""],""d"":5,""p"":0.00894102564102564}",
      4096,       545,         0,   0.049,pymatching,837fb1bef3c71c46ff7d7295581390cf72a8163e61e1b27f8e8d63ea3a6a1007,"{""config"":[""Y+"",""Y""],""d"":5,""p"":0.012861538461538462}",
     16384,       155,         0,   0.076,pymatching,b78d51e4f39cc3935f7278ccdeef8f922559597ffbd4f8e0507abeacc3a2c063,"{""config"":[""Y+"",""Y""],""d"":5,""p"":0.00502051282051282}",
      4096,       475,         0,   0.046,pymatching,92b238d56566245af096f614b6e0dccb2a29a53e17f15099b266c7c1f51ba888,"{""config"":[""Y+"",""Y""],""d"":5,""p"":0.012505128205128205}",
      3072,         0,         0,   0.016,pymatching,f1775c7e580d8f5fddb23efcaf637a9598af94daaad5195170fd5a28436ce87c,"{""config"":[""Y+"",""Y""],""d"":7,""p"":0.0005994842503189409}",
     14336,       266,         0,   0.078,pymatching,2e114e34e9047f37305ffeabf7a391e9e94302a1b882029be1728590241753c5,"{""config"":[""Y+"",""Y""],""d"":5,""p"":0.00608974358974359}",
      5120,         0,         0,   0.023,pymatching,7aa90f14661fe503b169d17735323782ba47d9bacb07fb92cec4acd1e3381f76,"{""config"":[""Y+"",""Y""],""d"":7,""p"":2.782559402207126e-05}",
      3072,       511,         0,   0.042,pymatching,7fee7d0d9295348693f53b3699d011d8800e70681750d6e5dc1a935e3530dbc7,"{""config"":[""Y+"",""Y""],""d"":5,""p"":0.014999999999999998}",
      4096,       572,         0,   0.049,pymatching,c95d86c399046946f2268a41dd736bc734dca083de052b6b857464d5e42b8988,"{""config"":[""Y+"",""Y""],""d"":5,""p"":0.01393076923076923}",
      8192,         0,         0,   0.038,pymatching,ddab9fbd6b14be7b367f4624635cfd20a4481975912af552cad4351f6a7e48e2,"{""config"":[""Y+"",""Y""],""d"":7,""p"":1e-05}",
      3072,       487,         0,   0.041,pymatching,fe459bf290e302323a3cbcfbf743b6f32dee206986b225c466a928fd7e6982ac,"{""config"":[""Y+"",""Y""],""d"":5,""p"":0.014287179487179487}",
     13312,       305,         0,   0.080,pymatching,277ea2ac4a1a93fbda751637012d94b50a32886d0a3cf967e6960cad73efbcd3,"{""config"":[""Y+"",""Y""],""d"":5,""p"":0.006802564102564103}",
      3072,         0,         0,   0.019,pymatching,d964ce250f510f05b10feb424012badadf776273e0f85d97054e675ebf8d58cb,"{""config"":[""Y+"",""Y""],""d"":7,""p"":0.001}",
     35840,        55,         0,   0.105,pymatching,10f522386e5401ce6a5865e1ae4a4bbef4eb1bf3daffbc11d9ada0dc0bad96c2,"{""config"":[""Y+"",""Y""],""d"":5,""p"":0.0025256410256410257}",
     13312,       386,         0,   0.077,pymatching,04af591bfd4026d147069fa6690b45186668d32a5374a72746a306adc38dea2d,"{""config"":[""Y+"",""Y""],""d"":5,""p"":0.007158974358974359}",
      4096,         0,         0,   0.021,pymatching,7a36ae4616f1d754f42dd521d2fabf024d85329dfad51a046c6fc6d074b7b6f0,"{""config"":[""Y+"",""Y""],""d"":7,""p"":0.00035938136638046257}",
      7168,       463,         0,   0.061,pymatching,593850c559acfa69a73e8599435c38036e326c0e068924eab2780cdb4ee4af44,"{""config"":[""Y+"",""Y""],""d"":5,""p"":0.009653846153846153}",
     12288,       397,         0,   0.075,pymatching,37eac3d63624d183ca24f183e04ef642886d397414d08ee835b1c08ee7dae049,"{""config"":[""Y+"",""Y""],""d"":5,""p"":0.007515384615384615}",
      6144,       444,         0,   0.054,pymatching,ae388a1a7b56bd08927eb6748e75367cc11c52650ca1a45b4d94765fe8fa3dcf,"{""config"":[""Y+"",""Y""],""d"":5,""p"":0.010010256410256409}",
      4096,       565,         0,   0.046,pymatching,c3ee7c85f31da0c1913c1323b7be3d42c9a016b0e5e8aeb9ef562456edd1439e,"{""config"":[""Y+"",""Y""],""d"":5,""p"":0.013217948717948718}",
      6144,         0,         0,   0.029,pymatching,d4efb51de84e8753bb144bbe5cbc1e16119dd4138c3429ef067e31fd81182969,"{""config"":[""Y+"",""Y""],""d"":7,""p"":7.742636826811278e-05}",
      7168,       532,         0,   0.061,pymatching,519dd45f646daaf287cb56b7807beae56e6a02df17f815cc31b4cc72e96316f4,"{""config"":[""Y+"",""Y""],""d"":5,""p"":0.010366666666666666}",
      4096,         0,         0,   0.025,pymatching,e34529a27c2f8d5d8bc8d8e2e799cf1fb09be2666f89b6597da07e402b93b3a8,"{""config"":[""Y+"",""Y""],""d"":7,""p"":0.0011}",
      5120,         0,         0,   0.024,pymatching,7e10452490fdaa8d156054ff5ef1acff444cf67cb4c136cd79857b341f9e4172,"{""config"":[""Y+"",""Y""],""d"":7,""p"":4.641588833612782e-05}",
      4096,         0,         0,   0.022,pymatching,f1775c7e580d8f5fddb23efcaf637a9598af94daaad5195170fd5a28436ce87c,"{""config"":[""Y+"",""Y""],""d"":7,""p"":0.0005994842503189409}",
      6144,       605,         0,   0.062,pymatching,54bb703cea76a15bdf61d2cf2204d58e7d06d8aed6e2320203e3854ac25ed8c2,"{""config"":[""Y+"",""Y""],""d"":5,""p"":0.011435897435897435}",
      6144,         0,         0,   0.030,pymatching,1ebf2e24f42a25fd0e80fbd92c68bca690d32a7b6f33c49e44b405cff829f70d,"{""config"":[""Y+"",""Y""],""d"":7,""p"":0.00021544346900318823}",
      6144,         0,         0,   0.029,pymatching,3c857fc2010553329b0c56ef74743c200a997a241ffdc1a3d6ce71eeb6f35a54,"{""config"":[""Y+"",""Y""],""d"":7,""p"":0.0001291549665014884}",
      5120,       519,         0,   0.054,pymatching,78fcdcb560dd8997220b9c26c8f600c2065ba8567ecd5dfd66b9c04843659c04,"{""config"":[""Y+"",""Y""],""d"":5,""p"":0.011792307692307692}",
     11264,       486,         0,   0.076,pymatching,39ffa6c7a738853e61da0a9ef276cbbd7b304b4bac770844889e9607d62bf55d,"{""config"":[""Y+"",""Y""],""d"":5,""p"":0.008228205128205128}",
      6144,       516,         0,   0.054,pymatching,fbbb21431ffdb6066af66c9c44765b6ac5b2e2f4ad2bde10f07047d02dfd2e1e,"{""config"":[""Y+"",""Y""],""d"":5,""p"":0.010723076923076922}",
      6144,       538,         0,   0.059,pymatching,11b97e06af0ed11396eb4aa725e63df52551e952878613e9006df7932181a6b5,"{""config"":[""Y+"",""Y""],""d"":5,""p"":0.01107948717948718}",
    173056,         0,         0,   0.285,pymatching,f8bf66581fd00bfa97b5b99cb2db33644b5d8de76544435f1508152e99566945,"{""config"":[""Y+"",""Y""],""d"":5,""p"":0.00021544346900318823}",
      6144,         0,         0,   0.028,pymatching,7aa90f14661fe503b169d17735323782ba47d9bacb07fb92cec4acd1e3381f76,"{""config"":[""Y+"",""Y""],""d"":7,""p"":2.782559402207126e-05}",
     12288,       450,         0,   0.079,pymatching,68d3b6d497833e47044c4059452326f0dcce649ba2f47180fc18871bbc9f16f6,"{""config"":[""Y+"",""Y""],""d"":5,""p"":0.007871794871794872}",
      4096,         0,         0,   0.024,pymatching,d964ce250f510f05b10feb424012badadf776273e0f85d97054e675ebf8d58cb,"{""config"":[""Y+"",""Y""],""d"":7,""p"":0.001}",
     32768,        75,         0,   0.108,pymatching,d0f00be01be4cf465b3edd773909d2115ae29a61da6eed6079d3b2258616393e,"{""config"":[""Y+"",""Y""],""d"":5,""p"":0.0028820512820512817}",
    158720,         2,         0,   0.287,pymatching,c027daabe67c5e250c8ef5ae9ea64a61d5a0e806e67b3b60e36e792022c5d9f5,"{""config"":[""Y+"",""Y""],""d"":5,""p"":0.0005994842503189409}",
    180224,         0,         0,   0.285,pymatching,7c666284d64c95144167644c2b1500400d18d3de09496dfa01ff3d370ed1d7ca,"{""config"":[""Y+"",""Y""],""d"":5,""p"":7.742636826811278e-05}",
    181248,         0,         0,   0.286,pymatching,6a38cbee8d4fbed323fe5fc0883fb594bf4325b0ce4571aaaa878f7b2affe8f6,"{""config"":[""Y+"",""Y""],""d"":5,""p"":2.782559402207126e-05}",
      9216,         0,         0,   0.042,pymatching,2a9abd83c5a3d3db0eec60cc1cc5f8926ad0cda6b05841260a774163de5a5300,"{""config"":[""Y+"",""Y""],""d"":7,""p"":1.6681005372000593e-05}",
    163840,         1,         0,   0.285,pymatching,a431c6fd4a0c2277f809c38c43dcdc4348febec18248b8b052df301d91485069,"{""config"":[""Y+"",""Y""],""d"":5,""p"":0.00035938136638046257}",
      6144,         0,         0,   0.031,pymatching,7a36ae4616f1d754f42dd521d2fabf024d85329dfad51a046c6fc6d074b7b6f0,"{""config"":[""Y+"",""Y""],""d"":7,""p"":0.00035938136638046257}",
    144384,        10,         0,   0.286,pymatching,21c1ff698806fc7edab1cc9c018ae50ee4c947af998e057ea46bdddad77411dd,"{""config"":[""Y+"",""Y""],""d"":5,""p"":0.001}",
     30720,        91,         0,   0.105,pymatching,f2a68c7e7caa1dbcd527c13e207c28d6b9f88214222056c0daa9bf175bbd294f,"{""config"":[""Y+"",""Y""],""d"":5,""p"":0.003238461538461538}",
      5120,       580,         0,   0.055,pymatching,97570710ab6c7dadb39128d194b7ef98f8b66e234012630c9055351dddce15ae,"{""config"":[""Y+"",""Y""],""d"":5,""p"":0.012148717948717948}",
      6144,         0,         0,   0.029,pymatching,7e10452490fdaa8d156054ff5ef1acff444cf67cb4c136cd79857b341f9e4172,"{""config"":[""Y+"",""Y""],""d"":7,""p"":4.641588833612782e-05}",
    116736,        59,         0,   0.288,pymatching,e30e755e7a0719ba6d1fc0f53b54f72ffaaa686b35dcc95660eec57ceed41e56,"{""config"":[""Y+"",""Y""],""d"":5,""p"":0.0018128205128205128}",
      4096,       672,         0,   0.056,pymatching,3b92bd02934c77297399a3c76d68dbd6057f8022d948d367956eea26e6e07545,"{""config"":[""Y+"",""Y""],""d"":5,""p"":0.014643589743589744}",
      5120,         1,         0,   0.031,pymatching,e34529a27c2f8d5d8bc8d8e2e799cf1fb09be2666f89b6597da07e402b93b3a8,"{""config"":[""Y+"",""Y""],""d"":7,""p"":0.0011}",
      5120,         0,         0,   0.028,pymatching,f1775c7e580d8f5fddb23efcaf637a9598af94daaad5195170fd5a28436ce87c,"{""config"":[""Y+"",""Y""],""d"":7,""p"":0.0005994842503189409}",
    172032,         0,         0,   0.286,pymatching,dcf8d486b730d80c8516d1314b5f7e522b9684fea3b76df00f09a83e61559cd3,"{""config"":[""Y+"",""Y""],""d"":5,""p"":0.0001291549665014884}",
    137216,        21,         0,   0.286,pymatching,2b0c4fb2ea4cc842ea602a2df29d7dfe9642687babb506ecad7f9e8281d2599a,"{""config"":[""Y+"",""Y""],""d"":5,""p"":0.0011}",
    178176,         0,         0,   0.286,pymatching,fc0244b2383b9cd41b211227c1e3f71dc7d31de679c046c7ef605e4443a6f18e,"{""config"":[""Y+"",""Y""],""d"":5,""p"":1e-05}",
     30720,       138,         0,   0.105,pymatching,416ae957e4ead28fc5c3fa675fb1fa14810150ea56974c4179e9bf8e0ad9c5c2,"{""config"":[""Y+"",""Y""],""d"":5,""p"":0.0035948717948717946}",
      5120,       701,         0,   0.062,pymatching,f9e5b59df5fefb5c5288960e57264f08eaaec4bbac87997ff5f65ef0bc79d37f,"{""config"":[""Y+"",""Y""],""d"":5,""p"":0.013574358974358974}",
    112640,       103,         0,   0.289,pymatching,7d722f229965de87d2d4daf10e9b29159b2435faef8a6944d5b39c4678d848f7,"{""config"":[""Y+"",""Y""],""d"":5,""p"":0.002169230769230769}",
      8192,         0,         0,   0.039,pymatching,d4efb51de84e8753bb144bbe5cbc1e16119dd4138c3429ef067e31fd81182969,"{""config"":[""Y+"",""Y""],""d"":7,""p"":7.742636826811278e-05}",
      5120,       591,         0,   0.056,pymatching,92b238d56566245af096f614b6e0dccb2a29a53e17f15099b266c7c1f51ba888,"{""config"":[""Y+"",""Y""],""d"":5,""p"":0.012505128205128205}",
      5120,       610,         0,   0.058,pymatching,837fb1bef3c71c46ff7d7295581390cf72a8163e61e1b27f8e8d63ea3a6a1007,"{""config"":[""Y+"",""Y""],""d"":5,""p"":0.012861538461538462}",
      4096,       705,         0,   0.056,pymatching,7fee7d0d9295348693f53b3699d011d8800e70681750d6e5dc1a935e3530dbc7,"{""config"":[""Y+"",""Y""],""d"":5,""p"":0.014999999999999998}",
    176128,         0,         0,   0.286,pymatching,dd6ff887cc965fb5d609bf081139f2e07c4d599a2bb880d2ad09ebf78e04ea3f,"{""config"":[""Y+"",""Y""],""d"":5,""p"":1.6681005372000593e-05}",
      5120,         0,         0,   0.031,pymatching,d964ce250f510f05b10feb424012badadf776273e0f85d97054e675ebf8d58cb,"{""config"":[""Y+"",""Y""],""d"":7,""p"":0.001}",
     12288,         0,         0,   0.057,pymatching,ddab9fbd6b14be7b367f4624635cfd20a4481975912af552cad4351f6a7e48e2,"{""config"":[""Y+"",""Y""],""d"":7,""p"":1e-05}",
      8192,         0,         0,   0.039,pymatching,3c857fc2010553329b0c56ef74743c200a997a241ffdc1a3d6ce71eeb6f35a54,"{""config"":[""Y+"",""Y""],""d"":7,""p"":0.0001291549665014884}",
      8192,         0,         0,   0.040,pymatching,1ebf2e24f42a25fd0e80fbd92c68bca690d32a7b6f33c49e44b405cff829f70d,"{""config"":[""Y+"",""Y""],""d"":7,""p"":0.00021544346900318823}",
      5120,       721,         0,   0.060,pymatching,c95d86c399046946f2268a41dd736bc734dca083de052b6b857464d5e42b8988,"{""config"":[""Y+"",""Y""],""d"":5,""p"":0.01393076923076923}",
     11264,       551,         0,   0.079,pymatching,c02ebbf1fd65fa9c3ae2c2a12c52366afbf82bca0f3a1e453a2b1547ccc2f6ce,"{""config"":[""Y+"",""Y""],""d"":5,""p"":0.008584615384615385}",
      2321,         0,         0,   0.016,pymatching,0593b8800785d13d9a221cb2b81f5e7a731d05e015e3de03874f28a07d88f3ef,"{""config"":[""Y+"",""Y""],""d"":7,""p"":0.0014564102564102565}",
      8192,         0,         0,   0.038,pymatching,7aa90f14661fe503b169d17735323782ba47d9bacb07fb92cec4acd1e3381f76,"{""config"":[""Y+"",""Y""],""d"":7,""p"":2.782559402207126e-05}",
      5120,       678,         0,   0.057,pymatching,c3ee7c85f31da0c1913c1323b7be3d42c9a016b0e5e8aeb9ef562456edd1439e,"{""config"":[""Y+"",""Y""],""d"":5,""p"":0.013217948717948718}",
     10240,       588,         0,   0.078,pymatching,4cb24fa9ab8f0b7112d7f21679f77b54975282aca7f7b3cb823c5fe56300ea6c,"{""config"":[""Y+"",""Y""],""d"":5,""p"":0.009297435897435898}",
      5120,       812,         0,   0.066,pymatching,fe459bf290e302323a3cbcfbf743b6f32dee206986b225c466a928fd7e6982ac,"{""config"":[""Y+"",""Y""],""d"":5,""p"":0.014287179487179487}",
     11264,       605,         0,   0.082,pymatching,c158f65688299f75c2a23a65a865def7419d91a7b818b2c66e2d16dda90eef87,"{""config"":[""Y+"",""Y""],""d"":5,""p"":0.00894102564102564}",
      8192,         0,         0,   0.042,pymatching,7a36ae4616f1d754f42dd521d2fabf024d85329dfad51a046c6fc6d074b7b6f0,"{""config"":[""Y+"",""Y""],""d"":7,""p"":0.00035938136638046257}",
      8192,         0,         0,   0.038,pymatching,7e10452490fdaa8d156054ff5ef1acff444cf67cb4c136cd79857b341f9e4172,"{""config"":[""Y+"",""Y""],""d"":7,""p"":4.641588833612782e-05}",
     27648,       209,         0,   0.106,pymatching,895f35546a52b568e46374f1d341a2badddf9bb9ff60f52b898b573fb39acc83,"{""config"":[""Y+"",""Y""],""d"":5,""p"":0.0043076923076923075}",
     29696,       176,         0,   0.108,pymatching,9581cf577c94fd3d92524757513bc8aea03230286c8c1988dd819d15427f1f62,"{""config"":[""Y+"",""Y""],""d"":5,""p"":0.003951282051282051}",
      3072,         0,         0,   0.019,pymatching,0593b8800785d13d9a221cb2b81f5e7a731d05e015e3de03874f28a07d88f3ef,"{""config"":[""Y+"",""Y""],""d"":7,""p"":0.0014564102564102565}",
      9216,       598,         0,   0.078,pymatching,593850c559acfa69a73e8599435c38036e326c0e068924eab2780cdb4ee4af44,"{""config"":[""Y+"",""Y""],""d"":5,""p"":0.009653846153846153}",
      7168,         0,         0,   0.044,pymatching,e34529a27c2f8d5d8bc8d8e2e799cf1fb09be2666f89b6597da07e402b93b3a8,"{""config"":[""Y+"",""Y""],""d"":7,""p"":0.0011}",
      8192,         0,         0,   0.044,pymatching,f1775c7e580d8f5fddb23efcaf637a9598af94daaad5195170fd5a28436ce87c,"{""config"":[""Y+"",""Y""],""d"":7,""p"":0.0005994842503189409}",
      9216,       687,         0,   0.078,pymatching,519dd45f646daaf287cb56b7807beae56e6a02df17f815cc31b4cc72e96316f4,"{""config"":[""Y+"",""Y""],""d"":5,""p"":0.010366666666666666}",
      9216,       670,         0,   0.080,pymatching,ae388a1a7b56bd08927eb6748e75367cc11c52650ca1a45b4d94765fe8fa3dcf,"{""config"":[""Y+"",""Y""],""d"":5,""p"":0.010010256410256409}",
     20480,       341,         0,   0.105,pymatching,2dc7be9fda138f8bc49605ace479e0f83ef64593f02f437fd6605e765794cb1f,"{""config"":[""Y+"",""Y""],""d"":5,""p"":0.005733333333333333}",
     26624,       241,         0,   0.108,pymatching,518da64528007b967ad3978374c3581953e1802654a73a1069fd7b23150eec53,"{""config"":[""Y+"",""Y""],""d"":5,""p"":0.004664102564102564}",
     12288,         0,         0,   0.057,pymatching,2a9abd83c5a3d3db0eec60cc1cc5f8926ad0cda6b05841260a774163de5a5300,"{""config"":[""Y+"",""Y""],""d"":7,""p"":1.6681005372000593e-05}",
     18432,       386,         0,   0.105,pymatching,55f8132449de2eb149ce51c48afbecf6eed8a22046d8c5e95991cde162fd4ea9,"{""config"":[""Y+"",""Y""],""d"":5,""p"":0.006446153846153846}",
      7168,       714,         0,   0.076,pymatching,78fcdcb560dd8997220b9c26c8f600c2065ba8567ecd5dfd66b9c04843659c04,"{""config"":[""Y+"",""Y""],""d"":5,""p"":0.011792307692307692}",
      7168,         0,         0,   0.043,pymatching,d964ce250f510f05b10feb424012badadf776273e0f85d97054e675ebf8d58cb,"{""config"":[""Y+"",""Y""],""d"":7,""p"":0.001}",
      8192,       828,         0,   0.083,pymatching,54bb703cea76a15bdf61d2cf2204d58e7d06d8aed6e2320203e3854ac25ed8c2,"{""config"":[""Y+"",""Y""],""d"":5,""p"":0.011435897435897435}",
     22528,       310,         0,   0.109,pymatching,fee0796c5a42d138738f9c1fb5793d4c8d53e8541fd66dd86c4bf8e6bbf752bc,"{""config"":[""Y+"",""Y""],""d"":5,""p"":0.005376923076923077}",
     23552,       283,         0,   0.109,pymatching,b78d51e4f39cc3935f7278ccdeef8f922559597ffbd4f8e0507abeacc3a2c063,"{""config"":[""Y+"",""Y""],""d"":5,""p"":0.00502051282051282}",
      8192,       696,         0,   0.079,pymatching,11b97e06af0ed11396eb4aa725e63df52551e952878613e9006df7932181a6b5,"{""config"":[""Y+"",""Y""],""d"":5,""p"":0.01107948717948718}",
     19456,       366,         0,   0.106,pymatching,2e114e34e9047f37305ffeabf7a391e9e94302a1b882029be1728590241753c5,"{""config"":[""Y+"",""Y""],""d"":5,""p"":0.00608974358974359}",
      9216,       734,         0,   0.081,pymatching,fbbb21431ffdb6066af66c9c44765b6ac5b2e2f4ad2bde10f07047d02dfd2e1e,"{""config"":[""Y+"",""Y""],""d"":5,""p"":0.010723076923076922}",
      4096,         0,         0,   0.025,pymatching,0593b8800785d13d9a221cb2b81f5e7a731d05e015e3de03874f28a07d88f3ef,"{""config"":[""Y+"",""Y""],""d"":7,""p"":0.0014564102564102565}",
     12288,         0,         0,   0.058,pymatching,d4efb51de84e8753bb144bbe5cbc1e16119dd4138c3429ef067e31fd81182969,"{""config"":[""Y+"",""Y""],""d"":7,""p"":7.742636826811278e-05}",
     11264,         0,         0,   0.054,pymatching,3c857fc2010553329b0c56ef74743c200a997a241ffdc1a3d6ce71eeb6f35a54,"{""config"":[""Y+"",""Y""],""d"":7,""p"":0.0001291549665014884}",
     18432,       429,         0,   0.110,pymatching,277ea2ac4a1a93fbda751637012d94b50a32886d0a3cf967e6960cad73efbcd3,"{""config"":[""Y+"",""Y""],""d"":5,""p"":0.006802564102564103}",
     11264,         0,         0,   0.055,pymatching,1ebf2e24f42a25fd0e80fbd92c68bca690d32a7b6f33c49e44b405cff829f70d,"{""config"":[""Y+"",""Y""],""d"":7,""p"":0.00021544346900318823}",
     18432,       551,         0,   0.110,pymatching,04af591bfd4026d147069fa6690b45186668d32a5374a72746a306adc38dea2d,"{""config"":[""Y+"",""Y""],""d"":5,""p"":0.007158974358974359}",
     17408,       595,         0,   0.107,pymatching,37eac3d63624d183ca24f183e04ef642886d397414d08ee835b1c08ee7dae049,"{""config"":[""Y+"",""Y""],""d"":5,""p"":0.007515384615384615}",
      7168,       837,         0,   0.078,pymatching,97570710ab6c7dadb39128d194b7ef98f8b66e234012630c9055351dddce15ae,"{""config"":[""Y+"",""Y""],""d"":5,""p"":0.012148717948717948}",
     12288,         0,         0,   0.057,pymatching,7aa90f14661fe503b169d17735323782ba47d9bacb07fb92cec4acd1e3381f76,"{""config"":[""Y+"",""Y""],""d"":7,""p"":2.782559402207126e-05}",
      6144,      1024,         0,   0.083,pymatching,3b92bd02934c77297399a3c76d68dbd6057f8022d948d367956eea26e6e07545,"{""config"":[""Y+"",""Y""],""d"":5,""p"":0.014643589743589744}",
     16384,       693,         0,   0.109,pymatching,39ffa6c7a738853e61da0a9ef276cbbd7b304b4bac770844889e9607d62bf55d,"{""config"":[""Y+"",""Y""],""d"":5,""p"":0.008228205128205128}",
      7168,       849,         0,   0.081,pymatching,92b238d56566245af096f614b6e0dccb2a29a53e17f15099b266c7c1f51ba888,"{""config"":[""Y+"",""Y""],""d"":5,""p"":0.012505128205128205}",
     16384,         0,         0,   0.076,pymatching,ddab9fbd6b14be7b367f4624635cfd20a4481975912af552cad4351f6a7e48e2,"{""config"":[""Y+"",""Y""],""d"":7,""p"":1e-05}",
      7168,       924,         0,   0.083,pymatching,837fb1bef3c71c46ff7d7295581390cf72a8163e61e1b27f8e8d63ea3a6a1007,"{""config"":[""Y+"",""Y""],""d"":5,""p"":0.012861538461538462}",
      7168,       989,         0,   0.087,pymatching,f9e5b59df5fefb5c5288960e57264f08eaaec4bbac87997ff5f65ef0bc79d37f,"{""config"":[""Y+"",""Y""],""d"":5,""p"":0.013574358974358974}",
     17408,       634,         0,   0.111,pymatching,68d3b6d497833e47044c4059452326f0dcce649ba2f47180fc18871bbc9f16f6,"{""config"":[""Y+"",""Y""],""d"":5,""p"":0.007871794871794872}",
     11264,         1,         0,   0.057,pymatching,7a36ae4616f1d754f42dd521d2fabf024d85329dfad51a046c6fc6d074b7b6f0,"{""config"":[""Y+"",""Y""],""d"":7,""p"":0.00035938136638046257}",
     12288,         0,         0,   0.057,pymatching,7e10452490fdaa8d156054ff5ef1acff444cf67cb4c136cd79857b341f9e4172,"{""config"":[""Y+"",""Y""],""d"":7,""p"":4.641588833612782e-05}",
      6144,      1036,         0,   0.085,pymatching,7fee7d0d9295348693f53b3699d011d8800e70681750d6e5dc1a935e3530dbc7,"{""config"":[""Y+"",""Y""],""d"":5,""p"":0.014999999999999998}",
      5120,         0,         0,   0.032,pymatching,0593b8800785d13d9a221cb2b81f5e7a731d05e015e3de03874f28a07d88f3ef,"{""config"":[""Y+"",""Y""],""d"":7,""p"":0.0014564102564102565}",
      9216,         0,         0,   0.056,pymatching,e34529a27c2f8d5d8bc8d8e2e799cf1fb09be2666f89b6597da07e402b93b3a8,"{""config"":[""Y+"",""Y""],""d"":7,""p"":0.0011}",
     10240,         0,         0,   0.055,pymatching,f1775c7e580d8f5fddb23efcaf637a9598af94daaad5195170fd5a28436ce87c,"{""config"":[""Y+"",""Y""],""d"":7,""p"":0.0005994842503189409}",
      7168,      1104,         0,   0.085,pymatching,c95d86c399046946f2268a41dd736bc734dca083de052b6b857464d5e42b8988,"{""config"":[""Y+"",""Y""],""d"":5,""p"":0.01393076923076923}",
      7168,       956,         0,   0.080,pymatching,c3ee7c85f31da0c1913c1323b7be3d42c9a016b0e5e8aeb9ef562456edd1439e,"{""config"":[""Y+"",""Y""],""d"":5,""p"":0.013217948717948718}",
      6144,       938,         0,   0.081,pymatching,fe459bf290e302323a3cbcfbf743b6f32dee206986b225c466a928fd7e6982ac,"{""config"":[""Y+"",""Y""],""d"":5,""p"":0.014287179487179487}",
     50176,        68,         0,   0.149,pymatching,10f522386e5401ce6a5865e1ae4a4bbef4eb1bf3daffbc11d9ada0dc0bad96c2,"{""config"":[""Y+"",""Y""],""d"":5,""p"":0.0025256410256410257}",
      1297,         0,         0,   0.021,pymatching,c5ca751aaccb112b2fc6f3e9a5b735918ad7833ac3069ee1270362dfaa2d7cfd,"{""config"":[""Y+"",""Y""],""d"":7,""p"":0.0018128205128205128}",
      9216,         0,         0,   0.056,pymatching,d964ce250f510f05b10feb424012badadf776273e0f85d97054e675ebf8d58cb,"{""config"":[""Y+"",""Y""],""d"":7,""p"":0.001}",
     15360,       726,         0,   0.107,pymatching,c02ebbf1fd65fa9c3ae2c2a12c52366afbf82bca0f3a1e453a2b1547ccc2f6ce,"{""config"":[""Y+"",""Y""],""d"":5,""p"":0.008584615384615385}",
     16384,         0,         0,   0.076,pymatching,2a9abd83c5a3d3db0eec60cc1cc5f8926ad0cda6b05841260a774163de5a5300,"{""config"":[""Y+"",""Y""],""d"":7,""p"":1.6681005372000593e-05}",
      1024,         0,         0,   0.014,pymatching,c5ca751aaccb112b2fc6f3e9a5b735918ad7833ac3069ee1270362dfaa2d7cfd,"{""config"":[""Y+"",""Y""],""d"":7,""p"":0.0018128205128205128}",
     14336,       815,         0,   0.108,pymatching,4cb24fa9ab8f0b7112d7f21679f77b54975282aca7f7b3cb823c5fe56300ea6c,"{""config"":[""Y+"",""Y""],""d"":5,""p"":0.009297435897435898}",
     46080,        84,         0,   0.149,pymatching,d0f00be01be4cf465b3edd773909d2115ae29a61da6eed6079d3b2258616393e,"{""config"":[""Y+"",""Y""],""d"":5,""p"":0.0028820512820512817}",
      7168,         0,         0,   0.044,pymatching,0593b8800785d13d9a221cb2b81f5e7a731d05e015e3de03874f28a07d88f3ef,"{""config"":[""Y+"",""Y""],""d"":7,""p"":0.0014564102564102565}",
     16384,         0,         0,   0.077,pymatching,d4efb51de84e8753bb144bbe5cbc1e16119dd4138c3429ef067e31fd81182969,"{""config"":[""Y+"",""Y""],""d"":7,""p"":7.742636826811278e-05}",
     15360,       772,         0,   0.111,pymatching,c158f65688299f75c2a23a65a865def7419d91a7b818b2c66e2d16dda90eef87,"{""config"":[""Y+"",""Y""],""d"":5,""p"":0.00894102564102564}",
     43008,       131,         0,   0.147,pymatching,f2a68c7e7caa1dbcd527c13e207c28d6b9f88214222056c0daa9bf175bbd294f,"{""config"":[""Y+"",""Y""],""d"":5,""p"":0.003238461538461538}",
     16384,         0,         0,   0.077,pymatching,3c857fc2010553329b0c56ef74743c200a997a241ffdc1a3d6ce71eeb6f35a54,"{""config"":[""Y+"",""Y""],""d"":7,""p"":0.0001291549665014884}",
     15360,         0,         0,   0.075,pymatching,1ebf2e24f42a25fd0e80fbd92c68bca690d32a7b6f33c49e44b405cff829f70d,"{""config"":[""Y+"",""Y""],""d"":7,""p"":0.00021544346900318823}",
      3072,         1,         0,   0.023,pymatching,c5ca751aaccb112b2fc6f3e9a5b735918ad7833ac3069ee1270362dfaa2d7cfd,"{""config"":[""Y+"",""Y""],""d"":7,""p"":0.0018128205128205128}",
     16384,         0,         0,   0.076,pymatching,7aa90f14661fe503b169d17735323782ba47d9bacb07fb92cec4acd1e3381f76,"{""config"":[""Y+"",""Y""],""d"":7,""p"":2.782559402207126e-05}",
     12288,       900,         0,   0.107,pymatching,ae388a1a7b56bd08927eb6748e75367cc11c52650ca1a45b4d94765fe8fa3dcf,"{""config"":[""Y+"",""Y""],""d"":5,""p"":0.010010256410256409}",
     44032,       192,         0,   0.149,pymatching,416ae957e4ead28fc5c3fa675fb1fa14810150ea56974c4179e9bf8e0ad9c5c2,"{""config"":[""Y+"",""Y""],""d"":5,""p"":0.0035948717948717946}",
     13312,       839,         0,   0.113,pymatching,593850c559acfa69a73e8599435c38036e326c0e068924eab2780cdb4ee4af44,"{""config"":[""Y+"",""Y""],""d"":5,""p"":0.009653846153846153}",
     13312,      1070,         0,   0.112,pymatching,519dd45f646daaf287cb56b7807beae56e6a02df17f815cc31b4cc72e96316f4,"{""config"":[""Y+"",""Y""],""d"":5,""p"":0.010366666666666666}",
     10240,      1034,         0,   0.109,pymatching,78fcdcb560dd8997220b9c26c8f600c2065ba8567ecd5dfd66b9c04843659c04,"{""config"":[""Y+"",""Y""],""d"":5,""p"":0.011792307692307692}",
     12288,      1032,         0,   0.108,pymatching,fbbb21431ffdb6066af66c9c44765b6ac5b2e2f4ad2bde10f07047d02dfd2e1e,"{""config"":[""Y+"",""Y""],""d"":5,""p"":0.010723076923076922}",
     11264,      1026,         0,   0.110,pymatching,11b97e06af0ed11396eb4aa725e63df52551e952878613e9006df7932181a6b5,"{""config"":[""Y+"",""Y""],""d"":5,""p"":0.01107948717948718}",
     16384,         0,         0,   0.076,pymatching,7e10452490fdaa8d156054ff5ef1acff444cf67cb4c136cd79857b341f9e4172,"{""config"":[""Y+"",""Y""],""d"":7,""p"":4.641588833612782e-05}",
     15360,         0,         0,   0.078,pymatching,7a36ae4616f1d754f42dd521d2fabf024d85329dfad51a046c6fc6d074b7b6f0,"{""config"":[""Y+"",""Y""],""d"":7,""p"":0.00035938136638046257}",
     11264,      1073,         0,   0.115,pymatching,54bb703cea76a15bdf61d2cf2204d58e7d06d8aed6e2320203e3854ac25ed8c2,"{""config"":[""Y+"",""Y""],""d"":5,""p"":0.011435897435897435}",
     12288,         1,         0,   0.075,pymatching,e34529a27c2f8d5d8bc8d8e2e799cf1fb09be2666f89b6597da07e402b93b3a8,"{""config"":[""Y+"",""Y""],""d"":7,""p"":0.0011}",
     14336,         0,         0,   0.078,pymatching,f1775c7e580d8f5fddb23efcaf637a9598af94daaad5195170fd5a28436ce87c,"{""config"":[""Y+"",""Y""],""d"":7,""p"":0.0005994842503189409}",
      4096,         0,         0,   0.031,pymatching,c5ca751aaccb112b2fc6f3e9a5b735918ad7833ac3069ee1270362dfaa2d7cfd,"{""config"":[""Y+"",""Y""],""d"":7,""p"":0.0018128205128205128}",
      1297,         0,         0,   0.012,pymatching,b9c5ccfc1e3322d1df5fefe43bfc5cdf09fb6f8e87b1867c2b3d7adb9d9a40bd,"{""config"":[""Y+"",""Y""],""d"":7,""p"":0.002169230769230769}",
     10240,      1213,         0,   0.111,pymatching,97570710ab6c7dadb39128d194b7ef98f8b66e234012630c9055351dddce15ae,"{""config"":[""Y+"",""Y""],""d"":5,""p"":0.012148717948717948}",
     38912,       262,         0,   0.149,pymatching,895f35546a52b568e46374f1d341a2badddf9bb9ff60f52b898b573fb39acc83,"{""config"":[""Y+"",""Y""],""d"":5,""p"":0.0043076923076923075}",
     40960,       227,         0,   0.148,pymatching,9581cf577c94fd3d92524757513bc8aea03230286c8c1988dd819d15427f1f62,"{""config"":[""Y+"",""Y""],""d"":5,""p"":0.003951282051282051}",
      8192,      1300,         0,   0.112,pymatching,3b92bd02934c77297399a3c76d68dbd6057f8022d948d367956eea26e6e07545,"{""config"":[""Y+"",""Y""],""d"":5,""p"":0.014643589743589744}",
     13312,         0,         0,   0.081,pymatching,d964ce250f510f05b10feb424012badadf776273e0f85d97054e675ebf8d58cb,"{""config"":[""Y+"",""Y""],""d"":7,""p"":0.001}",
     22528,         0,         0,   0.105,pymatching,ddab9fbd6b14be7b367f4624635cfd20a4481975912af552cad4351f6a7e48e2,"{""config"":[""Y+"",""Y""],""d"":7,""p"":1e-05}",
     28672,       458,         0,   0.148,pymatching,2dc7be9fda138f8bc49605ace479e0f83ef64593f02f437fd6605e765794cb1f,"{""config"":[""Y+"",""Y""],""d"":5,""p"":0.005733333333333333}",
      2048,         0,         0,   0.016,pymatching,b9c5ccfc1e3322d1df5fefe43bfc5cdf09fb6f8e87b1867c2b3d7adb9d9a40bd,"{""config"":[""Y+"",""Y""],""d"":7,""p"":0.002169230769230769}",
      9216,         1,         0,   0.057,pymatching,0593b8800785d13d9a221cb2b81f5e7a731d05e015e3de03874f28a07d88f3ef,"{""config"":[""Y+"",""Y""],""d"":7,""p"":0.0014564102564102565}",
     36864,       309,         0,   0.149,pymatching,518da64528007b967ad3978374c3581953e1802654a73a1069fd7b23150eec53,"{""config"":[""Y+"",""Y""],""d"":5,""p"":0.004664102564102564}",
     25600,       599,         0,   0.147,pymatching,55f8132449de2eb149ce51c48afbecf6eed8a22046d8c5e95991cde162fd4ea9,"{""config"":[""Y+"",""Y""],""d"":5,""p"":0.006446153846153846}",
      9216,      1165,         0,   0.107,pymatching,837fb1bef3c71c46ff7d7295581390cf72a8163e61e1b27f8e8d63ea3a6a1007,"{""config"":[""Y+"",""Y""],""d"":5,""p"":0.012861538461538462}",
     10240,      1195,         0,   0.115,pymatching,92b238d56566245af096f614b6e0dccb2a29a53e17f15099b266c7c1f51ba888,"{""config"":[""Y+"",""Y""],""d"":5,""p"":0.012505128205128205}",
      9216,      1317,         0,   0.113,pymatching,f9e5b59df5fefb5c5288960e57264f08eaaec4bbac87997ff5f65ef0bc79d37f,"{""config"":[""Y+"",""Y""],""d"":5,""p"":0.013574358974358974}",
     31744,       325,         0,   0.147,pymatching,b78d51e4f39cc3935f7278ccdeef8f922559597ffbd4f8e0507abeacc3a2c063,"{""config"":[""Y+"",""Y""],""d"":5,""p"":0.00502051282051282}",
      8192,      1431,         0,   0.111,pymatching,7fee7d0d9295348693f53b3699d011d8800e70681750d6e5dc1a935e3530dbc7,"{""config"":[""Y+"",""Y""],""d"":5,""p"":0.014999999999999998}",
     30720,       420,         0,   0.151,pymatching,fee0796c5a42d138738f9c1fb5793d4c8d53e8541fd66dd86c4bf8e6bbf752bc,"{""config"":[""Y+"",""Y""],""d"":5,""p"":0.005376923076923077}",
      9216,      1374,         0,   0.108,pymatching,c95d86c399046946f2268a41dd736bc734dca083de052b6b857464d5e42b8988,"{""config"":[""Y+"",""Y""],""d"":5,""p"":0.01393076923076923}",
     27648,       508,         0,   0.152,pymatching,2e114e34e9047f37305ffeabf7a391e9e94302a1b882029be1728590241753c5,"{""config"":[""Y+"",""Y""],""d"":5,""p"":0.00608974358974359}",
      8192,      1318,         0,   0.109,pymatching,fe459bf290e302323a3cbcfbf743b6f32dee206986b225c466a928fd7e6982ac,"{""config"":[""Y+"",""Y""],""d"":5,""p"":0.014287179487179487}",
     10240,      1342,         0,   0.112,pymatching,c3ee7c85f31da0c1913c1323b7be3d42c9a016b0e5e8aeb9ef562456edd1439e,"{""config"":[""Y+"",""Y""],""d"":5,""p"":0.013217948717948718}",
     24576,       616,         0,   0.147,pymatching,277ea2ac4a1a93fbda751637012d94b50a32886d0a3cf967e6960cad73efbcd3,"{""config"":[""Y+"",""Y""],""d"":5,""p"":0.006802564102564103}",
      5120,         0,         0,   0.039,pymatching,c5ca751aaccb112b2fc6f3e9a5b735918ad7833ac3069ee1270362dfaa2d7cfd,"{""config"":[""Y+"",""Y""],""d"":7,""p"":0.0018128205128205128}",
      3072,         1,         0,   0.024,pymatching,b9c5ccfc1e3322d1df5fefe43bfc5cdf09fb6f8e87b1867c2b3d7adb9d9a40bd,"{""config"":[""Y+"",""Y""],""d"":7,""p"":0.002169230769230769}",
     25600,       738,         0,   0.150,pymatching,04af591bfd4026d147069fa6690b45186668d32a5374a72746a306adc38dea2d,"{""config"":[""Y+"",""Y""],""d"":5,""p"":0.007158974358974359}",
     24576,       839,         0,   0.151,pymatching,37eac3d63624d183ca24f183e04ef642886d397414d08ee835b1c08ee7dae049,"{""config"":[""Y+"",""Y""],""d"":5,""p"":0.007515384615384615}",
    254976,         0,         0,   0.400,pymatching,5dd0745ef49adc03d1763624c203142a1aeb1556c043d6478fde58622f17934b,"{""config"":[""Y+"",""Y""],""d"":5,""p"":4.641588833612782e-05}",
     22528,         0,         0,   0.105,pymatching,2a9abd83c5a3d3db0eec60cc1cc5f8926ad0cda6b05841260a774163de5a5300,"{""config"":[""Y+"",""Y""],""d"":7,""p"":1.6681005372000593e-05}",
     22528,       928,         0,   0.149,pymatching,39ffa6c7a738853e61da0a9ef276cbbd7b304b4bac770844889e9607d62bf55d,"{""config"":[""Y+"",""Y""],""d"":5,""p"":0.008228205128205128}",
     23552,       833,         0,   0.150,pymatching,68d3b6d497833e47044c4059452326f0dcce649ba2f47180fc18871bbc9f16f6,"{""config"":[""Y+"",""Y""],""d"":5,""p"":0.007871794871794872}",
     22528,         0,         0,   0.107,pymatching,d4efb51de84e8753bb144bbe5cbc1e16119dd4138c3429ef067e31fd81182969,"{""config"":[""Y+"",""Y""],""d"":7,""p"":7.742636826811278e-05}",
     21504,         0,         0,   0.106,pymatching,1ebf2e24f42a25fd0e80fbd92c68bca690d32a7b6f33c49e44b405cff829f70d,"{""config"":[""Y+"",""Y""],""d"":7,""p"":0.00021544346900318823}",
     22528,         0,         0,   0.108,pymatching,3c857fc2010553329b0c56ef74743c200a997a241ffdc1a3d6ce71eeb6f35a54,"{""config"":[""Y+"",""Y""],""d"":7,""p"":0.0001291549665014884}",
      4096,         3,         0,   0.033,pymatching,b9c5ccfc1e3322d1df5fefe43bfc5cdf09fb6f8e87b1867c2b3d7adb9d9a40bd,"{""config"":[""Y+"",""Y""],""d"":7,""p"":0.002169230769230769}",
     22528,         0,         0,   0.105,pymatching,7aa90f14661fe503b169d17735323782ba47d9bacb07fb92cec4acd1e3381f76,"{""config"":[""Y+"",""Y""],""d"":7,""p"":2.782559402207126e-05}",
     12288,         0,         0,   0.077,pymatching,0593b8800785d13d9a221cb2b81f5e7a731d05e015e3de03874f28a07d88f3ef,"{""config"":[""Y+"",""Y""],""d"":7,""p"":0.0014564102564102565}",
      7168,         1,         0,   0.056,pymatching,c5ca751aaccb112b2fc6f3e9a5b735918ad7833ac3069ee1270362dfaa2d7cfd,"{""config"":[""Y+"",""Y""],""d"":7,""p"":0.0018128205128205128}",
     21504,      1022,         0,   0.150,pymatching,c02ebbf1fd65fa9c3ae2c2a12c52366afbf82bca0f3a1e453a2b1547ccc2f6ce,"{""config"":[""Y+"",""Y""],""d"":5,""p"":0.008584615384615385}",
     22528,         0,         0,   0.106,pymatching,7e10452490fdaa8d156054ff5ef1acff444cf67cb4c136cd79857b341f9e4172,"{""config"":[""Y+"",""Y""],""d"":7,""p"":4.641588833612782e-05}",
     20480,         0,         0,   0.106,pymatching,7a36ae4616f1d754f42dd521d2fabf024d85329dfad51a046c6fc6d074b7b6f0,"{""config"":[""Y+"",""Y""],""d"":7,""p"":0.00035938136638046257}",
     17408,         0,         0,   0.107,pymatching,e34529a27c2f8d5d8bc8d8e2e799cf1fb09be2666f89b6597da07e402b93b3a8,"{""config"":[""Y+"",""Y""],""d"":7,""p"":0.0011}",
     20480,      1224,         0,   0.154,pymatching,4cb24fa9ab8f0b7112d7f21679f77b54975282aca7f7b3cb823c5fe56300ea6c,"{""config"":[""Y+"",""Y""],""d"":5,""p"":0.009297435897435898}",
     19456,         0,         0,   0.107,pymatching,f1775c7e580d8f5fddb23efcaf637a9598af94daaad5195170fd5a28436ce87c,"{""config"":[""Y+"",""Y""],""d"":7,""p"":0.0005994842503189409}",
     20480,      1063,         0,   0.148,pymatching,c158f65688299f75c2a23a65a865def7419d91a7b818b2c66e2d16dda90eef87,"{""config"":[""Y+"",""Y""],""d"":5,""p"":0.00894102564102564}",
      5120,         3,         0,   0.042,pymatching,b9c5ccfc1e3322d1df5fefe43bfc5cdf09fb6f8e87b1867c2b3d7adb9d9a40bd,"{""config"":[""Y+"",""Y""],""d"":7,""p"":0.002169230769230769}",
     17408,         0,         0,   0.106,pymatching,d964ce250f510f05b10feb424012badadf776273e0f85d97054e675ebf8d58cb,"{""config"":[""Y+"",""Y""],""d"":7,""p"":0.001}",
    183296,        55,         0,   0.402,pymatching,5e7f5a5babac4f8ad707610f5b4cc4b26d807e8c8458cf225daf5167039534d1,"{""config"":[""Y+"",""Y""],""d"":5,""p"":0.0014564102564102565}",
     17408,      1117,         0,   0.149,pymatching,593850c559acfa69a73e8599435c38036e326c0e068924eab2780cdb4ee4af44,"{""config"":[""Y+"",""Y""],""d"":5,""p"":0.009653846153846153}",
     17408,      1187,         0,   0.154,pymatching,ae388a1a7b56bd08927eb6748e75367cc11c52650ca1a45b4d94765fe8fa3dcf,"{""config"":[""Y+"",""Y""],""d"":5,""p"":0.010010256410256409}",
     18432,      1412,         0,   0.155,pymatching,519dd45f646daaf287cb56b7807beae56e6a02df17f815cc31b4cc72e96316f4,"{""config"":[""Y+"",""Y""],""d"":5,""p"":0.010366666666666666}",
     14336,      1469,         0,   0.152,pymatching,78fcdcb560dd8997220b9c26c8f600c2065ba8567ecd5dfd66b9c04843659c04,"{""config"":[""Y+"",""Y""],""d"":5,""p"":0.011792307692307692}",
     68608,       105,         0,   0.206,pymatching,10f522386e5401ce6a5865e1ae4a4bbef4eb1bf3daffbc11d9ada0dc0bad96c2,"{""config"":[""Y+"",""Y""],""d"":5,""p"":0.0025256410256410257}",
     17408,      1414,         0,   0.153,pymatching,fbbb21431ffdb6066af66c9c44765b6ac5b2e2f4ad2bde10f07047d02dfd2e1e,"{""config"":[""Y+"",""Y""],""d"":5,""p"":0.010723076923076922}",
     15360,      1372,         0,   0.153,pymatching,11b97e06af0ed11396eb4aa725e63df52551e952878613e9006df7932181a6b5,"{""config"":[""Y+"",""Y""],""d"":5,""p"":0.01107948717948718}",
     15360,      1469,         0,   0.156,pymatching,54bb703cea76a15bdf61d2cf2204d58e7d06d8aed6e2320203e3854ac25ed8c2,"{""config"":[""Y+"",""Y""],""d"":5,""p"":0.011435897435897435}",
     64512,       139,         0,   0.206,pymatching,d0f00be01be4cf465b3edd773909d2115ae29a61da6eed6079d3b2258616393e,"{""config"":[""Y+"",""Y""],""d"":5,""p"":0.0028820512820512817}",
     14336,      1635,         0,   0.157,pymatching,97570710ab6c7dadb39128d194b7ef98f8b66e234012630c9055351dddce15ae,"{""config"":[""Y+"",""Y""],""d"":5,""p"":0.012148717948717948}",
     31744,         0,         0,   0.150,pymatching,ddab9fbd6b14be7b367f4624635cfd20a4481975912af552cad4351f6a7e48e2,"{""config"":[""Y+"",""Y""],""d"":7,""p"":1e-05}",
     11264,      1869,         0,   0.155,pymatching,3b92bd02934c77297399a3c76d68dbd6057f8022d948d367956eea26e6e07545,"{""config"":[""Y+"",""Y""],""d"":5,""p"":0.014643589743589744}",
     10240,         0,         0,   0.078,pymatching,c5ca751aaccb112b2fc6f3e9a5b735918ad7833ac3069ee1270362dfaa2d7cfd,"{""config"":[""Y+"",""Y""],""d"":7,""p"":0.0018128205128205128}",
     13312,      1559,         0,   0.151,pymatching,92b238d56566245af096f614b6e0dccb2a29a53e17f15099b266c7c1f51ba888,"{""config"":[""Y+"",""Y""],""d"":5,""p"":0.012505128205128205}",
     60416,       199,         0,   0.208,pymatching,f2a68c7e7caa1dbcd527c13e207c28d6b9f88214222056c0daa9bf175bbd294f,"{""config"":[""Y+"",""Y""],""d"":5,""p"":0.003238461538461538}",
      7168,         3,         0,   0.058,pymatching,b9c5ccfc1e3322d1df5fefe43bfc5cdf09fb6f8e87b1867c2b3d7adb9d9a40bd,"{""config"":[""Y+"",""Y""],""d"":7,""p"":0.002169230769230769}",
     13312,      1651,         0,   0.156,pymatching,837fb1bef3c71c46ff7d7295581390cf72a8163e61e1b27f8e8d63ea3a6a1007,"{""config"":[""Y+"",""Y""],""d"":5,""p"":0.012861538461538462}",
     12288,      1767,         0,   0.154,pymatching,f9e5b59df5fefb5c5288960e57264f08eaaec4bbac87997ff5f65ef0bc79d37f,"{""config"":[""Y+"",""Y""],""d"":5,""p"":0.013574358974358974}",
     13312,      1791,         0,   0.147,pymatching,c3ee7c85f31da0c1913c1323b7be3d42c9a016b0e5e8aeb9ef562456edd1439e,"{""config"":[""Y+"",""Y""],""d"":5,""p"":0.013217948717948718}",
     11264,      1744,         0,   0.149,pymatching,fe459bf290e302323a3cbcfbf743b6f32dee206986b225c466a928fd7e6982ac,"{""config"":[""Y+"",""Y""],""d"":5,""p"":0.014287179487179487}",
     11264,      1971,         0,   0.158,pymatching,7fee7d0d9295348693f53b3699d011d8800e70681750d6e5dc1a935e3530dbc7,"{""config"":[""Y+"",""Y""],""d"":5,""p"":0.014999999999999998}",
     61440,       254,         0,   0.208,pymatching,416ae957e4ead28fc5c3fa675fb1fa14810150ea56974c4179e9bf8e0ad9c5c2,"{""config"":[""Y+"",""Y""],""d"":5,""p"":0.0035948717948717946}",
     13312,      2002,         0,   0.157,pymatching,c95d86c399046946f2268a41dd736bc734dca083de052b6b857464d5e42b8988,"{""config"":[""Y+"",""Y""],""d"":5,""p"":0.01393076923076923}",
     31744,         0,         0,   0.150,pymatching,2a9abd83c5a3d3db0eec60cc1cc5f8926ad0cda6b05841260a774163de5a5300,"{""config"":[""Y+"",""Y""],""d"":7,""p"":1.6681005372000593e-05}",
     17408,         1,         0,   0.108,pymatching,0593b8800785d13d9a221cb2b81f5e7a731d05e015e3de03874f28a07d88f3ef,"{""config"":[""Y+"",""Y""],""d"":7,""p"":0.0014564102564102565}",
    244736,         1,         0,   0.400,pymatching,f8bf66581fd00bfa97b5b99cb2db33644b5d8de76544435f1508152e99566945,"{""config"":[""Y+"",""Y""],""d"":5,""p"":0.00021544346900318823}",
    254976,         0,         0,   0.400,pymatching,7c666284d64c95144167644c2b1500400d18d3de09496dfa01ff3d370ed1d7ca,"{""config"":[""Y+"",""Y""],""d"":5,""p"":7.742636826811278e-05}",
    152576,         4,         0,   0.404,pymatching,c027daabe67c5e250c8ef5ae9ea64a61d5a0e806e67b3b60e36e792022c5d9f5,"{""config"":[""Y+"",""Y""],""d"":5,""p"":0.0005994842503189409}",
    254976,         0,         0,   0.399,pymatching,6a38cbee8d4fbed323fe5fc0883fb594bf4325b0ce4571aaaa878f7b2affe8f6,"{""config"":[""Y+"",""Y""],""d"":5,""p"":2.782559402207126e-05}",
     54272,       375,         0,   0.207,pymatching,895f35546a52b568e46374f1d341a2badddf9bb9ff60f52b898b573fb39acc83,"{""config"":[""Y+"",""Y""],""d"":5,""p"":0.0043076923076923075}",
     57344,       320,         0,   0.207,pymatching,9581cf577c94fd3d92524757513bc8aea03230286c8c1988dd819d15427f1f62,"{""config"":[""Y+"",""Y""],""d"":5,""p"":0.003951282051282051}",
     30720,         0,         0,   0.147,pymatching,d4efb51de84e8753bb144bbe5cbc1e16119dd4138c3429ef067e31fd81182969,"{""config"":[""Y+"",""Y""],""d"":7,""p"":7.742636826811278e-05}",
    219136,         0,         0,   0.400,pymatching,a431c6fd4a0c2277f809c38c43dcdc4348febec18248b8b052df301d91485069,"{""config"":[""Y+"",""Y""],""d"":5,""p"":0.00035938136638046257}",
     29696,         0,         0,   0.147,pymatching,1ebf2e24f42a25fd0e80fbd92c68bca690d32a7b6f33c49e44b405cff829f70d,"{""config"":[""Y+"",""Y""],""d"":7,""p"":0.00021544346900318823}",
    202752,        15,         0,   0.400,pymatching,21c1ff698806fc7edab1cc9c018ae50ee4c947af998e057ea46bdddad77411dd,"{""config"":[""Y+"",""Y""],""d"":5,""p"":0.001}",
     30720,         0,         0,   0.148,pymatching,3c857fc2010553329b0c56ef74743c200a997a241ffdc1a3d6ce71eeb6f35a54,"{""config"":[""Y+"",""Y""],""d"":7,""p"":0.0001291549665014884}",
    155648,        86,         0,   0.403,pymatching,e30e755e7a0719ba6d1fc0f53b54f72ffaaa686b35dcc95660eec57ceed41e56,"{""config"":[""Y+"",""Y""],""d"":5,""p"":0.0018128205128205128}",
     39936,       608,         0,   0.208,pymatching,2dc7be9fda138f8bc49605ace479e0f83ef64593f02f437fd6605e765794cb1f,"{""config"":[""Y+"",""Y""],""d"":5,""p"":0.005733333333333333}",
     51200,       444,         0,   0.207,pymatching,518da64528007b967ad3978374c3581953e1802654a73a1069fd7b23150eec53,"{""config"":[""Y+"",""Y""],""d"":5,""p"":0.004664102564102564}",
    230400,         0,         0,   0.399,pymatching,dcf8d486b730d80c8516d1314b5f7e522b9684fea3b76df00f09a83e61559cd3,"{""config"":[""Y+"",""Y""],""d"":5,""p"":0.0001291549665014884}",
     35840,       797,         0,   0.208,pymatching,55f8132449de2eb149ce51c48afbecf6eed8a22046d8c5e95991cde162fd4ea9,"{""config"":[""Y+"",""Y""],""d"":5,""p"":0.006446153846153846}",
    183296,        21,         0,   0.400,pymatching,2b0c4fb2ea4cc842ea602a2df29d7dfe9642687babb506ecad7f9e8281d2599a,"{""config"":[""Y+"",""Y""],""d"":5,""p"":0.0011}",
     31744,         0,         0,   0.150,pymatching,7aa90f14661fe503b169d17735323782ba47d9bacb07fb92cec4acd1e3381f76,"{""config"":[""Y+"",""Y""],""d"":7,""p"":2.782559402207126e-05}",
    237568,         0,         0,   0.400,pymatching,fc0244b2383b9cd41b211227c1e3f71dc7d31de679c046c7ef605e4443a6f18e,"{""config"":[""Y+"",""Y""],""d"":5,""p"":1e-05}",
    157696,       165,         0,   0.402,pymatching,7d722f229965de87d2d4daf10e9b29159b2435faef8a6944d5b39c4678d848f7,"{""config"":[""Y+"",""Y""],""d"":5,""p"":0.002169230769230769}",
     44032,       479,         0,   0.206,pymatching,b78d51e4f39cc3935f7278ccdeef8f922559597ffbd4f8e0507abeacc3a2c063,"{""config"":[""Y+"",""Y""],""d"":5,""p"":0.00502051282051282}",
    235520,         0,         0,   0.400,pymatching,dd6ff887cc965fb5d609bf081139f2e07c4d599a2bb880d2ad09ebf78e04ea3f,"{""config"":[""Y+"",""Y""],""d"":5,""p"":1.6681005372000593e-05}",
     41984,       540,         0,   0.209,pymatching,fee0796c5a42d138738f9c1fb5793d4c8d53e8541fd66dd86c4bf8e6bbf752bc,"{""config"":[""Y+"",""Y""],""d"":5,""p"":0.005376923076923077}",
     37888,       720,         0,   0.209,pymatching,2e114e34e9047f37305ffeabf7a391e9e94302a1b882029be1728590241753c5,"{""config"":[""Y+"",""Y""],""d"":5,""p"":0.00608974358974359}",
     31744,         0,         0,   0.150,pymatching,7e10452490fdaa8d156054ff5ef1acff444cf67cb4c136cd79857b341f9e4172,"{""config"":[""Y+"",""Y""],""d"":7,""p"":4.641588833612782e-05}",
     28672,         0,         0,   0.149,pymatching,7a36ae4616f1d754f42dd521d2fabf024d85329dfad51a046c6fc6d074b7b6f0,"{""config"":[""Y+"",""Y""],""d"":7,""p"":0.00035938136638046257}",
     34816,       841,         0,   0.211,pymatching,277ea2ac4a1a93fbda751637012d94b50a32886d0a3cf967e6960cad73efbcd3,"{""config"":[""Y+"",""Y""],""d"":5,""p"":0.006802564102564103}",
     33792,      1138,         0,   0.208,pymatching,37eac3d63624d183ca24f183e04ef642886d397414d08ee835b1c08ee7dae049,"{""config"":[""Y+"",""Y""],""d"":5,""p"":0.007515384615384615}",
     35840,      1061,         0,   0.209,pymatching,04af591bfd4026d147069fa6690b45186668d32a5374a72746a306adc38dea2d,"{""config"":[""Y+"",""Y""],""d"":5,""p"":0.007158974358974359}",
    129327,         0,         0,   0.203,pymatching,5dd0745ef49adc03d1763624c203142a1aeb1556c043d6478fde58622f17934b,"{""config"":[""Y+"",""Y""],""d"":5,""p"":4.641588833612782e-05}",
     24576,         0,         0,   0.153,pymatching,e34529a27c2f8d5d8bc8d8e2e799cf1fb09be2666f89b6597da07e402b93b3a8,"{""config"":[""Y+"",""Y""],""d"":7,""p"":0.0011}",
     10240,         2,         0,   0.082,pymatching,b9c5ccfc1e3322d1df5fefe43bfc5cdf09fb6f8e87b1867c2b3d7adb9d9a40bd,"{""config"":[""Y+"",""Y""],""d"":7,""p"":0.002169230769230769}",
     27648,         0,         0,   0.151,pymatching,f1775c7e580d8f5fddb23efcaf637a9598af94daaad5195170fd5a28436ce87c,"{""config"":[""Y+"",""Y""],""d"":7,""p"":0.0005994842503189409}",
     31744,      1369,         0,   0.212,pymatching,39ffa6c7a738853e61da0a9ef276cbbd7b304b4bac770844889e9607d62bf55d,"{""config"":[""Y+"",""Y""],""d"":5,""p"":0.008228205128205128}",
     24576,         0,         0,   0.151,pymatching,d964ce250f510f05b10feb424012badadf776273e0f85d97054e675ebf8d58cb,"{""config"":[""Y+"",""Y""],""d"":7,""p"":0.001}",
     32768,      1256,         0,   0.210,pymatching,68d3b6d497833e47044c4059452326f0dcce649ba2f47180fc18871bbc9f16f6,"{""config"":[""Y+"",""Y""],""d"":5,""p"":0.007871794871794872}",
     14336,         0,         0,   0.109,pymatching,c5ca751aaccb112b2fc6f3e9a5b735918ad7833ac3069ee1270362dfaa2d7cfd,"{""config"":[""Y+"",""Y""],""d"":7,""p"":0.0018128205128205128}",
     29696,      1430,         0,   0.207,pymatching,c02ebbf1fd65fa9c3ae2c2a12c52366afbf82bca0f3a1e453a2b1547ccc2f6ce,"{""config"":[""Y+"",""Y""],""d"":5,""p"":0.008584615384615385}",
     27648,      1600,         0,   0.207,pymatching,4cb24fa9ab8f0b7112d7f21679f77b54975282aca7f7b3cb823c5fe56300ea6c,"{""config"":[""Y+"",""Y""],""d"":5,""p"":0.009297435897435898}",
     28672,      1549,         0,   0.208,pymatching,c158f65688299f75c2a23a65a865def7419d91a7b818b2c66e2d16dda90eef87,"{""config"":[""Y+"",""Y""],""d"":5,""p"":0.00894102564102564}",
     24576,      1559,         0,   0.211,pymatching,593850c559acfa69a73e8599435c38036e326c0e068924eab2780cdb4ee4af44,"{""config"":[""Y+"",""Y""],""d"":5,""p"":0.009653846153846153}",
     23552,      1640,         0,   0.208,pymatching,ae388a1a7b56bd08927eb6748e75367cc11c52650ca1a45b4d94765fe8fa3dcf,"{""config"":[""Y+"",""Y""],""d"":5,""p"":0.010010256410256409}",
     24576,      1893,         0,   0.208,pymatching,519dd45f646daaf287cb56b7807beae56e6a02df17f815cc31b4cc72e96316f4,"{""config"":[""Y+"",""Y""],""d"":5,""p"":0.010366666666666666}",
     19456,      1998,         0,   0.208,pymatching,78fcdcb560dd8997220b9c26c8f600c2065ba8567ecd5dfd66b9c04843659c04,"{""config"":[""Y+"",""Y""],""d"":5,""p"":0.011792307692307692}",
     23552,      1941,         0,   0.208,pymatching,fbbb21431ffdb6066af66c9c44765b6ac5b2e2f4ad2bde10f07047d02dfd2e1e,"{""config"":[""Y+"",""Y""],""d"":5,""p"":0.010723076923076922}",
     24576,         3,         0,   0.152,pymatching,0593b8800785d13d9a221cb2b81f5e7a731d05e015e3de03874f28a07d88f3ef,"{""config"":[""Y+"",""Y""],""d"":7,""p"":0.0014564102564102565}",
     21504,      1871,         0,   0.214,pymatching,11b97e06af0ed11396eb4aa725e63df52551e952878613e9006df7932181a6b5,"{""config"":[""Y+"",""Y""],""d"":5,""p"":0.01107948717948718}",
     20480,      1945,         0,   0.209,pymatching,54bb703cea76a15bdf61d2cf2204d58e7d06d8aed6e2320203e3854ac25ed8c2,"{""config"":[""Y+"",""Y""],""d"":5,""p"":0.011435897435897435}",
     13312,         2,         0,   0.107,pymatching,b9c5ccfc1e3322d1df5fefe43bfc5cdf09fb6f8e87b1867c2b3d7adb9d9a40bd,"{""config"":[""Y+"",""Y""],""d"":7,""p"":0.002169230769230769}",
     19456,      2135,         0,   0.212,pymatching,97570710ab6c7dadb39128d194b7ef98f8b66e234012630c9055351dddce15ae,"{""config"":[""Y+"",""Y""],""d"":5,""p"":0.012148717948717948}",
     44032,         0,         0,   0.209,pymatching,ddab9fbd6b14be7b367f4624635cfd20a4481975912af552cad4351f6a7e48e2,"{""config"":[""Y+"",""Y""],""d"":7,""p"":1e-05}",
     15360,      2566,         0,   0.212,pymatching,3b92bd02934c77297399a3c76d68dbd6057f8022d948d367956eea26e6e07545,"{""config"":[""Y+"",""Y""],""d"":5,""p"":0.014643589743589744}",
     18432,      2199,         0,   0.208,pymatching,92b238d56566245af096f614b6e0dccb2a29a53e17f15099b266c7c1f51ba888,"{""config"":[""Y+"",""Y""],""d"":5,""p"":0.012505128205128205}",
     18432,      2158,         0,   0.216,pymatching,837fb1bef3c71c46ff7d7295581390cf72a8163e61e1b27f8e8d63ea3a6a1007,"{""config"":[""Y+"",""Y""],""d"":5,""p"":0.012861538461538462}",
     15360,      2395,         0,   0.208,pymatching,fe459bf290e302323a3cbcfbf743b6f32dee206986b225c466a928fd7e6982ac,"{""config"":[""Y+"",""Y""],""d"":5,""p"":0.014287179487179487}",
     17408,      2444,         0,   0.216,pymatching,f9e5b59df5fefb5c5288960e57264f08eaaec4bbac87997ff5f65ef0bc79d37f,"{""config"":[""Y+"",""Y""],""d"":5,""p"":0.013574358974358974}",
     19456,      2650,         0,   0.214,pymatching,c3ee7c85f31da0c1913c1323b7be3d42c9a016b0e5e8aeb9ef562456edd1439e,"{""config"":[""Y+"",""Y""],""d"":5,""p"":0.013217948717948718}",
     15360,      2542,         0,   0.215,pymatching,7fee7d0d9295348693f53b3699d011d8800e70681750d6e5dc1a935e3530dbc7,"{""config"":[""Y+"",""Y""],""d"":5,""p"":0.014999999999999998}",
     18432,      2741,         0,   0.215,pymatching,c95d86c399046946f2268a41dd736bc734dca083de052b6b857464d5e42b8988,"{""config"":[""Y+"",""Y""],""d"":5,""p"":0.01393076923076923}",
     44032,         0,         0,   0.208,pymatching,2a9abd83c5a3d3db0eec60cc1cc5f8926ad0cda6b05841260a774163de5a5300,"{""config"":[""Y+"",""Y""],""d"":7,""p"":1.6681005372000593e-05}",
     43008,         0,         0,   0.206,pymatching,d4efb51de84e8753bb144bbe5cbc1e16119dd4138c3429ef067e31fd81182969,"{""config"":[""Y+"",""Y""],""d"":7,""p"":7.742636826811278e-05}",
      2048,       293,         0,   0.024,pymatching,c95d86c399046946f2268a41dd736bc734dca083de052b6b857464d5e42b8988,"{""config"":[""Y+"",""Y""],""d"":5,""p"":0.01393076923076923}",
     95232,       146,         0,   0.288,pymatching,10f522386e5401ce6a5865e1ae4a4bbef4eb1bf3daffbc11d9ada0dc0bad96c2,"{""config"":[""Y+"",""Y""],""d"":5,""p"":0.0025256410256410257}",
    135471,         0,         0,   0.213,pymatching,6a38cbee8d4fbed323fe5fc0883fb594bf4325b0ce4571aaaa878f7b2affe8f6,"{""config"":[""Y+"",""Y""],""d"":5,""p"":2.782559402207126e-05}",
     41984,         0,         0,   0.208,pymatching,1ebf2e24f42a25fd0e80fbd92c68bca690d32a7b6f33c49e44b405cff829f70d,"{""config"":[""Y+"",""Y""],""d"":7,""p"":0.00021544346900318823}",
     43008,         0,         0,   0.208,pymatching,3c857fc2010553329b0c56ef74743c200a997a241ffdc1a3d6ce71eeb6f35a54,"{""config"":[""Y+"",""Y""],""d"":7,""p"":0.0001291549665014884}",
     19456,         0,         0,   0.148,pymatching,c5ca751aaccb112b2fc6f3e9a5b735918ad7833ac3069ee1270362dfaa2d7cfd,"{""config"":[""Y+"",""Y""],""d"":7,""p"":0.0018128205128205128}",
    135471,         0,         0,   0.219,pymatching,7c666284d64c95144167644c2b1500400d18d3de09496dfa01ff3d370ed1d7ca,"{""config"":[""Y+"",""Y""],""d"":5,""p"":7.742636826811278e-05}",
     44032,         0,         0,   0.208,pymatching,7aa90f14661fe503b169d17735323782ba47d9bacb07fb92cec4acd1e3381f76,"{""config"":[""Y+"",""Y""],""d"":7,""p"":2.782559402207126e-05}",
      3072,       565,         0,   0.042,pymatching,7fee7d0d9295348693f53b3699d011d8800e70681750d6e5dc1a935e3530dbc7,"{""config"":[""Y+"",""Y""],""d"":5,""p"":0.014999999999999998}",
      5120,       847,         0,   0.070,pymatching,3b92bd02934c77297399a3c76d68dbd6057f8022d948d367956eea26e6e07545,"{""config"":[""Y+"",""Y""],""d"":5,""p"":0.014643589743589744}",
     90112,       192,         0,   0.289,pymatching,d0f00be01be4cf465b3edd773909d2115ae29a61da6eed6079d3b2258616393e,"{""config"":[""Y+"",""Y""],""d"":5,""p"":0.0028820512820512817}",
     44032,         0,         0,   0.208,pymatching,7e10452490fdaa8d156054ff5ef1acff444cf67cb4c136cd79857b341f9e4172,"{""config"":[""Y+"",""Y""],""d"":7,""p"":4.641588833612782e-05}",
     39936,         0,         0,   0.207,pymatching,7a36ae4616f1d754f42dd521d2fabf024d85329dfad51a046c6fc6d074b7b6f0,"{""config"":[""Y+"",""Y""],""d"":7,""p"":0.00035938136638046257}",
     83968,       250,         0,   0.290,pymatching,f2a68c7e7caa1dbcd527c13e207c28d6b9f88214222056c0daa9bf175bbd294f,"{""config"":[""Y+"",""Y""],""d"":5,""p"":0.003238461538461538}",
     37888,         0,         0,   0.208,pymatching,f1775c7e580d8f5fddb23efcaf637a9598af94daaad5195170fd5a28436ce87c,"{""config"":[""Y+"",""Y""],""d"":7,""p"":0.0005994842503189409}",
     33792,         0,         0,   0.212,pymatching,e34529a27c2f8d5d8bc8d8e2e799cf1fb09be2666f89b6597da07e402b93b3a8,"{""config"":[""Y+"",""Y""],""d"":7,""p"":0.0011}",
     84992,       348,         0,   0.289,pymatching,416ae957e4ead28fc5c3fa675fb1fa14810150ea56974c4179e9bf8e0ad9c5c2,"{""config"":[""Y+"",""Y""],""d"":5,""p"":0.0035948717948717946}",
      7168,       962,         0,   0.079,pymatching,c3ee7c85f31da0c1913c1323b7be3d42c9a016b0e5e8aeb9ef562456edd1439e,"{""config"":[""Y+"",""Y""],""d"":5,""p"":0.013217948717948718}",
     33792,         1,         0,   0.207,pymatching,d964ce250f510f05b10feb424012badadf776273e0f85d97054e675ebf8d58cb,"{""config"":[""Y+"",""Y""],""d"":7,""p"":0.001}",
      1297,         2,         0,   0.012,pymatching,2c493731402f69a8580bdf5b58ad0e0c3f1b910fd2a23dc0feafd13baa269d2c,"{""config"":[""Y+"",""Y""],""d"":7,""p"":0.0025256410256410257}",
      7168,      1118,         0,   0.095,pymatching,fe459bf290e302323a3cbcfbf743b6f32dee206986b225c466a928fd7e6982ac,"{""config"":[""Y+"",""Y""],""d"":5,""p"":0.014287179487179487}",
      8192,      1155,         0,   0.101,pymatching,f9e5b59df5fefb5c5288960e57264f08eaaec4bbac87997ff5f65ef0bc79d37f,"{""config"":[""Y+"",""Y""],""d"":5,""p"":0.013574358974358974}",
    174383,         0,         0,   0.287,pymatching,f8bf66581fd00bfa97b5b99cb2db33644b5d8de76544435f1508152e99566945,"{""config"":[""Y+"",""Y""],""d"":5,""p"":0.00021544346900318823}",
      2048,         1,         0,   0.017,pymatching,2c493731402f69a8580bdf5b58ad0e0c3f1b910fd2a23dc0feafd13baa269d2c,"{""config"":[""Y+"",""Y""],""d"":7,""p"":0.0025256410256410257}",
     75776,       519,         0,   0.289,pymatching,895f35546a52b568e46374f1d341a2badddf9bb9ff60f52b898b573fb39acc83,"{""config"":[""Y+"",""Y""],""d"":5,""p"":0.0043076923076923075}",
     79872,       458,         0,   0.289,pymatching,9581cf577c94fd3d92524757513bc8aea03230286c8c1988dd819d15427f1f62,"{""config"":[""Y+"",""Y""],""d"":5,""p"":0.003951282051282051}",
     18432,         4,         0,   0.149,pymatching,b9c5ccfc1e3322d1df5fefe43bfc5cdf09fb6f8e87b1867c2b3d7adb9d9a40bd,"{""config"":[""Y+"",""Y""],""d"":7,""p"":0.002169230769230769}",
    167215,         0,         0,   0.282,pymatching,fc0244b2383b9cd41b211227c1e3f71dc7d31de679c046c7ef605e4443a6f18e,"{""config"":[""Y+"",""Y""],""d"":5,""p"":1e-05}",
     71680,       638,         0,   0.290,pymatching,518da64528007b967ad3978374c3581953e1802654a73a1069fd7b23150eec53,"{""config"":[""Y+"",""Y""],""d"":5,""p"":0.004664102564102564}",
     55296,       884,         0,   0.290,pymatching,2dc7be9fda138f8bc49605ace479e0f83ef64593f02f437fd6605e765794cb1f,"{""config"":[""Y+"",""Y""],""d"":5,""p"":0.005733333333333333}",
     50176,      1134,         0,   0.291,pymatching,55f8132449de2eb149ce51c48afbecf6eed8a22046d8c5e95991cde162fd4ea9,"{""config"":[""Y+"",""Y""],""d"":5,""p"":0.006446153846153846}",
    163119,         0,         0,   0.279,pymatching,dd6ff887cc965fb5d609bf081139f2e07c4d599a2bb880d2ad09ebf78e04ea3f,"{""config"":[""Y+"",""Y""],""d"":5,""p"":1.6681005372000593e-05}",
     61440,       644,         0,   0.290,pymatching,b78d51e4f39cc3935f7278ccdeef8f922559597ffbd4f8e0507abeacc3a2c063,"{""config"":[""Y+"",""Y""],""d"":5,""p"":0.00502051282051282}",
      1297,         1,         0,   0.013,pymatching,c29daf484c9d432db8f543665f6277eae8f75a9a750a6f2b46c8830e5bd84bae,"{""config"":[""Y+"",""Y""],""d"":7,""p"":0.0028820512820512817}",
      3072,         1,         0,   0.025,pymatching,2c493731402f69a8580bdf5b58ad0e0c3f1b910fd2a23dc0feafd13baa269d2c,"{""config"":[""Y+"",""Y""],""d"":7,""p"":0.0025256410256410257}",
     57344,       803,         0,   0.288,pymatching,fee0796c5a42d138738f9c1fb5793d4c8d53e8541fd66dd86c4bf8e6bbf752bc,"{""config"":[""Y+"",""Y""],""d"":5,""p"":0.005376923076923077}",
     52224,       981,         0,   0.289,pymatching,2e114e34e9047f37305ffeabf7a391e9e94302a1b882029be1728590241753c5,"{""config"":[""Y+"",""Y""],""d"":5,""p"":0.00608974358974359}",
      1297,         1,         0,   0.014,pymatching,5bc48b83ec852cb30e501e5b0905235215d5d2acb38422d1ae9a4692a1dddcd3,"{""config"":[""Y+"",""Y""],""d"":7,""p"":0.0035948717948717946}",
      1297,         0,         0,   0.014,pymatching,55e2052820d1a12ecd22092c6f5ca6c76ccd51891eb64142fab7e2d43f17862d,"{""config"":[""Y+"",""Y""],""d"":7,""p"":0.003238461538461538}",
     48128,      1196,         0,   0.291,pymatching,277ea2ac4a1a93fbda751637012d94b50a32886d0a3cf967e6960cad73efbcd3,"{""config"":[""Y+"",""Y""],""d"":5,""p"":0.006802564102564103}",
     47104,      1552,         0,   0.290,pymatching,37eac3d63624d183ca24f183e04ef642886d397414d08ee835b1c08ee7dae049,"{""config"":[""Y+"",""Y""],""d"":5,""p"":0.007515384615384615}",
     49152,      1478,         0,   0.290,pymatching,04af591bfd4026d147069fa6690b45186668d32a5374a72746a306adc38dea2d,"{""config"":[""Y+"",""Y""],""d"":5,""p"":0.007158974358974359}",
      2048,         2,         0,   0.018,pymatching,c29daf484c9d432db8f543665f6277eae8f75a9a750a6f2b46c8830e5bd84bae,"{""config"":[""Y+"",""Y""],""d"":7,""p"":0.0028820512820512817}",
      1297,         2,         0,   0.018,pymatching,583761c35c6053557a126e62d723dad6630bce6cb9ef4b9b16e28bcd435dfb36,"{""config"":[""Y+"",""Y""],""d"":7,""p"":0.003951282051282051}",
      2048,         5,         0,   0.020,pymatching,5bc48b83ec852cb30e501e5b0905235215d5d2acb38422d1ae9a4692a1dddcd3,"{""config"":[""Y+"",""Y""],""d"":7,""p"":0.0035948717948717946}",
      2048,         2,         0,   0.019,pymatching,55e2052820d1a12ecd22092c6f5ca6c76ccd51891eb64142fab7e2d43f17862d,"{""config"":[""Y+"",""Y""],""d"":7,""p"":0.003238461538461538}",
     43008,      1853,         0,   0.290,pymatching,39ffa6c7a738853e61da0a9ef276cbbd7b304b4bac770844889e9607d62bf55d,"{""config"":[""Y+"",""Y""],""d"":5,""p"":0.008228205128205128}",
      1297,         7,         0,   0.018,pymatching,72809015876d1f9b8ff5ff89d3ce2a1c29e73672373efd2eb3e8fd9cda3edd02,"{""config"":[""Y+"",""Y""],""d"":7,""p"":0.0043076923076923075}",
      4096,         0,         0,   0.034,pymatching,2c493731402f69a8580bdf5b58ad0e0c3f1b910fd2a23dc0feafd13baa269d2c,"{""config"":[""Y+"",""Y""],""d"":7,""p"":0.0025256410256410257}",
     45056,      1789,         0,   0.288,pymatching,68d3b6d497833e47044c4059452326f0dcce649ba2f47180fc18871bbc9f16f6,"{""config"":[""Y+"",""Y""],""d"":5,""p"":0.007871794871794872}",
     33792,         3,         0,   0.211,pymatching,0593b8800785d13d9a221cb2b81f5e7a731d05e015e3de03874f28a07d88f3ef,"{""config"":[""Y+"",""Y""],""d"":7,""p"":0.0014564102564102565}",
      1297,         8,         0,   0.017,pymatching,aa429589a3348e00898eb2b9a5a5dbd4f3b518fd65dc69aeba43d82ded161f49,"{""config"":[""Y+"",""Y""],""d"":7,""p"":0.004664102564102564}",
      3072,         5,         0,   0.027,pymatching,c29daf484c9d432db8f543665f6277eae8f75a9a750a6f2b46c8830e5bd84bae,"{""config"":[""Y+"",""Y""],""d"":7,""p"":0.0028820512820512817}",
     15360,      1936,         0,   0.181,pymatching,837fb1bef3c71c46ff7d7295581390cf72a8163e61e1b27f8e8d63ea3a6a1007,"{""config"":[""Y+"",""Y""],""d"":5,""p"":0.012861538461538462}",
      2048,         5,         0,   0.024,pymatching,583761c35c6053557a126e62d723dad6630bce6cb9ef4b9b16e28bcd435dfb36,"{""config"":[""Y+"",""Y""],""d"":7,""p"":0.003951282051282051}",
      2048,         7,         0,   0.021,pymatching,5bc48b83ec852cb30e501e5b0905235215d5d2acb38422d1ae9a4692a1dddcd3,"{""config"":[""Y+"",""Y""],""d"":7,""p"":0.0035948717948717946}",
    201007,         0,         0,   0.353,pymatching,dcf8d486b730d80c8516d1314b5f7e522b9684fea3b76df00f09a83e61559cd3,"{""config"":[""Y+"",""Y""],""d"":5,""p"":0.0001291549665014884}",
      3072,         4,         0,   0.029,pymatching,55e2052820d1a12ecd22092c6f5ca6c76ccd51891eb64142fab7e2d43f17862d,"{""config"":[""Y+"",""Y""],""d"":7,""p"":0.003238461538461538}",
      2048,         9,         0,   0.028,pymatching,72809015876d1f9b8ff5ff89d3ce2a1c29e73672373efd2eb3e8fd9cda3edd02,"{""config"":[""Y+"",""Y""],""d"":7,""p"":0.0043076923076923075}",
      1297,         4,         0,   0.021,pymatching,8b3bc9bef2aea071ed74476e1e9f2dd5a1c3bf81e58b8bf69df925b82d1ba7a4,"{""config"":[""Y+"",""Y""],""d"":7,""p"":0.00502051282051282}",
     41984,      1967,         0,   0.291,pymatching,c02ebbf1fd65fa9c3ae2c2a12c52366afbf82bca0f3a1e453a2b1547ccc2f6ce,"{""config"":[""Y+"",""Y""],""d"":5,""p"":0.008584615384615385}",
      2048,        11,         0,   0.026,pymatching,aa429589a3348e00898eb2b9a5a5dbd4f3b518fd65dc69aeba43d82ded161f49,"{""config"":[""Y+"",""Y""],""d"":7,""p"":0.004664102564102564}",
      2048,        13,         0,   0.024,pymatching,583761c35c6053557a126e62d723dad6630bce6cb9ef4b9b16e28bcd435dfb36,"{""config"":[""Y+"",""Y""],""d"":7,""p"":0.003951282051282051}",
     20480,      2200,         0,   0.224,pymatching,97570710ab6c7dadb39128d194b7ef98f8b66e234012630c9055351dddce15ae,"{""config"":[""Y+"",""Y""],""d"":5,""p"":0.012148717948717948}",
      1297,        14,         0,   0.023,pymatching,1ded2928a119f1b6c0eb82651ab130497369e0a99313696e9ddd7d3d79cb15d2,"{""config"":[""Y+"",""Y""],""d"":7,""p"":0.005733333333333333}",
     19456,      2231,         0,   0.219,pymatching,92b238d56566245af096f614b6e0dccb2a29a53e17f15099b266c7c1f51ba888,"{""config"":[""Y+"",""Y""],""d"":5,""p"":0.012505128205128205}",
      5120,         6,         0,   0.042,pymatching,2c493731402f69a8580bdf5b58ad0e0c3f1b910fd2a23dc0feafd13baa269d2c,"{""config"":[""Y+"",""Y""],""d"":7,""p"":0.0025256410256410257}",
      1024,        15,         0,   0.015,pymatching,8b3bc9bef2aea071ed74476e1e9f2dd5a1c3bf81e58b8bf69df925b82d1ba7a4,"{""config"":[""Y+"",""Y""],""d"":7,""p"":0.00502051282051282}",
      3072,         1,         0,   0.031,pymatching,5bc48b83ec852cb30e501e5b0905235215d5d2acb38422d1ae9a4692a1dddcd3,"{""config"":[""Y+"",""Y""],""d"":7,""p"":0.0035948717948717946}",
      4096,         5,         0,   0.035,pymatching,c29daf484c9d432db8f543665f6277eae8f75a9a750a6f2b46c8830e5bd84bae,"{""config"":[""Y+"",""Y""],""d"":7,""p"":0.0028820512820512817}",
     38912,      2190,         0,   0.292,pymatching,4cb24fa9ab8f0b7112d7f21679f77b54975282aca7f7b3cb823c5fe56300ea6c,"{""config"":[""Y+"",""Y""],""d"":5,""p"":0.009297435897435898}",
     39936,      2061,         0,   0.290,pymatching,c158f65688299f75c2a23a65a865def7419d91a7b818b2c66e2d16dda90eef87,"{""config"":[""Y+"",""Y""],""d"":5,""p"":0.00894102564102564}",
      3072,         6,         0,   0.029,pymatching,55e2052820d1a12ecd22092c6f5ca6c76ccd51891eb64142fab7e2d43f17862d,"{""config"":[""Y+"",""Y""],""d"":7,""p"":0.003238461538461538}",
      1297,        28,         0,   0.023,pymatching,6492a75cf2d32538edb01866f3ae5f7d4206754a4e3c1ab604f05e688906edd5,"{""config"":[""Y+"",""Y""],""d"":7,""p"":0.00608974358974359}",
      2048,         4,         0,   0.026,pymatching,72809015876d1f9b8ff5ff89d3ce2a1c29e73672373efd2eb3e8fd9cda3edd02,"{""config"":[""Y+"",""Y""],""d"":7,""p"":0.0043076923076923075}",
      1024,        10,         0,   0.016,pymatching,1ded2928a119f1b6c0eb82651ab130497369e0a99313696e9ddd7d3d79cb15d2,"{""config"":[""Y+"",""Y""],""d"":7,""p"":0.005733333333333333}",
      1297,         7,         0,   0.023,pymatching,44778f417ddefc9165e91ad4a5805c24dc79bdc9782a224c5d308d339d9e8097,"{""config"":[""Y+"",""Y""],""d"":7,""p"":0.005376923076923077}",
      1297,        29,         0,   0.025,pymatching,4451bbcae661709660b35391e8a3084afaa63de0e908cd1bd0670e791ea954b6,"{""config"":[""Y+"",""Y""],""d"":7,""p"":0.006446153846153846}",
      2048,        13,         0,   0.027,pymatching,aa429589a3348e00898eb2b9a5a5dbd4f3b518fd65dc69aeba43d82ded161f49,"{""config"":[""Y+"",""Y""],""d"":7,""p"":0.004664102564102564}",
     33792,      2163,         0,   0.290,pymatching,593850c559acfa69a73e8599435c38036e326c0e068924eab2780cdb4ee4af44,"{""config"":[""Y+"",""Y""],""d"":5,""p"":0.009653846153846153}",
     32768,      2238,         0,   0.290,pymatching,ae388a1a7b56bd08927eb6748e75367cc11c52650ca1a45b4d94765fe8fa3dcf,"{""config"":[""Y+"",""Y""],""d"":5,""p"":0.010010256410256409}",
      1024,        12,         0,   0.014,pymatching,44778f417ddefc9165e91ad4a5805c24dc79bdc9782a224c5d308d339d9e8097,"{""config"":[""Y+"",""Y""],""d"":7,""p"":0.005376923076923077}",
      1024,        17,         0,   0.018,pymatching,6492a75cf2d32538edb01866f3ae5f7d4206754a4e3c1ab604f05e688906edd5,"{""config"":[""Y+"",""Y""],""d"":7,""p"":0.00608974358974359}",
      3072,         7,         0,   0.036,pymatching,583761c35c6053557a126e62d723dad6630bce6cb9ef4b9b16e28bcd435dfb36,"{""config"":[""Y+"",""Y""],""d"":7,""p"":0.003951282051282051}",
      2048,        18,         0,   0.030,pymatching,8b3bc9bef2aea071ed74476e1e9f2dd5a1c3bf81e58b8bf69df925b82d1ba7a4,"{""config"":[""Y+"",""Y""],""d"":7,""p"":0.00502051282051282}",
     34816,      2623,         0,   0.294,pymatching,519dd45f646daaf287cb56b7807beae56e6a02df17f815cc31b4cc72e96316f4,"{""config"":[""Y+"",""Y""],""d"":5,""p"":0.010366666666666666}",
     27648,      2987,         0,   0.295,pymatching,78fcdcb560dd8997220b9c26c8f600c2065ba8567ecd5dfd66b9c04843659c04,"{""config"":[""Y+"",""Y""],""d"":5,""p"":0.011792307692307692}",
      1024,        13,         0,   0.018,pymatching,4451bbcae661709660b35391e8a3084afaa63de0e908cd1bd0670e791ea954b6,"{""config"":[""Y+"",""Y""],""d"":7,""p"":0.006446153846153846}",
     27648,         3,         0,   0.207,pymatching,c5ca751aaccb112b2fc6f3e9a5b735918ad7833ac3069ee1270362dfaa2d7cfd,"{""config"":[""Y+"",""Y""],""d"":7,""p"":0.0018128205128205128}",
     32768,      2664,         0,   0.291,pymatching,fbbb21431ffdb6066af66c9c44765b6ac5b2e2f4ad2bde10f07047d02dfd2e1e,"{""config"":[""Y+"",""Y""],""d"":5,""p"":0.010723076923076922}",
      4096,        15,         0,   0.041,pymatching,5bc48b83ec852cb30e501e5b0905235215d5d2acb38422d1ae9a4692a1dddcd3,"{""config"":[""Y+"",""Y""],""d"":7,""p"":0.0035948717948717946}",
      1024,       104,         0,   0.011,pymatching,78fcdcb560dd8997220b9c26c8f600c2065ba8567ecd5dfd66b9c04843659c04,"{""config"":[""Y+"",""Y""],""d"":5,""p"":0.011792307692307692}",
      2048,        29,         0,   0.033,pymatching,1ded2928a119f1b6c0eb82651ab130497369e0a99313696e9ddd7d3d79cb15d2,"{""config"":[""Y+"",""Y""],""d"":7,""p"":0.005733333333333333}",
      5120,         7,         0,   0.045,pymatching,c29daf484c9d432db8f543665f6277eae8f75a9a750a6f2b46c8830e5bd84bae,"{""config"":[""Y+"",""Y""],""d"":7,""p"":0.0028820512820512817}",
      4096,         4,         0,   0.038,pymatching,55e2052820d1a12ecd22092c6f5ca6c76ccd51891eb64142fab7e2d43f17862d,"{""config"":[""Y+"",""Y""],""d"":7,""p"":0.003238461538461538}",
     29696,      2735,         0,   0.294,pymatching,11b97e06af0ed11396eb4aa725e63df52551e952878613e9006df7932181a6b5,"{""config"":[""Y+"",""Y""],""d"":5,""p"":0.01107948717948718}",
     28672,      2715,         0,   0.294,pymatching,54bb703cea76a15bdf61d2cf2204d58e7d06d8aed6e2320203e3854ac25ed8c2,"{""config"":[""Y+"",""Y""],""d"":5,""p"":0.011435897435897435}",
      3072,        13,         0,   0.039,pymatching,72809015876d1f9b8ff5ff89d3ce2a1c29e73672373efd2eb3e8fd9cda3edd02,"{""config"":[""Y+"",""Y""],""d"":7,""p"":0.0043076923076923075}",
      2048,        12,         0,   0.028,pymatching,44778f417ddefc9165e91ad4a5805c24dc79bdc9782a224c5d308d339d9e8097,"{""config"":[""Y+"",""Y""],""d"":7,""p"":0.005376923076923077}",
      3072,        18,         0,   0.037,pymatching,aa429589a3348e00898eb2b9a5a5dbd4f3b518fd65dc69aeba43d82ded161f49,"{""config"":[""Y+"",""Y""],""d"":7,""p"":0.004664102564102564}",
      7168,         6,         0,   0.058,pymatching,2c493731402f69a8580bdf5b58ad0e0c3f1b910fd2a23dc0feafd13baa269d2c,"{""config"":[""Y+"",""Y""],""d"":7,""p"":0.0025256410256410257}",
      2048,        15,         0,   0.030,pymatching,8b3bc9bef2aea071ed74476e1e9f2dd5a1c3bf81e58b8bf69df925b82d1ba7a4,"{""config"":[""Y+"",""Y""],""d"":7,""p"":0.00502051282051282}",
      2048,        30,         0,   0.035,pymatching,6492a75cf2d32538edb01866f3ae5f7d4206754a4e3c1ab604f05e688906edd5,"{""config"":[""Y+"",""Y""],""d"":7,""p"":0.00608974358974359}",
     61440,         0,         0,   0.291,pymatching,ddab9fbd6b14be7b367f4624635cfd20a4481975912af552cad4351f6a7e48e2,"{""config"":[""Y+"",""Y""],""d"":7,""p"":1e-05}",
    241967,         2,         0,   0.445,pymatching,a431c6fd4a0c2277f809c38c43dcdc4348febec18248b8b052df301d91485069,"{""config"":[""Y+"",""Y""],""d"":5,""p"":0.00035938136638046257}",
      2048,       191,         0,   0.021,pymatching,54bb703cea76a15bdf61d2cf2204d58e7d06d8aed6e2320203e3854ac25ed8c2,"{""config"":[""Y+"",""Y""],""d"":5,""p"":0.011435897435897435}",
      2048,        38,         0,   0.037,pymatching,4451bbcae661709660b35391e8a3084afaa63de0e908cd1bd0670e791ea954b6,"{""config"":[""Y+"",""Y""],""d"":7,""p"":0.006446153846153846}",
      1297,        27,         0,   0.027,pymatching,54953947f3feebc7119bbdb3c90e47f38134f73533f9669982539c57c3f68cca,"{""config"":[""Y+"",""Y""],""d"":7,""p"":0.006802564102564103}",
      2048,        23,         0,   0.033,pymatching,1ded2928a119f1b6c0eb82651ab130497369e0a99313696e9ddd7d3d79cb15d2,"{""config"":[""Y+"",""Y""],""d"":7,""p"":0.005733333333333333}",
      4096,         9,         0,   0.048,pymatching,583761c35c6053557a126e62d723dad6630bce6cb9ef4b9b16e28bcd435dfb36,"{""config"":[""Y+"",""Y""],""d"":7,""p"":0.003951282051282051}",
      1297,        40,         0,   0.028,pymatching,ca26f21bc502402c28ed97c7f7c1d1b62a602b71eacb2a467149bdaa2f5d945c,"{""config"":[""Y+"",""Y""],""d"":7,""p"":0.007158974358974359}",
      2048,        14,         0,   0.028,pymatching,44778f417ddefc9165e91ad4a5805c24dc79bdc9782a224c5d308d339d9e8097,"{""config"":[""Y+"",""Y""],""d"":7,""p"":0.005376923076923077}",
    256000,        77,         0,   0.561,pymatching,5e7f5a5babac4f8ad707610f5b4cc4b26d807e8c8458cf225daf5167039534d1,"{""config"":[""Y+"",""Y""],""d"":5,""p"":0.0014564102564102565}",
      3072,        14,         0,   0.040,pymatching,72809015876d1f9b8ff5ff89d3ce2a1c29e73672373efd2eb3e8fd9cda3edd02,"{""config"":[""Y+"",""Y""],""d"":7,""p"":0.0043076923076923075}",
      6144,       473,         0,   0.054,pymatching,fbbb21431ffdb6066af66c9c44765b6ac5b2e2f4ad2bde10f07047d02dfd2e1e,"{""config"":[""Y+"",""Y""],""d"":5,""p"":0.010723076923076922}",
      7168,       556,         0,   0.061,pymatching,519dd45f646daaf287cb56b7807beae56e6a02df17f815cc31b4cc72e96316f4,"{""config"":[""Y+"",""Y""],""d"":5,""p"":0.010366666666666666}",
     61440,         0,         0,   0.290,pymatching,2a9abd83c5a3d3db0eec60cc1cc5f8926ad0cda6b05841260a774163de5a5300,"{""config"":[""Y+"",""Y""],""d"":7,""p"":1.6681005372000593e-05}",
      2048,        36,         0,   0.035,pymatching,6492a75cf2d32538edb01866f3ae5f7d4206754a4e3c1ab604f05e688906edd5,"{""config"":[""Y+"",""Y""],""d"":7,""p"":0.00608974358974359}",
      1024,        15,         0,   0.021,pymatching,54953947f3feebc7119bbdb3c90e47f38134f73533f9669982539c57c3f68cca,"{""config"":[""Y+"",""Y""],""d"":7,""p"":0.006802564102564103}",
      1024,        25,         0,   0.021,pymatching,ca26f21bc502402c28ed97c7f7c1d1b62a602b71eacb2a467149bdaa2f5d945c,"{""config"":[""Y+"",""Y""],""d"":7,""p"":0.007158974358974359}",
      6144,        10,         0,   0.061,pymatching,5bc48b83ec852cb30e501e5b0905235215d5d2acb38422d1ae9a4692a1dddcd3,"{""config"":[""Y+"",""Y""],""d"":7,""p"":0.0035948717948717946}",
      1297,        33,         0,   0.029,pymatching,82faf2022754eeaba2fa4ad6f0b446cd059fab8b1026aa30f38d63e60ddb0a0f,"{""config"":[""Y+"",""Y""],""d"":7,""p"":0.007515384615384615}",
      6144,         3,         0,   0.057,pymatching,55e2052820d1a12ecd22092c6f5ca6c76ccd51891eb64142fab7e2d43f17862d,"{""config"":[""Y+"",""Y""],""d"":7,""p"":0.003238461538461538}",
      3072,        27,         0,   0.044,pymatching,8b3bc9bef2aea071ed74476e1e9f2dd5a1c3bf81e58b8bf69df925b82d1ba7a4,"{""config"":[""Y+"",""Y""],""d"":7,""p"":0.00502051282051282}",
      4096,        22,         0,   0.050,pymatching,aa429589a3348e00898eb2b9a5a5dbd4f3b518fd65dc69aeba43d82ded161f49,"{""config"":[""Y+"",""Y""],""d"":7,""p"":0.004664102564102564}",
      2048,        41,         0,   0.037,pymatching,4451bbcae661709660b35391e8a3084afaa63de0e908cd1bd0670e791ea954b6,"{""config"":[""Y+"",""Y""],""d"":7,""p"":0.006446153846153846}",
      7168,         4,         0,   0.061,pymatching,c29daf484c9d432db8f543665f6277eae8f75a9a750a6f2b46c8830e5bd84bae,"{""config"":[""Y+"",""Y""],""d"":7,""p"":0.0028820512820512817}",
     60416,         0,         0,   0.289,pymatching,d4efb51de84e8753bb144bbe5cbc1e16119dd4138c3429ef067e31fd81182969,"{""config"":[""Y+"",""Y""],""d"":7,""p"":7.742636826811278e-05}",
     25600,         7,         0,   0.206,pymatching,b9c5ccfc1e3322d1df5fefe43bfc5cdf09fb6f8e87b1867c2b3d7adb9d9a40bd,"{""config"":[""Y+"",""Y""],""d"":7,""p"":0.002169230769230769}",
     58368,         0,         0,   0.290,pymatching,1ebf2e24f42a25fd0e80fbd92c68bca690d32a7b6f33c49e44b405cff829f70d,"{""config"":[""Y+"",""Y""],""d"":7,""p"":0.00021544346900318823}",
      7168,       620,         0,   0.071,pymatching,11b97e06af0ed11396eb4aa725e63df52551e952878613e9006df7932181a6b5,"{""config"":[""Y+"",""Y""],""d"":5,""p"":0.01107948717948718}",
     60416,         0,         0,   0.290,pymatching,3c857fc2010553329b0c56ef74743c200a997a241ffdc1a3d6ce71eeb6f35a54,"{""config"":[""Y+"",""Y""],""d"":7,""p"":0.0001291549665014884}",
      1024,        25,         0,   0.021,pymatching,ca26f21bc502402c28ed97c7f7c1d1b62a602b71eacb2a467149bdaa2f5d945c,"{""config"":[""Y+"",""Y""],""d"":7,""p"":0.007158974358974359}",
      1024,        34,         0,   0.021,pymatching,82faf2022754eeaba2fa4ad6f0b446cd059fab8b1026aa30f38d63e60ddb0a0f,"{""config"":[""Y+"",""Y""],""d"":7,""p"":0.007515384615384615}",
     61440,         0,         0,   0.290,pymatching,7aa90f14661fe503b169d17735323782ba47d9bacb07fb92cec4acd1e3381f76,"{""config"":[""Y+"",""Y""],""d"":7,""p"":2.782559402207126e-05}",
      3072,        25,         0,   0.043,pymatching,44778f417ddefc9165e91ad4a5805c24dc79bdc9782a224c5d308d339d9e8097,"{""config"":[""Y+"",""Y""],""d"":7,""p"":0.005376923076923077}",
      3072,        42,         0,   0.049,pymatching,1ded2928a119f1b6c0eb82651ab130497369e0a99313696e9ddd7d3d79cb15d2,"{""config"":[""Y+"",""Y""],""d"":7,""p"":0.005733333333333333}",
      1297,        47,         0,   0.030,pymatching,edd89b5b1ae934e17659c601172a1f72bc7f0d46450e5d70cf8d6579686bc1a9,"{""config"":[""Y+"",""Y""],""d"":7,""p"":0.007871794871794872}",
      5120,        11,         0,   0.059,pymatching,583761c35c6053557a126e62d723dad6630bce6cb9ef4b9b16e28bcd435dfb36,"{""config"":[""Y+"",""Y""],""d"":7,""p"":0.003951282051282051}",
      2048,        44,         0,   0.039,pymatching,54953947f3feebc7119bbdb3c90e47f38134f73533f9669982539c57c3f68cca,"{""config"":[""Y+"",""Y""],""d"":7,""p"":0.006802564102564103}",
     10240,         6,         0,   0.081,pymatching,2c493731402f69a8580bdf5b58ad0e0c3f1b910fd2a23dc0feafd13baa269d2c,"{""config"":[""Y+"",""Y""],""d"":7,""p"":0.0025256410256410257}",
     61440,         0,         0,   0.291,pymatching,7e10452490fdaa8d156054ff5ef1acff444cf67cb4c136cd79857b341f9e4172,"{""config"":[""Y+"",""Y""],""d"":7,""p"":4.641588833612782e-05}",
     56320,         0,         0,   0.291,pymatching,7a36ae4616f1d754f42dd521d2fabf024d85329dfad51a046c6fc6d074b7b6f0,"{""config"":[""Y+"",""Y""],""d"":7,""p"":0.00035938136638046257}",
      1024,        31,         0,   0.022,pymatching,82faf2022754eeaba2fa4ad6f0b446cd059fab8b1026aa30f38d63e60ddb0a0f,"{""config"":[""Y+"",""Y""],""d"":7,""p"":0.007515384615384615}",
      3072,        39,         0,   0.052,pymatching,6492a75cf2d32538edb01866f3ae5f7d4206754a4e3c1ab604f05e688906edd5,"{""config"":[""Y+"",""Y""],""d"":7,""p"":0.00608974358974359}",
     46080,         1,         0,   0.289,pymatching,e34529a27c2f8d5d8bc8d8e2e799cf1fb09be2666f89b6597da07e402b93b3a8,"{""config"":[""Y+"",""Y""],""d"":7,""p"":0.0011}",
      1024,        43,         0,   0.024,pymatching,edd89b5b1ae934e17659c601172a1f72bc7f0d46450e5d70cf8d6579686bc1a9,"{""config"":[""Y+"",""Y""],""d"":7,""p"":0.007871794871794872}",
      5120,        27,         0,   0.064,pymatching,72809015876d1f9b8ff5ff89d3ce2a1c29e73672373efd2eb3e8fd9cda3edd02,"{""config"":[""Y+"",""Y""],""d"":7,""p"":0.0043076923076923075}",
      1297,        69,         0,   0.032,pymatching,3bd54a3bd47e554c28acb0ccdc2d293bf8e234d4037ebf4628a2a14c089c22bc,"{""config"":[""Y+"",""Y""],""d"":7,""p"":0.008228205128205128}",
     53248,         0,         0,   0.293,pymatching,f1775c7e580d8f5fddb23efcaf637a9598af94daaad5195170fd5a28436ce87c,"{""config"":[""Y+"",""Y""],""d"":7,""p"":0.0005994842503189409}",
      2048,        55,         0,   0.041,pymatching,ca26f21bc502402c28ed97c7f7c1d1b62a602b71eacb2a467149bdaa2f5d945c,"{""config"":[""Y+"",""Y""],""d"":7,""p"":0.007158974358974359}",
      3072,        63,         0,   0.055,pymatching,4451bbcae661709660b35391e8a3084afaa63de0e908cd1bd0670e791ea954b6,"{""config"":[""Y+"",""Y""],""d"":7,""p"":0.006446153846153846}",
     47104,         1,         0,   0.288,pymatching,d964ce250f510f05b10feb424012badadf776273e0f85d97054e675ebf8d58cb,"{""config"":[""Y+"",""Y""],""d"":7,""p"":0.001}",
      4096,        30,         0,   0.059,pymatching,8b3bc9bef2aea071ed74476e1e9f2dd5a1c3bf81e58b8bf69df925b82d1ba7a4,"{""config"":[""Y+"",""Y""],""d"":7,""p"":0.00502051282051282}",
      1297,        61,         0,   0.033,pymatching,9b2a8307355599de2ebe16dc93ea18ea39317c205381e2f9b8f801c744e9d9aa,"{""config"":[""Y+"",""Y""],""d"":7,""p"":0.008584615384615385}",
      5120,        25,         0,   0.062,pymatching,aa429589a3348e00898eb2b9a5a5dbd4f3b518fd65dc69aeba43d82ded161f49,"{""config"":[""Y+"",""Y""],""d"":7,""p"":0.004664102564102564}",
    299008,         4,         0,   0.560,pymatching,c027daabe67c5e250c8ef5ae9ea64a61d5a0e806e67b3b60e36e792022c5d9f5,"{""config"":[""Y+"",""Y""],""d"":5,""p"":0.0005994842503189409}",
      2048,        35,         0,   0.040,pymatching,54953947f3feebc7119bbdb3c90e47f38134f73533f9669982539c57c3f68cca,"{""config"":[""Y+"",""Y""],""d"":7,""p"":0.006802564102564103}",
      1024,        45,         0,   0.023,pymatching,edd89b5b1ae934e17659c601172a1f72bc7f0d46450e5d70cf8d6579686bc1a9,"{""config"":[""Y+"",""Y""],""d"":7,""p"":0.007871794871794872}",
      8192,         5,         0,   0.076,pymatching,55e2052820d1a12ecd22092c6f5ca6c76ccd51891eb64142fab7e2d43f17862d,"{""config"":[""Y+"",""Y""],""d"":7,""p"":0.003238461538461538}",
      1024,        41,         0,   0.024,pymatching,3bd54a3bd47e554c28acb0ccdc2d293bf8e234d4037ebf4628a2a14c089c22bc,"{""config"":[""Y+"",""Y""],""d"":7,""p"":0.008228205128205128}",
      4096,        53,         0,   0.057,pymatching,44778f417ddefc9165e91ad4a5805c24dc79bdc9782a224c5d308d339d9e8097,"{""config"":[""Y+"",""Y""],""d"":7,""p"":0.005376923076923077}",
    284672,        26,         0,   0.562,pymatching,21c1ff698806fc7edab1cc9c018ae50ee4c947af998e057ea46bdddad77411dd,"{""config"":[""Y+"",""Y""],""d"":5,""p"":0.001}",
      8192,        19,         0,   0.081,pymatching,5bc48b83ec852cb30e501e5b0905235215d5d2acb38422d1ae9a4692a1dddcd3,"{""config"":[""Y+"",""Y""],""d"":7,""p"":0.0035948717948717946}",
      1297,        68,         0,   0.036,pymatching,39816311c09a2c5e31164b1f4c1b13e066a5995d3dec728076bd565cb295a582,"{""config"":[""Y+"",""Y""],""d"":7,""p"":0.00894102564102564}",
    216064,       124,         0,   0.562,pymatching,e30e755e7a0719ba6d1fc0f53b54f72ffaaa686b35dcc95660eec57ceed41e56,"{""config"":[""Y+"",""Y""],""d"":5,""p"":0.0018128205128205128}",
      9216,         8,         0,   0.080,pymatching,c29daf484c9d432db8f543665f6277eae8f75a9a750a6f2b46c8830e5bd84bae,"{""config"":[""Y+"",""Y""],""d"":7,""p"":0.0028820512820512817}",
      2048,        63,         0,   0.043,pymatching,82faf2022754eeaba2fa4ad6f0b446cd059fab8b1026aa30f38d63e60ddb0a0f,"{""config"":[""Y+"",""Y""],""d"":7,""p"":0.007515384615384615}",
    252928,        22,         0,   0.561,pymatching,2b0c4fb2ea4cc842ea602a2df29d7dfe9642687babb506ecad7f9e8281d2599a,"{""config"":[""Y+"",""Y""],""d"":5,""p"":0.0011}",
      1024,        55,         0,   0.025,pymatching,9b2a8307355599de2ebe16dc93ea18ea39317c205381e2f9b8f801c744e9d9aa,"{""config"":[""Y+"",""Y""],""d"":7,""p"":0.008584615384615385}",
      4096,        44,         0,   0.065,pymatching,1ded2928a119f1b6c0eb82651ab130497369e0a99313696e9ddd7d3d79cb15d2,"{""config"":[""Y+"",""Y""],""d"":7,""p"":0.005733333333333333}",
    219136,       198,         0,   0.561,pymatching,7d722f229965de87d2d4daf10e9b29159b2435faef8a6944d5b39c4678d848f7,"{""config"":[""Y+"",""Y""],""d"":5,""p"":0.002169230769230769}",
      2048,        54,         0,   0.041,pymatching,ca26f21bc502402c28ed97c7f7c1d1b62a602b71eacb2a467149bdaa2f5d945c,"{""config"":[""Y+"",""Y""],""d"":7,""p"":0.007158974358974359}",
      1297,        92,         0,   0.034,pymatching,692fbbe2180d82609d8fbce9fb57749ad0991e5ec55e9756191425c80faae59e,"{""config"":[""Y+"",""Y""],""d"":7,""p"":0.009653846153846153}",
     16687,         0,         0,   0.030,pymatching,c027daabe67c5e250c8ef5ae9ea64a61d5a0e806e67b3b60e36e792022c5d9f5,"{""config"":[""Y+"",""Y""],""d"":5,""p"":0.0005994842503189409}",
      1024,        54,         0,   0.023,pymatching,3bd54a3bd47e554c28acb0ccdc2d293bf8e234d4037ebf4628a2a14c089c22bc,"{""config"":[""Y+"",""Y""],""d"":7,""p"":0.008228205128205128}",
      1024,        61,         0,   0.026,pymatching,39816311c09a2c5e31164b1f4c1b13e066a5995d3dec728076bd565cb295a582,"{""config"":[""Y+"",""Y""],""d"":7,""p"":0.00894102564102564}",
       273,        18,         0,   0.014,pymatching,896d0ea116072cbd8ad1b3fd64d7f7cc41d578256d248094baa79fb33a248f85,"{""config"":[""Y+"",""Y""],""d"":7,""p"":0.009297435897435898}",
      1024,        52,         0,   0.026,pymatching,9b2a8307355599de2ebe16dc93ea18ea39317c205381e2f9b8f801c744e9d9aa,"{""config"":[""Y+"",""Y""],""d"":7,""p"":0.008584615384615385}",
      4096,        67,         0,   0.069,pymatching,6492a75cf2d32538edb01866f3ae5f7d4206754a4e3c1ab604f05e688906edd5,"{""config"":[""Y+"",""Y""],""d"":7,""p"":0.00608974358974359}",
      3072,        56,         0,   0.055,pymatching,4451bbcae661709660b35391e8a3084afaa63de0e908cd1bd0670e791ea954b6,"{""config"":[""Y+"",""Y""],""d"":7,""p"":0.006446153846153846}",
      7168,        31,         0,   0.083,pymatching,583761c35c6053557a126e62d723dad6630bce6cb9ef4b9b16e28bcd435dfb36,"{""config"":[""Y+"",""Y""],""d"":7,""p"":0.003951282051282051}",
      2048,        77,         0,   0.046,pymatching,edd89b5b1ae934e17659c601172a1f72bc7f0d46450e5d70cf8d6579686bc1a9,"{""config"":[""Y+"",""Y""],""d"":7,""p"":0.007871794871794872}",
      1024,        83,         0,   0.026,pymatching,692fbbe2180d82609d8fbce9fb57749ad0991e5ec55e9756191425c80faae59e,"{""config"":[""Y+"",""Y""],""d"":7,""p"":0.009653846153846153}",
    134144,       181,         0,   0.403,pymatching,10f522386e5401ce6a5865e1ae4a4bbef4eb1bf3daffbc11d9ada0dc0bad96c2,"{""config"":[""Y+"",""Y""],""d"":5,""p"":0.0025256410256410257}",
      6144,        26,         0,   0.076,pymatching,72809015876d1f9b8ff5ff89d3ce2a1c29e73672373efd2eb3e8fd9cda3edd02,"{""config"":[""Y+"",""Y""],""d"":7,""p"":0.0043076923076923075}",
      2048,        79,         0,   0.043,pymatching,82faf2022754eeaba2fa4ad6f0b446cd059fab8b1026aa30f38d63e60ddb0a0f,"{""config"":[""Y+"",""Y""],""d"":7,""p"":0.007515384615384615}",
     24879,         0,         0,   0.049,pymatching,21c1ff698806fc7edab1cc9c018ae50ee4c947af998e057ea46bdddad77411dd,"{""config"":[""Y+"",""Y""],""d"":5,""p"":0.001}",
      3072,        74,         0,   0.058,pymatching,54953947f3feebc7119bbdb3c90e47f38134f73533f9669982539c57c3f68cca,"{""config"":[""Y+"",""Y""],""d"":7,""p"":0.006802564102564103}",
      1024,        61,         0,   0.026,pymatching,39816311c09a2c5e31164b1f4c1b13e066a5995d3dec728076bd565cb295a582,"{""config"":[""Y+"",""Y""],""d"":7,""p"":0.00894102564102564}",
      1297,       107,         0,   0.040,pymatching,dcb0664cc4001cb78081fe01626212576b37f8cde256abfb344daa96584a3829,"{""config"":[""Y+"",""Y""],""d"":7,""p"":0.010010256410256409}",
      1024,        68,         0,   0.030,pymatching,896d0ea116072cbd8ad1b3fd64d7f7cc41d578256d248094baa79fb33a248f85,"{""config"":[""Y+"",""Y""],""d"":7,""p"":0.009297435897435898}",
      6144,        33,         0,   0.075,pymatching,aa429589a3348e00898eb2b9a5a5dbd4f3b518fd65dc69aeba43d82ded161f49,"{""config"":[""Y+"",""Y""],""d"":7,""p"":0.004664102564102564}",
     13312,         4,         0,   0.106,pymatching,2c493731402f69a8580bdf5b58ad0e0c3f1b910fd2a23dc0feafd13baa269d2c,"{""config"":[""Y+"",""Y""],""d"":7,""p"":0.0025256410256410257}",
     25600,      1826,         0,   0.228,pymatching,ae388a1a7b56bd08927eb6748e75367cc11c52650ca1a45b4d94765fe8fa3dcf,"{""config"":[""Y+"",""Y""],""d"":5,""p"":0.010010256410256409}",
      2048,        94,         0,   0.047,pymatching,3bd54a3bd47e554c28acb0ccdc2d293bf8e234d4037ebf4628a2a14c089c22bc,"{""config"":[""Y+"",""Y""],""d"":7,""p"":0.008228205128205128}",
      6144,        35,         0,   0.089,pymatching,8b3bc9bef2aea071ed74476e1e9f2dd5a1c3bf81e58b8bf69df925b82d1ba7a4,"{""config"":[""Y+"",""Y""],""d"":7,""p"":0.00502051282051282}",
    124928,       288,         0,   0.402,pymatching,d0f00be01be4cf465b3edd773909d2115ae29a61da6eed6079d3b2258616393e,"{""config"":[""Y+"",""Y""],""d"":5,""p"":0.0028820512820512817}",
     47104,         3,         0,   0.293,pymatching,0593b8800785d13d9a221cb2b81f5e7a731d05e015e3de03874f28a07d88f3ef,"{""config"":[""Y+"",""Y""],""d"":7,""p"":0.0014564102564102565}",
      1024,        92,         0,   0.027,pymatching,692fbbe2180d82609d8fbce9fb57749ad0991e5ec55e9756191425c80faae59e,"{""config"":[""Y+"",""Y""],""d"":7,""p"":0.009653846153846153}",
      3072,        92,         0,   0.062,pymatching,ca26f21bc502402c28ed97c7f7c1d1b62a602b71eacb2a467149bdaa2f5d945c,"{""config"":[""Y+"",""Y""],""d"":7,""p"":0.007158974358974359}",
      6144,        58,         0,   0.084,pymatching,44778f417ddefc9165e91ad4a5805c24dc79bdc9782a224c5d308d339d9e8097,"{""config"":[""Y+"",""Y""],""d"":7,""p"":0.005376923076923077}",
    116736,       386,         0,   0.402,pymatching,f2a68c7e7caa1dbcd527c13e207c28d6b9f88214222056c0daa9bf175bbd294f,"{""config"":[""Y+"",""Y""],""d"":5,""p"":0.003238461538461538}",
      2048,       100,         0,   0.050,pymatching,9b2a8307355599de2ebe16dc93ea18ea39317c205381e2f9b8f801c744e9d9aa,"{""config"":[""Y+"",""Y""],""d"":7,""p"":0.008584615384615385}",
      2048,        87,         0,   0.046,pymatching,edd89b5b1ae934e17659c601172a1f72bc7f0d46450e5d70cf8d6579686bc1a9,"{""config"":[""Y+"",""Y""],""d"":7,""p"":0.007871794871794872}",
      1024,        84,         0,   0.025,pymatching,896d0ea116072cbd8ad1b3fd64d7f7cc41d578256d248094baa79fb33a248f85,"{""config"":[""Y+"",""Y""],""d"":7,""p"":0.009297435897435898}",
      1024,        78,         0,   0.032,pymatching,dcb0664cc4001cb78081fe01626212576b37f8cde256abfb344daa96584a3829,"{""config"":[""Y+"",""Y""],""d"":7,""p"":0.010010256410256409}",
      5120,        58,         0,   0.080,pymatching,1ded2928a119f1b6c0eb82651ab130497369e0a99313696e9ddd7d3d79cb15d2,"{""config"":[""Y+"",""Y""],""d"":7,""p"":0.005733333333333333}",
    118784,       468,         0,   0.403,pymatching,416ae957e4ead28fc5c3fa675fb1fa14810150ea56974c4179e9bf8e0ad9c5c2,"{""config"":[""Y+"",""Y""],""d"":5,""p"":0.0035948717948717946}",
     37888,      2235,         0,   0.285,pymatching,4cb24fa9ab8f0b7112d7f21679f77b54975282aca7f7b3cb823c5fe56300ea6c,"{""config"":[""Y+"",""Y""],""d"":5,""p"":0.009297435897435898}",
      2048,       106,         0,   0.052,pymatching,39816311c09a2c5e31164b1f4c1b13e066a5995d3dec728076bd565cb295a582,"{""config"":[""Y+"",""Y""],""d"":7,""p"":0.00894102564102564}",
     12288,         9,         0,   0.113,pymatching,55e2052820d1a12ecd22092c6f5ca6c76ccd51891eb64142fab7e2d43f17862d,"{""config"":[""Y+"",""Y""],""d"":7,""p"":0.003238461538461538}",
     12288,         5,         0,   0.106,pymatching,c29daf484c9d432db8f543665f6277eae8f75a9a750a6f2b46c8830e5bd84bae,"{""config"":[""Y+"",""Y""],""d"":7,""p"":0.0028820512820512817}",
      3072,        75,         0,   0.060,pymatching,54953947f3feebc7119bbdb3c90e47f38134f73533f9669982539c57c3f68cca,"{""config"":[""Y+"",""Y""],""d"":7,""p"":0.006802564102564103}",
      3072,       101,         0,   0.064,pymatching,82faf2022754eeaba2fa4ad6f0b446cd059fab8b1026aa30f38d63e60ddb0a0f,"{""config"":[""Y+"",""Y""],""d"":7,""p"":0.007515384615384615}",
     11264,        20,         0,   0.113,pymatching,5bc48b83ec852cb30e501e5b0905235215d5d2acb38422d1ae9a4692a1dddcd3,"{""config"":[""Y+"",""Y""],""d"":7,""p"":0.0035948717948717946}",
      2048,        93,         0,   0.047,pymatching,3bd54a3bd47e554c28acb0ccdc2d293bf8e234d4037ebf4628a2a14c089c22bc,"{""config"":[""Y+"",""Y""],""d"":7,""p"":0.008228205128205128}",
      1024,        90,         0,   0.031,pymatching,dcb0664cc4001cb78081fe01626212576b37f8cde256abfb344daa96584a3829,"{""config"":[""Y+"",""Y""],""d"":7,""p"":0.010010256410256409}",
      5120,        98,         0,   0.087,pymatching,6492a75cf2d32538edb01866f3ae5f7d4206754a4e3c1ab604f05e688906edd5,"{""config"":[""Y+"",""Y""],""d"":7,""p"":0.00608974358974359}",
    105472,       770,         0,   0.404,pymatching,895f35546a52b568e46374f1d341a2badddf9bb9ff60f52b898b573fb39acc83,"{""config"":[""Y+"",""Y""],""d"":5,""p"":0.0043076923076923075}",
      1297,       113,         0,   0.039,pymatching,b3eaf657bd5e9d9ffb895c2c4ec0840a82203269223dad6c4153a6e8b0f9ba76,"{""config"":[""Y+"",""Y""],""d"":7,""p"":0.010366666666666666}",
    111616,       610,         0,   0.404,pymatching,9581cf577c94fd3d92524757513bc8aea03230286c8c1988dd819d15427f1f62,"{""config"":[""Y+"",""Y""],""d"":5,""p"":0.003951282051282051}",
      2048,       160,         0,   0.053,pymatching,692fbbe2180d82609d8fbce9fb57749ad0991e5ec55e9756191425c80faae59e,"{""config"":[""Y+"",""Y""],""d"":7,""p"":0.009653846153846153}",
      5120,        89,         0,   0.091,pymatching,4451bbcae661709660b35391e8a3084afaa63de0e908cd1bd0670e791ea954b6,"{""config"":[""Y+"",""Y""],""d"":7,""p"":0.006446153846153846}",
     76800,      1311,         0,   0.403,pymatching,2dc7be9fda138f8bc49605ace479e0f83ef64593f02f437fd6605e765794cb1f,"{""config"":[""Y+"",""Y""],""d"":5,""p"":0.005733333333333333}",
     99328,       859,         0,   0.403,pymatching,518da64528007b967ad3978374c3581953e1802654a73a1069fd7b23150eec53,"{""config"":[""Y+"",""Y""],""d"":5,""p"":0.004664102564102564}",
      2048,       113,         0,   0.051,pymatching,9b2a8307355599de2ebe16dc93ea18ea39317c205381e2f9b8f801c744e9d9aa,"{""config"":[""Y+"",""Y""],""d"":7,""p"":0.008584615384615385}",
     69632,      1496,         0,   0.403,pymatching,55f8132449de2eb149ce51c48afbecf6eed8a22046d8c5e95991cde162fd4ea9,"{""config"":[""Y+"",""Y""],""d"":5,""p"":0.006446153846153846}",
      2048,       139,         0,   0.051,pymatching,896d0ea116072cbd8ad1b3fd64d7f7cc41d578256d248094baa79fb33a248f85,"{""config"":[""Y+"",""Y""],""d"":7,""p"":0.009297435897435898}",
     38912,         6,         0,   0.289,pymatching,c5ca751aaccb112b2fc6f3e9a5b735918ad7833ac3069ee1270362dfaa2d7cfd,"{""config"":[""Y+"",""Y""],""d"":7,""p"":0.0018128205128205128}",
      9216,        24,         0,   0.107,pymatching,583761c35c6053557a126e62d723dad6630bce6cb9ef4b9b16e28bcd435dfb36,"{""config"":[""Y+"",""Y""],""d"":7,""p"":0.003951282051282051}",
     87040,       917,         0,   0.406,pymatching,b78d51e4f39cc3935f7278ccdeef8f922559597ffbd4f8e0507abeacc3a2c063,"{""config"":[""Y+"",""Y""],""d"":5,""p"":0.00502051282051282}",
     35840,      2308,         0,   0.308,pymatching,593850c559acfa69a73e8599435c38036e326c0e068924eab2780cdb4ee4af44,"{""config"":[""Y+"",""Y""],""d"":5,""p"":0.009653846153846153}",
     66560,      1244,         0,   0.403,pymatching,2e114e34e9047f37305ffeabf7a391e9e94302a1b882029be1728590241753c5,"{""config"":[""Y+"",""Y""],""d"":5,""p"":0.00608974358974359}",
     81920,      1069,         0,   0.406,pymatching,fee0796c5a42d138738f9c1fb5793d4c8d53e8541fd66dd86c4bf8e6bbf752bc,"{""config"":[""Y+"",""Y""],""d"":5,""p"":0.005376923076923077}",
      1024,        94,         0,   0.031,pymatching,dcb0664cc4001cb78081fe01626212576b37f8cde256abfb344daa96584a3829,"{""config"":[""Y+"",""Y""],""d"":7,""p"":0.010010256410256409}",
      1024,        90,         0,   0.029,pymatching,b3eaf657bd5e9d9ffb895c2c4ec0840a82203269223dad6c4153a6e8b0f9ba76,"{""config"":[""Y+"",""Y""],""d"":7,""p"":0.010366666666666666}",
       273,        22,         0,   0.011,pymatching,2db770c56c1f3190629cb95dedc15d5303fe7e18d6b775647621cf9cf7c3eae5,"{""config"":[""Y+"",""Y""],""d"":7,""p"":0.01107948717948718}",
     66560,      1682,         0,   0.405,pymatching,277ea2ac4a1a93fbda751637012d94b50a32886d0a3cf967e6960cad73efbcd3,"{""config"":[""Y+"",""Y""],""d"":5,""p"":0.006802564102564103}",
     60416,      1997,         0,   0.403,pymatching,37eac3d63624d183ca24f183e04ef642886d397414d08ee835b1c08ee7dae049,"{""config"":[""Y+"",""Y""],""d"":5,""p"":0.007515384615384615}",
     68608,      2003,         0,   0.404,pymatching,04af591bfd4026d147069fa6690b45186668d32a5374a72746a306adc38dea2d,"{""config"":[""Y+"",""Y""],""d"":5,""p"":0.007158974358974359}",
      2048,       121,         0,   0.052,pymatching,39816311c09a2c5e31164b1f4c1b13e066a5995d3dec728076bd565cb295a582,"{""config"":[""Y+"",""Y""],""d"":7,""p"":0.00894102564102564}",
      9216,        34,         0,   0.115,pymatching,72809015876d1f9b8ff5ff89d3ce2a1c29e73672373efd2eb3e8fd9cda3edd02,"{""config"":[""Y+"",""Y""],""d"":7,""p"":0.0043076923076923075}",
      4096,       115,         0,   0.083,pymatching,ca26f21bc502402c28ed97c7f7c1d1b62a602b71eacb2a467149bdaa2f5d945c,"{""config"":[""Y+"",""Y""],""d"":7,""p"":0.007158974358974359}",
      2048,        78,         0,   0.079,pymatching,edd89b5b1ae934e17659c601172a1f72bc7f0d46450e5d70cf8d6579686bc1a9,"{""config"":[""Y+"",""Y""],""d"":7,""p"":0.007871794871794872}",
    119087,        34,         0,   0.262,pymatching,5e7f5a5babac4f8ad707610f5b4cc4b26d807e8c8458cf225daf5167039534d1,"{""config"":[""Y+"",""Y""],""d"":5,""p"":0.0014564102564102565}",
      9216,        38,         0,   0.112,pymatching,aa429589a3348e00898eb2b9a5a5dbd4f3b518fd65dc69aeba43d82ded161f49,"{""config"":[""Y+"",""Y""],""d"":7,""p"":0.004664102564102564}",
     60416,      2611,         0,   0.403,pymatching,39ffa6c7a738853e61da0a9ef276cbbd7b304b4bac770844889e9607d62bf55d,"{""config"":[""Y+"",""Y""],""d"":5,""p"":0.008228205128205128}",
      2048,       180,         0,   0.053,pymatching,692fbbe2180d82609d8fbce9fb57749ad0991e5ec55e9756191425c80faae59e,"{""config"":[""Y+"",""Y""],""d"":7,""p"":0.009653846153846153}",
      7168,        55,         0,   0.111,pymatching,8b3bc9bef2aea071ed74476e1e9f2dd5a1c3bf81e58b8bf69df925b82d1ba7a4,"{""config"":[""Y+"",""Y""],""d"":7,""p"":0.00502051282051282}",
     63488,      2451,         0,   0.405,pymatching,68d3b6d497833e47044c4059452326f0dcce649ba2f47180fc18871bbc9f16f6,"{""config"":[""Y+"",""Y""],""d"":5,""p"":0.007871794871794872}",
      1024,       110,         0,   0.029,pymatching,b3eaf657bd5e9d9ffb895c2c4ec0840a82203269223dad6c4153a6e8b0f9ba76,"{""config"":[""Y+"",""Y""],""d"":7,""p"":0.010366666666666666}",
      3072,       161,         0,   0.072,pymatching,3bd54a3bd47e554c28acb0ccdc2d293bf8e234d4037ebf4628a2a14c089c22bc,"{""config"":[""Y+"",""Y""],""d"":7,""p"":0.008228205128205128}",
      2048,       156,         0,   0.051,pymatching,896d0ea116072cbd8ad1b3fd64d7f7cc41d578256d248094baa79fb33a248f85,"{""config"":[""Y+"",""Y""],""d"":7,""p"":0.009297435897435898}",
      1024,       102,         0,   0.034,pymatching,2db770c56c1f3190629cb95dedc15d5303fe7e18d6b775647621cf9cf7c3eae5,"{""config"":[""Y+"",""Y""],""d"":7,""p"":0.01107948717948718}",
      4096,       101,         0,   0.082,pymatching,54953947f3feebc7119bbdb3c90e47f38134f73533f9669982539c57c3f68cca,"{""config"":[""Y+"",""Y""],""d"":7,""p"":0.006802564102564103}",
     51200,      2676,         0,   0.373,pymatching,c158f65688299f75c2a23a65a865def7419d91a7b818b2c66e2d16dda90eef87,"{""config"":[""Y+"",""Y""],""d"":5,""p"":0.00894102564102564}",
      1297,       155,         0,   0.043,pymatching,4edb1f8cd0c10ebe04be4aac20a0477e6fcd78a9c451ad07f3ed65d69fe030ce,"{""config"":[""Y+"",""Y""],""d"":7,""p"":0.010723076923076922}",
      8192,        82,         0,   0.114,pymatching,44778f417ddefc9165e91ad4a5805c24dc79bdc9782a224c5d308d339d9e8097,"{""config"":[""Y+"",""Y""],""d"":7,""p"":0.005376923076923077}",
      4096,       140,         0,   0.087,pymatching,82faf2022754eeaba2fa4ad6f0b446cd059fab8b1026aa30f38d63e60ddb0a0f,"{""config"":[""Y+"",""Y""],""d"":7,""p"":0.007515384615384615}",
       273,        30,         0,   0.010,pymatching,7051f9d3ade115442aeffc342f6e0425220537872932858310ebeec88f584fcc,"{""config"":[""Y+"",""Y""],""d"":7,""p"":0.011435897435897435}",
      7168,        77,         0,   0.114,pymatching,1ded2928a119f1b6c0eb82651ab130497369e0a99313696e9ddd7d3d79cb15d2,"{""config"":[""Y+"",""Y""],""d"":7,""p"":0.005733333333333333}",
     18432,         8,         0,   0.147,pymatching,2c493731402f69a8580bdf5b58ad0e0c3f1b910fd2a23dc0feafd13baa269d2c,"{""config"":[""Y+"",""Y""],""d"":7,""p"":0.0025256410256410257}",
      1024,        90,         0,   0.029,pymatching,b3eaf657bd5e9d9ffb895c2c4ec0840a82203269223dad6c4153a6e8b0f9ba76,"{""config"":[""Y+"",""Y""],""d"":7,""p"":0.010366666666666666}",
      3072,       174,         0,   0.076,pymatching,9b2a8307355599de2ebe16dc93ea18ea39317c205381e2f9b8f801c744e9d9aa,"{""config"":[""Y+"",""Y""],""d"":7,""p"":0.008584615384615385}",
      2048,       156,         0,   0.062,pymatching,dcb0664cc4001cb78081fe01626212576b37f8cde256abfb344daa96584a3829,"{""config"":[""Y+"",""Y""],""d"":7,""p"":0.010010256410256409}",
     58368,      2644,         0,   0.405,pymatching,c02ebbf1fd65fa9c3ae2c2a12c52366afbf82bca0f3a1e453a2b1547ccc2f6ce,"{""config"":[""Y+"",""Y""],""d"":5,""p"":0.008584615384615385}",
     35840,        13,         0,   0.289,pymatching,b9c5ccfc1e3322d1df5fefe43bfc5cdf09fb6f8e87b1867c2b3d7adb9d9a40bd,"{""config"":[""Y+"",""Y""],""d"":7,""p"":0.002169230769230769}",
     96559,        10,         0,   0.216,pymatching,2b0c4fb2ea4cc842ea602a2df29d7dfe9642687babb506ecad7f9e8281d2599a,"{""config"":[""Y+"",""Y""],""d"":5,""p"":0.0011}",
      1024,       109,         0,   0.031,pymatching,4edb1f8cd0c10ebe04be4aac20a0477e6fcd78a9c451ad07f3ed65d69fe030ce,"{""config"":[""Y+"",""Y""],""d"":7,""p"":0.010723076923076922}",
      1024,       109,         0,   0.034,pymatching,2db770c56c1f3190629cb95dedc15d5303fe7e18d6b775647621cf9cf7c3eae5,"{""config"":[""Y+"",""Y""],""d"":7,""p"":0.01107948717948718}",
      1024,       121,         0,   0.033,pymatching,7051f9d3ade115442aeffc342f6e0425220537872932858310ebeec88f584fcc,"{""config"":[""Y+"",""Y""],""d"":7,""p"":0.011435897435897435}",
      6144,       122,         0,   0.112,pymatching,4451bbcae661709660b35391e8a3084afaa63de0e908cd1bd0670e791ea954b6,"{""config"":[""Y+"",""Y""],""d"":7,""p"":0.006446153846153846}",
      3072,       168,         0,   0.079,pymatching,39816311c09a2c5e31164b1f4c1b13e066a5995d3dec728076bd565cb295a582,"{""config"":[""Y+"",""Y""],""d"":7,""p"":0.00894102564102564}",
      7168,        82,         0,   0.121,pymatching,6492a75cf2d32538edb01866f3ae5f7d4206754a4e3c1ab604f05e688906edd5,"{""config"":[""Y+"",""Y""],""d"":7,""p"":0.00608974358974359}",
      2048,        83,         0,   0.091,pymatching,edd89b5b1ae934e17659c601172a1f72bc7f0d46450e5d70cf8d6579686bc1a9,"{""config"":[""Y+"",""Y""],""d"":7,""p"":0.007871794871794872}",
       273,        38,         0,   0.012,pymatching,bcd4bd76ebf4d05fb8d5204425b2864dfa432fff8e7a86f05c4b4d990f89c58b,"{""config"":[""Y+"",""Y""],""d"":7,""p"":0.011792307692307692}",
      1024,       117,         0,   0.031,pymatching,4edb1f8cd0c10ebe04be4aac20a0477e6fcd78a9c451ad07f3ed65d69fe030ce,"{""config"":[""Y+"",""Y""],""d"":7,""p"":0.010723076923076922}",
      3072,       239,         0,   0.080,pymatching,692fbbe2180d82609d8fbce9fb57749ad0991e5ec55e9756191425c80faae59e,"{""config"":[""Y+"",""Y""],""d"":7,""p"":0.009653846153846153}",
     17408,        19,         0,   0.150,pymatching,c29daf484c9d432db8f543665f6277eae8f75a9a750a6f2b46c8830e5bd84bae,"{""config"":[""Y+"",""Y""],""d"":7,""p"":0.0028820512820512817}",
      1024,       118,         0,   0.034,pymatching,2db770c56c1f3190629cb95dedc15d5303fe7e18d6b775647621cf9cf7c3eae5,"{""config"":[""Y+"",""Y""],""d"":7,""p"":0.01107948717948718}",
     16384,        21,         0,   0.152,pymatching,55e2052820d1a12ecd22092c6f5ca6c76ccd51891eb64142fab7e2d43f17862d,"{""config"":[""Y+"",""Y""],""d"":7,""p"":0.003238461538461538}",
      3072,       188,         0,   0.076,pymatching,896d0ea116072cbd8ad1b3fd64d7f7cc41d578256d248094baa79fb33a248f85,"{""config"":[""Y+"",""Y""],""d"":7,""p"":0.009297435897435898}",
      1024,       123,         0,   0.033,pymatching,7051f9d3ade115442aeffc342f6e0425220537872932858310ebeec88f584fcc,"{""config"":[""Y+"",""Y""],""d"":7,""p"":0.011435897435897435}",
     15360,        19,         0,   0.155,pymatching,5bc48b83ec852cb30e501e5b0905235215d5d2acb38422d1ae9a4692a1dddcd3,"{""config"":[""Y+"",""Y""],""d"":7,""p"":0.0035948717948717946}",
      2048,       215,         0,   0.059,pymatching,b3eaf657bd5e9d9ffb895c2c4ec0840a82203269223dad6c4153a6e8b0f9ba76,"{""config"":[""Y+"",""Y""],""d"":7,""p"":0.010366666666666666}",
      2048,       172,         0,   0.062,pymatching,dcb0664cc4001cb78081fe01626212576b37f8cde256abfb344daa96584a3829,"{""config"":[""Y+"",""Y""],""d"":7,""p"":0.010010256410256409}",
     10240,       495,         0,   0.071,pymatching,c02ebbf1fd65fa9c3ae2c2a12c52366afbf82bca0f3a1e453a2b1547ccc2f6ce,"{""config"":[""Y+"",""Y""],""d"":5,""p"":0.008584615384615385}",
      4096,       179,         0,   0.097,pymatching,3bd54a3bd47e554c28acb0ccdc2d293bf8e234d4037ebf4628a2a14c089c22bc,"{""config"":[""Y+"",""Y""],""d"":7,""p"":0.008228205128205128}",
      6144,       133,         0,   0.123,pymatching,ca26f21bc502402c28ed97c7f7c1d1b62a602b71eacb2a467149bdaa2f5d945c,"{""config"":[""Y+"",""Y""],""d"":7,""p"":0.007158974358974359}",
      1024,       113,         0,   0.030,pymatching,4edb1f8cd0c10ebe04be4aac20a0477e6fcd78a9c451ad07f3ed65d69fe030ce,"{""config"":[""Y+"",""Y""],""d"":7,""p"":0.010723076923076922}",
      3072,       175,         0,   0.077,pymatching,9b2a8307355599de2ebe16dc93ea18ea39317c205381e2f9b8f801c744e9d9aa,"{""config"":[""Y+"",""Y""],""d"":7,""p"":0.008584615384615385}",
     86016,         0,         0,   0.407,pymatching,ddab9fbd6b14be7b367f4624635cfd20a4481975912af552cad4351f6a7e48e2,"{""config"":[""Y+"",""Y""],""d"":7,""p"":1e-05}",
       273,        39,         0,   0.011,pymatching,0fb86e8d4ca16a9471ba94f3e1367e160acab1d449f74eadaa505e4f191a84e3,"{""config"":[""Y+"",""Y""],""d"":7,""p"":0.012505128205128205}",
      1024,       157,         0,   0.038,pymatching,bcd4bd76ebf4d05fb8d5204425b2864dfa432fff8e7a86f05c4b4d990f89c58b,"{""config"":[""Y+"",""Y""],""d"":7,""p"":0.011792307692307692}",
     13312,        29,         0,   0.156,pymatching,583761c35c6053557a126e62d723dad6630bce6cb9ef4b9b16e28bcd435dfb36,"{""config"":[""Y+"",""Y""],""d"":7,""p"":0.003951282051282051}",
      1024,       128,         0,   0.033,pymatching,7051f9d3ade115442aeffc342f6e0425220537872932858310ebeec88f584fcc,"{""config"":[""Y+"",""Y""],""d"":7,""p"":0.011435897435897435}",
      5120,       170,         0,   0.109,pymatching,82faf2022754eeaba2fa4ad6f0b446cd059fab8b1026aa30f38d63e60ddb0a0f,"{""config"":[""Y+"",""Y""],""d"":7,""p"":0.007515384615384615}",
      6144,       160,         0,   0.118,pymatching,54953947f3feebc7119bbdb3c90e47f38134f73533f9669982539c57c3f68cca,"{""config"":[""Y+"",""Y""],""d"":7,""p"":0.006802564102564103}",
     12288,        57,         0,   0.155,pymatching,72809015876d1f9b8ff5ff89d3ce2a1c29e73672373efd2eb3e8fd9cda3edd02,"{""config"":[""Y+"",""Y""],""d"":7,""p"":0.0043076923076923075}",
      3072,       184,         0,   0.079,pymatching,39816311c09a2c5e31164b1f4c1b13e066a5995d3dec728076bd565cb295a582,"{""config"":[""Y+"",""Y""],""d"":7,""p"":0.00894102564102564}",
       273,        54,         0,   0.025,pymatching,212ce2de3cdfeff2fe02c837775f496c1865ef53a3fb19867996d6a8e4ff1df4,"{""config"":[""Y+"",""Y""],""d"":7,""p"":0.012148717948717948}",
     86016,         0,         0,   0.405,pymatching,2a9abd83c5a3d3db0eec60cc1cc5f8926ad0cda6b05841260a774163de5a5300,"{""config"":[""Y+"",""Y""],""d"":7,""p"":1.6681005372000593e-05}",
     12288,        52,         0,   0.149,pymatching,aa429589a3348e00898eb2b9a5a5dbd4f3b518fd65dc69aeba43d82ded161f49,"{""config"":[""Y+"",""Y""],""d"":7,""p"":0.004664102564102564}",
      1024,       169,         0,   0.037,pymatching,0fb86e8d4ca16a9471ba94f3e1367e160acab1d449f74eadaa505e4f191a84e3,"{""config"":[""Y+"",""Y""],""d"":7,""p"":0.012505128205128205}",
      2048,       200,         0,   0.059,pymatching,b3eaf657bd5e9d9ffb895c2c4ec0840a82203269223dad6c4153a6e8b0f9ba76,"{""config"":[""Y+"",""Y""],""d"":7,""p"":0.010366666666666666}",
     83968,         0,         0,   0.403,pymatching,d4efb51de84e8753bb144bbe5cbc1e16119dd4138c3429ef067e31fd81182969,"{""config"":[""Y+"",""Y""],""d"":7,""p"":7.742636826811278e-05}",
      2048,       231,         0,   0.071,pymatching,2db770c56c1f3190629cb95dedc15d5303fe7e18d6b775647621cf9cf7c3eae5,"{""config"":[""Y+"",""Y""],""d"":7,""p"":0.01107948717948718}",
      1024,       138,         0,   0.039,pymatching,bcd4bd76ebf4d05fb8d5204425b2864dfa432fff8e7a86f05c4b4d990f89c58b,"{""config"":[""Y+"",""Y""],""d"":7,""p"":0.011792307692307692}",
     23552,       996,         0,   0.158,pymatching,39ffa6c7a738853e61da0a9ef276cbbd7b304b4bac770844889e9607d62bf55d,"{""config"":[""Y+"",""Y""],""d"":5,""p"":0.008228205128205128}",
      3072,       224,         0,   0.079,pymatching,692fbbe2180d82609d8fbce9fb57749ad0991e5ec55e9756191425c80faae59e,"{""config"":[""Y+"",""Y""],""d"":7,""p"":0.009653846153846153}",
     80896,         0,         0,   0.403,pymatching,1ebf2e24f42a25fd0e80fbd92c68bca690d32a7b6f33c49e44b405cff829f70d,"{""config"":[""Y+"",""Y""],""d"":7,""p"":0.00021544346900318823}",
       273,        64,         0,   0.013,pymatching,3f004f4fc9855988b82031e7cc363d34ddc9c300a9ee96a11d442754e3d865ac,"{""config"":[""Y+"",""Y""],""d"":7,""p"":0.012861538461538462}",
      3072,       209,         0,   0.077,pymatching,896d0ea116072cbd8ad1b3fd64d7f7cc41d578256d248094baa79fb33a248f85,"{""config"":[""Y+"",""Y""],""d"":7,""p"":0.009297435897435898}",
     83968,         0,         0,   0.406,pymatching,3c857fc2010553329b0c56ef74743c200a997a241ffdc1a3d6ce71eeb6f35a54,"{""config"":[""Y+"",""Y""],""d"":7,""p"":0.0001291549665014884}",
      2048,       212,         0,   0.061,pymatching,4edb1f8cd0c10ebe04be4aac20a0477e6fcd78a9c451ad07f3ed65d69fe030ce,"{""config"":[""Y+"",""Y""],""d"":7,""p"":0.010723076923076922}",
     86016,         0,         0,   0.407,pymatching,7aa90f14661fe503b169d17735323782ba47d9bacb07fb92cec4acd1e3381f76,"{""config"":[""Y+"",""Y""],""d"":7,""p"":2.782559402207126e-05}",
      9216,       119,         0,   0.148,pymatching,1ded2928a119f1b6c0eb82651ab130497369e0a99313696e9ddd7d3d79cb15d2,"{""config"":[""Y+"",""Y""],""d"":7,""p"":0.005733333333333333}",
      6144,        57,         0,   0.173,pymatching,8b3bc9bef2aea071ed74476e1e9f2dd5a1c3bf81e58b8bf69df925b82d1ba7a4,"{""config"":[""Y+"",""Y""],""d"":7,""p"":0.00502051282051282}",
     11264,       102,         0,   0.156,pymatching,44778f417ddefc9165e91ad4a5805c24dc79bdc9782a224c5d308d339d9e8097,"{""config"":[""Y+"",""Y""],""d"":7,""p"":0.005376923076923077}",
      1024,       163,         0,   0.037,pymatching,0fb86e8d4ca16a9471ba94f3e1367e160acab1d449f74eadaa505e4f191a84e3,"{""config"":[""Y+"",""Y""],""d"":7,""p"":0.012505128205128205}",
     77824,         0,         0,   0.403,pymatching,7a36ae4616f1d754f42dd521d2fabf024d85329dfad51a046c6fc6d074b7b6f0,"{""config"":[""Y+"",""Y""],""d"":7,""p"":0.00035938136638046257}",
     84992,         0,         0,   0.403,pymatching,7e10452490fdaa8d156054ff5ef1acff444cf67cb4c136cd79857b341f9e4172,"{""config"":[""Y+"",""Y""],""d"":7,""p"":4.641588833612782e-05}",
      2048,       291,         0,   0.066,pymatching,7051f9d3ade115442aeffc342f6e0425220537872932858310ebeec88f584fcc,"{""config"":[""Y+"",""Y""],""d"":7,""p"":0.011435897435897435}",
      3072,       269,         0,   0.094,pymatching,dcb0664cc4001cb78081fe01626212576b37f8cde256abfb344daa96584a3829,"{""config"":[""Y+"",""Y""],""d"":7,""p"":0.010010256410256409}",
      1024,       136,         0,   0.038,pymatching,bcd4bd76ebf4d05fb8d5204425b2864dfa432fff8e7a86f05c4b4d990f89c58b,"{""config"":[""Y+"",""Y""],""d"":7,""p"":0.011792307692307692}",
     73728,         0,         0,   0.405,pymatching,f1775c7e580d8f5fddb23efcaf637a9598af94daaad5195170fd5a28436ce87c,"{""config"":[""Y+"",""Y""],""d"":7,""p"":0.0005994842503189409}",
     65536,         0,         0,   0.409,pymatching,e34529a27c2f8d5d8bc8d8e2e799cf1fb09be2666f89b6597da07e402b93b3a8,"{""config"":[""Y+"",""Y""],""d"":7,""p"":0.0011}",
      1024,       201,         0,   0.043,pymatching,3f004f4fc9855988b82031e7cc363d34ddc9c300a9ee96a11d442754e3d865ac,"{""config"":[""Y+"",""Y""],""d"":7,""p"":0.012861538461538462}",
     66560,         1,         0,   0.406,pymatching,d964ce250f510f05b10feb424012badadf776273e0f85d97054e675ebf8d58cb,"{""config"":[""Y+"",""Y""],""d"":7,""p"":0.001}",
      8192,       157,         0,   0.150,pymatching,4451bbcae661709660b35391e8a3084afaa63de0e908cd1bd0670e791ea954b6,"{""config"":[""Y+"",""Y""],""d"":7,""p"":0.006446153846153846}",
      1024,       156,         0,   0.072,pymatching,212ce2de3cdfeff2fe02c837775f496c1865ef53a3fb19867996d6a8e4ff1df4,"{""config"":[""Y+"",""Y""],""d"":7,""p"":0.012148717948717948}",
      3072,       124,         0,   0.141,pymatching,edd89b5b1ae934e17659c601172a1f72bc7f0d46450e5d70cf8d6579686bc1a9,"{""config"":[""Y+"",""Y""],""d"":7,""p"":0.007871794871794872}",
      2048,       241,         0,   0.068,pymatching,2db770c56c1f3190629cb95dedc15d5303fe7e18d6b775647621cf9cf7c3eae5,"{""config"":[""Y+"",""Y""],""d"":7,""p"":0.01107948717948718}",
      9216,       147,         0,   0.157,pymatching,6492a75cf2d32538edb01866f3ae5f7d4206754a4e3c1ab604f05e688906edd5,"{""config"":[""Y+"",""Y""],""d"":7,""p"":0.00608974358974359}",
      1024,       153,         0,   0.037,pymatching,0fb86e8d4ca16a9471ba94f3e1367e160acab1d449f74eadaa505e4f191a84e3,"{""config"":[""Y+"",""Y""],""d"":7,""p"":0.012505128205128205}",
      5120,       242,         0,   0.121,pymatching,3bd54a3bd47e554c28acb0ccdc2d293bf8e234d4037ebf4628a2a14c089c22bc,"{""config"":[""Y+"",""Y""],""d"":7,""p"":0.008228205128205128}",
      2048,       222,         0,   0.059,pymatching,4edb1f8cd0c10ebe04be4aac20a0477e6fcd78a9c451ad07f3ed65d69fe030ce,"{""config"":[""Y+"",""Y""],""d"":7,""p"":0.010723076923076922}",
      5120,       244,         0,   0.128,pymatching,9b2a8307355599de2ebe16dc93ea18ea39317c205381e2f9b8f801c744e9d9aa,"{""config"":[""Y+"",""Y""],""d"":7,""p"":0.008584615384615385}",
      3072,       258,         0,   0.087,pymatching,b3eaf657bd5e9d9ffb895c2c4ec0840a82203269223dad6c4153a6e8b0f9ba76,"{""config"":[""Y+"",""Y""],""d"":7,""p"":0.010366666666666666}",
     26624,         7,         0,   0.212,pymatching,2c493731402f69a8580bdf5b58ad0e0c3f1b910fd2a23dc0feafd13baa269d2c,"{""config"":[""Y+"",""Y""],""d"":7,""p"":0.0025256410256410257}",
      4096,       236,         0,   0.106,pymatching,39816311c09a2c5e31164b1f4c1b13e066a5995d3dec728076bd565cb295a582,"{""config"":[""Y+"",""Y""],""d"":7,""p"":0.00894102564102564}",
      1024,       202,         0,   0.043,pymatching,3f004f4fc9855988b82031e7cc363d34ddc9c300a9ee96a11d442754e3d865ac,"{""config"":[""Y+"",""Y""],""d"":7,""p"":0.012861538461538462}",
       273,        44,         0,   0.015,pymatching,023b09aaa362515845bd5f34349756e03b1215c366cec65af9a1f02bb14e018e,"{""config"":[""Y+"",""Y""],""d"":7,""p"":0.013217948717948718}",
      2048,       260,         0,   0.066,pymatching,7051f9d3ade115442aeffc342f6e0425220537872932858310ebeec88f584fcc,"{""config"":[""Y+"",""Y""],""d"":7,""p"":0.011435897435897435}",
     39936,      1546,         0,   0.255,pymatching,68d3b6d497833e47044c4059452326f0dcce649ba2f47180fc18871bbc9f16f6,"{""config"":[""Y+"",""Y""],""d"":5,""p"":0.007871794871794872}",
      4096,       315,         0,   0.107,pymatching,692fbbe2180d82609d8fbce9fb57749ad0991e5ec55e9756191425c80faae59e,"{""config"":[""Y+"",""Y""],""d"":7,""p"":0.009653846153846153}",
      2048,       247,         0,   0.075,pymatching,bcd4bd76ebf4d05fb8d5204425b2864dfa432fff8e7a86f05c4b4d990f89c58b,"{""config"":[""Y+"",""Y""],""d"":7,""p"":0.011792307692307692}",
      1024,       174,         0,   0.058,pymatching,212ce2de3cdfeff2fe02c837775f496c1865ef53a3fb19867996d6a8e4ff1df4,"{""config"":[""Y+"",""Y""],""d"":7,""p"":0.012148717948717948}",
      8192,       217,         0,   0.165,pymatching,ca26f21bc502402c28ed97c7f7c1d1b62a602b71eacb2a467149bdaa2f5d945c,"{""config"":[""Y+"",""Y""],""d"":7,""p"":0.007158974358974359}",
       273,        53,         0,   0.013,pymatching,8bf7f39c42a64f1c60b8a65ca7aba534ee1b8bef7fd4e409b5ede3877dcd5e6e,"{""config"":[""Y+"",""Y""],""d"":7,""p"":0.013574358974358974}",
      7168,       224,         0,   0.153,pymatching,82faf2022754eeaba2fa4ad6f0b446cd059fab8b1026aa30f38d63e60ddb0a0f,"{""config"":[""Y+"",""Y""],""d"":7,""p"":0.007515384615384615}",
      1024,       192,         0,   0.041,pymatching,3f004f4fc9855988b82031e7cc363d34ddc9c300a9ee96a11d442754e3d865ac,"{""config"":[""Y+"",""Y""],""d"":7,""p"":0.012861538461538462}",
      5120,       336,         0,   0.128,pymatching,896d0ea116072cbd8ad1b3fd64d7f7cc41d578256d248094baa79fb33a248f85,"{""config"":[""Y+"",""Y""],""d"":7,""p"":0.009297435897435898}",
      8192,       174,         0,   0.158,pymatching,54953947f3feebc7119bbdb3c90e47f38134f73533f9669982539c57c3f68cca,"{""config"":[""Y+"",""Y""],""d"":7,""p"":0.006802564102564103}",
     22528,        30,         0,   0.208,pymatching,55e2052820d1a12ecd22092c6f5ca6c76ccd51891eb64142fab7e2d43f17862d,"{""config"":[""Y+"",""Y""],""d"":7,""p"":0.003238461538461538}",
     24576,        14,         0,   0.210,pymatching,c29daf484c9d432db8f543665f6277eae8f75a9a750a6f2b46c8830e5bd84bae,"{""config"":[""Y+"",""Y""],""d"":7,""p"":0.0028820512820512817}",
      2048,       373,         0,   0.074,pymatching,0fb86e8d4ca16a9471ba94f3e1367e160acab1d449f74eadaa505e4f191a84e3,"{""config"":[""Y+"",""Y""],""d"":7,""p"":0.012505128205128205}",
     20480,        51,         0,   0.206,pymatching,5bc48b83ec852cb30e501e5b0905235215d5d2acb38422d1ae9a4692a1dddcd3,"{""config"":[""Y+"",""Y""],""d"":7,""p"":0.0035948717948717946}",
      1024,       206,         0,   0.051,pymatching,023b09aaa362515845bd5f34349756e03b1215c366cec65af9a1f02bb14e018e,"{""config"":[""Y+"",""Y""],""d"":7,""p"":0.013217948717948718}",
     65536,         3,         0,   0.407,pymatching,0593b8800785d13d9a221cb2b81f5e7a731d05e015e3de03874f28a07d88f3ef,"{""config"":[""Y+"",""Y""],""d"":7,""p"":0.0014564102564102565}",
      4096,       372,         0,   0.126,pymatching,dcb0664cc4001cb78081fe01626212576b37f8cde256abfb344daa96584a3829,"{""config"":[""Y+"",""Y""],""d"":7,""p"":0.010010256410256409}",
      3072,       340,         0,   0.091,pymatching,4edb1f8cd0c10ebe04be4aac20a0477e6fcd78a9c451ad07f3ed65d69fe030ce,"{""config"":[""Y+"",""Y""],""d"":7,""p"":0.010723076923076922}",
      3072,       349,         0,   0.104,pymatching,2db770c56c1f3190629cb95dedc15d5303fe7e18d6b775647621cf9cf7c3eae5,"{""config"":[""Y+"",""Y""],""d"":7,""p"":0.01107948717948718}",
      1024,       171,         0,   0.057,pymatching,212ce2de3cdfeff2fe02c837775f496c1865ef53a3fb19867996d6a8e4ff1df4,"{""config"":[""Y+"",""Y""],""d"":7,""p"":0.012148717948717948}",
      1024,       193,         0,   0.042,pymatching,3f004f4fc9855988b82031e7cc363d34ddc9c300a9ee96a11d442754e3d865ac,"{""config"":[""Y+"",""Y""],""d"":7,""p"":0.012861538461538462}",
     18432,        45,         0,   0.215,pymatching,583761c35c6053557a126e62d723dad6630bce6cb9ef4b9b16e28bcd435dfb36,"{""config"":[""Y+"",""Y""],""d"":7,""p"":0.003951282051282051}",
      2048,       256,         0,   0.074,pymatching,bcd4bd76ebf4d05fb8d5204425b2864dfa432fff8e7a86f05c4b4d990f89c58b,"{""config"":[""Y+"",""Y""],""d"":7,""p"":0.011792307692307692}",
     16384,        60,         0,   0.207,pymatching,72809015876d1f9b8ff5ff89d3ce2a1c29e73672373efd2eb3e8fd9cda3edd02,"{""config"":[""Y+"",""Y""],""d"":7,""p"":0.0043076923076923075}",
      1024,       185,         0,   0.048,pymatching,023b09aaa362515845bd5f34349756e03b1215c366cec65af9a1f02bb14e018e,"{""config"":[""Y+"",""Y""],""d"":7,""p"":0.013217948717948718}",
      1024,       183,         0,   0.065,pymatching,8bf7f39c42a64f1c60b8a65ca7aba534ee1b8bef7fd4e409b5ede3877dcd5e6e,"{""config"":[""Y+"",""Y""],""d"":7,""p"":0.013574358974358974}",
       273,        58,         0,   0.013,pymatching,3d96cc66ddac22e0e63b9411d11ddfec22333df8c9fd03f1e9eaa4f0a42ad006,"{""config"":[""Y+"",""Y""],""d"":7,""p"":0.01393076923076923}",
      3072,       405,         0,   0.100,pymatching,7051f9d3ade115442aeffc342f6e0425220537872932858310ebeec88f584fcc,"{""config"":[""Y+"",""Y""],""d"":7,""p"":0.011435897435897435}",
      4096,       419,         0,   0.117,pymatching,b3eaf657bd5e9d9ffb895c2c4ec0840a82203269223dad6c4153a6e8b0f9ba76,"{""config"":[""Y+"",""Y""],""d"":7,""p"":0.010366666666666666}",
     17408,        95,         0,   0.212,pymatching,aa429589a3348e00898eb2b9a5a5dbd4f3b518fd65dc69aeba43d82ded161f49,"{""config"":[""Y+"",""Y""],""d"":7,""p"":0.004664102564102564}",
      1024,       167,         0,   0.040,pymatching,212ce2de3cdfeff2fe02c837775f496c1865ef53a3fb19867996d6a8e4ff1df4,"{""config"":[""Y+"",""Y""],""d"":7,""p"":0.012148717948717948}",
     54272,         2,         0,   0.406,pymatching,c5ca751aaccb112b2fc6f3e9a5b735918ad7833ac3069ee1270362dfaa2d7cfd,"{""config"":[""Y+"",""Y""],""d"":7,""p"":0.0018128205128205128}",
      2048,       335,         0,   0.074,pymatching,0fb86e8d4ca16a9471ba94f3e1367e160acab1d449f74eadaa505e4f191a84e3,"{""config"":[""Y+"",""Y""],""d"":7,""p"":0.012505128205128205}",
      5120,       189,         0,   0.157,pymatching,edd89b5b1ae934e17659c601172a1f72bc7f0d46450e5d70cf8d6579686bc1a9,"{""config"":[""Y+"",""Y""],""d"":7,""p"":0.007871794871794872}",
      9216,        68,         0,   0.209,pymatching,8b3bc9bef2aea071ed74476e1e9f2dd5a1c3bf81e58b8bf69df925b82d1ba7a4,"{""config"":[""Y+"",""Y""],""d"":7,""p"":0.00502051282051282}",
     15360,       130,         0,   0.213,pymatching,44778f417ddefc9165e91ad4a5805c24dc79bdc9782a224c5d308d339d9e8097,"{""config"":[""Y+"",""Y""],""d"":7,""p"":0.005376923076923077}",
     13312,       172,         0,   0.216,pymatching,1ded2928a119f1b6c0eb82651ab130497369e0a99313696e9ddd7d3d79cb15d2,"{""config"":[""Y+"",""Y""],""d"":7,""p"":0.005733333333333333}",
      1024,       208,         0,   0.042,pymatching,8bf7f39c42a64f1c60b8a65ca7aba534ee1b8bef7fd4e409b5ede3877dcd5e6e,"{""config"":[""Y+"",""Y""],""d"":7,""p"":0.013574358974358974}",
      1024,       214,         0,   0.043,pymatching,3d96cc66ddac22e0e63b9411d11ddfec22333df8c9fd03f1e9eaa4f0a42ad006,"{""config"":[""Y+"",""Y""],""d"":7,""p"":0.01393076923076923}",
      6144,       340,         0,   0.157,pymatching,9b2a8307355599de2ebe16dc93ea18ea39317c205381e2f9b8f801c744e9d9aa,"{""config"":[""Y+"",""Y""],""d"":7,""p"":0.008584615384615385}",
      1024,       203,         0,   0.050,pymatching,023b09aaa362515845bd5f34349756e03b1215c366cec65af9a1f02bb14e018e,"{""config"":[""Y+"",""Y""],""d"":7,""p"":0.013217948717948718}",
      7168,       338,         0,   0.171,pymatching,3bd54a3bd47e554c28acb0ccdc2d293bf8e234d4037ebf4628a2a14c089c22bc,"{""config"":[""Y+"",""Y""],""d"":7,""p"":0.008228205128205128}",
      6144,       381,         0,   0.162,pymatching,39816311c09a2c5e31164b1f4c1b13e066a5995d3dec728076bd565cb295a582,"{""config"":[""Y+"",""Y""],""d"":7,""p"":0.00894102564102564}",
     11264,       220,         0,   0.207,pymatching,4451bbcae661709660b35391e8a3084afaa63de0e908cd1bd0670e791ea954b6,"{""config"":[""Y+"",""Y""],""d"":7,""p"":0.006446153846153846}",
      2048,       349,         0,   0.086,pymatching,3f004f4fc9855988b82031e7cc363d34ddc9c300a9ee96a11d442754e3d865ac,"{""config"":[""Y+"",""Y""],""d"":7,""p"":0.012861538461538462}",
      2048,       315,         0,   0.077,pymatching,bcd4bd76ebf4d05fb8d5204425b2864dfa432fff8e7a86f05c4b4d990f89c58b,"{""config"":[""Y+"",""Y""],""d"":7,""p"":0.011792307692307692}",
      6144,       478,         0,   0.161,pymatching,692fbbe2180d82609d8fbce9fb57749ad0991e5ec55e9756191425c80faae59e,"{""config"":[""Y+"",""Y""],""d"":7,""p"":0.009653846153846153}",
     12288,       200,         0,   0.211,pymatching,6492a75cf2d32538edb01866f3ae5f7d4206754a4e3c1ab604f05e688906edd5,"{""config"":[""Y+"",""Y""],""d"":7,""p"":0.00608974358974359}",
      1024,       203,         0,   0.041,pymatching,8bf7f39c42a64f1c60b8a65ca7aba534ee1b8bef7fd4e409b5ede3877dcd5e6e,"{""config"":[""Y+"",""Y""],""d"":7,""p"":0.013574358974358974}",
      3072,       347,         0,   0.108,pymatching,2db770c56c1f3190629cb95dedc15d5303fe7e18d6b775647621cf9cf7c3eae5,"{""config"":[""Y+"",""Y""],""d"":7,""p"":0.01107948717948718}",
    185344,       263,         0,   0.562,pymatching,10f522386e5401ce6a5865e1ae4a4bbef4eb1bf3daffbc11d9ada0dc0bad96c2,"{""config"":[""Y+"",""Y""],""d"":5,""p"":0.0025256410256410257}",
      1024,       215,         0,   0.042,pymatching,3d96cc66ddac22e0e63b9411d11ddfec22333df8c9fd03f1e9eaa4f0a42ad006,"{""config"":[""Y+"",""Y""],""d"":7,""p"":0.01393076923076923}",
      2048,       302,         0,   0.071,pymatching,212ce2de3cdfeff2fe02c837775f496c1865ef53a3fb19867996d6a8e4ff1df4,"{""config"":[""Y+"",""Y""],""d"":7,""p"":0.012148717948717948}",
      4096,       426,         0,   0.121,pymatching,4edb1f8cd0c10ebe04be4aac20a0477e6fcd78a9c451ad07f3ed65d69fe030ce,"{""config"":[""Y+"",""Y""],""d"":7,""p"":0.010723076923076922}",
      6144,       446,         0,   0.153,pymatching,896d0ea116072cbd8ad1b3fd64d7f7cc41d578256d248094baa79fb33a248f85,"{""config"":[""Y+"",""Y""],""d"":7,""p"":0.009297435897435898}",
      1024,       193,         0,   0.050,pymatching,023b09aaa362515845bd5f34349756e03b1215c366cec65af9a1f02bb14e018e,"{""config"":[""Y+"",""Y""],""d"":7,""p"":0.013217948717948718}",
    241967,       240,         0,   0.618,pymatching,7d722f229965de87d2d4daf10e9b29159b2435faef8a6944d5b39c4678d848f7,"{""config"":[""Y+"",""Y""],""d"":5,""p"":0.002169230769230769}",
     50176,        22,         0,   0.411,pymatching,b9c5ccfc1e3322d1df5fefe43bfc5cdf09fb6f8e87b1867c2b3d7adb9d9a40bd,"{""config"":[""Y+"",""Y""],""d"":7,""p"":0.002169230769230769}",
    175104,       407,         0,   0.564,pymatching,d0f00be01be4cf465b3edd773909d2115ae29a61da6eed6079d3b2258616393e,"{""config"":[""Y+"",""Y""],""d"":5,""p"":0.0028820512820512817}",
    241967,       131,         0,   0.634,pymatching,e30e755e7a0719ba6d1fc0f53b54f72ffaaa686b35dcc95660eec57ceed41e56,"{""config"":[""Y+"",""Y""],""d"":5,""p"":0.0018128205128205128}",
    161792,       493,         0,   0.564,pymatching,f2a68c7e7caa1dbcd527c13e207c28d6b9f88214222056c0daa9bf175bbd294f,"{""config"":[""Y+"",""Y""],""d"":5,""p"":0.003238461538461538}",
      1024,       199,         0,   0.041,pymatching,8bf7f39c42a64f1c60b8a65ca7aba534ee1b8bef7fd4e409b5ede3877dcd5e6e,"{""config"":[""Y+"",""Y""],""d"":7,""p"":0.013574358974358974}",
      5120,       452,         0,   0.158,pymatching,dcb0664cc4001cb78081fe01626212576b37f8cde256abfb344daa96584a3829,"{""config"":[""Y+"",""Y""],""d"":7,""p"":0.010010256410256409}",
      1024,       221,         0,   0.043,pymatching,3d96cc66ddac22e0e63b9411d11ddfec22333df8c9fd03f1e9eaa4f0a42ad006,"{""config"":[""Y+"",""Y""],""d"":7,""p"":0.01393076923076923}",
      3072,       486,         0,   0.109,pymatching,0fb86e8d4ca16a9471ba94f3e1367e160acab1d449f74eadaa505e4f191a84e3,"{""config"":[""Y+"",""Y""],""d"":7,""p"":0.012505128205128205}",
    165888,       664,         0,   0.564,pymatching,416ae957e4ead28fc5c3fa675fb1fa14810150ea56974c4179e9bf8e0ad9c5c2,"{""config"":[""Y+"",""Y""],""d"":5,""p"":0.0035948717948717946}",
     10240,       271,         0,   0.209,pymatching,ca26f21bc502402c28ed97c7f7c1d1b62a602b71eacb2a467149bdaa2f5d945c,"{""config"":[""Y+"",""Y""],""d"":7,""p"":0.007158974358974359}",
      4096,       536,         0,   0.131,pymatching,7051f9d3ade115442aeffc342f6e0425220537872932858310ebeec88f584fcc,"{""config"":[""Y+"",""Y""],""d"":7,""p"":0.011435897435897435}",
      2048,       367,         0,   0.085,pymatching,3f004f4fc9855988b82031e7cc363d34ddc9c300a9ee96a11d442754e3d865ac,"{""config"":[""Y+"",""Y""],""d"":7,""p"":0.012861538461538462}",
     10240,       328,         0,   0.218,pymatching,82faf2022754eeaba2fa4ad6f0b446cd059fab8b1026aa30f38d63e60ddb0a0f,"{""config"":[""Y+"",""Y""],""d"":7,""p"":0.007515384615384615}",
     11264,       265,         0,   0.219,pymatching,54953947f3feebc7119bbdb3c90e47f38134f73533f9669982539c57c3f68cca,"{""config"":[""Y+"",""Y""],""d"":7,""p"":0.006802564102564103}",
    147456,      1029,         0,   0.566,pymatching,895f35546a52b568e46374f1d341a2badddf9bb9ff60f52b898b573fb39acc83,"{""config"":[""Y+"",""Y""],""d"":5,""p"":0.0043076923076923075}",
    156672,       861,         0,   0.565,pymatching,9581cf577c94fd3d92524757513bc8aea03230286c8c1988dd819d15427f1f62,"{""config"":[""Y+"",""Y""],""d"":5,""p"":0.003951282051282051}",
      1024,       209,         0,   0.041,pymatching,3d96cc66ddac22e0e63b9411d11ddfec22333df8c9fd03f1e9eaa4f0a42ad006,"{""config"":[""Y+"",""Y""],""d"":7,""p"":0.01393076923076923}",
    139264,      1185,         0,   0.563,pymatching,518da64528007b967ad3978374c3581953e1802654a73a1069fd7b23150eec53,"{""config"":[""Y+"",""Y""],""d"":5,""p"":0.004664102564102564}",
    107520,      1694,         0,   0.568,pymatching,2dc7be9fda138f8bc49605ace479e0f83ef64593f02f437fd6605e765794cb1f,"{""config"":[""Y+"",""Y""],""d"":5,""p"":0.005733333333333333}",
      2048,       380,         0,   0.079,pymatching,023b09aaa362515845bd5f34349756e03b1215c366cec65af9a1f02bb14e018e,"{""config"":[""Y+"",""Y""],""d"":7,""p"":0.013217948717948718}",
     97280,      2118,         0,   0.568,pymatching,55f8132449de2eb149ce51c48afbecf6eed8a22046d8c5e95991cde162fd4ea9,"{""config"":[""Y+"",""Y""],""d"":5,""p"":0.006446153846153846}",
      3072,       421,         0,   0.111,pymatching,bcd4bd76ebf4d05fb8d5204425b2864dfa432fff8e7a86f05c4b4d990f89c58b,"{""config"":[""Y+"",""Y""],""d"":7,""p"":0.011792307692307692}",
      6144,       637,         0,   0.177,pymatching,b3eaf657bd5e9d9ffb895c2c4ec0840a82203269223dad6c4153a6e8b0f9ba76,"{""config"":[""Y+"",""Y""],""d"":7,""p"":0.010366666666666666}",
       273,        67,         0,   0.014,pymatching,bba58f806462f67760389f0b4686f6496d840627b09598db447cf470ca07f683,"{""config"":[""Y+"",""Y""],""d"":7,""p"":0.014287179487179487}",
    119808,      1345,         0,   0.567,pymatching,b78d51e4f39cc3935f7278ccdeef8f922559597ffbd4f8e0507abeacc3a2c063,"{""config"":[""Y+"",""Y""],""d"":5,""p"":0.00502051282051282}",
     36864,        12,         0,   0.294,pymatching,2c493731402f69a8580bdf5b58ad0e0c3f1b910fd2a23dc0feafd13baa269d2c,"{""config"":[""Y+"",""Y""],""d"":7,""p"":0.0025256410256410257}",
    112640,      1490,         0,   0.566,pymatching,fee0796c5a42d138738f9c1fb5793d4c8d53e8541fd66dd86c4bf8e6bbf752bc,"{""config"":[""Y+"",""Y""],""d"":5,""p"":0.005376923076923077}",
     99328,      1811,         0,   0.568,pymatching,2e114e34e9047f37305ffeabf7a391e9e94302a1b882029be1728590241753c5,"{""config"":[""Y+"",""Y""],""d"":5,""p"":0.00608974358974359}",
      3072,       477,         0,   0.107,pymatching,212ce2de3cdfeff2fe02c837775f496c1865ef53a3fb19867996d6a8e4ff1df4,"{""config"":[""Y+"",""Y""],""d"":7,""p"":0.012148717948717948}",
     92160,      2385,         0,   0.566,pymatching,277ea2ac4a1a93fbda751637012d94b50a32886d0a3cf967e6960cad73efbcd3,"{""config"":[""Y+"",""Y""],""d"":5,""p"":0.006802564102564103}",
     95232,      2803,         0,   0.567,pymatching,04af591bfd4026d147069fa6690b45186668d32a5374a72746a306adc38dea2d,"{""config"":[""Y+"",""Y""],""d"":5,""p"":0.007158974358974359}",
     66560,      2193,         0,   0.570,pymatching,37eac3d63624d183ca24f183e04ef642886d397414d08ee835b1c08ee7dae049,"{""config"":[""Y+"",""Y""],""d"":5,""p"":0.007515384615384615}",
      2048,       405,         0,   0.081,pymatching,8bf7f39c42a64f1c60b8a65ca7aba534ee1b8bef7fd4e409b5ede3877dcd5e6e,"{""config"":[""Y+"",""Y""],""d"":7,""p"":0.013574358974358974}",
       273,        57,         0,   0.016,pymatching,3078ddd383234d54fae2ee67ddd79dc9c7f48eaf8a4580eac002e5a84f834ff8,"{""config"":[""Y+"",""Y""],""d"":7,""p"":0.014643589743589744}",
      1024,       256,         0,   0.045,pymatching,bba58f806462f67760389f0b4686f6496d840627b09598db447cf470ca07f683,"{""config"":[""Y+"",""Y""],""d"":7,""p"":0.014287179487179487}",
      9216,       354,         0,   0.207,pymatching,edd89b5b1ae934e17659c601172a1f72bc7f0d46450e5d70cf8d6579686bc1a9,"{""config"":[""Y+"",""Y""],""d"":7,""p"":0.007871794871794872}",
     33792,        30,         0,   0.290,pymatching,c29daf484c9d432db8f543665f6277eae8f75a9a750a6f2b46c8830e5bd84bae,"{""config"":[""Y+"",""Y""],""d"":7,""p"":0.0028820512820512817}",
     31744,        39,         0,   0.293,pymatching,55e2052820d1a12ecd22092c6f5ca6c76ccd51891eb64142fab7e2d43f17862d,"{""config"":[""Y+"",""Y""],""d"":7,""p"":0.003238461538461538}",
      6144,       167,         0,   0.037,pymatching,04af591bfd4026d147069fa6690b45186668d32a5374a72746a306adc38dea2d,"{""config"":[""Y+"",""Y""],""d"":5,""p"":0.007158974358974359}",
      3072,       497,         0,   0.110,pymatching,0fb86e8d4ca16a9471ba94f3e1367e160acab1d449f74eadaa505e4f191a84e3,"{""config"":[""Y+"",""Y""],""d"":7,""p"":0.012505128205128205}",
      5120,       574,         0,   0.152,pymatching,4edb1f8cd0c10ebe04be4aac20a0477e6fcd78a9c451ad07f3ed65d69fe030ce,"{""config"":[""Y+"",""Y""],""d"":7,""p"":0.010723076923076922}",
     29696,        42,         0,   0.297,pymatching,5bc48b83ec852cb30e501e5b0905235215d5d2acb38422d1ae9a4692a1dddcd3,"{""config"":[""Y+"",""Y""],""d"":7,""p"":0.0035948717948717946}",
      5120,       562,         0,   0.170,pymatching,2db770c56c1f3190629cb95dedc15d5303fe7e18d6b775647621cf9cf7c3eae5,"{""config"":[""Y+"",""Y""],""d"":7,""p"":0.01107948717948718}",
      2048,       436,         0,   0.084,pymatching,3d96cc66ddac22e0e63b9411d11ddfec22333df8c9fd03f1e9eaa4f0a42ad006,"{""config"":[""Y+"",""Y""],""d"":7,""p"":0.01393076923076923}",
      2048,       384,         0,   0.079,pymatching,023b09aaa362515845bd5f34349756e03b1215c366cec65af9a1f02bb14e018e,"{""config"":[""Y+"",""Y""],""d"":7,""p"":0.013217948717948718}",
     10240,       347,         0,   0.063,pymatching,37eac3d63624d183ca24f183e04ef642886d397414d08ee835b1c08ee7dae049,"{""config"":[""Y+"",""Y""],""d"":5,""p"":0.007515384615384615}",
      9216,       419,         0,   0.217,pymatching,3bd54a3bd47e554c28acb0ccdc2d293bf8e234d4037ebf4628a2a14c089c22bc,"{""config"":[""Y+"",""Y""],""d"":7,""p"":0.008228205128205128}",
      8192,       478,         0,   0.211,pymatching,39816311c09a2c5e31164b1f4c1b13e066a5995d3dec728076bd565cb295a582,"{""config"":[""Y+"",""Y""],""d"":7,""p"":0.00894102564102564}",
      1024,       245,         0,   0.045,pymatching,bba58f806462f67760389f0b4686f6496d840627b09598db447cf470ca07f683,"{""config"":[""Y+"",""Y""],""d"":7,""p"":0.014287179487179487}",
      9216,       505,         0,   0.229,pymatching,9b2a8307355599de2ebe16dc93ea18ea39317c205381e2f9b8f801c744e9d9aa,"{""config"":[""Y+"",""Y""],""d"":7,""p"":0.008584615384615385}",
      3072,       584,         0,   0.125,pymatching,3f004f4fc9855988b82031e7cc363d34ddc9c300a9ee96a11d442754e3d865ac,"{""config"":[""Y+"",""Y""],""d"":7,""p"":0.012861538461538462}",
      1024,       241,         0,   0.064,pymatching,3078ddd383234d54fae2ee67ddd79dc9c7f48eaf8a4580eac002e5a84f834ff8,"{""config"":[""Y+"",""Y""],""d"":7,""p"":0.014643589743589744}",
      2048,       434,         0,   0.082,pymatching,8bf7f39c42a64f1c60b8a65ca7aba534ee1b8bef7fd4e409b5ede3877dcd5e6e,"{""config"":[""Y+"",""Y""],""d"":7,""p"":0.013574358974358974}",
     25600,        68,         0,   0.300,pymatching,583761c35c6053557a126e62d723dad6630bce6cb9ef4b9b16e28bcd435dfb36,"{""config"":[""Y+"",""Y""],""d"":7,""p"":0.003951282051282051}",
      8192,       625,         0,   0.213,pymatching,692fbbe2180d82609d8fbce9fb57749ad0991e5ec55e9756191425c80faae59e,"{""config"":[""Y+"",""Y""],""d"":7,""p"":0.009653846153846153}",
     23552,       108,         0,   0.296,pymatching,72809015876d1f9b8ff5ff89d3ce2a1c29e73672373efd2eb3e8fd9cda3edd02,"{""config"":[""Y+"",""Y""],""d"":7,""p"":0.0043076923076923075}",
      5120,       635,         0,   0.161,pymatching,7051f9d3ade115442aeffc342f6e0425220537872932858310ebeec88f584fcc,"{""config"":[""Y+"",""Y""],""d"":7,""p"":0.011435897435897435}",
      3072,       478,         0,   0.106,pymatching,212ce2de3cdfeff2fe02c837775f496c1865ef53a3fb19867996d6a8e4ff1df4,"{""config"":[""Y+"",""Y""],""d"":7,""p"":0.012148717948717948}",
     24576,       126,         0,   0.299,pymatching,aa429589a3348e00898eb2b9a5a5dbd4f3b518fd65dc69aeba43d82ded161f49,"{""config"":[""Y+"",""Y""],""d"":7,""p"":0.004664102564102564}",
      3345,        13,         0,   0.010,pymatching,10f522386e5401ce6a5865e1ae4a4bbef4eb1bf3daffbc11d9ada0dc0bad96c2,"{""config"":[""Y+"",""Y""],""d"":5,""p"":0.0025256410256410257}",
      1024,       244,         0,   0.045,pymatching,bba58f806462f67760389f0b4686f6496d840627b09598db447cf470ca07f683,"{""config"":[""Y+"",""Y""],""d"":7,""p"":0.014287179487179487}",
      9216,       654,         0,   0.231,pymatching,896d0ea116072cbd8ad1b3fd64d7f7cc41d578256d248094baa79fb33a248f85,"{""config"":[""Y+"",""Y""],""d"":7,""p"":0.009297435897435898}",
       273,        59,         0,   0.014,pymatching,e0a90f171c38eaae8079e45954c9ed38e9e17f58fa112cfac437d97c537c7c5d,"{""config"":[""Y+"",""Y""],""d"":7,""p"":0.014999999999999998}",
     20480,       129,         0,   0.294,pymatching,8b3bc9bef2aea071ed74476e1e9f2dd5a1c3bf81e58b8bf69df925b82d1ba7a4,"{""config"":[""Y+"",""Y""],""d"":7,""p"":0.00502051282051282}",
      5120,        10,         0,   0.014,pymatching,10f522386e5401ce6a5865e1ae4a4bbef4eb1bf3daffbc11d9ada0dc0bad96c2,"{""config"":[""Y+"",""Y""],""d"":5,""p"":0.0025256410256410257}",
      4096,       558,         0,   0.148,pymatching,bcd4bd76ebf4d05fb8d5204425b2864dfa432fff8e7a86f05c4b4d990f89c58b,"{""config"":[""Y+"",""Y""],""d"":7,""p"":0.011792307692307692}",
    118784,         0,         0,   0.566,pymatching,ddab9fbd6b14be7b367f4624635cfd20a4481975912af552cad4351f6a7e48e2,"{""config"":[""Y+"",""Y""],""d"":7,""p"":1e-05}",
     18432,       241,         0,   0.295,pymatching,1ded2928a119f1b6c0eb82651ab130497369e0a99313696e9ddd7d3d79cb15d2,"{""config"":[""Y+"",""Y""],""d"":7,""p"":0.005733333333333333}",
     21504,       189,         0,   0.296,pymatching,44778f417ddefc9165e91ad4a5805c24dc79bdc9782a224c5d308d339d9e8097,"{""config"":[""Y+"",""Y""],""d"":7,""p"":0.005376923076923077}",
      2048,       408,         0,   0.085,pymatching,3d96cc66ddac22e0e63b9411d11ddfec22333df8c9fd03f1e9eaa4f0a42ad006,"{""config"":[""Y+"",""Y""],""d"":7,""p"":0.01393076923076923}",
      7168,       651,         0,   0.216,pymatching,dcb0664cc4001cb78081fe01626212576b37f8cde256abfb344daa96584a3829,"{""config"":[""Y+"",""Y""],""d"":7,""p"":0.010010256410256409}",
      7168,        12,         0,   0.020,pymatching,10f522386e5401ce6a5865e1ae4a4bbef4eb1bf3daffbc11d9ada0dc0bad96c2,"{""config"":[""Y+"",""Y""],""d"":5,""p"":0.0025256410256410257}",
      1024,       265,         0,   0.065,pymatching,3078ddd383234d54fae2ee67ddd79dc9c7f48eaf8a4580eac002e5a84f834ff8,"{""config"":[""Y+"",""Y""],""d"":7,""p"":0.014643589743589744}",
    118784,         0,         0,   0.565,pymatching,2a9abd83c5a3d3db0eec60cc1cc5f8926ad0cda6b05841260a774163de5a5300,"{""config"":[""Y+"",""Y""],""d"":7,""p"":1.6681005372000593e-05}",
     16384,       300,         0,   0.294,pymatching,4451bbcae661709660b35391e8a3084afaa63de0e908cd1bd0670e791ea954b6,"{""config"":[""Y+"",""Y""],""d"":7,""p"":0.006446153846153846}",
      1024,       250,         0,   0.044,pymatching,bba58f806462f67760389f0b4686f6496d840627b09598db447cf470ca07f683,"{""config"":[""Y+"",""Y""],""d"":7,""p"":0.014287179487179487}",
    117760,         0,         0,   0.567,pymatching,d4efb51de84e8753bb144bbe5cbc1e16119dd4138c3429ef067e31fd81182969,"{""config"":[""Y+"",""Y""],""d"":7,""p"":7.742636826811278e-05}",
      1024,       248,         0,   0.046,pymatching,e0a90f171c38eaae8079e45954c9ed38e9e17f58fa112cfac437d97c537c7c5d,"{""config"":[""Y+"",""Y""],""d"":7,""p"":0.014999999999999998}",
      3072,       612,         0,   0.119,pymatching,023b09aaa362515845bd5f34349756e03b1215c366cec65af9a1f02bb14e018e,"{""config"":[""Y+"",""Y""],""d"":7,""p"":0.013217948717948718}",
     10240,        12,         0,   0.029,pymatching,10f522386e5401ce6a5865e1ae4a4bbef4eb1bf3daffbc11d9ada0dc0bad96c2,"{""config"":[""Y+"",""Y""],""d"":5,""p"":0.0025256410256410257}",
    113664,         0,         0,   0.567,pymatching,1ebf2e24f42a25fd0e80fbd92c68bca690d32a7b6f33c49e44b405cff829f70d,"{""config"":[""Y+"",""Y""],""d"":7,""p"":0.00021544346900318823}",
     17408,       313,         0,   0.296,pymatching,6492a75cf2d32538edb01866f3ae5f7d4206754a4e3c1ab604f05e688906edd5,"{""config"":[""Y+"",""Y""],""d"":7,""p"":0.00608974358974359}",
    116736,         0,         0,   0.566,pymatching,3c857fc2010553329b0c56ef74743c200a997a241ffdc1a3d6ce71eeb6f35a54,"{""config"":[""Y+"",""Y""],""d"":7,""p"":0.0001291549665014884}",
    119808,         0,         0,   0.568,pymatching,7aa90f14661fe503b169d17735323782ba47d9bacb07fb92cec4acd1e3381f76,"{""config"":[""Y+"",""Y""],""d"":7,""p"":2.782559402207126e-05}",
    118784,         0,         0,   0.565,pymatching,7e10452490fdaa8d156054ff5ef1acff444cf67cb4c136cd79857b341f9e4172,"{""config"":[""Y+"",""Y""],""d"":7,""p"":4.641588833612782e-05}",
    109568,         0,         0,   0.567,pymatching,7a36ae4616f1d754f42dd521d2fabf024d85329dfad51a046c6fc6d074b7b6f0,"{""config"":[""Y+"",""Y""],""d"":7,""p"":0.00035938136638046257}",
      3072,       631,         0,   0.123,pymatching,8bf7f39c42a64f1c60b8a65ca7aba534ee1b8bef7fd4e409b5ede3877dcd5e6e,"{""config"":[""Y+"",""Y""],""d"":7,""p"":0.013574358974358974}",
      1024,       255,         0,   0.060,pymatching,3078ddd383234d54fae2ee67ddd79dc9c7f48eaf8a4580eac002e5a84f834ff8,"{""config"":[""Y+"",""Y""],""d"":7,""p"":0.014643589743589744}",
      8192,       766,         0,   0.232,pymatching,b3eaf657bd5e9d9ffb895c2c4ec0840a82203269223dad6c4153a6e8b0f9ba76,"{""config"":[""Y+"",""Y""],""d"":7,""p"":0.010366666666666666}",
     14336,        22,         0,   0.040,pymatching,10f522386e5401ce6a5865e1ae4a4bbef4eb1bf3daffbc11d9ada0dc0bad96c2,"{""config"":[""Y+"",""Y""],""d"":5,""p"":0.0025256410256410257}",
    102400,         0,         0,   0.565,pymatching,f1775c7e580d8f5fddb23efcaf637a9598af94daaad5195170fd5a28436ce87c,"{""config"":[""Y+"",""Y""],""d"":7,""p"":0.0005994842503189409}",
      1024,       269,         0,   0.047,pymatching,e0a90f171c38eaae8079e45954c9ed38e9e17f58fa112cfac437d97c537c7c5d,"{""config"":[""Y+"",""Y""],""d"":7,""p"":0.014999999999999998}",
     90112,         0,         0,   0.567,pymatching,e34529a27c2f8d5d8bc8d8e2e799cf1fb09be2666f89b6597da07e402b93b3a8,"{""config"":[""Y+"",""Y""],""d"":7,""p"":0.0011}",
      5120,       877,         0,   0.183,pymatching,0fb86e8d4ca16a9471ba94f3e1367e160acab1d449f74eadaa505e4f191a84e3,"{""config"":[""Y+"",""Y""],""d"":7,""p"":0.012505128205128205}",
     93184,         1,         0,   0.569,pymatching,d964ce250f510f05b10feb424012badadf776273e0f85d97054e675ebf8d58cb,"{""config"":[""Y+"",""Y""],""d"":7,""p"":0.001}",
     15360,       362,         0,   0.309,pymatching,ca26f21bc502402c28ed97c7f7c1d1b62a602b71eacb2a467149bdaa2f5d945c,"{""config"":[""Y+"",""Y""],""d"":7,""p"":0.007158974358974359}",
      4096,       745,         0,   0.166,pymatching,3f004f4fc9855988b82031e7cc363d34ddc9c300a9ee96a11d442754e3d865ac,"{""config"":[""Y+"",""Y""],""d"":7,""p"":0.012861538461538462}",
      2048,       486,         0,   0.089,pymatching,bba58f806462f67760389f0b4686f6496d840627b09598db447cf470ca07f683,"{""config"":[""Y+"",""Y""],""d"":7,""p"":0.014287179487179487}",
     15360,       358,         0,   0.294,pymatching,54953947f3feebc7119bbdb3c90e47f38134f73533f9669982539c57c3f68cca,"{""config"":[""Y+"",""Y""],""d"":7,""p"":0.006802564102564103}",
     14336,       469,         0,   0.304,pymatching,82faf2022754eeaba2fa4ad6f0b446cd059fab8b1026aa30f38d63e60ddb0a0f,"{""config"":[""Y+"",""Y""],""d"":7,""p"":0.007515384615384615}",
      7168,       764,         0,   0.214,pymatching,4edb1f8cd0c10ebe04be4aac20a0477e6fcd78a9c451ad07f3ed65d69fe030ce,"{""config"":[""Y+"",""Y""],""d"":7,""p"":0.010723076923076922}",
      6144,       783,         0,   0.207,pymatching,2db770c56c1f3190629cb95dedc15d5303fe7e18d6b775647621cf9cf7c3eae5,"{""config"":[""Y+"",""Y""],""d"":7,""p"":0.01107948717948718}",
      3072,       677,         0,   0.127,pymatching,3d96cc66ddac22e0e63b9411d11ddfec22333df8c9fd03f1e9eaa4f0a42ad006,"{""config"":[""Y+"",""Y""],""d"":7,""p"":0.01393076923076923}",
      1024,       256,         0,   0.047,pymatching,e0a90f171c38eaae8079e45954c9ed38e9e17f58fa112cfac437d97c537c7c5d,"{""config"":[""Y+"",""Y""],""d"":7,""p"":0.014999999999999998}",
     19456,        30,         0,   0.054,pymatching,10f522386e5401ce6a5865e1ae4a4bbef4eb1bf3daffbc11d9ada0dc0bad96c2,"{""config"":[""Y+"",""Y""],""d"":5,""p"":0.0025256410256410257}",
      1024,       245,         0,   0.061,pymatching,3078ddd383234d54fae2ee67ddd79dc9c7f48eaf8a4580eac002e5a84f834ff8,"{""config"":[""Y+"",""Y""],""d"":7,""p"":0.014643589743589744}",
      5120,       777,         0,   0.175,pymatching,212ce2de3cdfeff2fe02c837775f496c1865ef53a3fb19867996d6a8e4ff1df4,"{""config"":[""Y+"",""Y""],""d"":7,""p"":0.012148717948717948}",
      1024,       253,         0,   0.048,pymatching,e0a90f171c38eaae8079e45954c9ed38e9e17f58fa112cfac437d97c537c7c5d,"{""config"":[""Y+"",""Y""],""d"":7,""p"":0.014999999999999998}",
     91136,         4,         0,   0.566,pymatching,0593b8800785d13d9a221cb2b81f5e7a731d05e015e3de03874f28a07d88f3ef,"{""config"":[""Y+"",""Y""],""d"":7,""p"":0.0014564102564102565}",
      7168,       939,         0,   0.228,pymatching,7051f9d3ade115442aeffc342f6e0425220537872932858310ebeec88f584fcc,"{""config"":[""Y+"",""Y""],""d"":7,""p"":0.011435897435897435}",
     13312,       542,         0,   0.297,pymatching,edd89b5b1ae934e17659c601172a1f72bc7f0d46450e5d70cf8d6579686bc1a9,"{""config"":[""Y+"",""Y""],""d"":7,""p"":0.007871794871794872}",
      4096,       788,         0,   0.159,pymatching,023b09aaa362515845bd5f34349756e03b1215c366cec65af9a1f02bb14e018e,"{""config"":[""Y+"",""Y""],""d"":7,""p"":0.013217948717948718}",
      2048,       462,         0,   0.089,pymatching,bba58f806462f67760389f0b4686f6496d840627b09598db447cf470ca07f683,"{""config"":[""Y+"",""Y""],""d"":7,""p"":0.014287179487179487}",
      6144,       894,         0,   0.221,pymatching,bcd4bd76ebf4d05fb8d5204425b2864dfa432fff8e7a86f05c4b4d990f89c58b,"{""config"":[""Y+"",""Y""],""d"":7,""p"":0.011792307692307692}",
     27648,        41,         0,   0.077,pymatching,10f522386e5401ce6a5865e1ae4a4bbef4eb1bf3daffbc11d9ada0dc0bad96c2,"{""config"":[""Y+"",""Y""],""d"":5,""p"":0.0025256410256410257}",
     11264,       673,         0,   0.290,pymatching,39816311c09a2c5e31164b1f4c1b13e066a5995d3dec728076bd565cb295a582,"{""config"":[""Y+"",""Y""],""d"":7,""p"":0.00894102564102564}",
      4096,       821,         0,   0.163,pymatching,8bf7f39c42a64f1c60b8a65ca7aba534ee1b8bef7fd4e409b5ede3877dcd5e6e,"{""config"":[""Y+"",""Y""],""d"":7,""p"":0.013574358974358974}",
     12288,       659,         0,   0.302,pymatching,9b2a8307355599de2ebe16dc93ea18ea39317c205381e2f9b8f801c744e9d9aa,"{""config"":[""Y+"",""Y""],""d"":7,""p"":0.008584615384615385}",
     13312,       658,         0,   0.313,pymatching,3bd54a3bd47e554c28acb0ccdc2d293bf8e234d4037ebf4628a2a14c089c22bc,"{""config"":[""Y+"",""Y""],""d"":7,""p"":0.008228205128205128}",
      2048,       475,         0,   0.104,pymatching,3078ddd383234d54fae2ee67ddd79dc9c7f48eaf8a4580eac002e5a84f834ff8,"{""config"":[""Y+"",""Y""],""d"":7,""p"":0.014643589743589744}",
     11264,       892,         0,   0.290,pymatching,692fbbe2180d82609d8fbce9fb57749ad0991e5ec55e9756191425c80faae59e,"{""config"":[""Y+"",""Y""],""d"":7,""p"":0.009653846153846153}",
     76800,        10,         0,   0.570,pymatching,c5ca751aaccb112b2fc6f3e9a5b735918ad7833ac3069ee1270362dfaa2d7cfd,"{""config"":[""Y+"",""Y""],""d"":7,""p"":0.0018128205128205128}",
     51200,        23,         0,   0.410,pymatching,2c493731402f69a8580bdf5b58ad0e0c3f1b910fd2a23dc0feafd13baa269d2c,"{""config"":[""Y+"",""Y""],""d"":7,""p"":0.0025256410256410257}",
    173720,       212,         0,   0.520,pymatching,10f522386e5401ce6a5865e1ae4a4bbef4eb1bf3daffbc11d9ada0dc0bad96c2,"{""config"":[""Y+"",""Y""],""d"":5,""p"":0.0025256410256410257}",
      2048,       538,         0,   0.094,pymatching,e0a90f171c38eaae8079e45954c9ed38e9e17f58fa112cfac437d97c537c7c5d,"{""config"":[""Y+"",""Y""],""d"":7,""p"":0.014999999999999998}",
     70656,      1824,         0,   0.426,pymatching,277ea2ac4a1a93fbda751637012d94b50a32886d0a3cf967e6960cad73efbcd3,"{""config"":[""Y+"",""Y""],""d"":5,""p"":0.006802564102564103}",
     12288,       884,         0,   0.306,pymatching,896d0ea116072cbd8ad1b3fd64d7f7cc41d578256d248094baa79fb33a248f85,"{""config"":[""Y+"",""Y""],""d"":7,""p"":0.009297435897435898}",
      4096,       875,         0,   0.170,pymatching,3d96cc66ddac22e0e63b9411d11ddfec22333df8c9fd03f1e9eaa4f0a42ad006,"{""config"":[""Y+"",""Y""],""d"":7,""p"":0.01393076923076923}",
     47104,        41,         0,   0.404,pymatching,c29daf484c9d432db8f543665f6277eae8f75a9a750a6f2b46c8830e5bd84bae,"{""config"":[""Y+"",""Y""],""d"":7,""p"":0.0028820512820512817}",
      6144,      1054,         0,   0.219,pymatching,0fb86e8d4ca16a9471ba94f3e1367e160acab1d449f74eadaa505e4f191a84e3,"{""config"":[""Y+"",""Y""],""d"":7,""p"":0.012505128205128205}",
     44032,        43,         0,   0.407,pymatching,55e2052820d1a12ecd22092c6f5ca6c76ccd51891eb64142fab7e2d43f17862d,"{""config"":[""Y+"",""Y""],""d"":7,""p"":0.003238461538461538}",
     10240,       875,         0,   0.305,pymatching,dcb0664cc4001cb78081fe01626212576b37f8cde256abfb344daa96584a3829,"{""config"":[""Y+"",""Y""],""d"":7,""p"":0.010010256410256409}",
     37888,        70,         0,   0.104,pymatching,10f522386e5401ce6a5865e1ae4a4bbef4eb1bf3daffbc11d9ada0dc0bad96c2,"{""config"":[""Y+"",""Y""],""d"":5,""p"":0.0025256410256410257}",
     39936,        74,         0,   0.410,pymatching,5bc48b83ec852cb30e501e5b0905235215d5d2acb38422d1ae9a4692a1dddcd3,"{""config"":[""Y+"",""Y""],""d"":7,""p"":0.0035948717948717946}",
      5315,         5,         0,   0.015,pymatching,10f522386e5401ce6a5865e1ae4a4bbef4eb1bf3daffbc11d9ada0dc0bad96c2,"{""config"":[""Y+"",""Y""],""d"":5,""p"":0.0025256410256410257}",
      3072,       717,         0,   0.133,pymatching,bba58f806462f67760389f0b4686f6496d840627b09598db447cf470ca07f683,"{""config"":[""Y+"",""Y""],""d"":7,""p"":0.014287179487179487}",
     70656,        17,         0,   0.566,pymatching,b9c5ccfc1e3322d1df5fefe43bfc5cdf09fb6f8e87b1867c2b3d7adb9d9a40bd,"{""config"":[""Y+"",""Y""],""d"":7,""p"":0.002169230769230769}",
      2048,       496,         0,   0.097,pymatching,3078ddd383234d54fae2ee67ddd79dc9c7f48eaf8a4580eac002e5a84f834ff8,"{""config"":[""Y+"",""Y""],""d"":7,""p"":0.014643589743589744}",
      3345,         8,         0,   0.012,pymatching,d0f00be01be4cf465b3edd773909d2115ae29a61da6eed6079d3b2258616393e,"{""config"":[""Y+"",""Y""],""d"":5,""p"":0.0028820512820512817}",
     21602,        31,         0,   0.064,pymatching,10f522386e5401ce6a5865e1ae4a4bbef4eb1bf3daffbc11d9ada0dc0bad96c2,"{""config"":[""Y+"",""Y""],""d"":5,""p"":0.0025256410256410257}",
      6144,      1117,         0,   0.244,pymatching,3f004f4fc9855988b82031e7cc363d34ddc9c300a9ee96a11d442754e3d865ac,"{""config"":[""Y+"",""Y""],""d"":7,""p"":0.012861538461538462}",
      6144,       946,         0,   0.215,pymatching,212ce2de3cdfeff2fe02c837775f496c1865ef53a3fb19867996d6a8e4ff1df4,"{""config"":[""Y+"",""Y""],""d"":7,""p"":0.012148717948717948}",
      5120,        11,         0,   0.016,pymatching,d0f00be01be4cf465b3edd773909d2115ae29a61da6eed6079d3b2258616393e,"{""config"":[""Y+"",""Y""],""d"":5,""p"":0.0028820512820512817}",
     35840,       114,         0,   0.413,pymatching,583761c35c6053557a126e62d723dad6630bce6cb9ef4b9b16e28bcd435dfb36,"{""config"":[""Y+"",""Y""],""d"":7,""p"":0.003951282051282051}",
     32768,       118,         0,   0.407,pymatching,72809015876d1f9b8ff5ff89d3ce2a1c29e73672373efd2eb3e8fd9cda3edd02,"{""config"":[""Y+"",""Y""],""d"":7,""p"":0.0043076923076923075}",
      2048,       521,         0,   0.094,pymatching,e0a90f171c38eaae8079e45954c9ed38e9e17f58fa112cfac437d97c537c7c5d,"{""config"":[""Y+"",""Y""],""d"":7,""p"":0.014999999999999998}",
     10240,       995,         0,   0.292,pymatching,b3eaf657bd5e9d9ffb895c2c4ec0840a82203269223dad6c4153a6e8b0f9ba76,"{""config"":[""Y+"",""Y""],""d"":7,""p"":0.010366666666666666}",
     10801,        18,         0,   0.030,pymatching,10f522386e5401ce6a5865e1ae4a4bbef4eb1bf3daffbc11d9ada0dc0bad96c2,"{""config"":[""Y+"",""Y""],""d"":5,""p"":0.0025256410256410257}",
      6144,        12,         0,   0.018,pymatching,10f522386e5401ce6a5865e1ae4a4bbef4eb1bf3daffbc11d9ada0dc0bad96c2,"{""config"":[""Y+"",""Y""],""d"":5,""p"":0.0025256410256410257}",
      6144,         8,         0,   0.020,pymatching,d0f00be01be4cf465b3edd773909d2115ae29a61da6eed6079d3b2258616393e,"{""config"":[""Y+"",""Y""],""d"":5,""p"":0.0028820512820512817}",
     33792,       202,         0,   0.410,pymatching,aa429589a3348e00898eb2b9a5a5dbd4f3b518fd65dc69aeba43d82ded161f49,"{""config"":[""Y+"",""Y""],""d"":7,""p"":0.004664102564102564}",
      2328,         6,         0,   0.007,pymatching,10f522386e5401ce6a5865e1ae4a4bbef4eb1bf3daffbc11d9ada0dc0bad96c2,"{""config"":[""Y+"",""Y""],""d"":5,""p"":0.0025256410256410257}",
      2048,         5,         0,   0.007,pymatching,10f522386e5401ce6a5865e1ae4a4bbef4eb1bf3daffbc11d9ada0dc0bad96c2,"{""config"":[""Y+"",""Y""],""d"":5,""p"":0.0025256410256410257}",
     28672,       189,         0,   0.408,pymatching,8b3bc9bef2aea071ed74476e1e9f2dd5a1c3bf81e58b8bf69df925b82d1ba7a4,"{""config"":[""Y+"",""Y""],""d"":7,""p"":0.00502051282051282}",
       140,         0,         0,   0.000,pymatching,10f522386e5401ce6a5865e1ae4a4bbef4eb1bf3daffbc11d9ada0dc0bad96c2,"{""config"":[""Y+"",""Y""],""d"":5,""p"":0.0025256410256410257}",
        70,         0,         0,   0.000,pymatching,10f522386e5401ce6a5865e1ae4a4bbef4eb1bf3daffbc11d9ada0dc0bad96c2,"{""config"":[""Y+"",""Y""],""d"":5,""p"":0.0025256410256410257}",
      9216,        19,         0,   0.030,pymatching,d0f00be01be4cf465b3edd773909d2115ae29a61da6eed6079d3b2258616393e,"{""config"":[""Y+"",""Y""],""d"":5,""p"":0.0028820512820512817}",
     29696,       301,         0,   0.411,pymatching,44778f417ddefc9165e91ad4a5805c24dc79bdc9782a224c5d308d339d9e8097,"{""config"":[""Y+"",""Y""],""d"":7,""p"":0.005376923076923077}",
        35,         0,         0,   0.000,pymatching,10f522386e5401ce6a5865e1ae4a4bbef4eb1bf3daffbc11d9ada0dc0bad96c2,"{""config"":[""Y+"",""Y""],""d"":5,""p"":0.0025256410256410257}",
        18,         0,         0,   0.000,pymatching,10f522386e5401ce6a5865e1ae4a4bbef4eb1bf3daffbc11d9ada0dc0bad96c2,"{""config"":[""Y+"",""Y""],""d"":5,""p"":0.0025256410256410257}",
    197784,       430,         0,   0.639,pymatching,d0f00be01be4cf465b3edd773909d2115ae29a61da6eed6079d3b2258616393e,"{""config"":[""Y+"",""Y""],""d"":5,""p"":0.0028820512820512817}",
     26624,       331,         0,   0.420,pymatching,1ded2928a119f1b6c0eb82651ab130497369e0a99313696e9ddd7d3d79cb15d2,"{""config"":[""Y+"",""Y""],""d"":7,""p"":0.005733333333333333}",
      8192,       980,         0,   0.298,pymatching,2db770c56c1f3190629cb95dedc15d5303fe7e18d6b775647621cf9cf7c3eae5,"{""config"":[""Y+"",""Y""],""d"":7,""p"":0.01107948717948718}",
         9,         0,         0,   0.000,pymatching,10f522386e5401ce6a5865e1ae4a4bbef4eb1bf3daffbc11d9ada0dc0bad96c2,"{""config"":[""Y+"",""Y""],""d"":5,""p"":0.0025256410256410257}",
     10240,      1060,         0,   0.304,pymatching,4edb1f8cd0c10ebe04be4aac20a0477e6fcd78a9c451ad07f3ed65d69fe030ce,"{""config"":[""Y+"",""Y""],""d"":7,""p"":0.010723076923076922}",
         4,         0,         0,   0.000,pymatching,10f522386e5401ce6a5865e1ae4a4bbef4eb1bf3daffbc11d9ada0dc0bad96c2,"{""config"":[""Y+"",""Y""],""d"":5,""p"":0.0025256410256410257}",
         2,         0,         0,   0.000,pymatching,10f522386e5401ce6a5865e1ae4a4bbef4eb1bf3daffbc11d9ada0dc0bad96c2,"{""config"":[""Y+"",""Y""],""d"":5,""p"":0.0025256410256410257}",
      6144,      1160,         0,   0.238,pymatching,023b09aaa362515845bd5f34349756e03b1215c366cec65af9a1f02bb14e018e,"{""config"":[""Y+"",""Y""],""d"":7,""p"":0.013217948717948718}",
         1,         0,         0,   0.000,pymatching,10f522386e5401ce6a5865e1ae4a4bbef4eb1bf3daffbc11d9ada0dc0bad96c2,"{""config"":[""Y+"",""Y""],""d"":5,""p"":0.0025256410256410257}",
         1,         0,         0,   0.000,pymatching,10f522386e5401ce6a5865e1ae4a4bbef4eb1bf3daffbc11d9ada0dc0bad96c2,"{""config"":[""Y+"",""Y""],""d"":5,""p"":0.0025256410256410257}",
     23552,       439,         0,   0.420,pymatching,4451bbcae661709660b35391e8a3084afaa63de0e908cd1bd0670e791ea954b6,"{""config"":[""Y+"",""Y""],""d"":7,""p"":0.006446153846153846}",
     12288,        26,         0,   0.040,pymatching,d0f00be01be4cf465b3edd773909d2115ae29a61da6eed6079d3b2258616393e,"{""config"":[""Y+"",""Y""],""d"":5,""p"":0.0028820512820512817}",
     24576,       383,         0,   0.414,pymatching,6492a75cf2d32538edb01866f3ae5f7d4206754a4e3c1ab604f05e688906edd5,"{""config"":[""Y+"",""Y""],""d"":7,""p"":0.00608974358974359}",
      6144,      1242,         0,   0.242,pymatching,8bf7f39c42a64f1c60b8a65ca7aba534ee1b8bef7fd4e409b5ede3877dcd5e6e,"{""config"":[""Y+"",""Y""],""d"":7,""p"":0.013574358974358974}",
      9216,      1181,         0,   0.293,pymatching,7051f9d3ade115442aeffc342f6e0425220537872932858310ebeec88f584fcc,"{""config"":[""Y+"",""Y""],""d"":7,""p"":0.011435897435897435}",
      3072,       699,         0,   0.148,pymatching,3078ddd383234d54fae2ee67ddd79dc9c7f48eaf8a4580eac002e5a84f834ff8,"{""config"":[""Y+"",""Y""],""d"":7,""p"":0.014643589743589744}",
      2321,         9,         0,   0.010,pymatching,f2a68c7e7caa1dbcd527c13e207c28d6b9f88214222056c0daa9bf175bbd294f,"{""config"":[""Y+"",""Y""],""d"":5,""p"":0.003238461538461538}",
     16384,        30,         0,   0.053,pymatching,d0f00be01be4cf465b3edd773909d2115ae29a61da6eed6079d3b2258616393e,"{""config"":[""Y+"",""Y""],""d"":5,""p"":0.0028820512820512817}",
      3345,        17,         0,   0.013,pymatching,416ae957e4ead28fc5c3fa675fb1fa14810150ea56974c4179e9bf8e0ad9c5c2,"{""config"":[""Y+"",""Y""],""d"":5,""p"":0.0035948717948717946}",
    113664,      2575,         0,   0.659,pymatching,55f8132449de2eb149ce51c48afbecf6eed8a22046d8c5e95991cde162fd4ea9,"{""config"":[""Y+"",""Y""],""d"":5,""p"":0.006446153846153846}",
      3072,       800,         0,   0.142,pymatching,e0a90f171c38eaae8079e45954c9ed38e9e17f58fa112cfac437d97c537c7c5d,"{""config"":[""Y+"",""Y""],""d"":7,""p"":0.014999999999999998}",
      4096,       926,         0,   0.174,pymatching,bba58f806462f67760389f0b4686f6496d840627b09598db447cf470ca07f683,"{""config"":[""Y+"",""Y""],""d"":7,""p"":0.014287179487179487}",
      5120,      1082,         0,   0.213,pymatching,3d96cc66ddac22e0e63b9411d11ddfec22333df8c9fd03f1e9eaa4f0a42ad006,"{""config"":[""Y+"",""Y""],""d"":7,""p"":0.01393076923076923}",
      8192,      1183,         0,   0.298,pymatching,bcd4bd76ebf4d05fb8d5204425b2864dfa432fff8e7a86f05c4b4d990f89c58b,"{""config"":[""Y+"",""Y""],""d"":7,""p"":0.011792307692307692}",
      4096,         9,         0,   0.014,pymatching,f2a68c7e7caa1dbcd527c13e207c28d6b9f88214222056c0daa9bf175bbd294f,"{""config"":[""Y+"",""Y""],""d"":5,""p"":0.003238461538461538}",
     20480,       545,         0,   0.410,pymatching,ca26f21bc502402c28ed97c7f7c1d1b62a602b71eacb2a467149bdaa2f5d945c,"{""config"":[""Y+"",""Y""],""d"":7,""p"":0.007158974358974359}",
      3072,        13,         0,   0.016,pymatching,416ae957e4ead28fc5c3fa675fb1fa14810150ea56974c4179e9bf8e0ad9c5c2,"{""config"":[""Y+"",""Y""],""d"":5,""p"":0.0035948717948717946}",
    213144,       860,         0,   0.724,pymatching,416ae957e4ead28fc5c3fa675fb1fa14810150ea56974c4179e9bf8e0ad9c5c2,"{""config"":[""Y+"",""Y""],""d"":5,""p"":0.0035948717948717946}",
     19456,       618,         0,   0.408,pymatching,82faf2022754eeaba2fa4ad6f0b446cd059fab8b1026aa30f38d63e60ddb0a0f,"{""config"":[""Y+"",""Y""],""d"":7,""p"":0.007515384615384615}",
     21504,       486,         0,   0.412,pymatching,54953947f3feebc7119bbdb3c90e47f38134f73533f9669982539c57c3f68cca,"{""config"":[""Y+"",""Y""],""d"":7,""p"":0.006802564102564103}",
    215192,       645,         0,   0.741,pymatching,f2a68c7e7caa1dbcd527c13e207c28d6b9f88214222056c0daa9bf175bbd294f,"{""config"":[""Y+"",""Y""],""d"":5,""p"":0.003238461538461538}",
      6144,        22,         0,   0.022,pymatching,f2a68c7e7caa1dbcd527c13e207c28d6b9f88214222056c0daa9bf175bbd294f,"{""config"":[""Y+"",""Y""],""d"":5,""p"":0.003238461538461538}",
      5120,        22,         0,   0.020,pymatching,416ae957e4ead28fc5c3fa675fb1fa14810150ea56974c4179e9bf8e0ad9c5c2,"{""config"":[""Y+"",""Y""],""d"":5,""p"":0.0035948717948717946}",
      2321,        22,         0,   0.010,pymatching,9581cf577c94fd3d92524757513bc8aea03230286c8c1988dd819d15427f1f62,"{""config"":[""Y+"",""Y""],""d"":5,""p"":0.003951282051282051}",
      8192,        18,         0,   0.029,pymatching,f2a68c7e7caa1dbcd527c13e207c28d6b9f88214222056c0daa9bf175bbd294f,"{""config"":[""Y+"",""Y""],""d"":5,""p"":0.003238461538461538}",
      8192,        32,         0,   0.028,pymatching,416ae957e4ead28fc5c3fa675fb1fa14810150ea56974c4179e9bf8e0ad9c5c2,"{""config"":[""Y+"",""Y""],""d"":5,""p"":0.0035948717948717946}",
      4096,        17,         0,   0.016,pymatching,9581cf577c94fd3d92524757513bc8aea03230286c8c1988dd819d15427f1f62,"{""config"":[""Y+"",""Y""],""d"":5,""p"":0.003951282051282051}",
     23552,        57,         0,   0.076,pymatching,d0f00be01be4cf465b3edd773909d2115ae29a61da6eed6079d3b2258616393e,"{""config"":[""Y+"",""Y""],""d"":5,""p"":0.0028820512820512817}",
      5120,        30,         0,   0.020,pymatching,9581cf577c94fd3d92524757513bc8aea03230286c8c1988dd819d15427f1f62,"{""config"":[""Y+"",""Y""],""d"":5,""p"":0.003951282051282051}",
      8192,      1365,         0,   0.291,pymatching,0fb86e8d4ca16a9471ba94f3e1367e160acab1d449f74eadaa505e4f191a84e3,"{""config"":[""Y+"",""Y""],""d"":7,""p"":0.012505128205128205}",
     18432,       704,         0,   0.413,pymatching,edd89b5b1ae934e17659c601172a1f72bc7f0d46450e5d70cf8d6579686bc1a9,"{""config"":[""Y+"",""Y""],""d"":7,""p"":0.007871794871794872}",
     11264,        37,         0,   0.039,pymatching,f2a68c7e7caa1dbcd527c13e207c28d6b9f88214222056c0daa9bf175bbd294f,"{""config"":[""Y+"",""Y""],""d"":5,""p"":0.003238461538461538}",
     12288,        35,         0,   0.041,pymatching,416ae957e4ead28fc5c3fa675fb1fa14810150ea56974c4179e9bf8e0ad9c5c2,"{""config"":[""Y+"",""Y""],""d"":5,""p"":0.0035948717948717946}",
      7168,        58,         0,   0.028,pymatching,9581cf577c94fd3d92524757513bc8aea03230286c8c1988dd819d15427f1f62,"{""config"":[""Y+"",""Y""],""d"":5,""p"":0.003951282051282051}",
    206848,      1447,         0,   0.790,pymatching,895f35546a52b568e46374f1d341a2badddf9bb9ff60f52b898b573fb39acc83,"{""config"":[""Y+"",""Y""],""d"":5,""p"":0.0043076923076923075}",
    218112,      1185,         0,   0.790,pymatching,9581cf577c94fd3d92524757513bc8aea03230286c8c1988dd819d15427f1f62,"{""config"":[""Y+"",""Y""],""d"":5,""p"":0.003951282051282051}",
    195584,      1683,         0,   0.791,pymatching,518da64528007b967ad3978374c3581953e1802654a73a1069fd7b23150eec53,"{""config"":[""Y+"",""Y""],""d"":5,""p"":0.004664102564102564}",
    151552,      2405,         0,   0.791,pymatching,2dc7be9fda138f8bc49605ace479e0f83ef64593f02f437fd6605e765794cb1f,"{""config"":[""Y+"",""Y""],""d"":5,""p"":0.005733333333333333}",
      3072,       719,         0,   0.148,pymatching,3078ddd383234d54fae2ee67ddd79dc9c7f48eaf8a4580eac002e5a84f834ff8,"{""config"":[""Y+"",""Y""],""d"":7,""p"":0.014643589743589744}",
      7168,      1329,         0,   0.292,pymatching,3f004f4fc9855988b82031e7cc363d34ddc9c300a9ee96a11d442754e3d865ac,"{""config"":[""Y+"",""Y""],""d"":7,""p"":0.012861538461538462}",
     16384,       999,         0,   0.421,pymatching,39816311c09a2c5e31164b1f4c1b13e066a5995d3dec728076bd565cb295a582,"{""config"":[""Y+"",""Y""],""d"":7,""p"":0.00894102564102564}",
    169984,      1851,         0,   0.793,pymatching,b78d51e4f39cc3935f7278ccdeef8f922559597ffbd4f8e0507abeacc3a2c063,"{""config"":[""Y+"",""Y""],""d"":5,""p"":0.00502051282051282}",
     17408,       728,         0,   0.405,pymatching,3bd54a3bd47e554c28acb0ccdc2d293bf8e234d4037ebf4628a2a14c089c22bc,"{""config"":[""Y+"",""Y""],""d"":7,""p"":0.008228205128205128}",
    159744,      2071,         0,   0.790,pymatching,fee0796c5a42d138738f9c1fb5793d4c8d53e8541fd66dd86c4bf8e6bbf752bc,"{""config"":[""Y+"",""Y""],""d"":5,""p"":0.005376923076923077}",
    143360,      2729,         0,   0.790,pymatching,2e114e34e9047f37305ffeabf7a391e9e94302a1b882029be1728590241753c5,"{""config"":[""Y+"",""Y""],""d"":5,""p"":0.00608974358974359}",
     10240,        62,         0,   0.041,pymatching,9581cf577c94fd3d92524757513bc8aea03230286c8c1988dd819d15427f1f62,"{""config"":[""Y+"",""Y""],""d"":5,""p"":0.003951282051282051}",
     16384,        44,         0,   0.057,pymatching,f2a68c7e7caa1dbcd527c13e207c28d6b9f88214222056c0daa9bf175bbd294f,"{""config"":[""Y+"",""Y""],""d"":5,""p"":0.003238461538461538}",
     16384,        61,         0,   0.056,pymatching,416ae957e4ead28fc5c3fa675fb1fa14810150ea56974c4179e9bf8e0ad9c5c2,"{""config"":[""Y+"",""Y""],""d"":5,""p"":0.0035948717948717946}",
     11928,        73,         0,   0.043,pymatching,9581cf577c94fd3d92524757513bc8aea03230286c8c1988dd819d15427f1f62,"{""config"":[""Y+"",""Y""],""d"":5,""p"":0.003951282051282051}",
     17408,       864,         0,   0.427,pymatching,9b2a8307355599de2ebe16dc93ea18ea39317c205381e2f9b8f801c744e9d9aa,"{""config"":[""Y+"",""Y""],""d"":7,""p"":0.008584615384615385}",
     16384,      1287,         0,   0.426,pymatching,692fbbe2180d82609d8fbce9fb57749ad0991e5ec55e9756191425c80faae59e,"{""config"":[""Y+"",""Y""],""d"":7,""p"":0.009653846153846153}",
      9216,      1455,         0,   0.321,pymatching,212ce2de3cdfeff2fe02c837775f496c1865ef53a3fb19867996d6a8e4ff1df4,"{""config"":[""Y+"",""Y""],""d"":7,""p"":0.012148717948717948}",
     32768,        67,         0,   0.106,pymatching,d0f00be01be4cf465b3edd773909d2115ae29a61da6eed6079d3b2258616393e,"{""config"":[""Y+"",""Y""],""d"":5,""p"":0.0028820512820512817}",
      1987,         2,         0,   0.007,pymatching,d0f00be01be4cf465b3edd773909d2115ae29a61da6eed6079d3b2258616393e,"{""config"":[""Y+"",""Y""],""d"":5,""p"":0.0028820512820512817}",
     81920,       174,         0,   0.263,pymatching,d0f00be01be4cf465b3edd773909d2115ae29a61da6eed6079d3b2258616393e,"{""config"":[""Y+"",""Y""],""d"":5,""p"":0.0028820512820512817}",
      4096,      1094,         0,   0.191,pymatching,e0a90f171c38eaae8079e45954c9ed38e9e17f58fa112cfac437d97c537c7c5d,"{""config"":[""Y+"",""Y""],""d"":7,""p"":0.014999999999999998}",
     16384,      1072,         0,   0.407,pymatching,896d0ea116072cbd8ad1b3fd64d7f7cc41d578256d248094baa79fb33a248f85,"{""config"":[""Y+"",""Y""],""d"":7,""p"":0.009297435897435898}",
      2529,         4,         0,   0.009,pymatching,d0f00be01be4cf465b3edd773909d2115ae29a61da6eed6079d3b2258616393e,"{""config"":[""Y+"",""Y""],""d"":5,""p"":0.0028820512820512817}",
      2530,         5,         0,   0.008,pymatching,d0f00be01be4cf465b3edd773909d2115ae29a61da6eed6079d3b2258616393e,"{""config"":[""Y+"",""Y""],""d"":5,""p"":0.0028820512820512817}",
     14336,        94,         0,   0.056,pymatching,9581cf577c94fd3d92524757513bc8aea03230286c8c1988dd819d15427f1f62,"{""config"":[""Y+"",""Y""],""d"":5,""p"":0.003951282051282051}",
      5120,      1169,         0,   0.219,pymatching,bba58f806462f67760389f0b4686f6496d840627b09598db447cf470ca07f683,"{""config"":[""Y+"",""Y""],""d"":7,""p"":0.014287179487179487}",
     22528,        54,         0,   0.077,pymatching,f2a68c7e7caa1dbcd527c13e207c28d6b9f88214222056c0daa9bf175bbd294f,"{""config"":[""Y+"",""Y""],""d"":5,""p"":0.003238461538461538}",
     22528,        91,         0,   0.076,pymatching,416ae957e4ead28fc5c3fa675fb1fa14810150ea56974c4179e9bf8e0ad9c5c2,"{""config"":[""Y+"",""Y""],""d"":5,""p"":0.0035948717948717946}",
     14336,      1301,         0,   0.432,pymatching,dcb0664cc4001cb78081fe01626212576b37f8cde256abfb344daa96584a3829,"{""config"":[""Y+"",""Y""],""d"":7,""p"":0.010010256410256409}",
      8192,      1523,         0,   0.315,pymatching,023b09aaa362515845bd5f34349756e03b1215c366cec65af9a1f02bb14e018e,"{""config"":[""Y+"",""Y""],""d"":7,""p"":0.013217948717948718}",
      2321,        11,         0,   0.010,pymatching,895f35546a52b568e46374f1d341a2badddf9bb9ff60f52b898b573fb39acc83,"{""config"":[""Y+"",""Y""],""d"":5,""p"":0.0043076923076923075}",
      2321,        29,         0,   0.012,pymatching,518da64528007b967ad3978374c3581953e1802654a73a1069fd7b23150eec53,"{""config"":[""Y+"",""Y""],""d"":5,""p"":0.004664102564102564}",
      4096,        47,         0,   0.017,pymatching,895f35546a52b568e46374f1d341a2badddf9bb9ff60f52b898b573fb39acc83,"{""config"":[""Y+"",""Y""],""d"":5,""p"":0.0043076923076923075}",
      4096,        34,         0,   0.018,pymatching,518da64528007b967ad3978374c3581953e1802654a73a1069fd7b23150eec53,"{""config"":[""Y+"",""Y""],""d"":5,""p"":0.004664102564102564}",
     14336,      1434,         0,   0.409,pymatching,b3eaf657bd5e9d9ffb895c2c4ec0840a82203269223dad6c4153a6e8b0f9ba76,"{""config"":[""Y+"",""Y""],""d"":7,""p"":0.010366666666666666}",
    167936,         0,         0,   0.789,pymatching,ddab9fbd6b14be7b367f4624635cfd20a4481975912af552cad4351f6a7e48e2,"{""config"":[""Y+"",""Y""],""d"":7,""p"":1e-05}",
      5120,        39,         0,   0.022,pymatching,895f35546a52b568e46374f1d341a2badddf9bb9ff60f52b898b573fb39acc83,"{""config"":[""Y+"",""Y""],""d"":5,""p"":0.0043076923076923075}",
      5120,        53,         0,   0.023,pymatching,518da64528007b967ad3978374c3581953e1802654a73a1069fd7b23150eec53,"{""config"":[""Y+"",""Y""],""d"":5,""p"":0.004664102564102564}",
     19456,       108,         0,   0.077,pymatching,9581cf577c94fd3d92524757513bc8aea03230286c8c1988dd819d15427f1f62,"{""config"":[""Y+"",""Y""],""d"":5,""p"":0.003951282051282051}",
      8192,      1639,         0,   0.327,pymatching,8bf7f39c42a64f1c60b8a65ca7aba534ee1b8bef7fd4e409b5ede3877dcd5e6e,"{""config"":[""Y+"",""Y""],""d"":7,""p"":0.013574358974358974}",
      7168,      1536,         0,   0.297,pymatching,3d96cc66ddac22e0e63b9411d11ddfec22333df8c9fd03f1e9eaa4f0a42ad006,"{""config"":[""Y+"",""Y""],""d"":7,""p"":0.01393076923076923}",
    168960,         0,         0,   0.791,pymatching,2a9abd83c5a3d3db0eec60cc1cc5f8926ad0cda6b05841260a774163de5a5300,"{""config"":[""Y+"",""Y""],""d"":7,""p"":1.6681005372000593e-05}",
      7168,        59,         0,   0.030,pymatching,895f35546a52b568e46374f1d341a2badddf9bb9ff60f52b898b573fb39acc83,"{""config"":[""Y+"",""Y""],""d"":5,""p"":0.0043076923076923075}",
      6144,        61,         0,   0.028,pymatching,518da64528007b967ad3978374c3581953e1802654a73a1069fd7b23150eec53,"{""config"":[""Y+"",""Y""],""d"":5,""p"":0.004664102564102564}",
    165888,         0,         0,   0.791,pymatching,d4efb51de84e8753bb144bbe5cbc1e16119dd4138c3429ef067e31fd81182969,"{""config"":[""Y+"",""Y""],""d"":7,""p"":7.742636826811278e-05}",
     70656,        28,         0,   0.568,pymatching,2c493731402f69a8580bdf5b58ad0e0c3f1b910fd2a23dc0feafd13baa269d2c,"{""config"":[""Y+"",""Y""],""d"":7,""p"":0.0025256410256410257}",
     12288,      1459,         0,   0.414,pymatching,2db770c56c1f3190629cb95dedc15d5303fe7e18d6b775647621cf9cf7c3eae5,"{""config"":[""Y+"",""Y""],""d"":7,""p"":0.01107948717948718}",
    160768,         0,         0,   0.794,pymatching,1ebf2e24f42a25fd0e80fbd92c68bca690d32a7b6f33c49e44b405cff829f70d,"{""config"":[""Y+"",""Y""],""d"":7,""p"":0.00021544346900318823}",
    164864,         0,         0,   0.790,pymatching,3c857fc2010553329b0c56ef74743c200a997a241ffdc1a3d6ce71eeb6f35a54,"{""config"":[""Y+"",""Y""],""d"":7,""p"":0.0001291549665014884}",
     30720,        94,         0,   0.106,pymatching,f2a68c7e7caa1dbcd527c13e207c28d6b9f88214222056c0daa9bf175bbd294f,"{""config"":[""Y+"",""Y""],""d"":5,""p"":0.003238461538461538}",
     30720,       126,         0,   0.107,pymatching,416ae957e4ead28fc5c3fa675fb1fa14810150ea56974c4179e9bf8e0ad9c5c2,"{""config"":[""Y+"",""Y""],""d"":5,""p"":0.0035948717948717946}",
     14336,      1552,         0,   0.427,pymatching,4edb1f8cd0c10ebe04be4aac20a0477e6fcd78a9c451ad07f3ed65d69fe030ce,"{""config"":[""Y+"",""Y""],""d"":7,""p"":0.010723076923076922}",
    168960,         0,         0,   0.793,pymatching,7aa90f14661fe503b169d17735323782ba47d9bacb07fb92cec4acd1e3381f76,"{""config"":[""Y+"",""Y""],""d"":7,""p"":2.782559402207126e-05}",
      9216,        74,         0,   0.039,pymatching,895f35546a52b568e46374f1d341a2badddf9bb9ff60f52b898b573fb39acc83,"{""config"":[""Y+"",""Y""],""d"":5,""p"":0.0043076923076923075}",
    167936,         0,         0,   0.790,pymatching,7e10452490fdaa8d156054ff5ef1acff444cf67cb4c136cd79857b341f9e4172,"{""config"":[""Y+"",""Y""],""d"":7,""p"":4.641588833612782e-05}",
      9216,        80,         0,   0.042,pymatching,518da64528007b967ad3978374c3581953e1802654a73a1069fd7b23150eec53,"{""config"":[""Y+"",""Y""],""d"":5,""p"":0.004664102564102564}",
    153600,         0,         0,   0.792,pymatching,7a36ae4616f1d754f42dd521d2fabf024d85329dfad51a046c6fc6d074b7b6f0,"{""config"":[""Y+"",""Y""],""d"":7,""p"":0.00035938136638046257}",
     40960,       769,         0,   0.226,pymatching,2e114e34e9047f37305ffeabf7a391e9e94302a1b882029be1728590241753c5,"{""config"":[""Y+"",""Y""],""d"":5,""p"":0.00608974358974359}",
     66560,        54,         0,   0.572,pymatching,c29daf484c9d432db8f543665f6277eae8f75a9a750a6f2b46c8830e5bd84bae,"{""config"":[""Y+"",""Y""],""d"":7,""p"":0.0028820512820512817}",
      8131,        39,         0,   0.028,pymatching,416ae957e4ead28fc5c3fa675fb1fa14810150ea56974c4179e9bf8e0ad9c5c2,"{""config"":[""Y+"",""Y""],""d"":5,""p"":0.0035948717948717946}",
    145408,         0,         0,   0.793,pymatching,f1775c7e580d8f5fddb23efcaf637a9598af94daaad5195170fd5a28436ce87c,"{""config"":[""Y+"",""Y""],""d"":7,""p"":0.0005994842503189409}",
    101376,       405,         0,   0.345,pymatching,416ae957e4ead28fc5c3fa675fb1fa14810150ea56974c4179e9bf8e0ad9c5c2,"{""config"":[""Y+"",""Y""],""d"":5,""p"":0.0035948717948717946}",
     61440,        72,         0,   0.574,pymatching,55e2052820d1a12ecd22092c6f5ca6c76ccd51891eb64142fab7e2d43f17862d,"{""config"":[""Y+"",""Y""],""d"":7,""p"":0.003238461538461538}",
    128000,         1,         0,   0.796,pymatching,e34529a27c2f8d5d8bc8d8e2e799cf1fb09be2666f89b6597da07e402b93b3a8,"{""config"":[""Y+"",""Y""],""d"":7,""p"":0.0011}",
      5120,      1211,         0,   0.248,pymatching,3078ddd383234d54fae2ee67ddd79dc9c7f48eaf8a4580eac002e5a84f834ff8,"{""config"":[""Y+"",""Y""],""d"":7,""p"":0.014643589743589744}",
     12227,        41,         0,   0.043,pymatching,f2a68c7e7caa1dbcd527c13e207c28d6b9f88214222056c0daa9bf175bbd294f,"{""config"":[""Y+"",""Y""],""d"":5,""p"":0.003238461538461538}",
       993,         6,         0,   0.004,pymatching,416ae957e4ead28fc5c3fa675fb1fa14810150ea56974c4179e9bf8e0ad9c5c2,"{""config"":[""Y+"",""Y""],""d"":5,""p"":0.0035948717948717946}",
    131072,         2,         0,   0.795,pymatching,d964ce250f510f05b10feb424012badadf776273e0f85d97054e675ebf8d58cb,"{""config"":[""Y+"",""Y""],""d"":7,""p"":0.001}",
     92160,       271,         0,   0.349,pymatching,f2a68c7e7caa1dbcd527c13e207c28d6b9f88214222056c0daa9bf175bbd294f,"{""config"":[""Y+"",""Y""],""d"":5,""p"":0.003238461538461538}",
       994,         6,         0,   0.003,pymatching,416ae957e4ead28fc5c3fa675fb1fa14810150ea56974c4179e9bf8e0ad9c5c2,"{""config"":[""Y+"",""Y""],""d"":5,""p"":0.0035948717948717946}",
     57344,       123,         0,   0.573,pymatching,5bc48b83ec852cb30e501e5b0905235215d5d2acb38422d1ae9a4692a1dddcd3,"{""config"":[""Y+"",""Y""],""d"":7,""p"":0.0035948717948717946}",
     26624,       131,         0,   0.106,pymatching,9581cf577c94fd3d92524757513bc8aea03230286c8c1988dd819d15427f1f62,"{""config"":[""Y+"",""Y""],""d"":5,""p"":0.003951282051282051}",
     13312,      1698,         0,   0.428,pymatching,7051f9d3ade115442aeffc342f6e0425220537872932858310ebeec88f584fcc,"{""config"":[""Y+"",""Y""],""d"":7,""p"":0.011435897435897435}",
     13312,        88,         0,   0.056,pymatching,895f35546a52b568e46374f1d341a2badddf9bb9ff60f52b898b573fb39acc83,"{""config"":[""Y+"",""Y""],""d"":5,""p"":0.0043076923076923075}",
     12288,       110,         0,   0.054,pymatching,518da64528007b967ad3978374c3581953e1802654a73a1069fd7b23150eec53,"{""config"":[""Y+"",""Y""],""d"":5,""p"":0.004664102564102564}",
     11264,      1606,         0,   0.407,pymatching,bcd4bd76ebf4d05fb8d5204425b2864dfa432fff8e7a86f05c4b4d990f89c58b,"{""config"":[""Y+"",""Y""],""d"":7,""p"":0.011792307692307692}",
      4578,        16,         0,   0.016,pymatching,f2a68c7e7caa1dbcd527c13e207c28d6b9f88214222056c0daa9bf175bbd294f,"{""config"":[""Y+"",""Y""],""d"":5,""p"":0.003238461538461538}",
      3072,         8,         0,   0.011,pymatching,f2a68c7e7caa1dbcd527c13e207c28d6b9f88214222056c0daa9bf175bbd294f,"{""config"":[""Y+"",""Y""],""d"":5,""p"":0.003238461538461538}",
      2321,        20,         0,   0.011,pymatching,b78d51e4f39cc3935f7278ccdeef8f922559597ffbd4f8e0507abeacc3a2c063,"{""config"":[""Y+"",""Y""],""d"":5,""p"":0.00502051282051282}",
       753,         4,         0,   0.003,pymatching,f2a68c7e7caa1dbcd527c13e207c28d6b9f88214222056c0daa9bf175bbd294f,"{""config"":[""Y+"",""Y""],""d"":5,""p"":0.003238461538461538}",
     49152,       138,         0,   0.569,pymatching,583761c35c6053557a126e62d723dad6630bce6cb9ef4b9b16e28bcd435dfb36,"{""config"":[""Y+"",""Y""],""d"":7,""p"":0.003951282051282051}",
      2321,        33,         0,   0.011,pymatching,fee0796c5a42d138738f9c1fb5793d4c8d53e8541fd66dd86c4bf8e6bbf752bc,"{""config"":[""Y+"",""Y""],""d"":5,""p"":0.005376923076923077}",
       752,         2,         0,   0.003,pymatching,f2a68c7e7caa1dbcd527c13e207c28d6b9f88214222056c0daa9bf175bbd294f,"{""config"":[""Y+"",""Y""],""d"":5,""p"":0.003238461538461538}",
     46080,       194,         0,   0.574,pymatching,72809015876d1f9b8ff5ff89d3ce2a1c29e73672373efd2eb3e8fd9cda3edd02,"{""config"":[""Y+"",""Y""],""d"":7,""p"":0.0043076923076923075}",
      5120,      1283,         0,   0.239,pymatching,e0a90f171c38eaae8079e45954c9ed38e9e17f58fa112cfac437d97c537c7c5d,"{""config"":[""Y+"",""Y""],""d"":7,""p"":0.014999999999999998}",
      3072,        34,         0,   0.014,pymatching,b78d51e4f39cc3935f7278ccdeef8f922559597ffbd4f8e0507abeacc3a2c063,"{""config"":[""Y+"",""Y""],""d"":5,""p"":0.00502051282051282}",
      2321,        32,         0,   0.013,pymatching,2dc7be9fda138f8bc49605ace479e0f83ef64593f02f437fd6605e765794cb1f,"{""config"":[""Y+"",""Y""],""d"":5,""p"":0.005733333333333333}",
      3072,        33,         0,   0.014,pymatching,fee0796c5a42d138738f9c1fb5793d4c8d53e8541fd66dd86c4bf8e6bbf752bc,"{""config"":[""Y+"",""Y""],""d"":5,""p"":0.005376923076923077}",
     47104,       256,         0,   0.572,pymatching,aa429589a3348e00898eb2b9a5a5dbd4f3b518fd65dc69aeba43d82ded161f49,"{""config"":[""Y+"",""Y""],""d"":7,""p"":0.004664102564102564}",
      3072,        42,         0,   0.015,pymatching,2dc7be9fda138f8bc49605ace479e0f83ef64593f02f437fd6605e765794cb1f,"{""config"":[""Y+"",""Y""],""d"":5,""p"":0.005733333333333333}",
      4096,        55,         0,   0.020,pymatching,b78d51e4f39cc3935f7278ccdeef8f922559597ffbd4f8e0507abeacc3a2c063,"{""config"":[""Y+"",""Y""],""d"":5,""p"":0.00502051282051282}",
      5120,        76,         0,   0.024,pymatching,fee0796c5a42d138738f9c1fb5793d4c8d53e8541fd66dd86c4bf8e6bbf752bc,"{""config"":[""Y+"",""Y""],""d"":5,""p"":0.005376923076923077}",
     40960,       253,         0,   0.577,pymatching,8b3bc9bef2aea071ed74476e1e9f2dd5a1c3bf81e58b8bf69df925b82d1ba7a4,"{""config"":[""Y+"",""Y""],""d"":7,""p"":0.00502051282051282}",
      4096,        69,         0,   0.020,pymatching,2dc7be9fda138f8bc49605ace479e0f83ef64593f02f437fd6605e765794cb1f,"{""config"":[""Y+"",""Y""],""d"":5,""p"":0.005733333333333333}",
     40960,       366,         0,   0.569,pymatching,44778f417ddefc9165e91ad4a5805c24dc79bdc9782a224c5d308d339d9e8097,"{""config"":[""Y+"",""Y""],""d"":7,""p"":0.005376923076923077}",
    128000,         4,         0,   0.795,pymatching,0593b8800785d13d9a221cb2b81f5e7a731d05e015e3de03874f28a07d88f3ef,"{""config"":[""Y+"",""Y""],""d"":7,""p"":0.0014564102564102565}",
     35840,       390,         0,   0.570,pymatching,1ded2928a119f1b6c0eb82651ab130497369e0a99313696e9ddd7d3d79cb15d2,"{""config"":[""Y+"",""Y""],""d"":7,""p"":0.005733333333333333}",
      6144,        74,         0,   0.029,pymatching,b78d51e4f39cc3935f7278ccdeef8f922559597ffbd4f8e0507abeacc3a2c063,"{""config"":[""Y+"",""Y""],""d"":5,""p"":0.00502051282051282}",
     17408,       164,         0,   0.077,pymatching,518da64528007b967ad3978374c3581953e1802654a73a1069fd7b23150eec53,"{""config"":[""Y+"",""Y""],""d"":5,""p"":0.004664102564102564}",
     18432,       142,         0,   0.079,pymatching,895f35546a52b568e46374f1d341a2badddf9bb9ff60f52b898b573fb39acc83,"{""config"":[""Y+"",""Y""],""d"":5,""p"":0.0043076923076923075}",
      6144,        75,         0,   0.028,pymatching,fee0796c5a42d138738f9c1fb5793d4c8d53e8541fd66dd86c4bf8e6bbf752bc,"{""config"":[""Y+"",""Y""],""d"":5,""p"":0.005376923076923077}",
      6144,       104,         0,   0.030,pymatching,2dc7be9fda138f8bc49605ace479e0f83ef64593f02f437fd6605e765794cb1f,"{""config"":[""Y+"",""Y""],""d"":5,""p"":0.005733333333333333}",
      2321,         0,         0,   0.012,pymatching,ddab9fbd6b14be7b367f4624635cfd20a4481975912af552cad4351f6a7e48e2,"{""config"":[""Y+"",""Y""],""d"":7,""p"":1e-05}",
     31744,       598,         0,   0.574,pymatching,4451bbcae661709660b35391e8a3084afaa63de0e908cd1bd0670e791ea954b6,"{""config"":[""Y+"",""Y""],""d"":7,""p"":0.006446153846153846}",
     33792,       484,         0,   0.567,pymatching,6492a75cf2d32538edb01866f3ae5f7d4206754a4e3c1ab604f05e688906edd5,"{""config"":[""Y+"",""Y""],""d"":7,""p"":0.00608974358974359}",
      2321,         0,         0,   0.013,pymatching,2a9abd83c5a3d3db0eec60cc1cc5f8926ad0cda6b05841260a774163de5a5300,"{""config"":[""Y+"",""Y""],""d"":7,""p"":1.6681005372000593e-05}",
      8192,       100,         0,   0.038,pymatching,b78d51e4f39cc3935f7278ccdeef8f922559597ffbd4f8e0507abeacc3a2c063,"{""config"":[""Y+"",""Y""],""d"":5,""p"":0.00502051282051282}",
      3072,         0,         0,   0.014,pymatching,ddab9fbd6b14be7b367f4624635cfd20a4481975912af552cad4351f6a7e48e2,"{""config"":[""Y+"",""Y""],""d"":7,""p"":1e-05}",
     12288,      1962,         0,   0.439,pymatching,0fb86e8d4ca16a9471ba94f3e1367e160acab1d449f74eadaa505e4f191a84e3,"{""config"":[""Y+"",""Y""],""d"":7,""p"":0.012505128205128205}",
      7168,      1622,         0,   0.311,pymatching,bba58f806462f67760389f0b4686f6496d840627b09598db447cf470ca07f683,"{""config"":[""Y+"",""Y""],""d"":7,""p"":0.014287179487179487}",
      3072,         0,         0,   0.015,pymatching,2a9abd83c5a3d3db0eec60cc1cc5f8926ad0cda6b05841260a774163de5a5300,"{""config"":[""Y+"",""Y""],""d"":7,""p"":1.6681005372000593e-05}",
      9216,       121,         0,   0.042,pymatching,fee0796c5a42d138738f9c1fb5793d4c8d53e8541fd66dd86c4bf8e6bbf752bc,"{""config"":[""Y+"",""Y""],""d"":5,""p"":0.005376923076923077}",
    100547,       540,         0,   0.367,pymatching,9581cf577c94fd3d92524757513bc8aea03230286c8c1988dd819d15427f1f62,"{""config"":[""Y+"",""Y""],""d"":5,""p"":0.003951282051282051}",
      8192,       130,         0,   0.039,pymatching,2dc7be9fda138f8bc49605ace479e0f83ef64593f02f437fd6605e765794cb1f,"{""config"":[""Y+"",""Y""],""d"":5,""p"":0.005733333333333333}",
    107520,        10,         0,   0.793,pymatching,c5ca751aaccb112b2fc6f3e9a5b735918ad7833ac3069ee1270362dfaa2d7cfd,"{""config"":[""Y+"",""Y""],""d"":7,""p"":0.0018128205128205128}",
     37888,       234,         0,   0.148,pymatching,9581cf577c94fd3d92524757513bc8aea03230286c8c1988dd819d15427f1f62,"{""config"":[""Y+"",""Y""],""d"":5,""p"":0.003951282051282051}",
      4096,         0,         0,   0.020,pymatching,ddab9fbd6b14be7b367f4624635cfd20a4481975912af552cad4351f6a7e48e2,"{""config"":[""Y+"",""Y""],""d"":7,""p"":1e-05}",
     10240,      1846,         0,   0.414,pymatching,3f004f4fc9855988b82031e7cc363d34ddc9c300a9ee96a11d442754e3d865ac,"{""config"":[""Y+"",""Y""],""d"":7,""p"":0.012861538461538462}",
      1122,         6,         0,   0.004,pymatching,9581cf577c94fd3d92524757513bc8aea03230286c8c1988dd819d15427f1f62,"{""config"":[""Y+"",""Y""],""d"":5,""p"":0.003951282051282051}",
      1024,         3,         0,   0.004,pymatching,9581cf577c94fd3d92524757513bc8aea03230286c8c1988dd819d15427f1f62,"{""config"":[""Y+"",""Y""],""d"":5,""p"":0.003951282051282051}",
      5120,         0,         0,   0.024,pymatching,2a9abd83c5a3d3db0eec60cc1cc5f8926ad0cda6b05841260a774163de5a5300,"{""config"":[""Y+"",""Y""],""d"":7,""p"":1.6681005372000593e-05}",
        49,         0,         0,   0.000,pymatching,9581cf577c94fd3d92524757513bc8aea03230286c8c1988dd819d15427f1f62,"{""config"":[""Y+"",""Y""],""d"":5,""p"":0.003951282051282051}",
        24,         0,         0,   0.000,pymatching,9581cf577c94fd3d92524757513bc8aea03230286c8c1988dd819d15427f1f62,"{""config"":[""Y+"",""Y""],""d"":5,""p"":0.003951282051282051}",
      6144,         0,         0,   0.029,pymatching,ddab9fbd6b14be7b367f4624635cfd20a4481975912af552cad4351f6a7e48e2,"{""config"":[""Y+"",""Y""],""d"":7,""p"":1e-05}",
        12,         1,         0,   0.000,pymatching,9581cf577c94fd3d92524757513bc8aea03230286c8c1988dd819d15427f1f62,"{""config"":[""Y+"",""Y""],""d"":5,""p"":0.003951282051282051}",
         6,         0,         0,   0.000,pymatching,9581cf577c94fd3d92524757513bc8aea03230286c8c1988dd819d15427f1f62,"{""config"":[""Y+"",""Y""],""d"":5,""p"":0.003951282051282051}",
     12288,       132,         0,   0.057,pymatching,b78d51e4f39cc3935f7278ccdeef8f922559597ffbd4f8e0507abeacc3a2c063,"{""config"":[""Y+"",""Y""],""d"":5,""p"":0.00502051282051282}",
     28672,       759,         0,   0.572,pymatching,ca26f21bc502402c28ed97c7f7c1d1b62a602b71eacb2a467149bdaa2f5d945c,"{""config"":[""Y+"",""Y""],""d"":7,""p"":0.007158974358974359}",
         3,         0,         0,   0.000,pymatching,9581cf577c94fd3d92524757513bc8aea03230286c8c1988dd819d15427f1f62,"{""config"":[""Y+"",""Y""],""d"":5,""p"":0.003951282051282051}",
         2,         0,         0,   0.000,pymatching,9581cf577c94fd3d92524757513bc8aea03230286c8c1988dd819d15427f1f62,"{""config"":[""Y+"",""Y""],""d"":5,""p"":0.003951282051282051}",
      6144,         0,         0,   0.029,pymatching,2a9abd83c5a3d3db0eec60cc1cc5f8926ad0cda6b05841260a774163de5a5300,"{""config"":[""Y+"",""Y""],""d"":7,""p"":1.6681005372000593e-05}",
     29696,       701,         0,   0.567,pymatching,54953947f3feebc7119bbdb3c90e47f38134f73533f9669982539c57c3f68cca,"{""config"":[""Y+"",""Y""],""d"":7,""p"":0.006802564102564103}",
     12288,       149,         0,   0.056,pymatching,fee0796c5a42d138738f9c1fb5793d4c8d53e8541fd66dd86c4bf8e6bbf752bc,"{""config"":[""Y+"",""Y""],""d"":5,""p"":0.005376923076923077}",
     12288,      1878,         0,   0.427,pymatching,212ce2de3cdfeff2fe02c837775f496c1865ef53a3fb19867996d6a8e4ff1df4,"{""config"":[""Y+"",""Y""],""d"":7,""p"":0.012148717948717948}",
     11264,       176,         0,   0.054,pymatching,2dc7be9fda138f8bc49605ace479e0f83ef64593f02f437fd6605e765794cb1f,"{""config"":[""Y+"",""Y""],""d"":5,""p"":0.005733333333333333}",
     25600,       185,         0,   0.107,pymatching,895f35546a52b568e46374f1d341a2badddf9bb9ff60f52b898b573fb39acc83,"{""config"":[""Y+"",""Y""],""d"":5,""p"":0.0043076923076923075}",
         1,         0,         0,   0.000,pymatching,9581cf577c94fd3d92524757513bc8aea03230286c8c1988dd819d15427f1f62,"{""config"":[""Y+"",""Y""],""d"":5,""p"":0.003951282051282051}",
     24576,       204,         0,   0.108,pymatching,518da64528007b967ad3978374c3581953e1802654a73a1069fd7b23150eec53,"{""config"":[""Y+"",""Y""],""d"":5,""p"":0.004664102564102564}",
     27648,       852,         0,   0.581,pymatching,82faf2022754eeaba2fa4ad6f0b446cd059fab8b1026aa30f38d63e60ddb0a0f,"{""config"":[""Y+"",""Y""],""d"":7,""p"":0.007515384615384615}",
      8192,         0,         0,   0.038,pymatching,ddab9fbd6b14be7b367f4624635cfd20a4481975912af552cad4351f6a7e48e2,"{""config"":[""Y+"",""Y""],""d"":7,""p"":1e-05}",
     95232,      1559,         0,   0.494,pymatching,2dc7be9fda138f8bc49605ace479e0f83ef64593f02f437fd6605e765794cb1f,"{""config"":[""Y+"",""Y""],""d"":5,""p"":0.005733333333333333}",
     99328,        17,         0,   0.793,pymatching,b9c5ccfc1e3322d1df5fefe43bfc5cdf09fb6f8e87b1867c2b3d7adb9d9a40bd,"{""config"":[""Y+"",""Y""],""d"":7,""p"":0.002169230769230769}",
      8192,         0,         0,   0.038,pymatching,2a9abd83c5a3d3db0eec60cc1cc5f8926ad0cda6b05841260a774163de5a5300,"{""config"":[""Y+"",""Y""],""d"":7,""p"":1.6681005372000593e-05}",
      7168,        96,         0,   0.035,pymatching,2dc7be9fda138f8bc49605ace479e0f83ef64593f02f437fd6605e765794cb1f,"{""config"":[""Y+"",""Y""],""d"":5,""p"":0.005733333333333333}",
     16384,       196,         0,   0.077,pymatching,b78d51e4f39cc3935f7278ccdeef8f922559597ffbd4f8e0507abeacc3a2c063,"{""config"":[""Y+"",""Y""],""d"":5,""p"":0.00502051282051282}",
     12288,         0,         0,   0.058,pymatching,ddab9fbd6b14be7b367f4624635cfd20a4481975912af552cad4351f6a7e48e2,"{""config"":[""Y+"",""Y""],""d"":7,""p"":1e-05}",
      6144,      1453,         0,   0.296,pymatching,3078ddd383234d54fae2ee67ddd79dc9c7f48eaf8a4580eac002e5a84f834ff8,"{""config"":[""Y+"",""Y""],""d"":7,""p"":0.014643589743589744}",
     17408,       242,         0,   0.079,pymatching,fee0796c5a42d138738f9c1fb5793d4c8d53e8541fd66dd86c4bf8e6bbf752bc,"{""config"":[""Y+"",""Y""],""d"":5,""p"":0.005376923076923077}",
    141464,      1040,         0,   0.554,pymatching,895f35546a52b568e46374f1d341a2badddf9bb9ff60f52b898b573fb39acc83,"{""config"":[""Y+"",""Y""],""d"":5,""p"":0.0043076923076923075}",
     25600,       947,         0,   0.579,pymatching,edd89b5b1ae934e17659c601172a1f72bc7f0d46450e5d70cf8d6579686bc1a9,"{""config"":[""Y+"",""Y""],""d"":7,""p"":0.007871794871794872}",
     11264,      2145,         0,   0.438,pymatching,023b09aaa362515845bd5f34349756e03b1215c366cec65af9a1f02bb14e018e,"{""config"":[""Y+"",""Y""],""d"":7,""p"":0.013217948717948718}",
     12288,         0,         0,   0.058,pymatching,2a9abd83c5a3d3db0eec60cc1cc5f8926ad0cda6b05841260a774163de5a5300,"{""config"":[""Y+"",""Y""],""d"":7,""p"":1.6681005372000593e-05}",
      2321,         0,         0,   0.012,pymatching,7aa90f14661fe503b169d17735323782ba47d9bacb07fb92cec4acd1e3381f76,"{""config"":[""Y+"",""Y""],""d"":7,""p"":2.782559402207126e-05}",
      2321,         0,         0,   0.012,pymatching,3c857fc2010553329b0c56ef74743c200a997a241ffdc1a3d6ce71eeb6f35a54,"{""config"":[""Y+"",""Y""],""d"":7,""p"":0.0001291549665014884}",
      2321,         0,         0,   0.012,pymatching,7e10452490fdaa8d156054ff5ef1acff444cf67cb4c136cd79857b341f9e4172,"{""config"":[""Y+"",""Y""],""d"":7,""p"":4.641588833612782e-05}",
     10240,      2138,         0,   0.409,pymatching,8bf7f39c42a64f1c60b8a65ca7aba534ee1b8bef7fd4e409b5ede3877dcd5e6e,"{""config"":[""Y+"",""Y""],""d"":7,""p"":0.013574358974358974}",
      4096,         0,         0,   0.018,pymatching,7aa90f14661fe503b169d17735323782ba47d9bacb07fb92cec4acd1e3381f76,"{""config"":[""Y+"",""Y""],""d"":7,""p"":2.782559402207126e-05}",
     24576,      1116,         0,   0.572,pymatching,3bd54a3bd47e554c28acb0ccdc2d293bf8e234d4037ebf4628a2a14c089c22bc,"{""config"":[""Y+"",""Y""],""d"":7,""p"":0.008228205128205128}",
     28099,       213,         0,   0.117,pymatching,895f35546a52b568e46374f1d341a2badddf9bb9ff60f52b898b573fb39acc83,"{""config"":[""Y+"",""Y""],""d"":5,""p"":0.0043076923076923075}",
     22528,      1343,         0,   0.579,pymatching,39816311c09a2c5e31164b1f4c1b13e066a5995d3dec728076bd565cb295a582,"{""config"":[""Y+"",""Y""],""d"":7,""p"":0.00894102564102564}",
      2321,         0,         0,   0.013,pymatching,d4efb51de84e8753bb144bbe5cbc1e16119dd4138c3429ef067e31fd81182969,"{""config"":[""Y+"",""Y""],""d"":7,""p"":7.742636826811278e-05}",
      3072,         0,         0,   0.015,pymatching,7e10452490fdaa8d156054ff5ef1acff444cf67cb4c136cd79857b341f9e4172,"{""config"":[""Y+"",""Y""],""d"":7,""p"":4.641588833612782e-05}",
      4096,         0,         0,   0.018,pymatching,3c857fc2010553329b0c56ef74743c200a997a241ffdc1a3d6ce71eeb6f35a54,"{""config"":[""Y+"",""Y""],""d"":7,""p"":0.0001291549665014884}",
     10240,      2168,         0,   0.425,pymatching,3d96cc66ddac22e0e63b9411d11ddfec22333df8c9fd03f1e9eaa4f0a42ad006,"{""config"":[""Y+"",""Y""],""d"":7,""p"":0.01393076923076923}",
      5120,         0,         0,   0.023,pymatching,7aa90f14661fe503b169d17735323782ba47d9bacb07fb92cec4acd1e3381f76,"{""config"":[""Y+"",""Y""],""d"":7,""p"":2.782559402207126e-05}",
      3072,         0,         0,   0.015,pymatching,d4efb51de84e8753bb144bbe5cbc1e16119dd4138c3429ef067e31fd81182969,"{""config"":[""Y+"",""Y""],""d"":7,""p"":7.742636826811278e-05}",
      4096,         0,         0,   0.019,pymatching,7e10452490fdaa8d156054ff5ef1acff444cf67cb4c136cd79857b341f9e4172,"{""config"":[""Y+"",""Y""],""d"":7,""p"":4.641588833612782e-05}",
      6144,      1525,         0,   0.308,pymatching,e0a90f171c38eaae8079e45954c9ed38e9e17f58fa112cfac437d97c537c7c5d,"{""config"":[""Y+"",""Y""],""d"":7,""p"":0.014999999999999998}",
     23552,      1251,         0,   0.582,pymatching,9b2a8307355599de2ebe16dc93ea18ea39317c205381e2f9b8f801c744e9d9aa,"{""config"":[""Y+"",""Y""],""d"":7,""p"":0.008584615384615385}",
     14050,       103,         0,   0.058,pymatching,895f35546a52b568e46374f1d341a2badddf9bb9ff60f52b898b573fb39acc83,"{""config"":[""Y+"",""Y""],""d"":5,""p"":0.0043076923076923075}",
     22528,      1739,         0,   0.584,pymatching,692fbbe2180d82609d8fbce9fb57749ad0991e5ec55e9756191425c80faae59e,"{""config"":[""Y+"",""Y""],""d"":7,""p"":0.009653846153846153}",
     16384,         0,         0,   0.077,pymatching,ddab9fbd6b14be7b367f4624635cfd20a4481975912af552cad4351f6a7e48e2,"{""config"":[""Y+"",""Y""],""d"":7,""p"":1e-05}",
      5120,         0,         0,   0.023,pymatching,3c857fc2010553329b0c56ef74743c200a997a241ffdc1a3d6ce71eeb6f35a54,"{""config"":[""Y+"",""Y""],""d"":7,""p"":0.0001291549665014884}",
     33792,       314,         0,   0.151,pymatching,518da64528007b967ad3978374c3581953e1802654a73a1069fd7b23150eec53,"{""config"":[""Y+"",""Y""],""d"":5,""p"":0.004664102564102564}",
      4096,         0,         0,   0.019,pymatching,d4efb51de84e8753bb144bbe5cbc1e16119dd4138c3429ef067e31fd81182969,"{""config"":[""Y+"",""Y""],""d"":7,""p"":7.742636826811278e-05}",
     22528,       259,         0,   0.105,pymatching,b78d51e4f39cc3935f7278ccdeef8f922559597ffbd4f8e0507abeacc3a2c063,"{""config"":[""Y+"",""Y""],""d"":5,""p"":0.00502051282051282}",
     16384,         0,         0,   0.077,pymatching,2a9abd83c5a3d3db0eec60cc1cc5f8926ad0cda6b05841260a774163de5a5300,"{""config"":[""Y+"",""Y""],""d"":7,""p"":1.6681005372000593e-05}",
      7168,         0,         0,   0.031,pymatching,7aa90f14661fe503b169d17735323782ba47d9bacb07fb92cec4acd1e3381f76,"{""config"":[""Y+"",""Y""],""d"":7,""p"":2.782559402207126e-05}",
      7025,        57,         0,   0.042,pymatching,895f35546a52b568e46374f1d341a2badddf9bb9ff60f52b898b573fb39acc83,"{""config"":[""Y+"",""Y""],""d"":5,""p"":0.0043076923076923075}",
      6144,         0,         0,   0.029,pymatching,7e10452490fdaa8d156054ff5ef1acff444cf67cb4c136cd79857b341f9e4172,"{""config"":[""Y+"",""Y""],""d"":7,""p"":4.641588833612782e-05}",
    158872,      1366,         0,   0.643,pymatching,518da64528007b967ad3978374c3581953e1802654a73a1069fd7b23150eec53,"{""config"":[""Y+"",""Y""],""d"":5,""p"":0.004664102564102564}",
      6144,         0,         0,   0.028,pymatching,3c857fc2010553329b0c56ef74743c200a997a241ffdc1a3d6ce71eeb6f35a54,"{""config"":[""Y+"",""Y""],""d"":7,""p"":0.0001291549665014884}",
      3512,        26,         0,   0.013,pymatching,895f35546a52b568e46374f1d341a2badddf9bb9ff60f52b898b573fb39acc83,"{""config"":[""Y+"",""Y""],""d"":5,""p"":0.0043076923076923075}",
     23552,       305,         0,   0.108,pymatching,fee0796c5a42d138738f9c1fb5793d4c8d53e8541fd66dd86c4bf8e6bbf752bc,"{""config"":[""Y+"",""Y""],""d"":5,""p"":0.005376923076923077}",
      6144,         0,         0,   0.029,pymatching,d4efb51de84e8753bb144bbe5cbc1e16119dd4138c3429ef067e31fd81182969,"{""config"":[""Y+"",""Y""],""d"":7,""p"":7.742636826811278e-05}",
      1756,         8,         0,   0.010,pymatching,895f35546a52b568e46374f1d341a2badddf9bb9ff60f52b898b573fb39acc83,"{""config"":[""Y+"",""Y""],""d"":5,""p"":0.0043076923076923075}",
     23552,      1675,         0,   0.590,pymatching,896d0ea116072cbd8ad1b3fd64d7f7cc41d578256d248094baa79fb33a248f85,"{""config"":[""Y+"",""Y""],""d"":7,""p"":0.009297435897435898}",
       878,         9,         0,   0.003,pymatching,895f35546a52b568e46374f1d341a2badddf9bb9ff60f52b898b573fb39acc83,"{""config"":[""Y+"",""Y""],""d"":5,""p"":0.0043076923076923075}",
       439,         2,         0,   0.002,pymatching,895f35546a52b568e46374f1d341a2badddf9bb9ff60f52b898b573fb39acc83,"{""config"":[""Y+"",""Y""],""d"":5,""p"":0.0043076923076923075}",
       220,         1,         0,   0.001,pymatching,895f35546a52b568e46374f1d341a2badddf9bb9ff60f52b898b573fb39acc83,"{""config"":[""Y+"",""Y""],""d"":5,""p"":0.0043076923076923075}",
      9216,         0,         0,   0.040,pymatching,7aa90f14661fe503b169d17735323782ba47d9bacb07fb92cec4acd1e3381f76,"{""config"":[""Y+"",""Y""],""d"":7,""p"":2.782559402207126e-05}",
      8192,         0,         0,   0.039,pymatching,7e10452490fdaa8d156054ff5ef1acff444cf67cb4c136cd79857b341f9e4172,"{""config"":[""Y+"",""Y""],""d"":7,""p"":4.641588833612782e-05}",
       110,         0,         0,   0.001,pymatching,895f35546a52b568e46374f1d341a2badddf9bb9ff60f52b898b573fb39acc83,"{""config"":[""Y+"",""Y""],""d"":5,""p"":0.0043076923076923075}",
        55,         0,         0,   0.001,pymatching,895f35546a52b568e46374f1d341a2badddf9bb9ff60f52b898b573fb39acc83,"{""config"":[""Y+"",""Y""],""d"":5,""p"":0.0043076923076923075}",
      9216,         0,         0,   0.041,pymatching,3c857fc2010553329b0c56ef74743c200a997a241ffdc1a3d6ce71eeb6f35a54,"{""config"":[""Y+"",""Y""],""d"":7,""p"":0.0001291549665014884}",
     19456,      1721,         0,   0.585,pymatching,dcb0664cc4001cb78081fe01626212576b37f8cde256abfb344daa96584a3829,"{""config"":[""Y+"",""Y""],""d"":7,""p"":0.010010256410256409}",
        27,         0,         0,   0.000,pymatching,895f35546a52b568e46374f1d341a2badddf9bb9ff60f52b898b573fb39acc83,"{""config"":[""Y+"",""Y""],""d"":5,""p"":0.0043076923076923075}",
        14,         0,         0,   0.000,pymatching,895f35546a52b568e46374f1d341a2badddf9bb9ff60f52b898b573fb39acc83,"{""config"":[""Y+"",""Y""],""d"":5,""p"":0.0043076923076923075}",
      8192,         0,         0,   0.040,pymatching,d4efb51de84e8753bb144bbe5cbc1e16119dd4138c3429ef067e31fd81182969,"{""config"":[""Y+"",""Y""],""d"":7,""p"":7.742636826811278e-05}",
         7,         0,         0,   0.000,pymatching,895f35546a52b568e46374f1d341a2badddf9bb9ff60f52b898b573fb39acc83,"{""config"":[""Y+"",""Y""],""d"":5,""p"":0.0043076923076923075}",
         3,         0,         0,   0.000,pymatching,895f35546a52b568e46374f1d341a2badddf9bb9ff60f52b898b573fb39acc83,"{""config"":[""Y+"",""Y""],""d"":5,""p"":0.0043076923076923075}",
     21955,       204,         0,   0.096,pymatching,518da64528007b967ad3978374c3581953e1802654a73a1069fd7b23150eec53,"{""config"":[""Y+"",""Y""],""d"":5,""p"":0.004664102564102564}",
     16384,       138,         0,   0.066,pymatching,518da64528007b967ad3978374c3581953e1802654a73a1069fd7b23150eec53,"{""config"":[""Y+"",""Y""],""d"":5,""p"":0.004664102564102564}",
     22528,         0,         0,   0.105,pymatching,ddab9fbd6b14be7b367f4624635cfd20a4481975912af552cad4351f6a7e48e2,"{""config"":[""Y+"",""Y""],""d"":7,""p"":1e-05}",
         2,         0,         0,   0.000,pymatching,895f35546a52b568e46374f1d341a2badddf9bb9ff60f52b898b573fb39acc83,"{""config"":[""Y+"",""Y""],""d"":5,""p"":0.0043076923076923075}",
         1,         0,         0,   0.000,pymatching,895f35546a52b568e46374f1d341a2badddf9bb9ff60f52b898b573fb39acc83,"{""config"":[""Y+"",""Y""],""d"":5,""p"":0.0043076923076923075}",
     20480,      1950,         0,   0.582,pymatching,b3eaf657bd5e9d9ffb895c2c4ec0840a82203269223dad6c4153a6e8b0f9ba76,"{""config"":[""Y+"",""Y""],""d"":7,""p"":0.010366666666666666}",
     13312,         0,         0,   0.058,pymatching,7aa90f14661fe503b169d17735323782ba47d9bacb07fb92cec4acd1e3381f76,"{""config"":[""Y+"",""Y""],""d"":7,""p"":2.782559402207126e-05}",
     12288,         0,         0,   0.058,pymatching,7e10452490fdaa8d156054ff5ef1acff444cf67cb4c136cd79857b341f9e4172,"{""config"":[""Y+"",""Y""],""d"":7,""p"":4.641588833612782e-05}",
      2785,        20,         0,   0.013,pymatching,518da64528007b967ad3978374c3581953e1802654a73a1069fd7b23150eec53,"{""config"":[""Y+"",""Y""],""d"":5,""p"":0.004664102564102564}",
     22528,         0,         0,   0.106,pymatching,2a9abd83c5a3d3db0eec60cc1cc5f8926ad0cda6b05841260a774163de5a5300,"{""config"":[""Y+"",""Y""],""d"":7,""p"":1.6681005372000593e-05}",
      2786,        33,         0,   0.012,pymatching,518da64528007b967ad3978374c3581953e1802654a73a1069fd7b23150eec53,"{""config"":[""Y+"",""Y""],""d"":5,""p"":0.004664102564102564}",
     12288,         0,         0,   0.054,pymatching,3c857fc2010553329b0c56ef74743c200a997a241ffdc1a3d6ce71eeb6f35a54,"{""config"":[""Y+"",""Y""],""d"":7,""p"":0.0001291549665014884}",
     12288,         0,         0,   0.058,pymatching,d4efb51de84e8753bb144bbe5cbc1e16119dd4138c3429ef067e31fd81182969,"{""config"":[""Y+"",""Y""],""d"":7,""p"":7.742636826811278e-05}",
     17408,      2119,         0,   0.580,pymatching,2db770c56c1f3190629cb95dedc15d5303fe7e18d6b775647621cf9cf7c3eae5,"{""config"":[""Y+"",""Y""],""d"":7,""p"":0.01107948717948718}",
     31744,       335,         0,   0.149,pymatching,b78d51e4f39cc3935f7278ccdeef8f922559597ffbd4f8e0507abeacc3a2c063,"{""config"":[""Y+"",""Y""],""d"":5,""p"":0.00502051282051282}",
     19456,      2162,         0,   0.581,pymatching,4edb1f8cd0c10ebe04be4aac20a0477e6fcd78a9c451ad07f3ed65d69fe030ce,"{""config"":[""Y+"",""Y""],""d"":7,""p"":0.010723076923076922}",
     32768,       434,         0,   0.149,pymatching,fee0796c5a42d138738f9c1fb5793d4c8d53e8541fd66dd86c4bf8e6bbf752bc,"{""config"":[""Y+"",""Y""],""d"":5,""p"":0.005376923076923077}",
     17408,         0,         0,   0.076,pymatching,7aa90f14661fe503b169d17735323782ba47d9bacb07fb92cec4acd1e3381f76,"{""config"":[""Y+"",""Y""],""d"":7,""p"":2.782559402207126e-05}",
     16384,         0,         0,   0.077,pymatching,7e10452490fdaa8d156054ff5ef1acff444cf67cb4c136cd79857b341f9e4172,"{""config"":[""Y+"",""Y""],""d"":7,""p"":4.641588833612782e-05}",
     17408,         0,         0,   0.077,pymatching,3c857fc2010553329b0c56ef74743c200a997a241ffdc1a3d6ce71eeb6f35a54,"{""config"":[""Y+"",""Y""],""d"":7,""p"":0.0001291549665014884}",
      2321,         0,         0,   0.014,pymatching,d964ce250f510f05b10feb424012badadf776273e0f85d97054e675ebf8d58cb,"{""config"":[""Y+"",""Y""],""d"":7,""p"":0.001}",
     16384,         0,         0,   0.078,pymatching,d4efb51de84e8753bb144bbe5cbc1e16119dd4138c3429ef067e31fd81182969,"{""config"":[""Y+"",""Y""],""d"":7,""p"":7.742636826811278e-05}",
      2321,         0,         0,   0.014,pymatching,1ebf2e24f42a25fd0e80fbd92c68bca690d32a7b6f33c49e44b405cff829f70d,"{""config"":[""Y+"",""Y""],""d"":7,""p"":0.00021544346900318823}",
      2321,         0,         0,   0.014,pymatching,f1775c7e580d8f5fddb23efcaf637a9598af94daaad5195170fd5a28436ce87c,"{""config"":[""Y+"",""Y""],""d"":7,""p"":0.0005994842503189409}",
     10240,      2325,         0,   0.441,pymatching,bba58f806462f67760389f0b4686f6496d840627b09598db447cf470ca07f683,"{""config"":[""Y+"",""Y""],""d"":7,""p"":0.014287179487179487}",
      2321,         0,         0,   0.012,pymatching,7a36ae4616f1d754f42dd521d2fabf024d85329dfad51a046c6fc6d074b7b6f0,"{""config"":[""Y+"",""Y""],""d"":7,""p"":0.00035938136638046257}",
      3072,         0,         0,   0.018,pymatching,d964ce250f510f05b10feb424012badadf776273e0f85d97054e675ebf8d58cb,"{""config"":[""Y+"",""Y""],""d"":7,""p"":0.001}",
      3072,         0,         0,   0.017,pymatching,1ebf2e24f42a25fd0e80fbd92c68bca690d32a7b6f33c49e44b405cff829f70d,"{""config"":[""Y+"",""Y""],""d"":7,""p"":0.00021544346900318823}",
      3072,         0,         0,   0.017,pymatching,f1775c7e580d8f5fddb23efcaf637a9598af94daaad5195170fd5a28436ce87c,"{""config"":[""Y+"",""Y""],""d"":7,""p"":0.0005994842503189409}",
      3072,         0,         0,   0.014,pymatching,7a36ae4616f1d754f42dd521d2fabf024d85329dfad51a046c6fc6d074b7b6f0,"{""config"":[""Y+"",""Y""],""d"":7,""p"":0.00035938136638046257}",
     18432,      2469,         0,   0.593,pymatching,7051f9d3ade115442aeffc342f6e0425220537872932858310ebeec88f584fcc,"{""config"":[""Y+"",""Y""],""d"":7,""p"":0.011435897435897435}",
      4096,         0,         0,   0.023,pymatching,d964ce250f510f05b10feb424012badadf776273e0f85d97054e675ebf8d58cb,"{""config"":[""Y+"",""Y""],""d"":7,""p"":0.001}",
     16384,      2387,         0,   0.590,pymatching,bcd4bd76ebf4d05fb8d5204425b2864dfa432fff8e7a86f05c4b4d990f89c58b,"{""config"":[""Y+"",""Y""],""d"":7,""p"":0.011792307692307692}",
     31744,         0,         0,   0.148,pymatching,ddab9fbd6b14be7b367f4624635cfd20a4481975912af552cad4351f6a7e48e2,"{""config"":[""Y+"",""Y""],""d"":7,""p"":1e-05}",
      3072,         0,         0,   0.020,pymatching,1ebf2e24f42a25fd0e80fbd92c68bca690d32a7b6f33c49e44b405cff829f70d,"{""config"":[""Y+"",""Y""],""d"":7,""p"":0.00021544346900318823}",
      4096,         0,         0,   0.022,pymatching,f1775c7e580d8f5fddb23efcaf637a9598af94daaad5195170fd5a28436ce87c,"{""config"":[""Y+"",""Y""],""d"":7,""p"":0.0005994842503189409}",
      5120,         0,         0,   0.024,pymatching,7a36ae4616f1d754f42dd521d2fabf024d85329dfad51a046c6fc6d074b7b6f0,"{""config"":[""Y+"",""Y""],""d"":7,""p"":0.00035938136638046257}",
     31744,         0,         0,   0.151,pymatching,2a9abd83c5a3d3db0eec60cc1cc5f8926ad0cda6b05841260a774163de5a5300,"{""config"":[""Y+"",""Y""],""d"":7,""p"":1.6681005372000593e-05}",
      5120,         0,         0,   0.029,pymatching,d964ce250f510f05b10feb424012badadf776273e0f85d97054e675ebf8d58cb,"{""config"":[""Y+"",""Y""],""d"":7,""p"":0.001}",
      5120,         0,         0,   0.028,pymatching,1ebf2e24f42a25fd0e80fbd92c68bca690d32a7b6f33c49e44b405cff829f70d,"{""config"":[""Y+"",""Y""],""d"":7,""p"":0.00021544346900318823}",
      5120,         0,         0,   0.028,pymatching,f1775c7e580d8f5fddb23efcaf637a9598af94daaad5195170fd5a28436ce87c,"{""config"":[""Y+"",""Y""],""d"":7,""p"":0.0005994842503189409}",
     24576,         0,         0,   0.106,pymatching,7aa90f14661fe503b169d17735323782ba47d9bacb07fb92cec4acd1e3381f76,"{""config"":[""Y+"",""Y""],""d"":7,""p"":2.782559402207126e-05}",
      6144,         0,         0,   0.029,pymatching,7a36ae4616f1d754f42dd521d2fabf024d85329dfad51a046c6fc6d074b7b6f0,"{""config"":[""Y+"",""Y""],""d"":7,""p"":0.00035938136638046257}",
     22528,         0,         0,   0.106,pymatching,7e10452490fdaa8d156054ff5ef1acff444cf67cb4c136cd79857b341f9e4172,"{""config"":[""Y+"",""Y""],""d"":7,""p"":4.641588833612782e-05}",
     24576,         0,         0,   0.109,pymatching,3c857fc2010553329b0c56ef74743c200a997a241ffdc1a3d6ce71eeb6f35a54,"{""config"":[""Y+"",""Y""],""d"":7,""p"":0.0001291549665014884}",
     22528,         0,         0,   0.107,pymatching,d4efb51de84e8753bb144bbe5cbc1e16119dd4138c3429ef067e31fd81182969,"{""config"":[""Y+"",""Y""],""d"":7,""p"":7.742636826811278e-05}",
      7168,         0,         0,   0.041,pymatching,d964ce250f510f05b10feb424012badadf776273e0f85d97054e675ebf8d58cb,"{""config"":[""Y+"",""Y""],""d"":7,""p"":0.001}",
      9216,      1868,         0,   0.366,pymatching,8bf7f39c42a64f1c60b8a65ca7aba534ee1b8bef7fd4e409b5ede3877dcd5e6e,"{""config"":[""Y+"",""Y""],""d"":7,""p"":0.013574358974358974}",
      7168,         0,         0,   0.041,pymatching,1ebf2e24f42a25fd0e80fbd92c68bca690d32a7b6f33c49e44b405cff829f70d,"{""config"":[""Y+"",""Y""],""d"":7,""p"":0.00021544346900318823}",
      7168,         0,         0,   0.039,pymatching,f1775c7e580d8f5fddb23efcaf637a9598af94daaad5195170fd5a28436ce87c,"{""config"":[""Y+"",""Y""],""d"":7,""p"":0.0005994842503189409}",
      8192,         0,         0,   0.039,pymatching,7a36ae4616f1d754f42dd521d2fabf024d85329dfad51a046c6fc6d074b7b6f0,"{""config"":[""Y+"",""Y""],""d"":7,""p"":0.00035938136638046257}",
      9216,      1962,         0,   0.379,pymatching,3d96cc66ddac22e0e63b9411d11ddfec22333df8c9fd03f1e9eaa4f0a42ad006,"{""config"":[""Y+"",""Y""],""d"":7,""p"":0.01393076923076923}",
     16384,      2610,         0,   0.584,pymatching,0fb86e8d4ca16a9471ba94f3e1367e160acab1d449f74eadaa505e4f191a84e3,"{""config"":[""Y+"",""Y""],""d"":7,""p"":0.012505128205128205}",
    195584,      2631,         0,   0.969,pymatching,fee0796c5a42d138738f9c1fb5793d4c8d53e8541fd66dd86c4bf8e6bbf752bc,"{""config"":[""Y+"",""Y""],""d"":5,""p"":0.005376923076923077}",
     39936,       509,         0,   0.184,pymatching,fee0796c5a42d138738f9c1fb5793d4c8d53e8541fd66dd86c4bf8e6bbf752bc,"{""config"":[""Y+"",""Y""],""d"":5,""p"":0.005376923076923077}",
      9216,      2233,         0,   0.445,pymatching,3078ddd383234d54fae2ee67ddd79dc9c7f48eaf8a4580eac002e5a84f834ff8,"{""config"":[""Y+"",""Y""],""d"":7,""p"":0.014643589743589744}",
     44032,       494,         0,   0.207,pymatching,b78d51e4f39cc3935f7278ccdeef8f922559597ffbd4f8e0507abeacc3a2c063,"{""config"":[""Y+"",""Y""],""d"":5,""p"":0.00502051282051282}",
     11264,      2202,         0,   0.440,pymatching,023b09aaa362515845bd5f34349756e03b1215c366cec65af9a1f02bb14e018e,"{""config"":[""Y+"",""Y""],""d"":7,""p"":0.013217948717948718}",
     99328,        44,         0,   0.796,pymatching,2c493731402f69a8580bdf5b58ad0e0c3f1b910fd2a23dc0feafd13baa269d2c,"{""config"":[""Y+"",""Y""],""d"":7,""p"":0.0025256410256410257}",
     10240,         0,         0,   0.058,pymatching,d964ce250f510f05b10feb424012badadf776273e0f85d97054e675ebf8d58cb,"{""config"":[""Y+"",""Y""],""d"":7,""p"":0.001}",
     10240,         0,         0,   0.055,pymatching,1ebf2e24f42a25fd0e80fbd92c68bca690d32a7b6f33c49e44b405cff829f70d,"{""config"":[""Y+"",""Y""],""d"":7,""p"":0.00021544346900318823}",
     14336,      2593,         0,   0.582,pymatching,3f004f4fc9855988b82031e7cc363d34ddc9c300a9ee96a11d442754e3d865ac,"{""config"":[""Y+"",""Y""],""d"":7,""p"":0.012861538461538462}",
    204440,      2223,         0,   0.988,pymatching,b78d51e4f39cc3935f7278ccdeef8f922559597ffbd4f8e0507abeacc3a2c063,"{""config"":[""Y+"",""Y""],""d"":5,""p"":0.00502051282051282}",
     10240,         0,         0,   0.057,pymatching,f1775c7e580d8f5fddb23efcaf637a9598af94daaad5195170fd5a28436ce87c,"{""config"":[""Y+"",""Y""],""d"":7,""p"":0.0005994842503189409}",
     12288,         0,         0,   0.058,pymatching,7a36ae4616f1d754f42dd521d2fabf024d85329dfad51a046c6fc6d074b7b6f0,"{""config"":[""Y+"",""Y""],""d"":7,""p"":0.00035938136638046257}",
      6144,        77,         0,   0.029,pymatching,b78d51e4f39cc3935f7278ccdeef8f922559597ffbd4f8e0507abeacc3a2c063,"{""config"":[""Y+"",""Y""],""d"":5,""p"":0.00502051282051282}",
      2321,         0,         0,   0.015,pymatching,e34529a27c2f8d5d8bc8d8e2e799cf1fb09be2666f89b6597da07e402b93b3a8,"{""config"":[""Y+"",""Y""],""d"":7,""p"":0.0011}",
     16384,      2488,         0,   0.569,pymatching,212ce2de3cdfeff2fe02c837775f496c1865ef53a3fb19867996d6a8e4ff1df4,"{""config"":[""Y+"",""Y""],""d"":7,""p"":0.012148717948717948}",
      9216,      2317,         0,   0.423,pymatching,e0a90f171c38eaae8079e45954c9ed38e9e17f58fa112cfac437d97c537c7c5d,"{""config"":[""Y+"",""Y""],""d"":7,""p"":0.014999999999999998}",
     92160,        72,         0,   0.793,pymatching,c29daf484c9d432db8f543665f6277eae8f75a9a750a6f2b46c8830e5bd84bae,"{""config"":[""Y+"",""Y""],""d"":7,""p"":0.0028820512820512817}",
     86016,       109,         0,   0.796,pymatching,55e2052820d1a12ecd22092c6f5ca6c76ccd51891eb64142fab7e2d43f17862d,"{""config"":[""Y+"",""Y""],""d"":7,""p"":0.003238461538461538}",
      3072,         0,         0,   0.018,pymatching,e34529a27c2f8d5d8bc8d8e2e799cf1fb09be2666f89b6597da07e402b93b3a8,"{""config"":[""Y+"",""Y""],""d"":7,""p"":0.0011}",
     79872,       126,         0,   0.800,pymatching,5bc48b83ec852cb30e501e5b0905235215d5d2acb38422d1ae9a4692a1dddcd3,"{""config"":[""Y+"",""Y""],""d"":7,""p"":0.0035948717948717946}",
     33792,         0,         0,   0.148,pymatching,7aa90f14661fe503b169d17735323782ba47d9bacb07fb92cec4acd1e3381f76,"{""config"":[""Y+"",""Y""],""d"":7,""p"":2.782559402207126e-05}",
      2321,         0,         0,   0.016,pymatching,0593b8800785d13d9a221cb2b81f5e7a731d05e015e3de03874f28a07d88f3ef,"{""config"":[""Y+"",""Y""],""d"":7,""p"":0.0014564102564102565}",
      1297,         0,         0,   0.010,pymatching,c5ca751aaccb112b2fc6f3e9a5b735918ad7833ac3069ee1270362dfaa2d7cfd,"{""config"":[""Y+"",""Y""],""d"":7,""p"":0.0018128205128205128}",
     31744,         0,         0,   0.151,pymatching,7e10452490fdaa8d156054ff5ef1acff444cf67cb4c136cd79857b341f9e4172,"{""config"":[""Y+"",""Y""],""d"":7,""p"":4.641588833612782e-05}",
      4096,         0,         0,   0.024,pymatching,e34529a27c2f8d5d8bc8d8e2e799cf1fb09be2666f89b6597da07e402b93b3a8,"{""config"":[""Y+"",""Y""],""d"":7,""p"":0.0011}",
     13312,         0,         0,   0.075,pymatching,d964ce250f510f05b10feb424012badadf776273e0f85d97054e675ebf8d58cb,"{""config"":[""Y+"",""Y""],""d"":7,""p"":0.001}",
     15360,         0,         0,   0.076,pymatching,1ebf2e24f42a25fd0e80fbd92c68bca690d32a7b6f33c49e44b405cff829f70d,"{""config"":[""Y+"",""Y""],""d"":7,""p"":0.00021544346900318823}",
     33792,         0,         0,   0.151,pymatching,3c857fc2010553329b0c56ef74743c200a997a241ffdc1a3d6ce71eeb6f35a54,"{""config"":[""Y+"",""Y""],""d"":7,""p"":0.0001291549665014884}",
     44032,         0,         0,   0.207,pymatching,ddab9fbd6b14be7b367f4624635cfd20a4481975912af552cad4351f6a7e48e2,"{""config"":[""Y+"",""Y""],""d"":7,""p"":1e-05}",
      1297,         0,         0,   0.013,pymatching,2c493731402f69a8580bdf5b58ad0e0c3f1b910fd2a23dc0feafd13baa269d2c,"{""config"":[""Y+"",""Y""],""d"":7,""p"":0.0025256410256410257}",
      2048,       351,         0,   0.084,pymatching,3f004f4fc9855988b82031e7cc363d34ddc9c300a9ee96a11d442754e3d865ac,"{""config"":[""Y+"",""Y""],""d"":7,""p"":0.012861538461538462}",
      1297,         0,         0,   0.015,pymatching,b9c5ccfc1e3322d1df5fefe43bfc5cdf09fb6f8e87b1867c2b3d7adb9d9a40bd,"{""config"":[""Y+"",""Y""],""d"":7,""p"":0.002169230769230769}",
     30720,         0,         0,   0.147,pymatching,d4efb51de84e8753bb144bbe5cbc1e16119dd4138c3429ef067e31fd81182969,"{""config"":[""Y+"",""Y""],""d"":7,""p"":7.742636826811278e-05}",
      3072,         1,         0,   0.019,pymatching,0593b8800785d13d9a221cb2b81f5e7a731d05e015e3de03874f28a07d88f3ef,"{""config"":[""Y+"",""Y""],""d"":7,""p"":0.0014564102564102565}",
     14336,         0,         0,   0.080,pymatching,f1775c7e580d8f5fddb23efcaf637a9598af94daaad5195170fd5a28436ce87c,"{""config"":[""Y+"",""Y""],""d"":7,""p"":0.0005994842503189409}",
      3072,         0,         0,   0.021,pymatching,c5ca751aaccb112b2fc6f3e9a5b735918ad7833ac3069ee1270362dfaa2d7cfd,"{""config"":[""Y+"",""Y""],""d"":7,""p"":0.0018128205128205128}",
      1297,         0,         0,   0.013,pymatching,c29daf484c9d432db8f543665f6277eae8f75a9a750a6f2b46c8830e5bd84bae,"{""config"":[""Y+"",""Y""],""d"":7,""p"":0.0028820512820512817}",
     16384,         0,         0,   0.078,pymatching,7a36ae4616f1d754f42dd521d2fabf024d85329dfad51a046c6fc6d074b7b6f0,"{""config"":[""Y+"",""Y""],""d"":7,""p"":0.00035938136638046257}",
     68608,       187,         0,   0.797,pymatching,583761c35c6053557a126e62d723dad6630bce6cb9ef4b9b16e28bcd435dfb36,"{""config"":[""Y+"",""Y""],""d"":7,""p"":0.003951282051282051}",
     63488,       244,         0,   0.793,pymatching,72809015876d1f9b8ff5ff89d3ce2a1c29e73672373efd2eb3e8fd9cda3edd02,"{""config"":[""Y+"",""Y""],""d"":7,""p"":0.0043076923076923075}",
      2048,         0,         0,   0.018,pymatching,2c493731402f69a8580bdf5b58ad0e0c3f1b910fd2a23dc0feafd13baa269d2c,"{""config"":[""Y+"",""Y""],""d"":7,""p"":0.0025256410256410257}",
     43008,         0,         0,   0.207,pymatching,2a9abd83c5a3d3db0eec60cc1cc5f8926ad0cda6b05841260a774163de5a5300,"{""config"":[""Y+"",""Y""],""d"":7,""p"":1.6681005372000593e-05}",
      2048,         0,         0,   0.016,pymatching,b9c5ccfc1e3322d1df5fefe43bfc5cdf09fb6f8e87b1867c2b3d7adb9d9a40bd,"{""config"":[""Y+"",""Y""],""d"":7,""p"":0.002169230769230769}",
      5120,         0,         0,   0.029,pymatching,e34529a27c2f8d5d8bc8d8e2e799cf1fb09be2666f89b6597da07e402b93b3a8,"{""config"":[""Y+"",""Y""],""d"":7,""p"":0.0011}",
      6144,      1357,         0,   0.262,pymatching,bba58f806462f67760389f0b4686f6496d840627b09598db447cf470ca07f683,"{""config"":[""Y+"",""Y""],""d"":7,""p"":0.014287179487179487}",
      1297,         3,         0,   0.015,pymatching,55e2052820d1a12ecd22092c6f5ca6c76ccd51891eb64142fab7e2d43f17862d,"{""config"":[""Y+"",""Y""],""d"":7,""p"":0.003238461538461538}",
      2048,         1,         0,   0.018,pymatching,c29daf484c9d432db8f543665f6277eae8f75a9a750a6f2b46c8830e5bd84bae,"{""config"":[""Y+"",""Y""],""d"":7,""p"":0.0028820512820512817}",
     65536,       336,         0,   0.792,pymatching,aa429589a3348e00898eb2b9a5a5dbd4f3b518fd65dc69aeba43d82ded161f49,"{""config"":[""Y+"",""Y""],""d"":7,""p"":0.004664102564102564}",
      1297,         2,         0,   0.016,pymatching,5bc48b83ec852cb30e501e5b0905235215d5d2acb38422d1ae9a4692a1dddcd3,"{""config"":[""Y+"",""Y""],""d"":7,""p"":0.0035948717948717946}",
      3072,         0,         0,   0.021,pymatching,c5ca751aaccb112b2fc6f3e9a5b735918ad7833ac3069ee1270362dfaa2d7cfd,"{""config"":[""Y+"",""Y""],""d"":7,""p"":0.0018128205128205128}",
      4096,         1,         0,   0.026,pymatching,0593b8800785d13d9a221cb2b81f5e7a731d05e015e3de03874f28a07d88f3ef,"{""config"":[""Y+"",""Y""],""d"":7,""p"":0.0014564102564102565}",
      3072,         1,         0,   0.023,pymatching,b9c5ccfc1e3322d1df5fefe43bfc5cdf09fb6f8e87b1867c2b3d7adb9d9a40bd,"{""config"":[""Y+"",""Y""],""d"":7,""p"":0.002169230769230769}",
      3072,         5,         0,   0.027,pymatching,2c493731402f69a8580bdf5b58ad0e0c3f1b910fd2a23dc0feafd13baa269d2c,"{""config"":[""Y+"",""Y""],""d"":7,""p"":0.0025256410256410257}",
      2048,         0,         0,   0.020,pymatching,55e2052820d1a12ecd22092c6f5ca6c76ccd51891eb64142fab7e2d43f17862d,"{""config"":[""Y+"",""Y""],""d"":7,""p"":0.003238461538461538}",
    206488,         0,         0,   0.976,pymatching,ddab9fbd6b14be7b367f4624635cfd20a4481975912af552cad4351f6a7e48e2,"{""config"":[""Y+"",""Y""],""d"":7,""p"":1e-05}",
      2048,         2,         0,   0.022,pymatching,5bc48b83ec852cb30e501e5b0905235215d5d2acb38422d1ae9a4692a1dddcd3,"{""config"":[""Y+"",""Y""],""d"":7,""p"":0.0035948717948717946}",
      3072,         1,         0,   0.027,pymatching,c29daf484c9d432db8f543665f6277eae8f75a9a750a6f2b46c8830e5bd84bae,"{""config"":[""Y+"",""Y""],""d"":7,""p"":0.0028820512820512817}",
      4096,         2,         0,   0.028,pymatching,c5ca751aaccb112b2fc6f3e9a5b735918ad7833ac3069ee1270362dfaa2d7cfd,"{""config"":[""Y+"",""Y""],""d"":7,""p"":0.0018128205128205128}",
     56320,       417,         0,   0.797,pymatching,8b3bc9bef2aea071ed74476e1e9f2dd5a1c3bf81e58b8bf69df925b82d1ba7a4,"{""config"":[""Y+"",""Y""],""d"":7,""p"":0.00502051282051282}",
     57344,       512,         0,   0.795,pymatching,44778f417ddefc9165e91ad4a5805c24dc79bdc9782a224c5d308d339d9e8097,"{""config"":[""Y+"",""Y""],""d"":7,""p"":0.005376923076923077}",
      3072,       483,         0,   0.107,pymatching,212ce2de3cdfeff2fe02c837775f496c1865ef53a3fb19867996d6a8e4ff1df4,"{""config"":[""Y+"",""Y""],""d"":7,""p"":0.012148717948717948}",
      5120,         1,         0,   0.031,pymatching,0593b8800785d13d9a221cb2b81f5e7a731d05e015e3de03874f28a07d88f3ef,"{""config"":[""Y+"",""Y""],""d"":7,""p"":0.0014564102564102565}",
      7168,         0,         0,   0.041,pymatching,e34529a27c2f8d5d8bc8d8e2e799cf1fb09be2666f89b6597da07e402b93b3a8,"{""config"":[""Y+"",""Y""],""d"":7,""p"":0.0011}",
      2048,         3,         0,   0.021,pymatching,55e2052820d1a12ecd22092c6f5ca6c76ccd51891eb64142fab7e2d43f17862d,"{""config"":[""Y+"",""Y""],""d"":7,""p"":0.003238461538461538}",
     50176,       570,         0,   0.799,pymatching,1ded2928a119f1b6c0eb82651ab130497369e0a99313696e9ddd7d3d79cb15d2,"{""config"":[""Y+"",""Y""],""d"":7,""p"":0.005733333333333333}",
    205976,         0,         0,   0.968,pymatching,2a9abd83c5a3d3db0eec60cc1cc5f8926ad0cda6b05841260a774163de5a5300,"{""config"":[""Y+"",""Y""],""d"":7,""p"":1.6681005372000593e-05}",
      2048,         2,         0,   0.022,pymatching,5bc48b83ec852cb30e501e5b0905235215d5d2acb38422d1ae9a4692a1dddcd3,"{""config"":[""Y+"",""Y""],""d"":7,""p"":0.0035948717948717946}",
      4096,         1,         0,   0.031,pymatching,b9c5ccfc1e3322d1df5fefe43bfc5cdf09fb6f8e87b1867c2b3d7adb9d9a40bd,"{""config"":[""Y+"",""Y""],""d"":7,""p"":0.002169230769230769}",
      9216,      1195,         0,   0.293,pymatching,7051f9d3ade115442aeffc342f6e0425220537872932858310ebeec88f584fcc,"{""config"":[""Y+"",""Y""],""d"":7,""p"":0.011435897435897435}",
      4096,         5,         0,   0.036,pymatching,2c493731402f69a8580bdf5b58ad0e0c3f1b910fd2a23dc0feafd13baa269d2c,"{""config"":[""Y+"",""Y""],""d"":7,""p"":0.0025256410256410257}",
      4096,         3,         0,   0.035,pymatching,c29daf484c9d432db8f543665f6277eae8f75a9a750a6f2b46c8830e5bd84bae,"{""config"":[""Y+"",""Y""],""d"":7,""p"":0.0028820512820512817}",
      6144,         1,         0,   0.042,pymatching,c5ca751aaccb112b2fc6f3e9a5b735918ad7833ac3069ee1270362dfaa2d7cfd,"{""config"":[""Y+"",""Y""],""d"":7,""p"":0.0018128205128205128}",
      3072,         1,         0,   0.031,pymatching,55e2052820d1a12ecd22092c6f5ca6c76ccd51891eb64142fab7e2d43f17862d,"{""config"":[""Y+"",""Y""],""d"":7,""p"":0.003238461538461538}",
     47104,       700,         0,   0.794,pymatching,6492a75cf2d32538edb01866f3ae5f7d4206754a4e3c1ab604f05e688906edd5,"{""config"":[""Y+"",""Y""],""d"":7,""p"":0.00608974358974359}",
     21504,         0,         0,   0.106,pymatching,1ebf2e24f42a25fd0e80fbd92c68bca690d32a7b6f33c49e44b405cff829f70d,"{""config"":[""Y+"",""Y""],""d"":7,""p"":0.00021544346900318823}",
     19456,         0,         0,   0.110,pymatching,d964ce250f510f05b10feb424012badadf776273e0f85d97054e675ebf8d58cb,"{""config"":[""Y+"",""Y""],""d"":7,""p"":0.001}",
      3072,        12,         0,   0.033,pymatching,5bc48b83ec852cb30e501e5b0905235215d5d2acb38422d1ae9a4692a1dddcd3,"{""config"":[""Y+"",""Y""],""d"":7,""p"":0.0035948717948717946}",
      7168,         0,         0,   0.044,pymatching,0593b8800785d13d9a221cb2b81f5e7a731d05e015e3de03874f28a07d88f3ef,"{""config"":[""Y+"",""Y""],""d"":7,""p"":0.0014564102564102565}",
     45056,       841,         0,   0.806,pymatching,4451bbcae661709660b35391e8a3084afaa63de0e908cd1bd0670e791ea954b6,"{""config"":[""Y+"",""Y""],""d"":7,""p"":0.006446153846153846}",
    205976,         0,         0,   0.971,pymatching,7aa90f14661fe503b169d17735323782ba47d9bacb07fb92cec4acd1e3381f76,"{""config"":[""Y+"",""Y""],""d"":7,""p"":2.782559402207126e-05}",
     19456,         0,         0,   0.107,pymatching,f1775c7e580d8f5fddb23efcaf637a9598af94daaad5195170fd5a28436ce87c,"{""config"":[""Y+"",""Y""],""d"":7,""p"":0.0005994842503189409}",
      5120,         1,         0,   0.039,pymatching,b9c5ccfc1e3322d1df5fefe43bfc5cdf09fb6f8e87b1867c2b3d7adb9d9a40bd,"{""config"":[""Y+"",""Y""],""d"":7,""p"":0.002169230769230769}",
      1297,         5,         0,   0.017,pymatching,583761c35c6053557a126e62d723dad6630bce6cb9ef4b9b16e28bcd435dfb36,"{""config"":[""Y+"",""Y""],""d"":7,""p"":0.003951282051282051}",
      1297,         6,         0,   0.017,pymatching,72809015876d1f9b8ff5ff89d3ce2a1c29e73672373efd2eb3e8fd9cda3edd02,"{""config"":[""Y+"",""Y""],""d"":7,""p"":0.0043076923076923075}",
     22528,         0,         0,   0.107,pymatching,7a36ae4616f1d754f42dd521d2fabf024d85329dfad51a046c6fc6d074b7b6f0,"{""config"":[""Y+"",""Y""],""d"":7,""p"":0.00035938136638046257}",
     10240,         0,         0,   0.058,pymatching,e34529a27c2f8d5d8bc8d8e2e799cf1fb09be2666f89b6597da07e402b93b3a8,"{""config"":[""Y+"",""Y""],""d"":7,""p"":0.0011}",
    207512,         0,         0,   0.979,pymatching,7e10452490fdaa8d156054ff5ef1acff444cf67cb4c136cd79857b341f9e4172,"{""config"":[""Y+"",""Y""],""d"":7,""p"":4.641588833612782e-05}",
      5120,         0,         0,   0.046,pymatching,2c493731402f69a8580bdf5b58ad0e0c3f1b910fd2a23dc0feafd13baa269d2c,"{""config"":[""Y+"",""Y""],""d"":7,""p"":0.0025256410256410257}",
    211608,         0,         0,    1.01,pymatching,d4efb51de84e8753bb144bbe5cbc1e16119dd4138c3429ef067e31fd81182969,"{""config"":[""Y+"",""Y""],""d"":7,""p"":7.742636826811278e-05}",
     27843,         0,         0,   0.131,pymatching,ddab9fbd6b14be7b367f4624635cfd20a4481975912af552cad4351f6a7e48e2,"{""config"":[""Y+"",""Y""],""d"":7,""p"":1e-05}",
     15360,         0,         0,   0.073,pymatching,ddab9fbd6b14be7b367f4624635cfd20a4481975912af552cad4351f6a7e48e2,"{""config"":[""Y+"",""Y""],""d"":7,""p"":1e-05}",
      5120,         4,         0,   0.044,pymatching,c29daf484c9d432db8f543665f6277eae8f75a9a750a6f2b46c8830e5bd84bae,"{""config"":[""Y+"",""Y""],""d"":7,""p"":0.0028820512820512817}",
      2048,         8,         0,   0.024,pymatching,583761c35c6053557a126e62d723dad6630bce6cb9ef4b9b16e28bcd435dfb36,"{""config"":[""Y+"",""Y""],""d"":7,""p"":0.003951282051282051}",
      2048,         6,         0,   0.024,pymatching,72809015876d1f9b8ff5ff89d3ce2a1c29e73672373efd2eb3e8fd9cda3edd02,"{""config"":[""Y+"",""Y""],""d"":7,""p"":0.0043076923076923075}",
      4096,         3,         0,   0.041,pymatching,55e2052820d1a12ecd22092c6f5ca6c76ccd51891eb64142fab7e2d43f17862d,"{""config"":[""Y+"",""Y""],""d"":7,""p"":0.003238461538461538}",
      4096,      1005,         0,   0.189,pymatching,e0a90f171c38eaae8079e45954c9ed38e9e17f58fa112cfac437d97c537c7c5d,"{""config"":[""Y+"",""Y""],""d"":7,""p"":0.014999999999999998}",
      4096,         6,         0,   0.044,pymatching,5bc48b83ec852cb30e501e5b0905235215d5d2acb38422d1ae9a4692a1dddcd3,"{""config"":[""Y+"",""Y""],""d"":7,""p"":0.0035948717948717946}",
     27587,         0,         0,   0.131,pymatching,2a9abd83c5a3d3db0eec60cc1cc5f8926ad0cda6b05841260a774163de5a5300,"{""config"":[""Y+"",""Y""],""d"":7,""p"":1.6681005372000593e-05}",
    212632,         0,         0,    1.02,pymatching,3c857fc2010553329b0c56ef74743c200a997a241ffdc1a3d6ce71eeb6f35a54,"{""config"":[""Y+"",""Y""],""d"":7,""p"":0.0001291549665014884}",
      1297,         9,         0,   0.017,pymatching,aa429589a3348e00898eb2b9a5a5dbd4f3b518fd65dc69aeba43d82ded161f49,"{""config"":[""Y+"",""Y""],""d"":7,""p"":0.004664102564102564}",
     15360,         0,         0,   0.072,pymatching,2a9abd83c5a3d3db0eec60cc1cc5f8926ad0cda6b05841260a774163de5a5300,"{""config"":[""Y+"",""Y""],""d"":7,""p"":1.6681005372000593e-05}",
      8192,         0,         0,   0.056,pymatching,c5ca751aaccb112b2fc6f3e9a5b735918ad7833ac3069ee1270362dfaa2d7cfd,"{""config"":[""Y+"",""Y""],""d"":7,""p"":0.0018128205128205128}",
      2048,        10,         0,   0.024,pymatching,583761c35c6053557a126e62d723dad6630bce6cb9ef4b9b16e28bcd435dfb36,"{""config"":[""Y+"",""Y""],""d"":7,""p"":0.003951282051282051}",
      2048,        12,         0,   0.023,pymatching,72809015876d1f9b8ff5ff89d3ce2a1c29e73672373efd2eb3e8fd9cda3edd02,"{""config"":[""Y+"",""Y""],""d"":7,""p"":0.0043076923076923075}",
      9216,         0,         0,   0.058,pymatching,0593b8800785d13d9a221cb2b81f5e7a731d05e015e3de03874f28a07d88f3ef,"{""config"":[""Y+"",""Y""],""d"":7,""p"":0.0014564102564102565}",
      7168,         0,         0,   0.056,pymatching,b9c5ccfc1e3322d1df5fefe43bfc5cdf09fb6f8e87b1867c2b3d7adb9d9a40bd,"{""config"":[""Y+"",""Y""],""d"":7,""p"":0.002169230769230769}",
      6241,         0,         0,   0.029,pymatching,ddab9fbd6b14be7b367f4624635cfd20a4481975912af552cad4351f6a7e48e2,"{""config"":[""Y+"",""Y""],""d"":7,""p"":1e-05}",
      6144,         0,         0,   0.029,pymatching,ddab9fbd6b14be7b367f4624635cfd20a4481975912af552cad4351f6a7e48e2,"{""config"":[""Y+"",""Y""],""d"":7,""p"":1e-05}",
     39936,      1085,         0,   0.801,pymatching,ca26f21bc502402c28ed97c7f7c1d1b62a602b71eacb2a467149bdaa2f5d945c,"{""config"":[""Y+"",""Y""],""d"":7,""p"":0.007158974358974359}",
      1297,        13,         0,   0.019,pymatching,8b3bc9bef2aea071ed74476e1e9f2dd5a1c3bf81e58b8bf69df925b82d1ba7a4,"{""config"":[""Y+"",""Y""],""d"":7,""p"":0.00502051282051282}",
     44483,         0,         0,   0.193,pymatching,7aa90f14661fe503b169d17735323782ba47d9bacb07fb92cec4acd1e3381f76,"{""config"":[""Y+"",""Y""],""d"":7,""p"":2.782559402207126e-05}",
      2048,         9,         0,   0.025,pymatching,aa429589a3348e00898eb2b9a5a5dbd4f3b518fd65dc69aeba43d82ded161f49,"{""config"":[""Y+"",""Y""],""d"":7,""p"":0.004664102564102564}",
     41984,       928,         0,   0.797,pymatching,54953947f3feebc7119bbdb3c90e47f38134f73533f9669982539c57c3f68cca,"{""config"":[""Y+"",""Y""],""d"":7,""p"":0.006802564102564103}",
        49,         0,         0,   0.000,pymatching,ddab9fbd6b14be7b367f4624635cfd20a4481975912af552cad4351f6a7e48e2,"{""config"":[""Y+"",""Y""],""d"":7,""p"":1e-05}",
        49,         0,         0,   0.000,pymatching,ddab9fbd6b14be7b367f4624635cfd20a4481975912af552cad4351f6a7e48e2,"{""config"":[""Y+"",""Y""],""d"":7,""p"":1e-05}",
      7168,         5,         0,   0.062,pymatching,2c493731402f69a8580bdf5b58ad0e0c3f1b910fd2a23dc0feafd13baa269d2c,"{""config"":[""Y+"",""Y""],""d"":7,""p"":0.0025256410256410257}",
      6113,         0,         0,   0.030,pymatching,2a9abd83c5a3d3db0eec60cc1cc5f8926ad0cda6b05841260a774163de5a5300,"{""config"":[""Y+"",""Y""],""d"":7,""p"":1.6681005372000593e-05}",
      6114,         0,         0,   0.029,pymatching,2a9abd83c5a3d3db0eec60cc1cc5f8926ad0cda6b05841260a774163de5a5300,"{""config"":[""Y+"",""Y""],""d"":7,""p"":1.6681005372000593e-05}",
     37888,      1230,         0,   0.802,pymatching,82faf2022754eeaba2fa4ad6f0b446cd059fab8b1026aa30f38d63e60ddb0a0f,"{""config"":[""Y+"",""Y""],""d"":7,""p"":0.007515384615384615}",
      7168,         3,         0,   0.061,pymatching,c29daf484c9d432db8f543665f6277eae8f75a9a750a6f2b46c8830e5bd84bae,"{""config"":[""Y+"",""Y""],""d"":7,""p"":0.0028820512820512817}",
     13312,         0,         0,   0.077,pymatching,e34529a27c2f8d5d8bc8d8e2e799cf1fb09be2666f89b6597da07e402b93b3a8,"{""config"":[""Y+"",""Y""],""d"":7,""p"":0.0011}",
      3072,        13,         0,   0.035,pymatching,72809015876d1f9b8ff5ff89d3ce2a1c29e73672373efd2eb3e8fd9cda3edd02,"{""config"":[""Y+"",""Y""],""d"":7,""p"":0.0043076923076923075}",
      3072,        13,         0,   0.037,pymatching,583761c35c6053557a126e62d723dad6630bce6cb9ef4b9b16e28bcd435dfb36,"{""config"":[""Y+"",""Y""],""d"":7,""p"":0.003951282051282051}",
     44032,         0,         0,   0.208,pymatching,7e10452490fdaa8d156054ff5ef1acff444cf67cb4c136cd79857b341f9e4172,"{""config"":[""Y+"",""Y""],""d"":7,""p"":4.641588833612782e-05}",
      2048,        12,         0,   0.025,pymatching,aa429589a3348e00898eb2b9a5a5dbd4f3b518fd65dc69aeba43d82ded161f49,"{""config"":[""Y+"",""Y""],""d"":7,""p"":0.004664102564102564}",
      6144,         7,         0,   0.062,pymatching,55e2052820d1a12ecd22092c6f5ca6c76ccd51891eb64142fab7e2d43f17862d,"{""config"":[""Y+"",""Y""],""d"":7,""p"":0.003238461538461538}",
      2048,        21,         0,   0.027,pymatching,8b3bc9bef2aea071ed74476e1e9f2dd5a1c3bf81e58b8bf69df925b82d1ba7a4,"{""config"":[""Y+"",""Y""],""d"":7,""p"":0.00502051282051282}",
     46080,         0,         0,   0.207,pymatching,3c857fc2010553329b0c56ef74743c200a997a241ffdc1a3d6ce71eeb6f35a54,"{""config"":[""Y+"",""Y""],""d"":7,""p"":0.0001291549665014884}",
      5120,         8,         0,   0.056,pymatching,5bc48b83ec852cb30e501e5b0905235215d5d2acb38422d1ae9a4692a1dddcd3,"{""config"":[""Y+"",""Y""],""d"":7,""p"":0.0035948717948717946}",
     44032,         0,         0,   0.210,pymatching,d4efb51de84e8753bb144bbe5cbc1e16119dd4138c3429ef067e31fd81182969,"{""config"":[""Y+"",""Y""],""d"":7,""p"":7.742636826811278e-05}",
    220824,         0,         0,    1.09,pymatching,1ebf2e24f42a25fd0e80fbd92c68bca690d32a7b6f33c49e44b405cff829f70d,"{""config"":[""Y+"",""Y""],""d"":7,""p"":0.00021544346900318823}",
      2755,         0,         0,   0.012,pymatching,3c857fc2010553329b0c56ef74743c200a997a241ffdc1a3d6ce71eeb6f35a54,"{""config"":[""Y+"",""Y""],""d"":7,""p"":0.0001291549665014884}",
     22242,         0,         0,   0.104,pymatching,7aa90f14661fe503b169d17735323782ba47d9bacb07fb92cec4acd1e3381f76,"{""config"":[""Y+"",""Y""],""d"":7,""p"":2.782559402207126e-05}",
      2048,        12,         0,   0.026,pymatching,8b3bc9bef2aea071ed74476e1e9f2dd5a1c3bf81e58b8bf69df925b82d1ba7a4,"{""config"":[""Y+"",""Y""],""d"":7,""p"":0.00502051282051282}",
      6339,         0,         0,   0.030,pymatching,7e10452490fdaa8d156054ff5ef1acff444cf67cb4c136cd79857b341f9e4172,"{""config"":[""Y+"",""Y""],""d"":7,""p"":4.641588833612782e-05}",
     11264,         3,         0,   0.077,pymatching,c5ca751aaccb112b2fc6f3e9a5b735918ad7833ac3069ee1270362dfaa2d7cfd,"{""config"":[""Y+"",""Y""],""d"":7,""p"":0.0018128205128205128}",
     11121,         0,         0,   0.049,pymatching,7aa90f14661fe503b169d17735323782ba47d9bacb07fb92cec4acd1e3381f76,"{""config"":[""Y+"",""Y""],""d"":7,""p"":2.782559402207126e-05}",
     12288,      1809,         0,   0.446,pymatching,bcd4bd76ebf4d05fb8d5204425b2864dfa432fff8e7a86f05c4b4d990f89c58b,"{""config"":[""Y+"",""Y""],""d"":7,""p"":0.011792307692307692}",
      1297,        12,         0,   0.020,pymatching,44778f417ddefc9165e91ad4a5805c24dc79bdc9782a224c5d308d339d9e8097,"{""config"":[""Y+"",""Y""],""d"":7,""p"":0.005376923076923077}",
      3072,        18,         0,   0.037,pymatching,aa429589a3348e00898eb2b9a5a5dbd4f3b518fd65dc69aeba43d82ded161f49,"{""config"":[""Y+"",""Y""],""d"":7,""p"":0.004664102564102564}",
     12288,         1,         0,   0.078,pymatching,0593b8800785d13d9a221cb2b81f5e7a731d05e015e3de03874f28a07d88f3ef,"{""config"":[""Y+"",""Y""],""d"":7,""p"":0.0014564102564102565}",
      4096,        16,         0,   0.046,pymatching,72809015876d1f9b8ff5ff89d3ce2a1c29e73672373efd2eb3e8fd9cda3edd02,"{""config"":[""Y+"",""Y""],""d"":7,""p"":0.0043076923076923075}",
     10240,         0,         0,   0.076,pymatching,b9c5ccfc1e3322d1df5fefe43bfc5cdf09fb6f8e87b1867c2b3d7adb9d9a40bd,"{""config"":[""Y+"",""Y""],""d"":7,""p"":0.002169230769230769}",
      4096,        11,         0,   0.048,pymatching,583761c35c6053557a126e62d723dad6630bce6cb9ef4b9b16e28bcd435dfb36,"{""config"":[""Y+"",""Y""],""d"":7,""p"":0.003951282051282051}",
     29696,         0,         0,   0.147,pymatching,1ebf2e24f42a25fd0e80fbd92c68bca690d32a7b6f33c49e44b405cff829f70d,"{""config"":[""Y+"",""Y""],""d"":7,""p"":0.00021544346900318823}",
      1024,        12,         0,   0.014,pymatching,44778f417ddefc9165e91ad4a5805c24dc79bdc9782a224c5d308d339d9e8097,"{""config"":[""Y+"",""Y""],""d"":7,""p"":0.005376923076923077}",
     26624,         1,         0,   0.150,pymatching,d964ce250f510f05b10feb424012badadf776273e0f85d97054e675ebf8d58cb,"{""config"":[""Y+"",""Y""],""d"":7,""p"":0.001}",
      7168,      1735,         0,   0.350,pymatching,3078ddd383234d54fae2ee67ddd79dc9c7f48eaf8a4580eac002e5a84f834ff8,"{""config"":[""Y+"",""Y""],""d"":7,""p"":0.014643589743589744}",
    214016,         0,         0,    1.11,pymatching,7a36ae4616f1d754f42dd521d2fabf024d85329dfad51a046c6fc6d074b7b6f0,"{""config"":[""Y+"",""Y""],""d"":7,""p"":0.00035938136638046257}",
      8899,         0,         0,   0.043,pymatching,d4efb51de84e8753bb144bbe5cbc1e16119dd4138c3429ef067e31fd81182969,"{""config"":[""Y+"",""Y""],""d"":7,""p"":7.742636826811278e-05}",
      5560,         0,         0,   0.027,pymatching,7aa90f14661fe503b169d17735323782ba47d9bacb07fb92cec4acd1e3381f76,"{""config"":[""Y+"",""Y""],""d"":7,""p"":2.782559402207126e-05}",
      4096,         0,         0,   0.018,pymatching,7aa90f14661fe503b169d17735323782ba47d9bacb07fb92cec4acd1e3381f76,"{""config"":[""Y+"",""Y""],""d"":7,""p"":2.782559402207126e-05}",
     27648,         0,         0,   0.152,pymatching,f1775c7e580d8f5fddb23efcaf637a9598af94daaad5195170fd5a28436ce87c,"{""config"":[""Y+"",""Y""],""d"":7,""p"":0.0005994842503189409}",
     26466,         0,         0,   0.127,pymatching,d4efb51de84e8753bb144bbe5cbc1e16119dd4138c3429ef067e31fd81182969,"{""config"":[""Y+"",""Y""],""d"":7,""p"":7.742636826811278e-05}",
     31744,         0,         0,   0.150,pymatching,7a36ae4616f1d754f42dd521d2fabf024d85329dfad51a046c6fc6d074b7b6f0,"{""config"":[""Y+"",""Y""],""d"":7,""p"":0.00035938136638046257}",
      3072,        23,         0,   0.040,pymatching,8b3bc9bef2aea071ed74476e1e9f2dd5a1c3bf81e58b8bf69df925b82d1ba7a4,"{""config"":[""Y+"",""Y""],""d"":7,""p"":0.00502051282051282}",
      9216,         5,         0,   0.082,pymatching,2c493731402f69a8580bdf5b58ad0e0c3f1b910fd2a23dc0feafd13baa269d2c,"{""config"":[""Y+"",""Y""],""d"":7,""p"":0.0025256410256410257}",
    202752,         0,         0,    1.11,pymatching,f1775c7e580d8f5fddb23efcaf637a9598af94daaad5195170fd5a28436ce87c,"{""config"":[""Y+"",""Y""],""d"":7,""p"":0.0005994842503189409}",
      9216,         9,         0,   0.079,pymatching,c29daf484c9d432db8f543665f6277eae8f75a9a750a6f2b46c8830e5bd84bae,"{""config"":[""Y+"",""Y""],""d"":7,""p"":0.0028820512820512817}",
     35840,      1363,         0,   0.808,pymatching,edd89b5b1ae934e17659c601172a1f72bc7f0d46450e5d70cf8d6579686bc1a9,"{""config"":[""Y+"",""Y""],""d"":7,""p"":0.007871794871794872}",
       732,         0,         0,   0.004,pymatching,7aa90f14661fe503b169d17735323782ba47d9bacb07fb92cec4acd1e3381f76,"{""config"":[""Y+"",""Y""],""d"":7,""p"":2.782559402207126e-05}",
       732,         0,         0,   0.003,pymatching,7aa90f14661fe503b169d17735323782ba47d9bacb07fb92cec4acd1e3381f76,"{""config"":[""Y+"",""Y""],""d"":7,""p"":2.782559402207126e-05}",
      2048,        22,         0,   0.029,pymatching,44778f417ddefc9165e91ad4a5805c24dc79bdc9782a224c5d308d339d9e8097,"{""config"":[""Y+"",""Y""],""d"":7,""p"":0.005376923076923077}",
    179200,         1,         0,    1.11,pymatching,e34529a27c2f8d5d8bc8d8e2e799cf1fb09be2666f89b6597da07e402b93b3a8,"{""config"":[""Y+"",""Y""],""d"":7,""p"":0.0011}",
     24418,         0,         0,   0.120,pymatching,3c857fc2010553329b0c56ef74743c200a997a241ffdc1a3d6ce71eeb6f35a54,"{""config"":[""Y+"",""Y""],""d"":7,""p"":0.0001291549665014884}",
     12288,         0,         0,   0.055,pymatching,3c857fc2010553329b0c56ef74743c200a997a241ffdc1a3d6ce71eeb6f35a54,"{""config"":[""Y+"",""Y""],""d"":7,""p"":0.0001291549665014884}",
      7168,         9,         0,   0.078,pymatching,5bc48b83ec852cb30e501e5b0905235215d5d2acb38422d1ae9a4692a1dddcd3,"{""config"":[""Y+"",""Y""],""d"":7,""p"":0.0035948717948717946}",
     25186,         0,         0,   0.148,pymatching,7e10452490fdaa8d156054ff5ef1acff444cf67cb4c136cd79857b341f9e4172,"{""config"":[""Y+"",""Y""],""d"":7,""p"":4.641588833612782e-05}",
      8192,        12,         0,   0.083,pymatching,55e2052820d1a12ecd22092c6f5ca6c76ccd51891eb64142fab7e2d43f17862d,"{""config"":[""Y+"",""Y""],""d"":7,""p"":0.003238461538461538}",
    182272,         1,         0,    1.11,pymatching,d964ce250f510f05b10feb424012badadf776273e0f85d97054e675ebf8d58cb,"{""config"":[""Y+"",""Y""],""d"":7,""p"":0.001}",
      1297,        23,         0,   0.024,pymatching,6492a75cf2d32538edb01866f3ae5f7d4206754a4e3c1ab604f05e688906edd5,"{""config"":[""Y+"",""Y""],""d"":7,""p"":0.00608974358974359}",
      4096,        22,         0,   0.050,pymatching,aa429589a3348e00898eb2b9a5a5dbd4f3b518fd65dc69aeba43d82ded161f49,"{""config"":[""Y+"",""Y""],""d"":7,""p"":0.004664102564102564}",
     33792,      1524,         0,   0.793,pymatching,3bd54a3bd47e554c28acb0ccdc2d293bf8e234d4037ebf4628a2a14c089c22bc,"{""config"":[""Y+"",""Y""],""d"":7,""p"":0.008228205128205128}",
      1297,        11,         0,   0.023,pymatching,1ded2928a119f1b6c0eb82651ab130497369e0a99313696e9ddd7d3d79cb15d2,"{""config"":[""Y+"",""Y""],""d"":7,""p"":0.005733333333333333}",
      1297,        33,         0,   0.026,pymatching,4451bbcae661709660b35391e8a3084afaa63de0e908cd1bd0670e791ea954b6,"{""config"":[""Y+"",""Y""],""d"":7,""p"":0.006446153846153846}",
     30720,      1789,         0,   0.794,pymatching,39816311c09a2c5e31164b1f4c1b13e066a5995d3dec728076bd565cb295a582,"{""config"":[""Y+"",""Y""],""d"":7,""p"":0.00894102564102564}",
      1297,        34,         0,   0.027,pymatching,54953947f3feebc7119bbdb3c90e47f38134f73533f9669982539c57c3f68cca,"{""config"":[""Y+"",""Y""],""d"":7,""p"":0.006802564102564103}",
      1024,        17,         0,   0.017,pymatching,6492a75cf2d32538edb01866f3ae5f7d4206754a4e3c1ab604f05e688906edd5,"{""config"":[""Y+"",""Y""],""d"":7,""p"":0.00608974358974359}",
      5120,        12,         0,   0.058,pymatching,72809015876d1f9b8ff5ff89d3ce2a1c29e73672373efd2eb3e8fd9cda3edd02,"{""config"":[""Y+"",""Y""],""d"":7,""p"":0.0043076923076923075}",
     18432,         0,         0,   0.105,pymatching,e34529a27c2f8d5d8bc8d8e2e799cf1fb09be2666f89b6597da07e402b93b3a8,"{""config"":[""Y+"",""Y""],""d"":7,""p"":0.0011}",
     12593,         0,         0,   0.062,pymatching,7e10452490fdaa8d156054ff5ef1acff444cf67cb4c136cd79857b341f9e4172,"{""config"":[""Y+"",""Y""],""d"":7,""p"":4.641588833612782e-05}",
      5120,        15,         0,   0.060,pymatching,583761c35c6053557a126e62d723dad6630bce6cb9ef4b9b16e28bcd435dfb36,"{""config"":[""Y+"",""Y""],""d"":7,""p"":0.003951282051282051}",
      2048,        19,         0,   0.029,pymatching,44778f417ddefc9165e91ad4a5805c24dc79bdc9782a224c5d308d339d9e8097,"{""config"":[""Y+"",""Y""],""d"":7,""p"":0.005376923076923077}",
      3072,        19,         0,   0.041,pymatching,8b3bc9bef2aea071ed74476e1e9f2dd5a1c3bf81e58b8bf69df925b82d1ba7a4,"{""config"":[""Y+"",""Y""],""d"":7,""p"":0.00502051282051282}",
      1024,         6,         0,   0.016,pymatching,1ded2928a119f1b6c0eb82651ab130497369e0a99313696e9ddd7d3d79cb15d2,"{""config"":[""Y+"",""Y""],""d"":7,""p"":0.005733333333333333}",
      1024,        20,         0,   0.019,pymatching,4451bbcae661709660b35391e8a3084afaa63de0e908cd1bd0670e791ea954b6,"{""config"":[""Y+"",""Y""],""d"":7,""p"":0.006446153846153846}",
      1024,        27,         0,   0.020,pymatching,54953947f3feebc7119bbdb3c90e47f38134f73533f9669982539c57c3f68cca,"{""config"":[""Y+"",""Y""],""d"":7,""p"":0.006802564102564103}",
      6064,         0,         0,   0.027,pymatching,3c857fc2010553329b0c56ef74743c200a997a241ffdc1a3d6ce71eeb6f35a54,"{""config"":[""Y+"",""Y""],""d"":7,""p"":0.0001291549665014884}",
      6065,         0,         0,   0.030,pymatching,3c857fc2010553329b0c56ef74743c200a997a241ffdc1a3d6ce71eeb6f35a54,"{""config"":[""Y+"",""Y""],""d"":7,""p"":0.0001291549665014884}",
      6296,         0,         0,   0.030,pymatching,7e10452490fdaa8d156054ff5ef1acff444cf67cb4c136cd79857b341f9e4172,"{""config"":[""Y+"",""Y""],""d"":7,""p"":4.641588833612782e-05}",
      3148,         0,         0,   0.015,pymatching,7e10452490fdaa8d156054ff5ef1acff444cf67cb4c136cd79857b341f9e4172,"{""config"":[""Y+"",""Y""],""d"":7,""p"":4.641588833612782e-05}",
     30720,      2359,         0,   0.796,pymatching,692fbbe2180d82609d8fbce9fb57749ad0991e5ec55e9756191425c80faae59e,"{""config"":[""Y+"",""Y""],""d"":7,""p"":0.009653846153846153}",
     13233,         0,         0,   0.064,pymatching,d4efb51de84e8753bb144bbe5cbc1e16119dd4138c3429ef067e31fd81182969,"{""config"":[""Y+"",""Y""],""d"":7,""p"":7.742636826811278e-05}",
     15360,         2,         0,   0.105,pymatching,c5ca751aaccb112b2fc6f3e9a5b735918ad7833ac3069ee1270362dfaa2d7cfd,"{""config"":[""Y+"",""Y""],""d"":7,""p"":0.0018128205128205128}",
      2048,        29,         0,   0.035,pymatching,6492a75cf2d32538edb01866f3ae5f7d4206754a4e3c1ab604f05e688906edd5,"{""config"":[""Y+"",""Y""],""d"":7,""p"":0.00608974358974359}",
     32768,      1705,         0,   0.808,pymatching,9b2a8307355599de2ebe16dc93ea18ea39317c205381e2f9b8f801c744e9d9aa,"{""config"":[""Y+"",""Y""],""d"":7,""p"":0.008584615384615385}",
     13232,         0,         0,   0.064,pymatching,d4efb51de84e8753bb144bbe5cbc1e16119dd4138c3429ef067e31fd81182969,"{""config"":[""Y+"",""Y""],""d"":7,""p"":7.742636826811278e-05}",
      1297,        45,         0,   0.028,pymatching,ca26f21bc502402c28ed97c7f7c1d1b62a602b71eacb2a467149bdaa2f5d945c,"{""config"":[""Y+"",""Y""],""d"":7,""p"":0.007158974358974359}",
      1574,         0,         0,   0.007,pymatching,7e10452490fdaa8d156054ff5ef1acff444cf67cb4c136cd79857b341f9e4172,"{""config"":[""Y+"",""Y""],""d"":7,""p"":4.641588833612782e-05}",
      2048,        31,         0,   0.033,pymatching,1ded2928a119f1b6c0eb82651ab130497369e0a99313696e9ddd7d3d79cb15d2,"{""config"":[""Y+"",""Y""],""d"":7,""p"":0.005733333333333333}",
      1574,         0,         0,   0.008,pymatching,7e10452490fdaa8d156054ff5ef1acff444cf67cb4c136cd79857b341f9e4172,"{""config"":[""Y+"",""Y""],""d"":7,""p"":4.641588833612782e-05}",
     17560,         0,         0,   0.092,pymatching,7a36ae4616f1d754f42dd521d2fabf024d85329dfad51a046c6fc6d074b7b6f0,"{""config"":[""Y+"",""Y""],""d"":7,""p"":0.00035938136638046257}",
      5120,        25,         0,   0.062,pymatching,aa429589a3348e00898eb2b9a5a5dbd4f3b518fd65dc69aeba43d82ded161f49,"{""config"":[""Y+"",""Y""],""d"":7,""p"":0.004664102564102564}",
      3072,        25,         0,   0.043,pymatching,44778f417ddefc9165e91ad4a5805c24dc79bdc9782a224c5d308d339d9e8097,"{""config"":[""Y+"",""Y""],""d"":7,""p"":0.005376923076923077}",
     14336,         1,         0,   0.106,pymatching,b9c5ccfc1e3322d1df5fefe43bfc5cdf09fb6f8e87b1867c2b3d7adb9d9a40bd,"{""config"":[""Y+"",""Y""],""d"":7,""p"":0.002169230769230769}",
     17408,         1,         0,   0.109,pymatching,0593b8800785d13d9a221cb2b81f5e7a731d05e015e3de03874f28a07d88f3ef,"{""config"":[""Y+"",""Y""],""d"":7,""p"":0.0014564102564102565}",
      2048,        47,         0,   0.037,pymatching,4451bbcae661709660b35391e8a3084afaa63de0e908cd1bd0670e791ea954b6,"{""config"":[""Y+"",""Y""],""d"":7,""p"":0.006446153846153846}",
     21504,      2279,         0,   0.642,pymatching,4edb1f8cd0c10ebe04be4aac20a0477e6fcd78a9c451ad07f3ed65d69fe030ce,"{""config"":[""Y+"",""Y""],""d"":7,""p"":0.010723076923076922}",
      2048,        46,         0,   0.039,pymatching,54953947f3feebc7119bbdb3c90e47f38134f73533f9669982539c57c3f68cca,"{""config"":[""Y+"",""Y""],""d"":7,""p"":0.006802564102564103}",
      1024,        27,         0,   0.021,pymatching,ca26f21bc502402c28ed97c7f7c1d1b62a602b71eacb2a467149bdaa2f5d945c,"{""config"":[""Y+"",""Y""],""d"":7,""p"":0.007158974358974359}",
      4096,        38,         0,   0.056,pymatching,8b3bc9bef2aea071ed74476e1e9f2dd5a1c3bf81e58b8bf69df925b82d1ba7a4,"{""config"":[""Y+"",""Y""],""d"":7,""p"":0.00502051282051282}",
     31744,      2124,         0,   0.796,pymatching,896d0ea116072cbd8ad1b3fd64d7f7cc41d578256d248094baa79fb33a248f85,"{""config"":[""Y+"",""Y""],""d"":7,""p"":0.009297435897435898}",
      2048,        21,         0,   0.034,pymatching,6492a75cf2d32538edb01866f3ae5f7d4206754a4e3c1ab604f05e688906edd5,"{""config"":[""Y+"",""Y""],""d"":7,""p"":0.00608974358974359}",
    178176,         9,         0,    1.11,pymatching,0593b8800785d13d9a221cb2b81f5e7a731d05e015e3de03874f28a07d88f3ef,"{""config"":[""Y+"",""Y""],""d"":7,""p"":0.0014564102564102565}",
      2048,        25,         0,   0.033,pymatching,1ded2928a119f1b6c0eb82651ab130497369e0a99313696e9ddd7d3d79cb15d2,"{""config"":[""Y+"",""Y""],""d"":7,""p"":0.005733333333333333}",
     12288,        12,         0,   0.105,pymatching,c29daf484c9d432db8f543665f6277eae8f75a9a750a6f2b46c8830e5bd84bae,"{""config"":[""Y+"",""Y""],""d"":7,""p"":0.0028820512820512817}",
     12288,         3,         0,   0.108,pymatching,2c493731402f69a8580bdf5b58ad0e0c3f1b910fd2a23dc0feafd13baa269d2c,"{""config"":[""Y+"",""Y""],""d"":7,""p"":0.0025256410256410257}",
      1024,        24,         0,   0.021,pymatching,ca26f21bc502402c28ed97c7f7c1d1b62a602b71eacb2a467149bdaa2f5d945c,"{""config"":[""Y+"",""Y""],""d"":7,""p"":0.007158974358974359}",
      7168,        23,         0,   0.082,pymatching,72809015876d1f9b8ff5ff89d3ce2a1c29e73672373efd2eb3e8fd9cda3edd02,"{""config"":[""Y+"",""Y""],""d"":7,""p"":0.0043076923076923075}",
      1297,        44,         0,   0.030,pymatching,82faf2022754eeaba2fa4ad6f0b446cd059fab8b1026aa30f38d63e60ddb0a0f,"{""config"":[""Y+"",""Y""],""d"":7,""p"":0.007515384615384615}",
      2048,        41,         0,   0.037,pymatching,4451bbcae661709660b35391e8a3084afaa63de0e908cd1bd0670e791ea954b6,"{""config"":[""Y+"",""Y""],""d"":7,""p"":0.006446153846153846}",
      1297,        53,         0,   0.032,pymatching,3bd54a3bd47e554c28acb0ccdc2d293bf8e234d4037ebf4628a2a14c089c22bc,"{""config"":[""Y+"",""Y""],""d"":7,""p"":0.008228205128205128}",
      7168,        26,         0,   0.084,pymatching,583761c35c6053557a126e62d723dad6630bce6cb9ef4b9b16e28bcd435dfb36,"{""config"":[""Y+"",""Y""],""d"":7,""p"":0.003951282051282051}",
     10240,        16,         0,   0.111,pymatching,5bc48b83ec852cb30e501e5b0905235215d5d2acb38422d1ae9a4692a1dddcd3,"{""config"":[""Y+"",""Y""],""d"":7,""p"":0.0035948717948717946}",
      2048,        34,         0,   0.040,pymatching,54953947f3feebc7119bbdb3c90e47f38134f73533f9669982539c57c3f68cca,"{""config"":[""Y+"",""Y""],""d"":7,""p"":0.006802564102564103}",
     11264,        17,         0,   0.115,pymatching,55e2052820d1a12ecd22092c6f5ca6c76ccd51891eb64142fab7e2d43f17862d,"{""config"":[""Y+"",""Y""],""d"":7,""p"":0.003238461538461538}",
      4096,        35,         0,   0.058,pymatching,44778f417ddefc9165e91ad4a5805c24dc79bdc9782a224c5d308d339d9e8097,"{""config"":[""Y+"",""Y""],""d"":7,""p"":0.005376923076923077}",
      1024,        38,         0,   0.022,pymatching,82faf2022754eeaba2fa4ad6f0b446cd059fab8b1026aa30f38d63e60ddb0a0f,"{""config"":[""Y+"",""Y""],""d"":7,""p"":0.007515384615384615}",
      1297,        34,         0,   0.028,pymatching,edd89b5b1ae934e17659c601172a1f72bc7f0d46450e5d70cf8d6579686bc1a9,"{""config"":[""Y+"",""Y""],""d"":7,""p"":0.007871794871794872}",
      1024,        57,         0,   0.026,pymatching,3bd54a3bd47e554c28acb0ccdc2d293bf8e234d4037ebf4628a2a14c089c22bc,"{""config"":[""Y+"",""Y""],""d"":7,""p"":0.008228205128205128}",
      3072,        48,         0,   0.052,pymatching,6492a75cf2d32538edb01866f3ae5f7d4206754a4e3c1ab604f05e688906edd5,"{""config"":[""Y+"",""Y""],""d"":7,""p"":0.00608974358974359}",
      3072,        39,         0,   0.050,pymatching,1ded2928a119f1b6c0eb82651ab130497369e0a99313696e9ddd7d3d79cb15d2,"{""config"":[""Y+"",""Y""],""d"":7,""p"":0.005733333333333333}",
      2048,        56,         0,   0.042,pymatching,ca26f21bc502402c28ed97c7f7c1d1b62a602b71eacb2a467149bdaa2f5d945c,"{""config"":[""Y+"",""Y""],""d"":7,""p"":0.007158974358974359}",
      1297,        72,         0,   0.033,pymatching,39816311c09a2c5e31164b1f4c1b13e066a5995d3dec728076bd565cb295a582,"{""config"":[""Y+"",""Y""],""d"":7,""p"":0.00894102564102564}",
     27648,      2341,         0,   0.820,pymatching,dcb0664cc4001cb78081fe01626212576b37f8cde256abfb344daa96584a3829,"{""config"":[""Y+"",""Y""],""d"":7,""p"":0.010010256410256409}",
      1024,        46,         0,   0.021,pymatching,edd89b5b1ae934e17659c601172a1f72bc7f0d46450e5d70cf8d6579686bc1a9,"{""config"":[""Y+"",""Y""],""d"":7,""p"":0.007871794871794872}",
      1024,        47,         0,   0.022,pymatching,82faf2022754eeaba2fa4ad6f0b446cd059fab8b1026aa30f38d63e60ddb0a0f,"{""config"":[""Y+"",""Y""],""d"":7,""p"":0.007515384615384615}",
      1297,        58,         0,   0.034,pymatching,9b2a8307355599de2ebe16dc93ea18ea39317c205381e2f9b8f801c744e9d9aa,"{""config"":[""Y+"",""Y""],""d"":7,""p"":0.008584615384615385}",
      2048,        43,         0,   0.040,pymatching,54953947f3feebc7119bbdb3c90e47f38134f73533f9669982539c57c3f68cca,"{""config"":[""Y+"",""Y""],""d"":7,""p"":0.006802564102564103}",
      7168,        36,         0,   0.087,pymatching,aa429589a3348e00898eb2b9a5a5dbd4f3b518fd65dc69aeba43d82ded161f49,"{""config"":[""Y+"",""Y""],""d"":7,""p"":0.004664102564102564}",
       273,        30,         0,   0.011,pymatching,dcb0664cc4001cb78081fe01626212576b37f8cde256abfb344daa96584a3829,"{""config"":[""Y+"",""Y""],""d"":7,""p"":0.010010256410256409}",
    149504,        19,         0,    1.11,pymatching,c5ca751aaccb112b2fc6f3e9a5b735918ad7833ac3069ee1270362dfaa2d7cfd,"{""config"":[""Y+"",""Y""],""d"":7,""p"":0.0018128205128205128}",
      1297,        83,         0,   0.037,pymatching,896d0ea116072cbd8ad1b3fd64d7f7cc41d578256d248094baa79fb33a248f85,"{""config"":[""Y+"",""Y""],""d"":7,""p"":0.009297435897435898}",
      1024,        53,         0,   0.026,pymatching,3bd54a3bd47e554c28acb0ccdc2d293bf8e234d4037ebf4628a2a14c089c22bc,"{""config"":[""Y+"",""Y""],""d"":7,""p"":0.008228205128205128}",
       273,        28,         0,   0.011,pymatching,b3eaf657bd5e9d9ffb895c2c4ec0840a82203269223dad6c4153a6e8b0f9ba76,"{""config"":[""Y+"",""Y""],""d"":7,""p"":0.010366666666666666}",
      3072,        58,         0,   0.055,pymatching,4451bbcae661709660b35391e8a3084afaa63de0e908cd1bd0670e791ea954b6,"{""config"":[""Y+"",""Y""],""d"":7,""p"":0.006446153846153846}",
      6144,        44,         0,   0.080,pymatching,8b3bc9bef2aea071ed74476e1e9f2dd5a1c3bf81e58b8bf69df925b82d1ba7a4,"{""config"":[""Y+"",""Y""],""d"":7,""p"":0.00502051282051282}",
      1297,       112,         0,   0.040,pymatching,692fbbe2180d82609d8fbce9fb57749ad0991e5ec55e9756191425c80faae59e,"{""config"":[""Y+"",""Y""],""d"":7,""p"":0.009653846153846153}",
      1024,        63,         0,   0.025,pymatching,39816311c09a2c5e31164b1f4c1b13e066a5995d3dec728076bd565cb295a582,"{""config"":[""Y+"",""Y""],""d"":7,""p"":0.00894102564102564}",
      1024,        35,         0,   0.020,pymatching,edd89b5b1ae934e17659c601172a1f72bc7f0d46450e5d70cf8d6579686bc1a9,"{""config"":[""Y+"",""Y""],""d"":7,""p"":0.007871794871794872}",
     26624,         0,         0,   0.152,pymatching,e34529a27c2f8d5d8bc8d8e2e799cf1fb09be2666f89b6597da07e402b93b3a8,"{""config"":[""Y+"",""Y""],""d"":7,""p"":0.0011}",
       273,        23,         0,   0.012,pymatching,2db770c56c1f3190629cb95dedc15d5303fe7e18d6b775647621cf9cf7c3eae5,"{""config"":[""Y+"",""Y""],""d"":7,""p"":0.01107948717948718}",
     28672,      2773,         0,   0.816,pymatching,b3eaf657bd5e9d9ffb895c2c4ec0840a82203269223dad6c4153a6e8b0f9ba76,"{""config"":[""Y+"",""Y""],""d"":7,""p"":0.010366666666666666}",
     41984,         0,         0,   0.208,pymatching,1ebf2e24f42a25fd0e80fbd92c68bca690d32a7b6f33c49e44b405cff829f70d,"{""config"":[""Y+"",""Y""],""d"":7,""p"":0.00021544346900318823}",
      1024,        52,         0,   0.025,pymatching,9b2a8307355599de2ebe16dc93ea18ea39317c205381e2f9b8f801c744e9d9aa,"{""config"":[""Y+"",""Y""],""d"":7,""p"":0.008584615384615385}",
     36864,         0,         0,   0.206,pymatching,d964ce250f510f05b10feb424012badadf776273e0f85d97054e675ebf8d58cb,"{""config"":[""Y+"",""Y""],""d"":7,""p"":0.001}",
      2048,        57,         0,   0.041,pymatching,ca26f21bc502402c28ed97c7f7c1d1b62a602b71eacb2a467149bdaa2f5d945c,"{""config"":[""Y+"",""Y""],""d"":7,""p"":0.007158974358974359}",
      1024,        71,         0,   0.031,pymatching,dcb0664cc4001cb78081fe01626212576b37f8cde256abfb344daa96584a3829,"{""config"":[""Y+"",""Y""],""d"":7,""p"":0.010010256410256409}",
      1024,        48,         0,   0.028,pymatching,896d0ea116072cbd8ad1b3fd64d7f7cc41d578256d248094baa79fb33a248f85,"{""config"":[""Y+"",""Y""],""d"":7,""p"":0.009297435897435898}",
      1024,       102,         0,   0.029,pymatching,b3eaf657bd5e9d9ffb895c2c4ec0840a82203269223dad6c4153a6e8b0f9ba76,"{""config"":[""Y+"",""Y""],""d"":7,""p"":0.010366666666666666}",
     37888,         1,         0,   0.209,pymatching,f1775c7e580d8f5fddb23efcaf637a9598af94daaad5195170fd5a28436ce87c,"{""config"":[""Y+"",""Y""],""d"":7,""p"":0.0005994842503189409}",
     44032,         0,         0,   0.208,pymatching,7a36ae4616f1d754f42dd521d2fabf024d85329dfad51a046c6fc6d074b7b6f0,"{""config"":[""Y+"",""Y""],""d"":7,""p"":0.00035938136638046257}",
      1024,        73,         0,   0.024,pymatching,39816311c09a2c5e31164b1f4c1b13e066a5995d3dec728076bd565cb295a582,"{""config"":[""Y+"",""Y""],""d"":7,""p"":0.00894102564102564}",
      2048,        67,         0,   0.043,pymatching,82faf2022754eeaba2fa4ad6f0b446cd059fab8b1026aa30f38d63e60ddb0a0f,"{""config"":[""Y+"",""Y""],""d"":7,""p"":0.007515384615384615}",
      1024,        77,         0,   0.029,pymatching,692fbbe2180d82609d8fbce9fb57749ad0991e5ec55e9756191425c80faae59e,"{""config"":[""Y+"",""Y""],""d"":7,""p"":0.009653846153846153}",
     23552,      2679,         0,   0.785,pymatching,2db770c56c1f3190629cb95dedc15d5303fe7e18d6b775647621cf9cf7c3eae5,"{""config"":[""Y+"",""Y""],""d"":7,""p"":0.01107948717948718}",
      4803,         0,         0,   0.024,pymatching,1ebf2e24f42a25fd0e80fbd92c68bca690d32a7b6f33c49e44b405cff829f70d,"{""config"":[""Y+"",""Y""],""d"":7,""p"":0.00021544346900318823}",
     51200,         0,         0,   0.255,pymatching,1ebf2e24f42a25fd0e80fbd92c68bca690d32a7b6f33c49e44b405cff829f70d,"{""config"":[""Y+"",""Y""],""d"":7,""p"":0.00021544346900318823}",
     21504,         3,         0,   0.147,pymatching,c5ca751aaccb112b2fc6f3e9a5b735918ad7833ac3069ee1270362dfaa2d7cfd,"{""config"":[""Y+"",""Y""],""d"":7,""p"":0.0018128205128205128}",
      1024,        64,         0,   0.026,pymatching,9b2a8307355599de2ebe16dc93ea18ea39317c205381e2f9b8f801c744e9d9aa,"{""config"":[""Y+"",""Y""],""d"":7,""p"":0.008584615384615385}",
      2048,         0,         0,   0.010,pymatching,7a36ae4616f1d754f42dd521d2fabf024d85329dfad51a046c6fc6d074b7b6f0,"{""config"":[""Y+"",""Y""],""d"":7,""p"":0.00035938136638046257}",
      1024,       124,         0,   0.034,pymatching,2db770c56c1f3190629cb95dedc15d5303fe7e18d6b775647621cf9cf7c3eae5,"{""config"":[""Y+"",""Y""],""d"":7,""p"":0.01107948717948718}",
      2048,       110,         0,   0.048,pymatching,3bd54a3bd47e554c28acb0ccdc2d293bf8e234d4037ebf4628a2a14c089c22bc,"{""config"":[""Y+"",""Y""],""d"":7,""p"":0.008228205128205128}",
      4096,        52,         0,   0.067,pymatching,1ded2928a119f1b6c0eb82651ab130497369e0a99313696e9ddd7d3d79cb15d2,"{""config"":[""Y+"",""Y""],""d"":7,""p"":0.005733333333333333}",
      4096,        64,         0,   0.069,pymatching,6492a75cf2d32538edb01866f3ae5f7d4206754a4e3c1ab604f05e688906edd5,"{""config"":[""Y+"",""Y""],""d"":7,""p"":0.00608974358974359}",
      3072,        66,         0,   0.058,pymatching,54953947f3feebc7119bbdb3c90e47f38134f73533f9669982539c57c3f68cca,"{""config"":[""Y+"",""Y""],""d"":7,""p"":0.006802564102564103}",
      2048,        79,         0,   0.042,pymatching,edd89b5b1ae934e17659c601172a1f72bc7f0d46450e5d70cf8d6579686bc1a9,"{""config"":[""Y+"",""Y""],""d"":7,""p"":0.007871794871794872}",
      9216,        26,         0,   0.107,pymatching,583761c35c6053557a126e62d723dad6630bce6cb9ef4b9b16e28bcd435dfb36,"{""config"":[""Y+"",""Y""],""d"":7,""p"":0.003951282051282051}",
      1024,        66,         0,   0.028,pymatching,896d0ea116072cbd8ad1b3fd64d7f7cc41d578256d248094baa79fb33a248f85,"{""config"":[""Y+"",""Y""],""d"":7,""p"":0.009297435897435898}",
      6144,        52,         0,   0.089,pymatching,44778f417ddefc9165e91ad4a5805c24dc79bdc9782a224c5d308d339d9e8097,"{""config"":[""Y+"",""Y""],""d"":7,""p"":0.005376923076923077}",
     23552,         3,         0,   0.148,pymatching,0593b8800785d13d9a221cb2b81f5e7a731d05e015e3de03874f28a07d88f3ef,"{""config"":[""Y+"",""Y""],""d"":7,""p"":0.0014564102564102565}",
      1024,        91,         0,   0.031,pymatching,dcb0664cc4001cb78081fe01626212576b37f8cde256abfb344daa96584a3829,"{""config"":[""Y+"",""Y""],""d"":7,""p"":0.010010256410256409}",
      3072,        60,         0,   0.055,pymatching,4451bbcae661709660b35391e8a3084afaa63de0e908cd1bd0670e791ea954b6,"{""config"":[""Y+"",""Y""],""d"":7,""p"":0.006446153846153846}",
     10240,        37,         0,   0.116,pymatching,72809015876d1f9b8ff5ff89d3ce2a1c29e73672373efd2eb3e8fd9cda3edd02,"{""config"":[""Y+"",""Y""],""d"":7,""p"":0.0043076923076923075}",
     20480,         6,         0,   0.152,pymatching,b9c5ccfc1e3322d1df5fefe43bfc5cdf09fb6f8e87b1867c2b3d7adb9d9a40bd,"{""config"":[""Y+"",""Y""],""d"":7,""p"":0.002169230769230769}",
      1024,        81,         0,   0.029,pymatching,692fbbe2180d82609d8fbce9fb57749ad0991e5ec55e9756191425c80faae59e,"{""config"":[""Y+"",""Y""],""d"":7,""p"":0.009653846153846153}",
      2048,        78,         0,   0.043,pymatching,82faf2022754eeaba2fa4ad6f0b446cd059fab8b1026aa30f38d63e60ddb0a0f,"{""config"":[""Y+"",""Y""],""d"":7,""p"":0.007515384615384615}",
      2048,       121,         0,   0.048,pymatching,39816311c09a2c5e31164b1f4c1b13e066a5995d3dec728076bd565cb295a582,"{""config"":[""Y+"",""Y""],""d"":7,""p"":0.00894102564102564}",
      1024,        63,         0,   0.028,pymatching,896d0ea116072cbd8ad1b3fd64d7f7cc41d578256d248094baa79fb33a248f85,"{""config"":[""Y+"",""Y""],""d"":7,""p"":0.009297435897435898}",
    138240,        37,         0,    1.11,pymatching,b9c5ccfc1e3322d1df5fefe43bfc5cdf09fb6f8e87b1867c2b3d7adb9d9a40bd,"{""config"":[""Y+"",""Y""],""d"":7,""p"":0.002169230769230769}",
     17408,        16,         0,   0.150,pymatching,c29daf484c9d432db8f543665f6277eae8f75a9a750a6f2b46c8830e5bd84bae,"{""config"":[""Y+"",""Y""],""d"":7,""p"":0.0028820512820512817}",
      3072,        97,         0,   0.062,pymatching,ca26f21bc502402c28ed97c7f7c1d1b62a602b71eacb2a467149bdaa2f5d945c,"{""config"":[""Y+"",""Y""],""d"":7,""p"":0.007158974358974359}",
      1024,        86,         0,   0.031,pymatching,dcb0664cc4001cb78081fe01626212576b37f8cde256abfb344daa96584a3829,"{""config"":[""Y+"",""Y""],""d"":7,""p"":0.010010256410256409}",
     17408,         2,         0,   0.152,pymatching,2c493731402f69a8580bdf5b58ad0e0c3f1b910fd2a23dc0feafd13baa269d2c,"{""config"":[""Y+"",""Y""],""d"":7,""p"":0.0025256410256410257}",
      8428,         0,         0,   0.041,pymatching,1ebf2e24f42a25fd0e80fbd92c68bca690d32a7b6f33c49e44b405cff829f70d,"{""config"":[""Y+"",""Y""],""d"":7,""p"":0.00021544346900318823}",
      2048,       104,         0,   0.050,pymatching,9b2a8307355599de2ebe16dc93ea18ea39317c205381e2f9b8f801c744e9d9aa,"{""config"":[""Y+"",""Y""],""d"":7,""p"":0.008584615384615385}",
      8192,         0,         0,   0.041,pymatching,1ebf2e24f42a25fd0e80fbd92c68bca690d32a7b6f33c49e44b405cff829f70d,"{""config"":[""Y+"",""Y""],""d"":7,""p"":0.00021544346900318823}",
      1024,        64,         0,   0.029,pymatching,692fbbe2180d82609d8fbce9fb57749ad0991e5ec55e9756191425c80faae59e,"{""config"":[""Y+"",""Y""],""d"":7,""p"":0.009653846153846153}",
      2048,        82,         0,   0.042,pymatching,edd89b5b1ae934e17659c601172a1f72bc7f0d46450e5d70cf8d6579686bc1a9,"{""config"":[""Y+"",""Y""],""d"":7,""p"":0.007871794871794872}",
      2048,        96,         0,   0.049,pymatching,3bd54a3bd47e554c28acb0ccdc2d293bf8e234d4037ebf4628a2a14c089c22bc,"{""config"":[""Y+"",""Y""],""d"":7,""p"":0.008228205128205128}",
       236,         0,         0,   0.001,pymatching,1ebf2e24f42a25fd0e80fbd92c68bca690d32a7b6f33c49e44b405cff829f70d,"{""config"":[""Y+"",""Y""],""d"":7,""p"":0.00021544346900318823}",
     14336,        34,         0,   0.155,pymatching,5bc48b83ec852cb30e501e5b0905235215d5d2acb38422d1ae9a4692a1dddcd3,"{""config"":[""Y+"",""Y""],""d"":7,""p"":0.0035948717948717946}",
      9216,        51,         0,   0.112,pymatching,aa429589a3348e00898eb2b9a5a5dbd4f3b518fd65dc69aeba43d82ded161f49,"{""config"":[""Y+"",""Y""],""d"":7,""p"":0.004664102564102564}",
      8192,        72,         0,   0.107,pymatching,8b3bc9bef2aea071ed74476e1e9f2dd5a1c3bf81e58b8bf69df925b82d1ba7a4,"{""config"":[""Y+"",""Y""],""d"":7,""p"":0.00502051282051282}",
      2321,         0,         0,   0.012,pymatching,1ebf2e24f42a25fd0e80fbd92c68bca690d32a7b6f33c49e44b405cff829f70d,"{""config"":[""Y+"",""Y""],""d"":7,""p"":0.00021544346900318823}",
     15360,        17,         0,   0.154,pymatching,55e2052820d1a12ecd22092c6f5ca6c76ccd51891eb64142fab7e2d43f17862d,"{""config"":[""Y+"",""Y""],""d"":7,""p"":0.003238461538461538}",
       488,         0,         0,   0.002,pymatching,1ebf2e24f42a25fd0e80fbd92c68bca690d32a7b6f33c49e44b405cff829f70d,"{""config"":[""Y+"",""Y""],""d"":7,""p"":0.00021544346900318823}",
      2809,         0,         0,   0.014,pymatching,1ebf2e24f42a25fd0e80fbd92c68bca690d32a7b6f33c49e44b405cff829f70d,"{""config"":[""Y+"",""Y""],""d"":7,""p"":0.00021544346900318823}",
     52916,         1,         0,   0.289,pymatching,f1775c7e580d8f5fddb23efcaf637a9598af94daaad5195170fd5a28436ce87c,"{""config"":[""Y+"",""Y""],""d"":7,""p"":0.0005994842503189409}",
      1024,         0,         0,   0.005,pymatching,1ebf2e24f42a25fd0e80fbd92c68bca690d32a7b6f33c49e44b405cff829f70d,"{""config"":[""Y+"",""Y""],""d"":7,""p"":0.00021544346900318823}",
      2321,         0,         0,   0.015,pymatching,d964ce250f510f05b10feb424012badadf776273e0f85d97054e675ebf8d58cb,"{""config"":[""Y+"",""Y""],""d"":7,""p"":0.001}",
     15811,         0,         0,   0.074,pymatching,7a36ae4616f1d754f42dd521d2fabf024d85329dfad51a046c6fc6d074b7b6f0,"{""config"":[""Y+"",""Y""],""d"":7,""p"":0.00035938136638046257}",
       936,         0,         0,   0.004,pymatching,1ebf2e24f42a25fd0e80fbd92c68bca690d32a7b6f33c49e44b405cff829f70d,"{""config"":[""Y+"",""Y""],""d"":7,""p"":0.00021544346900318823}",
      4096,        73,         0,   0.077,pymatching,54953947f3feebc7119bbdb3c90e47f38134f73533f9669982539c57c3f68cca,"{""config"":[""Y+"",""Y""],""d"":7,""p"":0.006802564102564103}",
     40960,         0,         0,   0.212,pymatching,7a36ae4616f1d754f42dd521d2fabf024d85329dfad51a046c6fc6d074b7b6f0,"{""config"":[""Y+"",""Y""],""d"":7,""p"":0.00035938136638046257}",
      5120,        66,         0,   0.080,pymatching,1ded2928a119f1b6c0eb82651ab130497369e0a99313696e9ddd7d3d79cb15d2,"{""config"":[""Y+"",""Y""],""d"":7,""p"":0.005733333333333333}",
      1297,         0,         0,   0.011,pymatching,7a36ae4616f1d754f42dd521d2fabf024d85329dfad51a046c6fc6d074b7b6f0,"{""config"":[""Y+"",""Y""],""d"":7,""p"":0.00035938136638046257}",
      2321,         0,         0,   0.014,pymatching,f1775c7e580d8f5fddb23efcaf637a9598af94daaad5195170fd5a28436ce87c,"{""config"":[""Y+"",""Y""],""d"":7,""p"":0.0005994842503189409}",
      2048,       125,         0,   0.049,pymatching,39816311c09a2c5e31164b1f4c1b13e066a5995d3dec728076bd565cb295a582,"{""config"":[""Y+"",""Y""],""d"":7,""p"":0.00894102564102564}",
       283,         0,         0,   0.002,pymatching,1ebf2e24f42a25fd0e80fbd92c68bca690d32a7b6f33c49e44b405cff829f70d,"{""config"":[""Y+"",""Y""],""d"":7,""p"":0.00021544346900318823}",
      5120,        74,         0,   0.085,pymatching,6492a75cf2d32538edb01866f3ae5f7d4206754a4e3c1ab604f05e688906edd5,"{""config"":[""Y+"",""Y""],""d"":7,""p"":0.00608974358974359}",
      2048,       133,         0,   0.054,pymatching,896d0ea116072cbd8ad1b3fd64d7f7cc41d578256d248094baa79fb33a248f85,"{""config"":[""Y+"",""Y""],""d"":7,""p"":0.009297435897435898}",
       189,         0,         0,   0.001,pymatching,1ebf2e24f42a25fd0e80fbd92c68bca690d32a7b6f33c49e44b405cff829f70d,"{""config"":[""Y+"",""Y""],""d"":7,""p"":0.00021544346900318823}",
       189,         0,         0,   0.002,pymatching,1ebf2e24f42a25fd0e80fbd92c68bca690d32a7b6f33c49e44b405cff829f70d,"{""config"":[""Y+"",""Y""],""d"":7,""p"":0.00021544346900318823}",
      2048,        86,         0,   0.049,pymatching,9b2a8307355599de2ebe16dc93ea18ea39317c205381e2f9b8f801c744e9d9aa,"{""config"":[""Y+"",""Y""],""d"":7,""p"":0.008584615384615385}",
      3072,        97,         0,   0.065,pymatching,82faf2022754eeaba2fa4ad6f0b446cd059fab8b1026aa30f38d63e60ddb0a0f,"{""config"":[""Y+"",""Y""],""d"":7,""p"":0.007515384615384615}",
       126,         0,         0,   0.001,pymatching,1ebf2e24f42a25fd0e80fbd92c68bca690d32a7b6f33c49e44b405cff829f70d,"{""config"":[""Y+"",""Y""],""d"":7,""p"":0.00021544346900318823}",
      3072,         0,         0,   0.017,pymatching,d964ce250f510f05b10feb424012badadf776273e0f85d97054e675ebf8d58cb,"{""config"":[""Y+"",""Y""],""d"":7,""p"":0.001}",
      2048,         0,         0,   0.015,pymatching,7a36ae4616f1d754f42dd521d2fabf024d85329dfad51a046c6fc6d074b7b6f0,"{""config"":[""Y+"",""Y""],""d"":7,""p"":0.00035938136638046257}",
      3072,         0,         0,   0.016,pymatching,f1775c7e580d8f5fddb23efcaf637a9598af94daaad5195170fd5a28436ce87c,"{""config"":[""Y+"",""Y""],""d"":7,""p"":0.0005994842503189409}",
      5120,        97,         0,   0.091,pymatching,4451bbcae661709660b35391e8a3084afaa63de0e908cd1bd0670e791ea954b6,"{""config"":[""Y+"",""Y""],""d"":7,""p"":0.006446153846153846}",
      2048,       197,         0,   0.061,pymatching,dcb0664cc4001cb78081fe01626212576b37f8cde256abfb344daa96584a3829,"{""config"":[""Y+"",""Y""],""d"":7,""p"":0.010010256410256409}",
        62,         0,         0,   0.001,pymatching,1ebf2e24f42a25fd0e80fbd92c68bca690d32a7b6f33c49e44b405cff829f70d,"{""config"":[""Y+"",""Y""],""d"":7,""p"":0.00021544346900318823}",
      2048,       156,         0,   0.057,pymatching,692fbbe2180d82609d8fbce9fb57749ad0991e5ec55e9756191425c80faae59e,"{""config"":[""Y+"",""Y""],""d"":7,""p"":0.009653846153846153}",
      3072,       113,         0,   0.063,pymatching,edd89b5b1ae934e17659c601172a1f72bc7f0d46450e5d70cf8d6579686bc1a9,"{""config"":[""Y+"",""Y""],""d"":7,""p"":0.007871794871794872}",
      4096,         1,         0,   0.023,pymatching,d964ce250f510f05b10feb424012badadf776273e0f85d97054e675ebf8d58cb,"{""config"":[""Y+"",""Y""],""d"":7,""p"":0.001}",
      3072,       148,         0,   0.071,pymatching,3bd54a3bd47e554c28acb0ccdc2d293bf8e234d4037ebf4628a2a14c089c22bc,"{""config"":[""Y+"",""Y""],""d"":7,""p"":0.008228205128205128}",
      4096,       104,         0,   0.081,pymatching,ca26f21bc502402c28ed97c7f7c1d1b62a602b71eacb2a467149bdaa2f5d945c,"{""config"":[""Y+"",""Y""],""d"":7,""p"":0.007158974358974359}",
      4096,         0,         0,   0.022,pymatching,7a36ae4616f1d754f42dd521d2fabf024d85329dfad51a046c6fc6d074b7b6f0,"{""config"":[""Y+"",""Y""],""d"":7,""p"":0.00035938136638046257}",
      4096,         0,         0,   0.022,pymatching,f1775c7e580d8f5fddb23efcaf637a9598af94daaad5195170fd5a28436ce87c,"{""config"":[""Y+"",""Y""],""d"":7,""p"":0.0005994842503189409}",
      8192,        83,         0,   0.115,pymatching,44778f417ddefc9165e91ad4a5805c24dc79bdc9782a224c5d308d339d9e8097,"{""config"":[""Y+"",""Y""],""d"":7,""p"":0.005376923076923077}",
       400,         0,         0,   0.004,pymatching,7a36ae4616f1d754f42dd521d2fabf024d85329dfad51a046c6fc6d074b7b6f0,"{""config"":[""Y+"",""Y""],""d"":7,""p"":0.00035938136638046257}",
      6545,         0,         0,   0.034,pymatching,7a36ae4616f1d754f42dd521d2fabf024d85329dfad51a046c6fc6d074b7b6f0,"{""config"":[""Y+"",""Y""],""d"":7,""p"":0.00035938136638046257}",
      6144,         0,         0,   0.029,pymatching,7a36ae4616f1d754f42dd521d2fabf024d85329dfad51a046c6fc6d074b7b6f0,"{""config"":[""Y+"",""Y""],""d"":7,""p"":0.00035938136638046257}",
       133,         0,         0,   0.001,pymatching,7a36ae4616f1d754f42dd521d2fabf024d85329dfad51a046c6fc6d074b7b6f0,"{""config"":[""Y+"",""Y""],""d"":7,""p"":0.00035938136638046257}",
       134,         0,         0,   0.001,pymatching,7a36ae4616f1d754f42dd521d2fabf024d85329dfad51a046c6fc6d074b7b6f0,"{""config"":[""Y+"",""Y""],""d"":7,""p"":0.00035938136638046257}",
        90,         0,         0,   0.001,pymatching,7a36ae4616f1d754f42dd521d2fabf024d85329dfad51a046c6fc6d074b7b6f0,"{""config"":[""Y+"",""Y""],""d"":7,""p"":0.00035938136638046257}",
      2048,       154,         0,   0.055,pymatching,896d0ea116072cbd8ad1b3fd64d7f7cc41d578256d248094baa79fb33a248f85,"{""config"":[""Y+"",""Y""],""d"":7,""p"":0.009297435897435898}",
        44,         0,         0,   0.000,pymatching,7a36ae4616f1d754f42dd521d2fabf024d85329dfad51a046c6fc6d074b7b6f0,"{""config"":[""Y+"",""Y""],""d"":7,""p"":0.00035938136638046257}",
      5120,         0,         0,   0.029,pymatching,d964ce250f510f05b10feb424012badadf776273e0f85d97054e675ebf8d58cb,"{""config"":[""Y+"",""Y""],""d"":7,""p"":0.001}",
      5120,         1,         0,   0.028,pymatching,f1775c7e580d8f5fddb23efcaf637a9598af94daaad5195170fd5a28436ce87c,"{""config"":[""Y+"",""Y""],""d"":7,""p"":0.0005994842503189409}",
      3072,       204,         0,   0.074,pymatching,39816311c09a2c5e31164b1f4c1b13e066a5995d3dec728076bd565cb295a582,"{""config"":[""Y+"",""Y""],""d"":7,""p"":0.00894102564102564}",
     13312,        48,         0,   0.152,pymatching,583761c35c6053557a126e62d723dad6630bce6cb9ef4b9b16e28bcd435dfb36,"{""config"":[""Y+"",""Y""],""d"":7,""p"":0.003951282051282051}",
      2048,       168,         0,   0.057,pymatching,692fbbe2180d82609d8fbce9fb57749ad0991e5ec55e9756191425c80faae59e,"{""config"":[""Y+"",""Y""],""d"":7,""p"":0.009653846153846153}",
      2048,       183,         0,   0.060,pymatching,dcb0664cc4001cb78081fe01626212576b37f8cde256abfb344daa96584a3829,"{""config"":[""Y+"",""Y""],""d"":7,""p"":0.010010256410256409}",
     13312,        59,         0,   0.152,pymatching,72809015876d1f9b8ff5ff89d3ce2a1c29e73672373efd2eb3e8fd9cda3edd02,"{""config"":[""Y+"",""Y""],""d"":7,""p"":0.0043076923076923075}",
      3072,       150,         0,   0.074,pymatching,9b2a8307355599de2ebe16dc93ea18ea39317c205381e2f9b8f801c744e9d9aa,"{""config"":[""Y+"",""Y""],""d"":7,""p"":0.008584615384615385}",
     36864,         0,         0,   0.211,pymatching,e34529a27c2f8d5d8bc8d8e2e799cf1fb09be2666f89b6597da07e402b93b3a8,"{""config"":[""Y+"",""Y""],""d"":7,""p"":0.0011}",
     35278,         0,         0,   0.192,pymatching,f1775c7e580d8f5fddb23efcaf637a9598af94daaad5195170fd5a28436ce87c,"{""config"":[""Y+"",""Y""],""d"":7,""p"":0.0005994842503189409}",
      4096,       137,         0,   0.087,pymatching,82faf2022754eeaba2fa4ad6f0b446cd059fab8b1026aa30f38d63e60ddb0a0f,"{""config"":[""Y+"",""Y""],""d"":7,""p"":0.007515384615384615}",
     18649,         0,         0,   0.101,pymatching,f1775c7e580d8f5fddb23efcaf637a9598af94daaad5195170fd5a28436ce87c,"{""config"":[""Y+"",""Y""],""d"":7,""p"":0.0005994842503189409}",
      7168,         0,         0,   0.040,pymatching,d964ce250f510f05b10feb424012badadf776273e0f85d97054e675ebf8d58cb,"{""config"":[""Y+"",""Y""],""d"":7,""p"":0.001}",
      7168,         0,         0,   0.039,pymatching,f1775c7e580d8f5fddb23efcaf637a9598af94daaad5195170fd5a28436ce87c,"{""config"":[""Y+"",""Y""],""d"":7,""p"":0.0005994842503189409}",
      4096,       163,         0,   0.083,pymatching,edd89b5b1ae934e17659c601172a1f72bc7f0d46450e5d70cf8d6579686bc1a9,"{""config"":[""Y+"",""Y""],""d"":7,""p"":0.007871794871794872}",
      7168,        76,         0,   0.112,pymatching,1ded2928a119f1b6c0eb82651ab130497369e0a99313696e9ddd7d3d79cb15d2,"{""config"":[""Y+"",""Y""],""d"":7,""p"":0.005733333333333333}",
      6144,       146,         0,   0.115,pymatching,54953947f3feebc7119bbdb3c90e47f38134f73533f9669982539c57c3f68cca,"{""config"":[""Y+"",""Y""],""d"":7,""p"":0.006802564102564103}",
      1297,         0,         0,   0.010,pymatching,e34529a27c2f8d5d8bc8d8e2e799cf1fb09be2666f89b6597da07e402b93b3a8,"{""config"":[""Y+"",""Y""],""d"":7,""p"":0.0011}",
     30720,         4,         0,   0.211,pymatching,c5ca751aaccb112b2fc6f3e9a5b735918ad7833ac3069ee1270362dfaa2d7cfd,"{""config"":[""Y+"",""Y""],""d"":7,""p"":0.0018128205128205128}",
      7168,        90,         0,   0.119,pymatching,6492a75cf2d32538edb01866f3ae5f7d4206754a4e3c1ab604f05e688906edd5,"{""config"":[""Y+"",""Y""],""d"":7,""p"":0.00608974358974359}",
      1297,         0,         0,   0.010,pymatching,c5ca751aaccb112b2fc6f3e9a5b735918ad7833ac3069ee1270362dfaa2d7cfd,"{""config"":[""Y+"",""Y""],""d"":7,""p"":0.0018128205128205128}",
     12288,        88,         0,   0.151,pymatching,aa429589a3348e00898eb2b9a5a5dbd4f3b518fd65dc69aeba43d82ded161f49,"{""config"":[""Y+"",""Y""],""d"":7,""p"":0.004664102564102564}",
      6144,       110,         0,   0.110,pymatching,4451bbcae661709660b35391e8a3084afaa63de0e908cd1bd0670e791ea954b6,"{""config"":[""Y+"",""Y""],""d"":7,""p"":0.006446153846153846}",
     11264,        82,         0,   0.149,pymatching,8b3bc9bef2aea071ed74476e1e9f2dd5a1c3bf81e58b8bf69df925b82d1ba7a4,"{""config"":[""Y+"",""Y""],""d"":7,""p"":0.00502051282051282}",
      1297,         0,         0,   0.010,pymatching,0593b8800785d13d9a221cb2b81f5e7a731d05e015e3de03874f28a07d88f3ef,"{""config"":[""Y+"",""Y""],""d"":7,""p"":0.0014564102564102565}",
      4096,       190,         0,   0.095,pymatching,3bd54a3bd47e554c28acb0ccdc2d293bf8e234d4037ebf4628a2a14c089c22bc,"{""config"":[""Y+"",""Y""],""d"":7,""p"":0.008228205128205128}",
     32768,         1,         0,   0.206,pymatching,0593b8800785d13d9a221cb2b81f5e7a731d05e015e3de03874f28a07d88f3ef,"{""config"":[""Y+"",""Y""],""d"":7,""p"":0.0014564102564102565}",
      3072,         0,         0,   0.020,pymatching,e34529a27c2f8d5d8bc8d8e2e799cf1fb09be2666f89b6597da07e402b93b3a8,"{""config"":[""Y+"",""Y""],""d"":7,""p"":0.0011}",
     27648,         8,         0,   0.206,pymatching,b9c5ccfc1e3322d1df5fefe43bfc5cdf09fb6f8e87b1867c2b3d7adb9d9a40bd,"{""config"":[""Y+"",""Y""],""d"":7,""p"":0.002169230769230769}",
      2048,         0,         0,   0.014,pymatching,c5ca751aaccb112b2fc6f3e9a5b735918ad7833ac3069ee1270362dfaa2d7cfd,"{""config"":[""Y+"",""Y""],""d"":7,""p"":0.0018128205128205128}",
      3072,       190,         0,   0.082,pymatching,896d0ea116072cbd8ad1b3fd64d7f7cc41d578256d248094baa79fb33a248f85,"{""config"":[""Y+"",""Y""],""d"":7,""p"":0.009297435897435898}",
      6216,         0,         0,   0.035,pymatching,f1775c7e580d8f5fddb23efcaf637a9598af94daaad5195170fd5a28436ce87c,"{""config"":[""Y+"",""Y""],""d"":7,""p"":0.0005994842503189409}",
      1297,         1,         0,   0.013,pymatching,2c493731402f69a8580bdf5b58ad0e0c3f1b910fd2a23dc0feafd13baa269d2c,"{""config"":[""Y+"",""Y""],""d"":7,""p"":0.0025256410256410257}",
      8192,         0,         0,   0.045,pymatching,f1775c7e580d8f5fddb23efcaf637a9598af94daaad5195170fd5a28436ce87c,"{""config"":[""Y+"",""Y""],""d"":7,""p"":0.0005994842503189409}",
      8192,         0,         0,   0.045,pymatching,f1775c7e580d8f5fddb23efcaf637a9598af94daaad5195170fd5a28436ce87c,"{""config"":[""Y+"",""Y""],""d"":7,""p"":0.0005994842503189409}",
      3072,         0,         0,   0.021,pymatching,0593b8800785d13d9a221cb2b81f5e7a731d05e015e3de03874f28a07d88f3ef,"{""config"":[""Y+"",""Y""],""d"":7,""p"":0.0014564102564102565}",
      1297,         1,         0,   0.017,pymatching,c29daf484c9d432db8f543665f6277eae8f75a9a750a6f2b46c8830e5bd84bae,"{""config"":[""Y+"",""Y""],""d"":7,""p"":0.0028820512820512817}",
      3072,         0,         0,   0.021,pymatching,c5ca751aaccb112b2fc6f3e9a5b735918ad7833ac3069ee1270362dfaa2d7cfd,"{""config"":[""Y+"",""Y""],""d"":7,""p"":0.0018128205128205128}",
      1297,         0,         0,   0.011,pymatching,b9c5ccfc1e3322d1df5fefe43bfc5cdf09fb6f8e87b1867c2b3d7adb9d9a40bd,"{""config"":[""Y+"",""Y""],""d"":7,""p"":0.002169230769230769}",
      6144,       149,         0,   0.122,pymatching,ca26f21bc502402c28ed97c7f7c1d1b62a602b71eacb2a467149bdaa2f5d945c,"{""config"":[""Y+"",""Y""],""d"":7,""p"":0.007158974358974359}",
      4096,         0,         0,   0.026,pymatching,e34529a27c2f8d5d8bc8d8e2e799cf1fb09be2666f89b6597da07e402b93b3a8,"{""config"":[""Y+"",""Y""],""d"":7,""p"":0.0011}",
     10240,         0,         0,   0.058,pymatching,d964ce250f510f05b10feb424012badadf776273e0f85d97054e675ebf8d58cb,"{""config"":[""Y+"",""Y""],""d"":7,""p"":0.001}",
     23552,        13,         0,   0.206,pymatching,2c493731402f69a8580bdf5b58ad0e0c3f1b910fd2a23dc0feafd13baa269d2c,"{""config"":[""Y+"",""Y""],""d"":7,""p"":0.0025256410256410257}",
      3072,       246,         0,   0.088,pymatching,692fbbe2180d82609d8fbce9fb57749ad0991e5ec55e9756191425c80faae59e,"{""config"":[""Y+"",""Y""],""d"":7,""p"":0.009653846153846153}",
      2048,         0,         0,   0.019,pymatching,2c493731402f69a8580bdf5b58ad0e0c3f1b910fd2a23dc0feafd13baa269d2c,"{""config"":[""Y+"",""Y""],""d"":7,""p"":0.0025256410256410257}",
     24576,        22,         0,   0.212,pymatching,c29daf484c9d432db8f543665f6277eae8f75a9a750a6f2b46c8830e5bd84bae,"{""config"":[""Y+"",""Y""],""d"":7,""p"":0.0028820512820512817}",
      3072,       247,         0,   0.090,pymatching,dcb0664cc4001cb78081fe01626212576b37f8cde256abfb344daa96584a3829,"{""config"":[""Y+"",""Y""],""d"":7,""p"":0.010010256410256409}",
      2510,         0,         0,   0.015,pymatching,f1775c7e580d8f5fddb23efcaf637a9598af94daaad5195170fd5a28436ce87c,"{""config"":[""Y+"",""Y""],""d"":7,""p"":0.0005994842503189409}",
      4096,       242,         0,   0.098,pymatching,39816311c09a2c5e31164b1f4c1b13e066a5995d3dec728076bd565cb295a582,"{""config"":[""Y+"",""Y""],""d"":7,""p"":0.00894102564102564}",
      3072,         0,         0,   0.021,pymatching,0593b8800785d13d9a221cb2b81f5e7a731d05e015e3de03874f28a07d88f3ef,"{""config"":[""Y+"",""Y""],""d"":7,""p"":0.0014564102564102565}",
      2510,         0,         0,   0.014,pymatching,f1775c7e580d8f5fddb23efcaf637a9598af94daaad5195170fd5a28436ce87c,"{""config"":[""Y+"",""Y""],""d"":7,""p"":0.0005994842503189409}",
      2048,         0,         0,   0.016,pymatching,b9c5ccfc1e3322d1df5fefe43bfc5cdf09fb6f8e87b1867c2b3d7adb9d9a40bd,"{""config"":[""Y+"",""Y""],""d"":7,""p"":0.002169230769230769}",
      2510,         0,         0,   0.014,pymatching,f1775c7e580d8f5fddb23efcaf637a9598af94daaad5195170fd5a28436ce87c,"{""config"":[""Y+"",""Y""],""d"":7,""p"":0.0005994842503189409}",
     52224,         2,         0,   0.293,pymatching,d964ce250f510f05b10feb424012badadf776273e0f85d97054e675ebf8d58cb,"{""config"":[""Y+"",""Y""],""d"":7,""p"":0.001}",
     77152,         0,         0,   0.467,pymatching,d964ce250f510f05b10feb424012badadf776273e0f85d97054e675ebf8d58cb,"{""config"":[""Y+"",""Y""],""d"":7,""p"":0.001}",
      2048,         0,         0,   0.025,pymatching,c29daf484c9d432db8f543665f6277eae8f75a9a750a6f2b46c8830e5bd84bae,"{""config"":[""Y+"",""Y""],""d"":7,""p"":0.0028820512820512817}",
      4096,       208,         0,   0.099,pymatching,9b2a8307355599de2ebe16dc93ea18ea39317c205381e2f9b8f801c744e9d9aa,"{""config"":[""Y+"",""Y""],""d"":7,""p"":0.008584615384615385}",
     16384,      1273,         0,   0.427,pymatching,692fbbe2180d82609d8fbce9fb57749ad0991e5ec55e9756191425c80faae59e,"{""config"":[""Y+"",""Y""],""d"":7,""p"":0.009653846153846153}",
      4096,         1,         0,   0.028,pymatching,c5ca751aaccb112b2fc6f3e9a5b735918ad7833ac3069ee1270362dfaa2d7cfd,"{""config"":[""Y+"",""Y""],""d"":7,""p"":0.0018128205128205128}",
     19456,        45,         0,   0.211,pymatching,5bc48b83ec852cb30e501e5b0905235215d5d2acb38422d1ae9a4692a1dddcd3,"{""config"":[""Y+"",""Y""],""d"":7,""p"":0.0035948717948717946}",
      5120,         0,         0,   0.032,pymatching,e34529a27c2f8d5d8bc8d8e2e799cf1fb09be2666f89b6597da07e402b93b3a8,"{""config"":[""Y+"",""Y""],""d"":7,""p"":0.0011}",
      1024,        84,         0,   0.029,pymatching,692fbbe2180d82609d8fbce9fb57749ad0991e5ec55e9756191425c80faae59e,"{""config"":[""Y+"",""Y""],""d"":7,""p"":0.009653846153846153}",
     11264,       113,         0,   0.156,pymatching,44778f417ddefc9165e91ad4a5805c24dc79bdc9782a224c5d308d339d9e8097,"{""config"":[""Y+"",""Y""],""d"":7,""p"":0.005376923076923077}",
      3072,         2,         0,   0.028,pymatching,2c493731402f69a8580bdf5b58ad0e0c3f1b910fd2a23dc0feafd13baa269d2c,"{""config"":[""Y+"",""Y""],""d"":7,""p"":0.0025256410256410257}",
     21504,        32,         0,   0.216,pymatching,55e2052820d1a12ecd22092c6f5ca6c76ccd51891eb64142fab7e2d43f17862d,"{""config"":[""Y+"",""Y""],""d"":7,""p"":0.003238461538461538}",
      3072,         0,         0,   0.023,pymatching,b9c5ccfc1e3322d1df5fefe43bfc5cdf09fb6f8e87b1867c2b3d7adb9d9a40bd,"{""config"":[""Y+"",""Y""],""d"":7,""p"":0.002169230769230769}",
      4096,         0,         0,   0.028,pymatching,0593b8800785d13d9a221cb2b81f5e7a731d05e015e3de03874f28a07d88f3ef,"{""config"":[""Y+"",""Y""],""d"":7,""p"":0.0014564102564102565}",
      5120,       188,         0,   0.109,pymatching,82faf2022754eeaba2fa4ad6f0b446cd059fab8b1026aa30f38d63e60ddb0a0f,"{""config"":[""Y+"",""Y""],""d"":7,""p"":0.007515384615384615}",
      3072,         2,         0,   0.028,pymatching,c29daf484c9d432db8f543665f6277eae8f75a9a750a6f2b46c8830e5bd84bae,"{""config"":[""Y+"",""Y""],""d"":7,""p"":0.0028820512820512817}",
      5120,       195,         0,   0.107,pymatching,edd89b5b1ae934e17659c601172a1f72bc7f0d46450e5d70cf8d6579686bc1a9,"{""config"":[""Y+"",""Y""],""d"":7,""p"":0.007871794871794872}",
      4096,         2,         0,   0.031,pymatching,b9c5ccfc1e3322d1df5fefe43bfc5cdf09fb6f8e87b1867c2b3d7adb9d9a40bd,"{""config"":[""Y+"",""Y""],""d"":7,""p"":0.002169230769230769}",
      6144,         1,         0,   0.042,pymatching,c5ca751aaccb112b2fc6f3e9a5b735918ad7833ac3069ee1270362dfaa2d7cfd,"{""config"":[""Y+"",""Y""],""d"":7,""p"":0.0018128205128205128}",
      4096,         2,         0,   0.035,pymatching,2c493731402f69a8580bdf5b58ad0e0c3f1b910fd2a23dc0feafd13baa269d2c,"{""config"":[""Y+"",""Y""],""d"":7,""p"":0.0025256410256410257}",
      7168,         0,         0,   0.044,pymatching,e34529a27c2f8d5d8bc8d8e2e799cf1fb09be2666f89b6597da07e402b93b3a8,"{""config"":[""Y+"",""Y""],""d"":7,""p"":0.0011}",
     13312,         0,         0,   0.076,pymatching,d964ce250f510f05b10feb424012badadf776273e0f85d97054e675ebf8d58cb,"{""config"":[""Y+"",""Y""],""d"":7,""p"":0.001}",
      6144,         0,         0,   0.041,pymatching,0593b8800785d13d9a221cb2b81f5e7a731d05e015e3de03874f28a07d88f3ef,"{""config"":[""Y+"",""Y""],""d"":7,""p"":0.0014564102564102565}",
      4096,         0,         0,   0.036,pymatching,c29daf484c9d432db8f543665f6277eae8f75a9a750a6f2b46c8830e5bd84bae,"{""config"":[""Y+"",""Y""],""d"":7,""p"":0.0028820512820512817}",
      5120,       235,         0,   0.118,pymatching,3bd54a3bd47e554c28acb0ccdc2d293bf8e234d4037ebf4628a2a14c089c22bc,"{""config"":[""Y+"",""Y""],""d"":7,""p"":0.008228205128205128}",
      4096,       302,         0,   0.112,pymatching,896d0ea116072cbd8ad1b3fd64d7f7cc41d578256d248094baa79fb33a248f85,"{""config"":[""Y+"",""Y""],""d"":7,""p"":0.009297435897435898}",
      1297,         2,         0,   0.015,pymatching,55e2052820d1a12ecd22092c6f5ca6c76ccd51891eb64142fab7e2d43f17862d,"{""config"":[""Y+"",""Y""],""d"":7,""p"":0.003238461538461538}",
      1297,         4,         0,   0.017,pymatching,583761c35c6053557a126e62d723dad6630bce6cb9ef4b9b16e28bcd435dfb36,"{""config"":[""Y+"",""Y""],""d"":7,""p"":0.003951282051282051}",
      5120,         0,         0,   0.038,pymatching,b9c5ccfc1e3322d1df5fefe43bfc5cdf09fb6f8e87b1867c2b3d7adb9d9a40bd,"{""config"":[""Y+"",""Y""],""d"":7,""p"":0.002169230769230769}",
      1297,         0,         0,   0.016,pymatching,5bc48b83ec852cb30e501e5b0905235215d5d2acb38422d1ae9a4692a1dddcd3,"{""config"":[""Y+"",""Y""],""d"":7,""p"":0.0035948717948717946}",
      8192,       184,         0,   0.156,pymatching,54953947f3feebc7119bbdb3c90e47f38134f73533f9669982539c57c3f68cca,"{""config"":[""Y+"",""Y""],""d"":7,""p"":0.006802564102564103}",
     10240,       132,         0,   0.162,pymatching,1ded2928a119f1b6c0eb82651ab130497369e0a99313696e9ddd7d3d79cb15d2,"{""config"":[""Y+"",""Y""],""d"":7,""p"":0.005733333333333333}",
      9216,       137,         0,   0.153,pymatching,6492a75cf2d32538edb01866f3ae5f7d4206754a4e3c1ab604f05e688906edd5,"{""config"":[""Y+"",""Y""],""d"":7,""p"":0.00608974358974359}",
      2048,         5,         0,   0.021,pymatching,55e2052820d1a12ecd22092c6f5ca6c76ccd51891eb64142fab7e2d43f17862d,"{""config"":[""Y+"",""Y""],""d"":7,""p"":0.003238461538461538}",
      5120,         4,         0,   0.046,pymatching,2c493731402f69a8580bdf5b58ad0e0c3f1b910fd2a23dc0feafd13baa269d2c,"{""config"":[""Y+"",""Y""],""d"":7,""p"":0.0025256410256410257}",
      1297,         5,         0,   0.018,pymatching,72809015876d1f9b8ff5ff89d3ce2a1c29e73672373efd2eb3e8fd9cda3edd02,"{""config"":[""Y+"",""Y""],""d"":7,""p"":0.0043076923076923075}",
      2048,         7,         0,   0.024,pymatching,583761c35c6053557a126e62d723dad6630bce6cb9ef4b9b16e28bcd435dfb36,"{""config"":[""Y+"",""Y""],""d"":7,""p"":0.003951282051282051}",
      8192,         0,         0,   0.056,pymatching,c5ca751aaccb112b2fc6f3e9a5b735918ad7833ac3069ee1270362dfaa2d7cfd,"{""config"":[""Y+"",""Y""],""d"":7,""p"":0.0018128205128205128}",
      1297,         3,         0,   0.017,pymatching,aa429589a3348e00898eb2b9a5a5dbd4f3b518fd65dc69aeba43d82ded161f49,"{""config"":[""Y+"",""Y""],""d"":7,""p"":0.004664102564102564}",
     93877,         0,         0,   0.580,pymatching,e34529a27c2f8d5d8bc8d8e2e799cf1fb09be2666f89b6597da07e402b93b3a8,"{""config"":[""Y+"",""Y""],""d"":7,""p"":0.0011}",
      4096,       378,         0,   0.120,pymatching,dcb0664cc4001cb78081fe01626212576b37f8cde256abfb344daa96584a3829,"{""config"":[""Y+"",""Y""],""d"":7,""p"":0.010010256410256409}",
     18432,        54,         0,   0.213,pymatching,583761c35c6053557a126e62d723dad6630bce6cb9ef4b9b16e28bcd435dfb36,"{""config"":[""Y+"",""Y""],""d"":7,""p"":0.003951282051282051}",
      5120,         1,         0,   0.045,pymatching,c29daf484c9d432db8f543665f6277eae8f75a9a750a6f2b46c8830e5bd84bae,"{""config"":[""Y+"",""Y""],""d"":7,""p"":0.0028820512820512817}",
      2048,         5,         0,   0.023,pymatching,5bc48b83ec852cb30e501e5b0905235215d5d2acb38422d1ae9a4692a1dddcd3,"{""config"":[""Y+"",""Y""],""d"":7,""p"":0.0035948717948717946}",
     18432,        88,         0,   0.211,pymatching,72809015876d1f9b8ff5ff89d3ce2a1c29e73672373efd2eb3e8fd9cda3edd02,"{""config"":[""Y+"",""Y""],""d"":7,""p"":0.0043076923076923075}",
      9216,       162,         0,   0.165,pymatching,4451bbcae661709660b35391e8a3084afaa63de0e908cd1bd0670e791ea954b6,"{""config"":[""Y+"",""Y""],""d"":7,""p"":0.006446153846153846}",
      5120,       285,         0,   0.122,pymatching,39816311c09a2c5e31164b1f4c1b13e066a5995d3dec728076bd565cb295a582,"{""config"":[""Y+"",""Y""],""d"":7,""p"":0.00894102564102564}",
      9216,         0,         0,   0.058,pymatching,e34529a27c2f8d5d8bc8d8e2e799cf1fb09be2666f89b6597da07e402b93b3a8,"{""config"":[""Y+"",""Y""],""d"":7,""p"":0.0011}",
     10042,         0,         0,   0.056,pymatching,d964ce250f510f05b10feb424012badadf776273e0f85d97054e675ebf8d58cb,"{""config"":[""Y+"",""Y""],""d"":7,""p"":0.001}",
      2048,         1,         0,   0.021,pymatching,55e2052820d1a12ecd22092c6f5ca6c76ccd51891eb64142fab7e2d43f17862d,"{""config"":[""Y+"",""Y""],""d"":7,""p"":0.003238461538461538}",
      8192,         0,         0,   0.056,pymatching,0593b8800785d13d9a221cb2b81f5e7a731d05e015e3de03874f28a07d88f3ef,"{""config"":[""Y+"",""Y""],""d"":7,""p"":0.0014564102564102565}",
     21504,         0,         0,   0.120,pymatching,d964ce250f510f05b10feb424012badadf776273e0f85d97054e675ebf8d58cb,"{""config"":[""Y+"",""Y""],""d"":7,""p"":0.001}",
      2048,         9,         0,   0.026,pymatching,72809015876d1f9b8ff5ff89d3ce2a1c29e73672373efd2eb3e8fd9cda3edd02,"{""config"":[""Y+"",""Y""],""d"":7,""p"":0.0043076923076923075}",
     15569,         0,         0,   0.106,pymatching,d964ce250f510f05b10feb424012badadf776273e0f85d97054e675ebf8d58cb,"{""config"":[""Y+"",""Y""],""d"":7,""p"":0.001}",
      2048,         7,         0,   0.024,pymatching,583761c35c6053557a126e62d723dad6630bce6cb9ef4b9b16e28bcd435dfb36,"{""config"":[""Y+"",""Y""],""d"":7,""p"":0.003951282051282051}",
      5120,       262,         0,   0.126,pymatching,9b2a8307355599de2ebe16dc93ea18ea39317c205381e2f9b8f801c744e9d9aa,"{""config"":[""Y+"",""Y""],""d"":7,""p"":0.008584615384615385}",
      2048,        10,         0,   0.025,pymatching,aa429589a3348e00898eb2b9a5a5dbd4f3b518fd65dc69aeba43d82ded161f49,"{""config"":[""Y+"",""Y""],""d"":7,""p"":0.004664102564102564}",
      2048,         3,         0,   0.023,pymatching,5bc48b83ec852cb30e501e5b0905235215d5d2acb38422d1ae9a4692a1dddcd3,"{""config"":[""Y+"",""Y""],""d"":7,""p"":0.0035948717948717946}",
      8192,       230,         0,   0.163,pymatching,ca26f21bc502402c28ed97c7f7c1d1b62a602b71eacb2a467149bdaa2f5d945c,"{""config"":[""Y+"",""Y""],""d"":7,""p"":0.007158974358974359}",
      3212,         0,         0,   0.018,pymatching,d964ce250f510f05b10feb424012badadf776273e0f85d97054e675ebf8d58cb,"{""config"":[""Y+"",""Y""],""d"":7,""p"":0.001}",
      8192,         0,         0,   0.060,pymatching,b9c5ccfc1e3322d1df5fefe43bfc5cdf09fb6f8e87b1867c2b3d7adb9d9a40bd,"{""config"":[""Y+"",""Y""],""d"":7,""p"":0.002169230769230769}",
      3072,         3,         0,   0.031,pymatching,55e2052820d1a12ecd22092c6f5ca6c76ccd51891eb64142fab7e2d43f17862d,"{""config"":[""Y+"",""Y""],""d"":7,""p"":0.003238461538461538}",
      3072,         0,         0,   0.019,pymatching,d964ce250f510f05b10feb424012badadf776273e0f85d97054e675ebf8d58cb,"{""config"":[""Y+"",""Y""],""d"":7,""p"":0.001}",
      2141,         0,         0,   0.014,pymatching,d964ce250f510f05b10feb424012badadf776273e0f85d97054e675ebf8d58cb,"{""config"":[""Y+"",""Y""],""d"":7,""p"":0.001}",
      6144,         4,         0,   0.054,pymatching,2c493731402f69a8580bdf5b58ad0e0c3f1b910fd2a23dc0feafd13baa269d2c,"{""config"":[""Y+"",""Y""],""d"":7,""p"":0.0025256410256410257}",
       138,         0,         0,   0.001,pymatching,d964ce250f510f05b10feb424012badadf776273e0f85d97054e675ebf8d58cb,"{""config"":[""Y+"",""Y""],""d"":7,""p"":0.001}",
      2048,         9,         0,   0.026,pymatching,72809015876d1f9b8ff5ff89d3ce2a1c29e73672373efd2eb3e8fd9cda3edd02,"{""config"":[""Y+"",""Y""],""d"":7,""p"":0.0043076923076923075}",
     16384,      1398,         0,   0.481,pymatching,dcb0664cc4001cb78081fe01626212576b37f8cde256abfb344daa96584a3829,"{""config"":[""Y+"",""Y""],""d"":7,""p"":0.010010256410256409}",
      2048,        16,         0,   0.025,pymatching,aa429589a3348e00898eb2b9a5a5dbd4f3b518fd65dc69aeba43d82ded161f49,"{""config"":[""Y+"",""Y""],""d"":7,""p"":0.004664102564102564}",
       403,         0,         0,   0.002,pymatching,d964ce250f510f05b10feb424012badadf776273e0f85d97054e675ebf8d58cb,"{""config"":[""Y+"",""Y""],""d"":7,""p"":0.001}",
       223,         0,         0,   0.001,pymatching,d964ce250f510f05b10feb424012badadf776273e0f85d97054e675ebf8d58cb,"{""config"":[""Y+"",""Y""],""d"":7,""p"":0.001}",
     17408,       100,         0,   0.215,pymatching,aa429589a3348e00898eb2b9a5a5dbd4f3b518fd65dc69aeba43d82ded161f49,"{""config"":[""Y+"",""Y""],""d"":7,""p"":0.004664102564102564}",
       223,         0,         0,   0.001,pymatching,d964ce250f510f05b10feb424012badadf776273e0f85d97054e675ebf8d58cb,"{""config"":[""Y+"",""Y""],""d"":7,""p"":0.001}",
     16384,        94,         0,   0.215,pymatching,8b3bc9bef2aea071ed74476e1e9f2dd5a1c3bf81e58b8bf69df925b82d1ba7a4,"{""config"":[""Y+"",""Y""],""d"":7,""p"":0.00502051282051282}",
      6144,         6,         0,   0.054,pymatching,c29daf484c9d432db8f543665f6277eae8f75a9a750a6f2b46c8830e5bd84bae,"{""config"":[""Y+"",""Y""],""d"":7,""p"":0.0028820512820512817}",
      3072,         9,         0,   0.035,pymatching,583761c35c6053557a126e62d723dad6630bce6cb9ef4b9b16e28bcd435dfb36,"{""config"":[""Y+"",""Y""],""d"":7,""p"":0.003951282051282051}",
     43379,         0,         0,   0.250,pymatching,e34529a27c2f8d5d8bc8d8e2e799cf1fb09be2666f89b6597da07e402b93b3a8,"{""config"":[""Y+"",""Y""],""d"":7,""p"":0.0011}",
      3072,         3,         0,   0.033,pymatching,5bc48b83ec852cb30e501e5b0905235215d5d2acb38422d1ae9a4692a1dddcd3,"{""config"":[""Y+"",""Y""],""d"":7,""p"":0.0035948717948717946}",
       149,         0,         0,   0.001,pymatching,d964ce250f510f05b10feb424012badadf776273e0f85d97054e675ebf8d58cb,"{""config"":[""Y+"",""Y""],""d"":7,""p"":0.001}",
      2048,       178,         0,   0.060,pymatching,dcb0664cc4001cb78081fe01626212576b37f8cde256abfb344daa96584a3829,"{""config"":[""Y+"",""Y""],""d"":7,""p"":0.010010256410256409}",
        25,         0,         0,   0.001,pymatching,d964ce250f510f05b10feb424012badadf776273e0f85d97054e675ebf8d58cb,"{""config"":[""Y+"",""Y""],""d"":7,""p"":0.001}",
      7168,       231,         0,   0.150,pymatching,82faf2022754eeaba2fa4ad6f0b446cd059fab8b1026aa30f38d63e60ddb0a0f,"{""config"":[""Y+"",""Y""],""d"":7,""p"":0.007515384615384615}",
        16,         0,         0,   0.000,pymatching,d964ce250f510f05b10feb424012badadf776273e0f85d97054e675ebf8d58cb,"{""config"":[""Y+"",""Y""],""d"":7,""p"":0.001}",
     11264,         3,         0,   0.077,pymatching,c5ca751aaccb112b2fc6f3e9a5b735918ad7833ac3069ee1270362dfaa2d7cfd,"{""config"":[""Y+"",""Y""],""d"":7,""p"":0.0018128205128205128}",
        16,         0,         0,   0.000,pymatching,d964ce250f510f05b10feb424012badadf776273e0f85d97054e675ebf8d58cb,"{""config"":[""Y+"",""Y""],""d"":7,""p"":0.001}",
         7,         0,         0,   0.000,pymatching,d964ce250f510f05b10feb424012badadf776273e0f85d97054e675ebf8d58cb,"{""config"":[""Y+"",""Y""],""d"":7,""p"":0.001}",
      4096,         8,         0,   0.041,pymatching,55e2052820d1a12ecd22092c6f5ca6c76ccd51891eb64142fab7e2d43f17862d,"{""config"":[""Y+"",""Y""],""d"":7,""p"":0.003238461538461538}",
         6,         0,         0,   0.000,pymatching,d964ce250f510f05b10feb424012badadf776273e0f85d97054e675ebf8d58cb,"{""config"":[""Y+"",""Y""],""d"":7,""p"":0.001}",
      3072,        20,         0,   0.038,pymatching,72809015876d1f9b8ff5ff89d3ce2a1c29e73672373efd2eb3e8fd9cda3edd02,"{""config"":[""Y+"",""Y""],""d"":7,""p"":0.0043076923076923075}",
     12288,         0,         0,   0.077,pymatching,e34529a27c2f8d5d8bc8d8e2e799cf1fb09be2666f89b6597da07e402b93b3a8,"{""config"":[""Y+"",""Y""],""d"":7,""p"":0.0011}",
      3072,        21,         0,   0.038,pymatching,aa429589a3348e00898eb2b9a5a5dbd4f3b518fd65dc69aeba43d82ded161f49,"{""config"":[""Y+"",""Y""],""d"":7,""p"":0.004664102564102564}",
         1,         0,         0,   0.000,pymatching,d964ce250f510f05b10feb424012badadf776273e0f85d97054e675ebf8d58cb,"{""config"":[""Y+"",""Y""],""d"":7,""p"":0.001}",
     11264,         1,         0,   0.076,pymatching,0593b8800785d13d9a221cb2b81f5e7a731d05e015e3de03874f28a07d88f3ef,"{""config"":[""Y+"",""Y""],""d"":7,""p"":0.0014564102564102565}",
         1,         0,         0,   0.000,pymatching,d964ce250f510f05b10feb424012badadf776273e0f85d97054e675ebf8d58cb,"{""config"":[""Y+"",""Y""],""d"":7,""p"":0.001}",
         1,         0,         0,   0.000,pymatching,d964ce250f510f05b10feb424012badadf776273e0f85d97054e675ebf8d58cb,"{""config"":[""Y+"",""Y""],""d"":7,""p"":0.001}",
      8192,       337,         0,   0.168,pymatching,edd89b5b1ae934e17659c601172a1f72bc7f0d46450e5d70cf8d6579686bc1a9,"{""config"":[""Y+"",""Y""],""d"":7,""p"":0.007871794871794872}",
      4096,         8,         0,   0.047,pymatching,583761c35c6053557a126e62d723dad6630bce6cb9ef4b9b16e28bcd435dfb36,"{""config"":[""Y+"",""Y""],""d"":7,""p"":0.003951282051282051}",
      4096,         9,         0,   0.045,pymatching,5bc48b83ec852cb30e501e5b0905235215d5d2acb38422d1ae9a4692a1dddcd3,"{""config"":[""Y+"",""Y""],""d"":7,""p"":0.0035948717948717946}",
     10240,         3,         0,   0.076,pymatching,b9c5ccfc1e3322d1df5fefe43bfc5cdf09fb6f8e87b1867c2b3d7adb9d9a40bd,"{""config"":[""Y+"",""Y""],""d"":7,""p"":0.002169230769230769}",
     15360,       138,         0,   0.214,pymatching,44778f417ddefc9165e91ad4a5805c24dc79bdc9782a224c5d308d339d9e8097,"{""config"":[""Y+"",""Y""],""d"":7,""p"":0.005376923076923077}",
     41984,         5,         0,   0.289,pymatching,c5ca751aaccb112b2fc6f3e9a5b735918ad7833ac3069ee1270362dfaa2d7cfd,"{""config"":[""Y+"",""Y""],""d"":7,""p"":0.0018128205128205128}",
      9216,         4,         0,   0.083,pymatching,2c493731402f69a8580bdf5b58ad0e0c3f1b910fd2a23dc0feafd13baa269d2c,"{""config"":[""Y+"",""Y""],""d"":7,""p"":0.0025256410256410257}",
     95584,         5,         0,   0.611,pymatching,0593b8800785d13d9a221cb2b81f5e7a731d05e015e3de03874f28a07d88f3ef,"{""config"":[""Y+"",""Y""],""d"":7,""p"":0.0014564102564102565}",
      7168,       335,         0,   0.167,pymatching,3bd54a3bd47e554c28acb0ccdc2d293bf8e234d4037ebf4628a2a14c089c22bc,"{""config"":[""Y+"",""Y""],""d"":7,""p"":0.008228205128205128}",
     45056,         1,         0,   0.284,pymatching,0593b8800785d13d9a221cb2b81f5e7a731d05e015e3de03874f28a07d88f3ef,"{""config"":[""Y+"",""Y""],""d"":7,""p"":0.0014564102564102565}",
      6144,       441,         0,   0.165,pymatching,896d0ea116072cbd8ad1b3fd64d7f7cc41d578256d248094baa79fb33a248f85,"{""config"":[""Y+"",""Y""],""d"":7,""p"":0.009297435897435898}",
      4096,        15,         0,   0.051,pymatching,72809015876d1f9b8ff5ff89d3ce2a1c29e73672373efd2eb3e8fd9cda3edd02,"{""config"":[""Y+"",""Y""],""d"":7,""p"":0.0043076923076923075}",
      9216,         4,         0,   0.081,pymatching,c29daf484c9d432db8f543665f6277eae8f75a9a750a6f2b46c8830e5bd84bae,"{""config"":[""Y+"",""Y""],""d"":7,""p"":0.0028820512820512817}",
      4096,        27,         0,   0.051,pymatching,aa429589a3348e00898eb2b9a5a5dbd4f3b518fd65dc69aeba43d82ded161f49,"{""config"":[""Y+"",""Y""],""d"":7,""p"":0.004664102564102564}",
     38912,        10,         0,   0.291,pymatching,b9c5ccfc1e3322d1df5fefe43bfc5cdf09fb6f8e87b1867c2b3d7adb9d9a40bd,"{""config"":[""Y+"",""Y""],""d"":7,""p"":0.002169230769230769}",
      6144,        17,         0,   0.062,pymatching,55e2052820d1a12ecd22092c6f5ca6c76ccd51891eb64142fab7e2d43f17862d,"{""config"":[""Y+"",""Y""],""d"":7,""p"":0.003238461538461538}",
      1297,         9,         0,   0.021,pymatching,44778f417ddefc9165e91ad4a5805c24dc79bdc9782a224c5d308d339d9e8097,"{""config"":[""Y+"",""Y""],""d"":7,""p"":0.005376923076923077}",
      1297,        14,         0,   0.020,pymatching,8b3bc9bef2aea071ed74476e1e9f2dd5a1c3bf81e58b8bf69df925b82d1ba7a4,"{""config"":[""Y+"",""Y""],""d"":7,""p"":0.00502051282051282}",
      6144,       366,         0,   0.148,pymatching,39816311c09a2c5e31164b1f4c1b13e066a5995d3dec728076bd565cb295a582,"{""config"":[""Y+"",""Y""],""d"":7,""p"":0.00894102564102564}",
    138240,        60,         0,    1.11,pymatching,2c493731402f69a8580bdf5b58ad0e0c3f1b910fd2a23dc0feafd13baa269d2c,"{""config"":[""Y+"",""Y""],""d"":7,""p"":0.0025256410256410257}",
      5120,        12,         0,   0.058,pymatching,583761c35c6053557a126e62d723dad6630bce6cb9ef4b9b16e28bcd435dfb36,"{""config"":[""Y+"",""Y""],""d"":7,""p"":0.003951282051282051}",
      5120,         6,         0,   0.056,pymatching,5bc48b83ec852cb30e501e5b0905235215d5d2acb38422d1ae9a4692a1dddcd3,"{""config"":[""Y+"",""Y""],""d"":7,""p"":0.0035948717948717946}",
      1024,        12,         0,   0.015,pymatching,44778f417ddefc9165e91ad4a5805c24dc79bdc9782a224c5d308d339d9e8097,"{""config"":[""Y+"",""Y""],""d"":7,""p"":0.005376923076923077}",
      1024,        13,         0,   0.014,pymatching,8b3bc9bef2aea071ed74476e1e9f2dd5a1c3bf81e58b8bf69df925b82d1ba7a4,"{""config"":[""Y+"",""Y""],""d"":7,""p"":0.00502051282051282}",
     25847,         0,         0,   0.159,pymatching,e34529a27c2f8d5d8bc8d8e2e799cf1fb09be2666f89b6597da07e402b93b3a8,"{""config"":[""Y+"",""Y""],""d"":7,""p"":0.0011}",
     13559,         0,         0,   0.086,pymatching,e34529a27c2f8d5d8bc8d8e2e799cf1fb09be2666f89b6597da07e402b93b3a8,"{""config"":[""Y+"",""Y""],""d"":7,""p"":0.0011}",
      6144,       329,         0,   0.150,pymatching,9b2a8307355599de2ebe16dc93ea18ea39317c205381e2f9b8f801c744e9d9aa,"{""config"":[""Y+"",""Y""],""d"":7,""p"":0.008584615384615385}",
     33792,        12,         0,   0.294,pymatching,2c493731402f69a8580bdf5b58ad0e0c3f1b910fd2a23dc0feafd13baa269d2c,"{""config"":[""Y+"",""Y""],""d"":7,""p"":0.0025256410256410257}",
     33792,        21,         0,   0.292,pymatching,c29daf484c9d432db8f543665f6277eae8f75a9a750a6f2b46c8830e5bd84bae,"{""config"":[""Y+"",""Y""],""d"":7,""p"":0.0028820512820512817}",
     18432,         0,         0,   0.107,pymatching,e34529a27c2f8d5d8bc8d8e2e799cf1fb09be2666f89b6597da07e402b93b3a8,"{""config"":[""Y+"",""Y""],""d"":7,""p"":0.0011}",
     15360,         3,         0,   0.106,pymatching,c5ca751aaccb112b2fc6f3e9a5b735918ad7833ac3069ee1270362dfaa2d7cfd,"{""config"":[""Y+"",""Y""],""d"":7,""p"":0.0018128205128205128}",
      2048,        11,         0,   0.028,pymatching,8b3bc9bef2aea071ed74476e1e9f2dd5a1c3bf81e58b8bf69df925b82d1ba7a4,"{""config"":[""Y+"",""Y""],""d"":7,""p"":0.00502051282051282}",
      2048,        27,         0,   0.030,pymatching,44778f417ddefc9165e91ad4a5805c24dc79bdc9782a224c5d308d339d9e8097,"{""config"":[""Y+"",""Y""],""d"":7,""p"":0.005376923076923077}",
     11264,       284,         0,   0.214,pymatching,54953947f3feebc7119bbdb3c90e47f38134f73533f9669982539c57c3f68cca,"{""config"":[""Y+"",""Y""],""d"":7,""p"":0.006802564102564103}",
     12288,       194,         0,   0.206,pymatching,6492a75cf2d32538edb01866f3ae5f7d4206754a4e3c1ab604f05e688906edd5,"{""config"":[""Y+"",""Y""],""d"":7,""p"":0.00608974358974359}",
      2472,         0,         0,   0.015,pymatching,e34529a27c2f8d5d8bc8d8e2e799cf1fb09be2666f89b6597da07e402b93b3a8,"{""config"":[""Y+"",""Y""],""d"":7,""p"":0.0011}",
     13312,       177,         0,   0.211,pymatching,1ded2928a119f1b6c0eb82651ab130497369e0a99313696e9ddd7d3d79cb15d2,"{""config"":[""Y+"",""Y""],""d"":7,""p"":0.005733333333333333}",
      5120,        26,         0,   0.063,pymatching,72809015876d1f9b8ff5ff89d3ce2a1c29e73672373efd2eb3e8fd9cda3edd02,"{""config"":[""Y+"",""Y""],""d"":7,""p"":0.0043076923076923075}",
     27648,        40,         0,   0.297,pymatching,5bc48b83ec852cb30e501e5b0905235215d5d2acb38422d1ae9a4692a1dddcd3,"{""config"":[""Y+"",""Y""],""d"":7,""p"":0.0035948717948717946}",
      2471,         0,         0,   0.016,pymatching,e34529a27c2f8d5d8bc8d8e2e799cf1fb09be2666f89b6597da07e402b93b3a8,"{""config"":[""Y+"",""Y""],""d"":7,""p"":0.0011}",
     16384,         1,         0,   0.111,pymatching,0593b8800785d13d9a221cb2b81f5e7a731d05e015e3de03874f28a07d88f3ef,"{""config"":[""Y+"",""Y""],""d"":7,""p"":0.0014564102564102565}",
      2472,         0,         0,   0.015,pymatching,e34529a27c2f8d5d8bc8d8e2e799cf1fb09be2666f89b6597da07e402b93b3a8,"{""config"":[""Y+"",""Y""],""d"":7,""p"":0.0011}",
      5120,        29,         0,   0.063,pymatching,aa429589a3348e00898eb2b9a5a5dbd4f3b518fd65dc69aeba43d82ded161f49,"{""config"":[""Y+"",""Y""],""d"":7,""p"":0.004664102564102564}",
    129024,       109,         0,    1.11,pymatching,c29daf484c9d432db8f543665f6277eae8f75a9a750a6f2b46c8830e5bd84bae,"{""config"":[""Y+"",""Y""],""d"":7,""p"":0.0028820512820512817}",
     29696,        34,         0,   0.296,pymatching,55e2052820d1a12ecd22092c6f5ca6c76ccd51891eb64142fab7e2d43f17862d,"{""config"":[""Y+"",""Y""],""d"":7,""p"":0.003238461538461538}",
      1297,        28,         0,   0.024,pymatching,4451bbcae661709660b35391e8a3084afaa63de0e908cd1bd0670e791ea954b6,"{""config"":[""Y+"",""Y""],""d"":7,""p"":0.006446153846153846}",
    119808,       140,         0,    1.12,pymatching,55e2052820d1a12ecd22092c6f5ca6c76ccd51891eb64142fab7e2d43f17862d,"{""config"":[""Y+"",""Y""],""d"":7,""p"":0.003238461538461538}",
      2048,        15,         0,   0.029,pymatching,8b3bc9bef2aea071ed74476e1e9f2dd5a1c3bf81e58b8bf69df925b82d1ba7a4,"{""config"":[""Y+"",""Y""],""d"":7,""p"":0.00502051282051282}",
      1297,        15,         0,   0.023,pymatching,1ded2928a119f1b6c0eb82651ab130497369e0a99313696e9ddd7d3d79cb15d2,"{""config"":[""Y+"",""Y""],""d"":7,""p"":0.005733333333333333}",
     12288,       230,         0,   0.217,pymatching,4451bbcae661709660b35391e8a3084afaa63de0e908cd1bd0670e791ea954b6,"{""config"":[""Y+"",""Y""],""d"":7,""p"":0.006446153846153846}",
     14336,         3,         0,   0.107,pymatching,b9c5ccfc1e3322d1df5fefe43bfc5cdf09fb6f8e87b1867c2b3d7adb9d9a40bd,"{""config"":[""Y+"",""Y""],""d"":7,""p"":0.002169230769230769}",
      2048,        17,         0,   0.031,pymatching,44778f417ddefc9165e91ad4a5805c24dc79bdc9782a224c5d308d339d9e8097,"{""config"":[""Y+"",""Y""],""d"":7,""p"":0.005376923076923077}",
      8192,        14,         0,   0.082,pymatching,55e2052820d1a12ecd22092c6f5ca6c76ccd51891eb64142fab7e2d43f17862d,"{""config"":[""Y+"",""Y""],""d"":7,""p"":0.003238461538461538}",
      1024,        24,         0,   0.018,pymatching,4451bbcae661709660b35391e8a3084afaa63de0e908cd1bd0670e791ea954b6,"{""config"":[""Y+"",""Y""],""d"":7,""p"":0.006446153846153846}",
    110592,       222,         0,    1.11,pymatching,5bc48b83ec852cb30e501e5b0905235215d5d2acb38422d1ae9a4692a1dddcd3,"{""config"":[""Y+"",""Y""],""d"":7,""p"":0.0035948717948717946}",
     28672,      1957,         0,   0.721,pymatching,896d0ea116072cbd8ad1b3fd64d7f7cc41d578256d248094baa79fb33a248f85,"{""config"":[""Y+"",""Y""],""d"":7,""p"":0.009297435897435898}",
     12288,         8,         0,   0.106,pymatching,2c493731402f69a8580bdf5b58ad0e0c3f1b910fd2a23dc0feafd13baa269d2c,"{""config"":[""Y+"",""Y""],""d"":7,""p"":0.0025256410256410257}",
      1297,        29,         0,   0.028,pymatching,6492a75cf2d32538edb01866f3ae5f7d4206754a4e3c1ab604f05e688906edd5,"{""config"":[""Y+"",""Y""],""d"":7,""p"":0.00608974358974359}",
      1024,        10,         0,   0.017,pymatching,1ded2928a119f1b6c0eb82651ab130497369e0a99313696e9ddd7d3d79cb15d2,"{""config"":[""Y+"",""Y""],""d"":7,""p"":0.005733333333333333}",
      7168,        15,         0,   0.078,pymatching,5bc48b83ec852cb30e501e5b0905235215d5d2acb38422d1ae9a4692a1dddcd3,"{""config"":[""Y+"",""Y""],""d"":7,""p"":0.0035948717948717946}",
      4096,       301,         0,   0.109,pymatching,896d0ea116072cbd8ad1b3fd64d7f7cc41d578256d248094baa79fb33a248f85,"{""config"":[""Y+"",""Y""],""d"":7,""p"":0.009297435897435898}",
      7168,        23,         0,   0.082,pymatching,583761c35c6053557a126e62d723dad6630bce6cb9ef4b9b16e28bcd435dfb36,"{""config"":[""Y+"",""Y""],""d"":7,""p"":0.003951282051282051}",
     12288,         7,         0,   0.108,pymatching,c29daf484c9d432db8f543665f6277eae8f75a9a750a6f2b46c8830e5bd84bae,"{""config"":[""Y+"",""Y""],""d"":7,""p"":0.0028820512820512817}",
     17760,         0,         0,   0.115,pymatching,0593b8800785d13d9a221cb2b81f5e7a731d05e015e3de03874f28a07d88f3ef,"{""config"":[""Y+"",""Y""],""d"":7,""p"":0.0014564102564102565}",
     18024,         1,         0,   0.113,pymatching,0593b8800785d13d9a221cb2b81f5e7a731d05e015e3de03874f28a07d88f3ef,"{""config"":[""Y+"",""Y""],""d"":7,""p"":0.0014564102564102565}",
      1024,        26,         0,   0.019,pymatching,6492a75cf2d32538edb01866f3ae5f7d4206754a4e3c1ab604f05e688906edd5,"{""config"":[""Y+"",""Y""],""d"":7,""p"":0.00608974358974359}",
     11264,       288,         0,   0.223,pymatching,ca26f21bc502402c28ed97c7f7c1d1b62a602b71eacb2a467149bdaa2f5d945c,"{""config"":[""Y+"",""Y""],""d"":7,""p"":0.007158974358974359}",
     96256,       253,         0,    1.11,pymatching,583761c35c6053557a126e62d723dad6630bce6cb9ef4b9b16e28bcd435dfb36,"{""config"":[""Y+"",""Y""],""d"":7,""p"":0.003951282051282051}",
      3072,        28,         0,   0.043,pymatching,8b3bc9bef2aea071ed74476e1e9f2dd5a1c3bf81e58b8bf69df925b82d1ba7a4,"{""config"":[""Y+"",""Y""],""d"":7,""p"":0.00502051282051282}",
      2048,        29,         0,   0.036,pymatching,4451bbcae661709660b35391e8a3084afaa63de0e908cd1bd0670e791ea954b6,"{""config"":[""Y+"",""Y""],""d"":7,""p"":0.006446153846153846}",
      3072,        28,         0,   0.046,pymatching,44778f417ddefc9165e91ad4a5805c24dc79bdc9782a224c5d308d339d9e8097,"{""config"":[""Y+"",""Y""],""d"":7,""p"":0.005376923076923077}",
      2048,        28,         0,   0.033,pymatching,1ded2928a119f1b6c0eb82651ab130497369e0a99313696e9ddd7d3d79cb15d2,"{""config"":[""Y+"",""Y""],""d"":7,""p"":0.005733333333333333}",
      6144,        29,         0,   0.077,pymatching,72809015876d1f9b8ff5ff89d3ce2a1c29e73672373efd2eb3e8fd9cda3edd02,"{""config"":[""Y+"",""Y""],""d"":7,""p"":0.0043076923076923075}",
     90112,       333,         0,    1.12,pymatching,72809015876d1f9b8ff5ff89d3ce2a1c29e73672373efd2eb3e8fd9cda3edd02,"{""config"":[""Y+"",""Y""],""d"":7,""p"":0.0043076923076923075}",
      6144,        32,         0,   0.075,pymatching,aa429589a3348e00898eb2b9a5a5dbd4f3b518fd65dc69aeba43d82ded161f49,"{""config"":[""Y+"",""Y""],""d"":7,""p"":0.004664102564102564}",
      2003,         0,         0,   0.013,pymatching,0593b8800785d13d9a221cb2b81f5e7a731d05e015e3de03874f28a07d88f3ef,"{""config"":[""Y+"",""Y""],""d"":7,""p"":0.0014564102564102565}",
      1024,        18,         0,   0.020,pymatching,6492a75cf2d32538edb01866f3ae5f7d4206754a4e3c1ab604f05e688906edd5,"{""config"":[""Y+"",""Y""],""d"":7,""p"":0.00608974358974359}",
     91136,       479,         0,    1.11,pymatching,aa429589a3348e00898eb2b9a5a5dbd4f3b518fd65dc69aeba43d82ded161f49,"{""config"":[""Y+"",""Y""],""d"":7,""p"":0.004664102564102564}",
     12288,         1,         0,   0.084,pymatching,0593b8800785d13d9a221cb2b81f5e7a731d05e015e3de03874f28a07d88f3ef,"{""config"":[""Y+"",""Y""],""d"":7,""p"":0.0014564102564102565}",
     10240,       344,         0,   0.217,pymatching,82faf2022754eeaba2fa4ad6f0b446cd059fab8b1026aa30f38d63e60ddb0a0f,"{""config"":[""Y+"",""Y""],""d"":7,""p"":0.007515384615384615}",
     25600,        59,         0,   0.295,pymatching,583761c35c6053557a126e62d723dad6630bce6cb9ef4b9b16e28bcd435dfb36,"{""config"":[""Y+"",""Y""],""d"":7,""p"":0.003951282051282051}",
       668,         0,         0,   0.005,pymatching,0593b8800785d13d9a221cb2b81f5e7a731d05e015e3de03874f28a07d88f3ef,"{""config"":[""Y+"",""Y""],""d"":7,""p"":0.0014564102564102565}",
     25600,       105,         0,   0.294,pymatching,72809015876d1f9b8ff5ff89d3ce2a1c29e73672373efd2eb3e8fd9cda3edd02,"{""config"":[""Y+"",""Y""],""d"":7,""p"":0.0043076923076923075}",
      1733,         0,         0,   0.011,pymatching,0593b8800785d13d9a221cb2b81f5e7a731d05e015e3de03874f28a07d88f3ef,"{""config"":[""Y+"",""Y""],""d"":7,""p"":0.0014564102564102565}",
      1297,        33,         0,   0.026,pymatching,ca26f21bc502402c28ed97c7f7c1d1b62a602b71eacb2a467149bdaa2f5d945c,"{""config"":[""Y+"",""Y""],""d"":7,""p"":0.007158974358974359}",
      2048,        38,         0,   0.035,pymatching,4451bbcae661709660b35391e8a3084afaa63de0e908cd1bd0670e791ea954b6,"{""config"":[""Y+"",""Y""],""d"":7,""p"":0.006446153846153846}",
      6144,         0,         0,   0.039,pymatching,0593b8800785d13d9a221cb2b81f5e7a731d05e015e3de03874f28a07d88f3ef,"{""config"":[""Y+"",""Y""],""d"":7,""p"":0.0014564102564102565}",
      1297,        35,         0,   0.027,pymatching,54953947f3feebc7119bbdb3c90e47f38134f73533f9669982539c57c3f68cca,"{""config"":[""Y+"",""Y""],""d"":7,""p"":0.006802564102564103}",
      2048,        22,         0,   0.033,pymatching,1ded2928a119f1b6c0eb82651ab130497369e0a99313696e9ddd7d3d79cb15d2,"{""config"":[""Y+"",""Y""],""d"":7,""p"":0.005733333333333333}",
      1297,        56,         0,   0.030,pymatching,82faf2022754eeaba2fa4ad6f0b446cd059fab8b1026aa30f38d63e60ddb0a0f,"{""config"":[""Y+"",""Y""],""d"":7,""p"":0.007515384615384615}",
     79872,       785,         0,    1.11,pymatching,44778f417ddefc9165e91ad4a5805c24dc79bdc9782a224c5d308d339d9e8097,"{""config"":[""Y+"",""Y""],""d"":7,""p"":0.005376923076923077}",
       399,         0,         0,   0.003,pymatching,0593b8800785d13d9a221cb2b81f5e7a731d05e015e3de03874f28a07d88f3ef,"{""config"":[""Y+"",""Y""],""d"":7,""p"":0.0014564102564102565}",
     10240,       402,         0,   0.213,pymatching,edd89b5b1ae934e17659c601172a1f72bc7f0d46450e5d70cf8d6579686bc1a9,"{""config"":[""Y+"",""Y""],""d"":7,""p"":0.007871794871794872}",
       401,         0,         0,   0.003,pymatching,0593b8800785d13d9a221cb2b81f5e7a731d05e015e3de03874f28a07d88f3ef,"{""config"":[""Y+"",""Y""],""d"":7,""p"":0.0014564102564102565}",
     78848,       569,         0,    1.12,pymatching,8b3bc9bef2aea071ed74476e1e9f2dd5a1c3bf81e58b8bf69df925b82d1ba7a4,"{""config"":[""Y+"",""Y""],""d"":7,""p"":0.00502051282051282}",
       268,         0,         0,   0.002,pymatching,0593b8800785d13d9a221cb2b81f5e7a731d05e015e3de03874f28a07d88f3ef,"{""config"":[""Y+"",""Y""],""d"":7,""p"":0.0014564102564102565}",
      2048,        22,         0,   0.040,pymatching,6492a75cf2d32538edb01866f3ae5f7d4206754a4e3c1ab604f05e688906edd5,"{""config"":[""Y+"",""Y""],""d"":7,""p"":0.00608974358974359}",
      1024,        28,         0,   0.019,pymatching,ca26f21bc502402c28ed97c7f7c1d1b62a602b71eacb2a467149bdaa2f5d945c,"{""config"":[""Y+"",""Y""],""d"":7,""p"":0.007158974358974359}",
      4096,        29,         0,   0.058,pymatching,8b3bc9bef2aea071ed74476e1e9f2dd5a1c3bf81e58b8bf69df925b82d1ba7a4,"{""config"":[""Y+"",""Y""],""d"":7,""p"":0.00502051282051282}",
      1024,        24,         0,   0.020,pymatching,54953947f3feebc7119bbdb3c90e47f38134f73533f9669982539c57c3f68cca,"{""config"":[""Y+"",""Y""],""d"":7,""p"":0.006802564102564103}",
       133,         0,         0,   0.002,pymatching,0593b8800785d13d9a221cb2b81f5e7a731d05e015e3de03874f28a07d88f3ef,"{""config"":[""Y+"",""Y""],""d"":7,""p"":0.0014564102564102565}",
      1024,        38,         0,   0.022,pymatching,82faf2022754eeaba2fa4ad6f0b446cd059fab8b1026aa30f38d63e60ddb0a0f,"{""config"":[""Y+"",""Y""],""d"":7,""p"":0.007515384615384615}",
     70656,       859,         0,    1.12,pymatching,1ded2928a119f1b6c0eb82651ab130497369e0a99313696e9ddd7d3d79cb15d2,"{""config"":[""Y+"",""Y""],""d"":7,""p"":0.005733333333333333}",
      4096,        45,         0,   0.062,pymatching,44778f417ddefc9165e91ad4a5805c24dc79bdc9782a224c5d308d339d9e8097,"{""config"":[""Y+"",""Y""],""d"":7,""p"":0.005376923076923077}",
      1297,        60,         0,   0.030,pymatching,3bd54a3bd47e554c28acb0ccdc2d293bf8e234d4037ebf4628a2a14c089c22bc,"{""config"":[""Y+"",""Y""],""d"":7,""p"":0.008228205128205128}",
     22528,         4,         0,   0.154,pymatching,c5ca751aaccb112b2fc6f3e9a5b735918ad7833ac3069ee1270362dfaa2d7cfd,"{""config"":[""Y+"",""Y""],""d"":7,""p"":0.0018128205128205128}",
     11264,        16,         0,   0.113,pymatching,55e2052820d1a12ecd22092c6f5ca6c76ccd51891eb64142fab7e2d43f17862d,"{""config"":[""Y+"",""Y""],""d"":7,""p"":0.003238461538461538}",
      1297,        54,         0,   0.030,pymatching,edd89b5b1ae934e17659c601172a1f72bc7f0d46450e5d70cf8d6579686bc1a9,"{""config"":[""Y+"",""Y""],""d"":7,""p"":0.007871794871794872}",
      9216,       408,         0,   0.215,pymatching,3bd54a3bd47e554c28acb0ccdc2d293bf8e234d4037ebf4628a2a14c089c22bc,"{""config"":[""Y+"",""Y""],""d"":7,""p"":0.008228205128205128}",
      1024,        20,         0,   0.021,pymatching,54953947f3feebc7119bbdb3c90e47f38134f73533f9669982539c57c3f68cca,"{""config"":[""Y+"",""Y""],""d"":7,""p"":0.006802564102564103}",
     23552,       122,         0,   0.290,pymatching,aa429589a3348e00898eb2b9a5a5dbd4f3b518fd65dc69aeba43d82ded161f49,"{""config"":[""Y+"",""Y""],""d"":7,""p"":0.004664102564102564}",
      1024,        26,         0,   0.021,pymatching,82faf2022754eeaba2fa4ad6f0b446cd059fab8b1026aa30f38d63e60ddb0a0f,"{""config"":[""Y+"",""Y""],""d"":7,""p"":0.007515384615384615}",
     21504,       162,         0,   0.291,pymatching,8b3bc9bef2aea071ed74476e1e9f2dd5a1c3bf81e58b8bf69df925b82d1ba7a4,"{""config"":[""Y+"",""Y""],""d"":7,""p"":0.00502051282051282}",
      9216,        24,         0,   0.106,pymatching,583761c35c6053557a126e62d723dad6630bce6cb9ef4b9b16e28bcd435dfb36,"{""config"":[""Y+"",""Y""],""d"":7,""p"":0.003951282051282051}",
     10240,        22,         0,   0.111,pymatching,5bc48b83ec852cb30e501e5b0905235215d5d2acb38422d1ae9a4692a1dddcd3,"{""config"":[""Y+"",""Y""],""d"":7,""p"":0.0035948717948717946}",
      3072,        32,         0,   0.049,pymatching,1ded2928a119f1b6c0eb82651ab130497369e0a99313696e9ddd7d3d79cb15d2,"{""config"":[""Y+"",""Y""],""d"":7,""p"":0.005733333333333333}",
      3072,        60,         0,   0.052,pymatching,4451bbcae661709660b35391e8a3084afaa63de0e908cd1bd0670e791ea954b6,"{""config"":[""Y+"",""Y""],""d"":7,""p"":0.006446153846153846}",
      2048,        51,         0,   0.038,pymatching,ca26f21bc502402c28ed97c7f7c1d1b62a602b71eacb2a467149bdaa2f5d945c,"{""config"":[""Y+"",""Y""],""d"":7,""p"":0.007158974358974359}",
      1024,        44,         0,   0.022,pymatching,3bd54a3bd47e554c28acb0ccdc2d293bf8e234d4037ebf4628a2a14c089c22bc,"{""config"":[""Y+"",""Y""],""d"":7,""p"":0.008228205128205128}",
     66560,      1084,         0,    1.12,pymatching,6492a75cf2d32538edb01866f3ae5f7d4206754a4e3c1ab604f05e688906edd5,"{""config"":[""Y+"",""Y""],""d"":7,""p"":0.00608974358974359}",
      1024,        36,         0,   0.022,pymatching,edd89b5b1ae934e17659c601172a1f72bc7f0d46450e5d70cf8d6579686bc1a9,"{""config"":[""Y+"",""Y""],""d"":7,""p"":0.007871794871794872}",
     62464,      1198,         0,    1.12,pymatching,4451bbcae661709660b35391e8a3084afaa63de0e908cd1bd0670e791ea954b6,"{""config"":[""Y+"",""Y""],""d"":7,""p"":0.006446153846153846}",
      3072,        46,         0,   0.048,pymatching,6492a75cf2d32538edb01866f3ae5f7d4206754a4e3c1ab604f05e688906edd5,"{""config"":[""Y+"",""Y""],""d"":7,""p"":0.00608974358974359}",
     20480,         8,         0,   0.153,pymatching,b9c5ccfc1e3322d1df5fefe43bfc5cdf09fb6f8e87b1867c2b3d7adb9d9a40bd,"{""config"":[""Y+"",""Y""],""d"":7,""p"":0.002169230769230769}",
      9216,       536,         0,   0.221,pymatching,39816311c09a2c5e31164b1f4c1b13e066a5995d3dec728076bd565cb295a582,"{""config"":[""Y+"",""Y""],""d"":7,""p"":0.00894102564102564}",
      1024,        51,         0,   0.022,pymatching,3bd54a3bd47e554c28acb0ccdc2d293bf8e234d4037ebf4628a2a14c089c22bc,"{""config"":[""Y+"",""Y""],""d"":7,""p"":0.008228205128205128}",
      2048,        45,         0,   0.039,pymatching,54953947f3feebc7119bbdb3c90e47f38134f73533f9669982539c57c3f68cca,"{""config"":[""Y+"",""Y""],""d"":7,""p"":0.006802564102564103}",
      1024,        38,         0,   0.022,pymatching,edd89b5b1ae934e17659c601172a1f72bc7f0d46450e5d70cf8d6579686bc1a9,"{""config"":[""Y+"",""Y""],""d"":7,""p"":0.007871794871794872}",
     17408,         8,         0,   0.152,pymatching,2c493731402f69a8580bdf5b58ad0e0c3f1b910fd2a23dc0feafd13baa269d2c,"{""config"":[""Y+"",""Y""],""d"":7,""p"":0.0025256410256410257}",
      9216,        53,         0,   0.112,pymatching,aa429589a3348e00898eb2b9a5a5dbd4f3b518fd65dc69aeba43d82ded161f49,"{""config"":[""Y+"",""Y""],""d"":7,""p"":0.004664102564102564}",
      9216,        35,         0,   0.114,pymatching,72809015876d1f9b8ff5ff89d3ce2a1c29e73672373efd2eb3e8fd9cda3edd02,"{""config"":[""Y+"",""Y""],""d"":7,""p"":0.0043076923076923075}",
      2048,        75,         0,   0.043,pymatching,82faf2022754eeaba2fa4ad6f0b446cd059fab8b1026aa30f38d63e60ddb0a0f,"{""config"":[""Y+"",""Y""],""d"":7,""p"":0.007515384615384615}",
      2048,        61,         0,   0.038,pymatching,ca26f21bc502402c28ed97c7f7c1d1b62a602b71eacb2a467149bdaa2f5d945c,"{""config"":[""Y+"",""Y""],""d"":7,""p"":0.007158974358974359}",
      9216,       511,         0,   0.225,pymatching,9b2a8307355599de2ebe16dc93ea18ea39317c205381e2f9b8f801c744e9d9aa,"{""config"":[""Y+"",""Y""],""d"":7,""p"":0.008584615384615385}",
     17408,        10,         0,   0.152,pymatching,c29daf484c9d432db8f543665f6277eae8f75a9a750a6f2b46c8830e5bd84bae,"{""config"":[""Y+"",""Y""],""d"":7,""p"":0.0028820512820512817}",
      5120,        47,         0,   0.075,pymatching,44778f417ddefc9165e91ad4a5805c24dc79bdc9782a224c5d308d339d9e8097,"{""config"":[""Y+"",""Y""],""d"":7,""p"":0.005376923076923077}",
      6144,        50,         0,   0.086,pymatching,8b3bc9bef2aea071ed74476e1e9f2dd5a1c3bf81e58b8bf69df925b82d1ba7a4,"{""config"":[""Y+"",""Y""],""d"":7,""p"":0.00502051282051282}",
      4096,        42,         0,   0.065,pymatching,1ded2928a119f1b6c0eb82651ab130497369e0a99313696e9ddd7d3d79cb15d2,"{""config"":[""Y+"",""Y""],""d"":7,""p"":0.005733333333333333}",
     21504,       171,         0,   0.299,pymatching,44778f417ddefc9165e91ad4a5805c24dc79bdc9782a224c5d308d339d9e8097,"{""config"":[""Y+"",""Y""],""d"":7,""p"":0.005376923076923077}",
      2048,        49,         0,   0.039,pymatching,54953947f3feebc7119bbdb3c90e47f38134f73533f9669982539c57c3f68cca,"{""config"":[""Y+"",""Y""],""d"":7,""p"":0.006802564102564103}",
      2048,        81,         0,   0.044,pymatching,3bd54a3bd47e554c28acb0ccdc2d293bf8e234d4037ebf4628a2a14c089c22bc,"{""config"":[""Y+"",""Y""],""d"":7,""p"":0.008228205128205128}",
      4096,        69,         0,   0.070,pymatching,4451bbcae661709660b35391e8a3084afaa63de0e908cd1bd0670e791ea954b6,"{""config"":[""Y+"",""Y""],""d"":7,""p"":0.006446153846153846}",
      4096,        59,         0,   0.063,pymatching,6492a75cf2d32538edb01866f3ae5f7d4206754a4e3c1ab604f05e688906edd5,"{""config"":[""Y+"",""Y""],""d"":7,""p"":0.00608974358974359}",
      2048,        80,         0,   0.045,pymatching,edd89b5b1ae934e17659c601172a1f72bc7f0d46450e5d70cf8d6579686bc1a9,"{""config"":[""Y+"",""Y""],""d"":7,""p"":0.007871794871794872}",
      2048,        72,         0,   0.044,pymatching,82faf2022754eeaba2fa4ad6f0b446cd059fab8b1026aa30f38d63e60ddb0a0f,"{""config"":[""Y+"",""Y""],""d"":7,""p"":0.007515384615384615}",
     58368,      1422,         0,    1.12,pymatching,54953947f3feebc7119bbdb3c90e47f38134f73533f9669982539c57c3f68cca,"{""config"":[""Y+"",""Y""],""d"":7,""p"":0.006802564102564103}",
     56320,      1523,         0,    1.13,pymatching,ca26f21bc502402c28ed97c7f7c1d1b62a602b71eacb2a467149bdaa2f5d945c,"{""config"":[""Y+"",""Y""],""d"":7,""p"":0.007158974358974359}",
      1297,        90,         0,   0.035,pymatching,39816311c09a2c5e31164b1f4c1b13e066a5995d3dec728076bd565cb295a582,"{""config"":[""Y+"",""Y""],""d"":7,""p"":0.00894102564102564}",
     53248,      1723,         0,    1.12,pymatching,82faf2022754eeaba2fa4ad6f0b446cd059fab8b1026aa30f38d63e60ddb0a0f,"{""config"":[""Y+"",""Y""],""d"":7,""p"":0.007515384615384615}",
      3072,        85,         0,   0.057,pymatching,ca26f21bc502402c28ed97c7f7c1d1b62a602b71eacb2a467149bdaa2f5d945c,"{""config"":[""Y+"",""Y""],""d"":7,""p"":0.007158974358974359}",
      1297,        84,         0,   0.035,pymatching,39816311c09a2c5e31164b1f4c1b13e066a5995d3dec728076bd565cb295a582,"{""config"":[""Y+"",""Y""],""d"":7,""p"":0.00894102564102564}",
      1297,        62,         0,   0.035,pymatching,9b2a8307355599de2ebe16dc93ea18ea39317c205381e2f9b8f801c744e9d9aa,"{""config"":[""Y+"",""Y""],""d"":7,""p"":0.008584615384615385}",
      2048,       106,         0,   0.044,pymatching,3bd54a3bd47e554c28acb0ccdc2d293bf8e234d4037ebf4628a2a14c089c22bc,"{""config"":[""Y+"",""Y""],""d"":7,""p"":0.008228205128205128}",
      1024,        49,         0,   0.027,pymatching,39816311c09a2c5e31164b1f4c1b13e066a5995d3dec728076bd565cb295a582,"{""config"":[""Y+"",""Y""],""d"":7,""p"":0.00894102564102564}",
      1024,        60,         0,   0.025,pymatching,39816311c09a2c5e31164b1f4c1b13e066a5995d3dec728076bd565cb295a582,"{""config"":[""Y+"",""Y""],""d"":7,""p"":0.00894102564102564}",
      2048,        84,         0,   0.046,pymatching,edd89b5b1ae934e17659c601172a1f72bc7f0d46450e5d70cf8d6579686bc1a9,"{""config"":[""Y+"",""Y""],""d"":7,""p"":0.007871794871794872}",
      1024,        64,         0,   0.024,pymatching,9b2a8307355599de2ebe16dc93ea18ea39317c205381e2f9b8f801c744e9d9aa,"{""config"":[""Y+"",""Y""],""d"":7,""p"":0.008584615384615385}",
      3072,        71,         0,   0.059,pymatching,54953947f3feebc7119bbdb3c90e47f38134f73533f9669982539c57c3f68cca,"{""config"":[""Y+"",""Y""],""d"":7,""p"":0.006802564102564103}",
     17408,       272,         0,   0.292,pymatching,6492a75cf2d32538edb01866f3ae5f7d4206754a4e3c1ab604f05e688906edd5,"{""config"":[""Y+"",""Y""],""d"":7,""p"":0.00608974358974359}",
     15360,        19,         0,   0.154,pymatching,55e2052820d1a12ecd22092c6f5ca6c76ccd51891eb64142fab7e2d43f17862d,"{""config"":[""Y+"",""Y""],""d"":7,""p"":0.003238461538461538}",
      3072,       102,         0,   0.063,pymatching,82faf2022754eeaba2fa4ad6f0b446cd059fab8b1026aa30f38d63e60ddb0a0f,"{""config"":[""Y+"",""Y""],""d"":7,""p"":0.007515384615384615}",
      5120,        68,         0,   0.081,pymatching,1ded2928a119f1b6c0eb82651ab130497369e0a99313696e9ddd7d3d79cb15d2,"{""config"":[""Y+"",""Y""],""d"":7,""p"":0.005733333333333333}",
     19456,       212,         0,   0.305,pymatching,1ded2928a119f1b6c0eb82651ab130497369e0a99313696e9ddd7d3d79cb15d2,"{""config"":[""Y+"",""Y""],""d"":7,""p"":0.005733333333333333}",
     16384,       366,         0,   0.307,pymatching,54953947f3feebc7119bbdb3c90e47f38134f73533f9669982539c57c3f68cca,"{""config"":[""Y+"",""Y""],""d"":7,""p"":0.006802564102564103}",
      1024,        64,         0,   0.026,pymatching,39816311c09a2c5e31164b1f4c1b13e066a5995d3dec728076bd565cb295a582,"{""config"":[""Y+"",""Y""],""d"":7,""p"":0.00894102564102564}",
      1024,        60,         0,   0.027,pymatching,39816311c09a2c5e31164b1f4c1b13e066a5995d3dec728076bd565cb295a582,"{""config"":[""Y+"",""Y""],""d"":7,""p"":0.00894102564102564}",
     14336,        40,         0,   0.154,pymatching,583761c35c6053557a126e62d723dad6630bce6cb9ef4b9b16e28bcd435dfb36,"{""config"":[""Y+"",""Y""],""d"":7,""p"":0.003951282051282051}",
     14336,        32,         0,   0.154,pymatching,5bc48b83ec852cb30e501e5b0905235215d5d2acb38422d1ae9a4692a1dddcd3,"{""config"":[""Y+"",""Y""],""d"":7,""p"":0.0035948717948717946}",
      1024,        45,         0,   0.026,pymatching,9b2a8307355599de2ebe16dc93ea18ea39317c205381e2f9b8f801c744e9d9aa,"{""config"":[""Y+"",""Y""],""d"":7,""p"":0.008584615384615385}",
      3072,        99,         0,   0.057,pymatching,ca26f21bc502402c28ed97c7f7c1d1b62a602b71eacb2a467149bdaa2f5d945c,"{""config"":[""Y+"",""Y""],""d"":7,""p"":0.007158974358974359}",
      5120,        65,         0,   0.079,pymatching,6492a75cf2d32538edb01866f3ae5f7d4206754a4e3c1ab604f05e688906edd5,"{""config"":[""Y+"",""Y""],""d"":7,""p"":0.00608974358974359}",
      7168,        71,         0,   0.105,pymatching,44778f417ddefc9165e91ad4a5805c24dc79bdc9782a224c5d308d339d9e8097,"{""config"":[""Y+"",""Y""],""d"":7,""p"":0.005376923076923077}",
      5120,        92,         0,   0.087,pymatching,4451bbcae661709660b35391e8a3084afaa63de0e908cd1bd0670e791ea954b6,"{""config"":[""Y+"",""Y""],""d"":7,""p"":0.006446153846153846}",
     16384,       346,         0,   0.293,pymatching,4451bbcae661709660b35391e8a3084afaa63de0e908cd1bd0670e791ea954b6,"{""config"":[""Y+"",""Y""],""d"":7,""p"":0.006446153846153846}",
      8192,        67,         0,   0.115,pymatching,8b3bc9bef2aea071ed74476e1e9f2dd5a1c3bf81e58b8bf69df925b82d1ba7a4,"{""config"":[""Y+"",""Y""],""d"":7,""p"":0.00502051282051282}",
     50176,      2018,         0,    1.12,pymatching,edd89b5b1ae934e17659c601172a1f72bc7f0d46450e5d70cf8d6579686bc1a9,"{""config"":[""Y+"",""Y""],""d"":7,""p"":0.007871794871794872}",
     59392,         6,         0,   0.408,pymatching,c5ca751aaccb112b2fc6f3e9a5b735918ad7833ac3069ee1270362dfaa2d7cfd,"{""config"":[""Y+"",""Y""],""d"":7,""p"":0.0018128205128205128}",
      1024,        48,         0,   0.026,pymatching,9b2a8307355599de2ebe16dc93ea18ea39317c205381e2f9b8f801c744e9d9aa,"{""config"":[""Y+"",""Y""],""d"":7,""p"":0.008584615384615385}",
      3072,       143,         0,   0.067,pymatching,3bd54a3bd47e554c28acb0ccdc2d293bf8e234d4037ebf4628a2a14c089c22bc,"{""config"":[""Y+"",""Y""],""d"":7,""p"":0.008228205128205128}",
     12288,        68,         0,   0.149,pymatching,aa429589a3348e00898eb2b9a5a5dbd4f3b518fd65dc69aeba43d82ded161f49,"{""config"":[""Y+"",""Y""],""d"":7,""p"":0.004664102564102564}",
     12288,        42,         0,   0.152,pymatching,72809015876d1f9b8ff5ff89d3ce2a1c29e73672373efd2eb3e8fd9cda3edd02,"{""config"":[""Y+"",""Y""],""d"":7,""p"":0.0043076923076923075}",
      3072,       120,         0,   0.068,pymatching,edd89b5b1ae934e17659c601172a1f72bc7f0d46450e5d70cf8d6579686bc1a9,"{""config"":[""Y+"",""Y""],""d"":7,""p"":0.007871794871794872}",
     30720,         5,         0,   0.211,pymatching,c5ca751aaccb112b2fc6f3e9a5b735918ad7833ac3069ee1270362dfaa2d7cfd,"{""config"":[""Y+"",""Y""],""d"":7,""p"":0.0018128205128205128}",
     48128,      2139,         0,    1.12,pymatching,3bd54a3bd47e554c28acb0ccdc2d293bf8e234d4037ebf4628a2a14c089c22bc,"{""config"":[""Y+"",""Y""],""d"":7,""p"":0.008228205128205128}",
     54272,        10,         0,   0.409,pymatching,b9c5ccfc1e3322d1df5fefe43bfc5cdf09fb6f8e87b1867c2b3d7adb9d9a40bd,"{""config"":[""Y+"",""Y""],""d"":7,""p"":0.002169230769230769}",
      2048,       134,         0,   0.050,pymatching,39816311c09a2c5e31164b1f4c1b13e066a5995d3dec728076bd565cb295a582,"{""config"":[""Y+"",""Y""],""d"":7,""p"":0.00894102564102564}",
      3082,         1,         0,   0.021,pymatching,c5ca751aaccb112b2fc6f3e9a5b735918ad7833ac3069ee1270362dfaa2d7cfd,"{""config"":[""Y+"",""Y""],""d"":7,""p"":0.0018128205128205128}",
      2048,       119,         0,   0.052,pymatching,39816311c09a2c5e31164b1f4c1b13e066a5995d3dec728076bd565cb295a582,"{""config"":[""Y+"",""Y""],""d"":7,""p"":0.00894102564102564}",
      9216,       445,         0,   0.213,pymatching,3bd54a3bd47e554c28acb0ccdc2d293bf8e234d4037ebf4628a2a14c089c22bc,"{""config"":[""Y+"",""Y""],""d"":7,""p"":0.008228205128205128}",
      1024,        53,         0,   0.022,pymatching,3bd54a3bd47e554c28acb0ccdc2d293bf8e234d4037ebf4628a2a14c089c22bc,"{""config"":[""Y+"",""Y""],""d"":7,""p"":0.008228205128205128}",
    133120,        10,         0,   0.979,pymatching,c5ca751aaccb112b2fc6f3e9a5b735918ad7833ac3069ee1270362dfaa2d7cfd,"{""config"":[""Y+"",""Y""],""d"":7,""p"":0.0018128205128205128}",
     15360,       428,         0,   0.304,pymatching,ca26f21bc502402c28ed97c7f7c1d1b62a602b71eacb2a467149bdaa2f5d945c,"{""config"":[""Y+"",""Y""],""d"":7,""p"":0.007158974358974359}",
      4096,       106,         0,   0.080,pymatching,54953947f3feebc7119bbdb3c90e47f38134f73533f9669982539c57c3f68cca,"{""config"":[""Y+"",""Y""],""d"":7,""p"":0.006802564102564103}",
     44032,      2592,         0,    1.13,pymatching,39816311c09a2c5e31164b1f4c1b13e066a5995d3dec728076bd565cb295a582,"{""config"":[""Y+"",""Y""],""d"":7,""p"":0.00894102564102564}",
      1024,        38,         0,   0.023,pymatching,3bd54a3bd47e554c28acb0ccdc2d293bf8e234d4037ebf4628a2a14c089c22bc,"{""config"":[""Y+"",""Y""],""d"":7,""p"":0.008228205128205128}",
      8192,       466,         0,   0.197,pymatching,39816311c09a2c5e31164b1f4c1b13e066a5995d3dec728076bd565cb295a582,"{""config"":[""Y+"",""Y""],""d"":7,""p"":0.00894102564102564}",
      1024,        59,         0,   0.027,pymatching,39816311c09a2c5e31164b1f4c1b13e066a5995d3dec728076bd565cb295a582,"{""config"":[""Y+"",""Y""],""d"":7,""p"":0.00894102564102564}",
     47104,        27,         0,   0.408,pymatching,2c493731402f69a8580bdf5b58ad0e0c3f1b910fd2a23dc0feafd13baa269d2c,"{""config"":[""Y+"",""Y""],""d"":7,""p"":0.0025256410256410257}",
    114688,        30,         0,   0.914,pymatching,b9c5ccfc1e3322d1df5fefe43bfc5cdf09fb6f8e87b1867c2b3d7adb9d9a40bd,"{""config"":[""Y+"",""Y""],""d"":7,""p"":0.002169230769230769}",
     14336,       480,         0,   0.297,pymatching,82faf2022754eeaba2fa4ad6f0b446cd059fab8b1026aa30f38d63e60ddb0a0f,"{""config"":[""Y+"",""Y""],""d"":7,""p"":0.007515384615384615}",
      4096,       144,         0,   0.084,pymatching,82faf2022754eeaba2fa4ad6f0b446cd059fab8b1026aa30f38d63e60ddb0a0f,"{""config"":[""Y+"",""Y""],""d"":7,""p"":0.007515384615384615}",
      1024,        63,         0,   0.026,pymatching,39816311c09a2c5e31164b1f4c1b13e066a5995d3dec728076bd565cb295a582,"{""config"":[""Y+"",""Y""],""d"":7,""p"":0.00894102564102564}",
      4096,       109,         0,   0.075,pymatching,ca26f21bc502402c28ed97c7f7c1d1b62a602b71eacb2a467149bdaa2f5d945c,"{""config"":[""Y+"",""Y""],""d"":7,""p"":0.007158974358974359}",
     47104,        27,         0,   0.410,pymatching,c29daf484c9d432db8f543665f6277eae8f75a9a750a6f2b46c8830e5bd84bae,"{""config"":[""Y+"",""Y""],""d"":7,""p"":0.0028820512820512817}",
      2048,       123,         0,   0.050,pymatching,9b2a8307355599de2ebe16dc93ea18ea39317c205381e2f9b8f801c744e9d9aa,"{""config"":[""Y+"",""Y""],""d"":7,""p"":0.008584615384615385}",
     28672,         6,         0,   0.211,pymatching,b9c5ccfc1e3322d1df5fefe43bfc5cdf09fb6f8e87b1867c2b3d7adb9d9a40bd,"{""config"":[""Y+"",""Y""],""d"":7,""p"":0.002169230769230769}",
      1024,        56,         0,   0.026,pymatching,39816311c09a2c5e31164b1f4c1b13e066a5995d3dec728076bd565cb295a582,"{""config"":[""Y+"",""Y""],""d"":7,""p"":0.00894102564102564}",
     24576,         9,         0,   0.211,pymatching,2c493731402f69a8580bdf5b58ad0e0c3f1b910fd2a23dc0feafd13baa269d2c,"{""config"":[""Y+"",""Y""],""d"":7,""p"":0.0025256410256410257}",
     46080,      2401,         0,    1.13,pymatching,9b2a8307355599de2ebe16dc93ea18ea39317c205381e2f9b8f801c744e9d9aa,"{""config"":[""Y+"",""Y""],""d"":7,""p"":0.008584615384615385}",
      8129,         0,         0,   0.056,pymatching,c5ca751aaccb112b2fc6f3e9a5b735918ad7833ac3069ee1270362dfaa2d7cfd,"{""config"":[""Y+"",""Y""],""d"":7,""p"":0.0018128205128205128}",
     37888,        65,         0,   0.407,pymatching,5bc48b83ec852cb30e501e5b0905235215d5d2acb38422d1ae9a4692a1dddcd3,"{""config"":[""Y+"",""Y""],""d"":7,""p"":0.0035948717948717946}",
     23552,        20,         0,   0.207,pymatching,c29daf484c9d432db8f543665f6277eae8f75a9a750a6f2b46c8830e5bd84bae,"{""config"":[""Y+"",""Y""],""d"":7,""p"":0.0028820512820512817}",
      1024,        52,         0,   0.023,pymatching,9b2a8307355599de2ebe16dc93ea18ea39317c205381e2f9b8f801c744e9d9aa,"{""config"":[""Y+"",""Y""],""d"":7,""p"":0.008584615384615385}",
     14336,       529,         0,   0.298,pymatching,edd89b5b1ae934e17659c601172a1f72bc7f0d46450e5d70cf8d6579686bc1a9,"{""config"":[""Y+"",""Y""],""d"":7,""p"":0.007871794871794872}",
      7168,         0,         0,   0.049,pymatching,c5ca751aaccb112b2fc6f3e9a5b735918ad7833ac3069ee1270362dfaa2d7cfd,"{""config"":[""Y+"",""Y""],""d"":7,""p"":0.0018128205128205128}",
      7168,        91,         0,   0.113,pymatching,1ded2928a119f1b6c0eb82651ab130497369e0a99313696e9ddd7d3d79cb15d2,"{""config"":[""Y+"",""Y""],""d"":7,""p"":0.005733333333333333}",
     40960,        62,         0,   0.407,pymatching,55e2052820d1a12ecd22092c6f5ca6c76ccd51891eb64142fab7e2d43f17862d,"{""config"":[""Y+"",""Y""],""d"":7,""p"":0.003238461538461538}",
      6097,         0,         0,   0.044,pymatching,c5ca751aaccb112b2fc6f3e9a5b735918ad7833ac3069ee1270362dfaa2d7cfd,"{""config"":[""Y+"",""Y""],""d"":7,""p"":0.0018128205128205128}",
      9216,       445,         0,   0.222,pymatching,9b2a8307355599de2ebe16dc93ea18ea39317c205381e2f9b8f801c744e9d9aa,"{""config"":[""Y+"",""Y""],""d"":7,""p"":0.008584615384615385}",
      7168,       106,         0,   0.112,pymatching,6492a75cf2d32538edb01866f3ae5f7d4206754a4e3c1ab604f05e688906edd5,"{""config"":[""Y+"",""Y""],""d"":7,""p"":0.00608974358974359}",
      6144,       109,         0,   0.108,pymatching,4451bbcae661709660b35391e8a3084afaa63de0e908cd1bd0670e791ea954b6,"{""config"":[""Y+"",""Y""],""d"":7,""p"":0.006446153846153846}",
      1024,        69,         0,   0.025,pymatching,9b2a8307355599de2ebe16dc93ea18ea39317c205381e2f9b8f801c744e9d9aa,"{""config"":[""Y+"",""Y""],""d"":7,""p"":0.008584615384615385}",
       961,         0,         0,   0.007,pymatching,c5ca751aaccb112b2fc6f3e9a5b735918ad7833ac3069ee1270362dfaa2d7cfd,"{""config"":[""Y+"",""Y""],""d"":7,""p"":0.0018128205128205128}",
      2032,         0,         0,   0.016,pymatching,c5ca751aaccb112b2fc6f3e9a5b735918ad7833ac3069ee1270362dfaa2d7cfd,"{""config"":[""Y+"",""Y""],""d"":7,""p"":0.0018128205128205128}",
      4096,       165,         0,   0.090,pymatching,edd89b5b1ae934e17659c601172a1f72bc7f0d46450e5d70cf8d6579686bc1a9,"{""config"":[""Y+"",""Y""],""d"":7,""p"":0.007871794871794872}",
      1297,         2,         0,   0.012,pymatching,2c493731402f69a8580bdf5b58ad0e0c3f1b910fd2a23dc0feafd13baa269d2c,"{""config"":[""Y+"",""Y""],""d"":7,""p"":0.0025256410256410257}",
     59585,        30,         0,   0.482,pymatching,2c493731402f69a8580bdf5b58ad0e0c3f1b910fd2a23dc0feafd13baa269d2c,"{""config"":[""Y+"",""Y""],""d"":7,""p"":0.0025256410256410257}",
      1297,         0,         0,   0.011,pymatching,c5ca751aaccb112b2fc6f3e9a5b735918ad7833ac3069ee1270362dfaa2d7cfd,"{""config"":[""Y+"",""Y""],""d"":7,""p"":0.0018128205128205128}",
      1297,         0,         0,   0.012,pymatching,b9c5ccfc1e3322d1df5fefe43bfc5cdf09fb6f8e87b1867c2b3d7adb9d9a40bd,"{""config"":[""Y+"",""Y""],""d"":7,""p"":0.002169230769230769}",
       735,         0,         0,   0.005,pymatching,c5ca751aaccb112b2fc6f3e9a5b735918ad7833ac3069ee1270362dfaa2d7cfd,"{""config"":[""Y+"",""Y""],""d"":7,""p"":0.0018128205128205128}",
      2048,         0,         0,   0.017,pymatching,2c493731402f69a8580bdf5b58ad0e0c3f1b910fd2a23dc0feafd13baa269d2c,"{""config"":[""Y+"",""Y""],""d"":7,""p"":0.0025256410256410257}",
      1524,         0,         0,   0.012,pymatching,c5ca751aaccb112b2fc6f3e9a5b735918ad7833ac3069ee1270362dfaa2d7cfd,"{""config"":[""Y+"",""Y""],""d"":7,""p"":0.0018128205128205128}",
     10240,       122,         0,   0.151,pymatching,44778f417ddefc9165e91ad4a5805c24dc79bdc9782a224c5d308d339d9e8097,"{""config"":[""Y+"",""Y""],""d"":7,""p"":0.005376923076923077}",
      2032,         0,         0,   0.014,pymatching,c5ca751aaccb112b2fc6f3e9a5b735918ad7833ac3069ee1270362dfaa2d7cfd,"{""config"":[""Y+"",""Y""],""d"":7,""p"":0.0018128205128205128}",
      1297,         2,         0,   0.014,pymatching,55e2052820d1a12ecd22092c6f5ca6c76ccd51891eb64142fab7e2d43f17862d,"{""config"":[""Y+"",""Y""],""d"":7,""p"":0.003238461538461538}",
      2032,         0,         0,   0.024,pymatching,c5ca751aaccb112b2fc6f3e9a5b735918ad7833ac3069ee1270362dfaa2d7cfd,"{""config"":[""Y+"",""Y""],""d"":7,""p"":0.0018128205128205128}",
      1297,         2,         0,   0.015,pymatching,583761c35c6053557a126e62d723dad6630bce6cb9ef4b9b16e28bcd435dfb36,"{""config"":[""Y+"",""Y""],""d"":7,""p"":0.003951282051282051}",
       508,         0,         0,   0.004,pymatching,c5ca751aaccb112b2fc6f3e9a5b735918ad7833ac3069ee1270362dfaa2d7cfd,"{""config"":[""Y+"",""Y""],""d"":7,""p"":0.0018128205128205128}",
      2048,         1,         0,   0.016,pymatching,b9c5ccfc1e3322d1df5fefe43bfc5cdf09fb6f8e87b1867c2b3d7adb9d9a40bd,"{""config"":[""Y+"",""Y""],""d"":7,""p"":0.002169230769230769}",
      1297,         1,         0,   0.015,pymatching,5bc48b83ec852cb30e501e5b0905235215d5d2acb38422d1ae9a4692a1dddcd3,"{""config"":[""Y+"",""Y""],""d"":7,""p"":0.0035948717948717946}",
      1297,         0,         0,   0.014,pymatching,c29daf484c9d432db8f543665f6277eae8f75a9a750a6f2b46c8830e5bd84bae,"{""config"":[""Y+"",""Y""],""d"":7,""p"":0.0028820512820512817}",
     11264,        71,         0,   0.155,pymatching,8b3bc9bef2aea071ed74476e1e9f2dd5a1c3bf81e58b8bf69df925b82d1ba7a4,"{""config"":[""Y+"",""Y""],""d"":7,""p"":0.00502051282051282}",
      2048,         1,         0,   0.020,pymatching,55e2052820d1a12ecd22092c6f5ca6c76ccd51891eb64142fab7e2d43f17862d,"{""config"":[""Y+"",""Y""],""d"":7,""p"":0.003238461538461538}",
      3072,         1,         0,   0.025,pymatching,2c493731402f69a8580bdf5b58ad0e0c3f1b910fd2a23dc0feafd13baa269d2c,"{""config"":[""Y+"",""Y""],""d"":7,""p"":0.0025256410256410257}",
      6144,       146,         0,   0.123,pymatching,54953947f3feebc7119bbdb3c90e47f38134f73533f9669982539c57c3f68cca,"{""config"":[""Y+"",""Y""],""d"":7,""p"":0.006802564102564103}",
      5120,       195,         0,   0.106,pymatching,82faf2022754eeaba2fa4ad6f0b446cd059fab8b1026aa30f38d63e60ddb0a0f,"{""config"":[""Y+"",""Y""],""d"":7,""p"":0.007515384615384615}",
      2048,         7,         0,   0.022,pymatching,583761c35c6053557a126e62d723dad6630bce6cb9ef4b9b16e28bcd435dfb36,"{""config"":[""Y+"",""Y""],""d"":7,""p"":0.003951282051282051}",
      2048,         1,         0,   0.019,pymatching,c29daf484c9d432db8f543665f6277eae8f75a9a750a6f2b46c8830e5bd84bae,"{""config"":[""Y+"",""Y""],""d"":7,""p"":0.0028820512820512817}",
      2048,         3,         0,   0.020,pymatching,5bc48b83ec852cb30e501e5b0905235215d5d2acb38422d1ae9a4692a1dddcd3,"{""config"":[""Y+"",""Y""],""d"":7,""p"":0.0035948717948717946}",
      3072,         1,         0,   0.024,pymatching,b9c5ccfc1e3322d1df5fefe43bfc5cdf09fb6f8e87b1867c2b3d7adb9d9a40bd,"{""config"":[""Y+"",""Y""],""d"":7,""p"":0.002169230769230769}",
      6144,       185,         0,   0.114,pymatching,ca26f21bc502402c28ed97c7f7c1d1b62a602b71eacb2a467149bdaa2f5d945c,"{""config"":[""Y+"",""Y""],""d"":7,""p"":0.007158974358974359}",
     21504,        21,         0,   0.212,pymatching,55e2052820d1a12ecd22092c6f5ca6c76ccd51891eb64142fab7e2d43f17862d,"{""config"":[""Y+"",""Y""],""d"":7,""p"":0.003238461538461538}",
     35840,        86,         0,   0.408,pymatching,583761c35c6053557a126e62d723dad6630bce6cb9ef4b9b16e28bcd435dfb36,"{""config"":[""Y+"",""Y""],""d"":7,""p"":0.003951282051282051}",
      2048,         3,         0,   0.021,pymatching,55e2052820d1a12ecd22092c6f5ca6c76ccd51891eb64142fab7e2d43f17862d,"{""config"":[""Y+"",""Y""],""d"":7,""p"":0.003238461538461538}",
     35840,       151,         0,   0.410,pymatching,72809015876d1f9b8ff5ff89d3ce2a1c29e73672373efd2eb3e8fd9cda3edd02,"{""config"":[""Y+"",""Y""],""d"":7,""p"":0.0043076923076923075}",
      2048,         2,         0,   0.020,pymatching,c29daf484c9d432db8f543665f6277eae8f75a9a750a6f2b46c8830e5bd84bae,"{""config"":[""Y+"",""Y""],""d"":7,""p"":0.0028820512820512817}",
     19456,        34,         0,   0.207,pymatching,5bc48b83ec852cb30e501e5b0905235215d5d2acb38422d1ae9a4692a1dddcd3,"{""config"":[""Y+"",""Y""],""d"":7,""p"":0.0035948717948717946}",
      2048,         7,         0,   0.022,pymatching,583761c35c6053557a126e62d723dad6630bce6cb9ef4b9b16e28bcd435dfb36,"{""config"":[""Y+"",""Y""],""d"":7,""p"":0.003951282051282051}",
      2048,         5,         0,   0.021,pymatching,5bc48b83ec852cb30e501e5b0905235215d5d2acb38422d1ae9a4692a1dddcd3,"{""config"":[""Y+"",""Y""],""d"":7,""p"":0.0035948717948717946}",
      1297,         6,         0,   0.019,pymatching,8b3bc9bef2aea071ed74476e1e9f2dd5a1c3bf81e58b8bf69df925b82d1ba7a4,"{""config"":[""Y+"",""Y""],""d"":7,""p"":0.00502051282051282}",
      1297,         6,         0,   0.016,pymatching,72809015876d1f9b8ff5ff89d3ce2a1c29e73672373efd2eb3e8fd9cda3edd02,"{""config"":[""Y+"",""Y""],""d"":7,""p"":0.0043076923076923075}",
     19456,        56,         0,   0.211,pymatching,583761c35c6053557a126e62d723dad6630bce6cb9ef4b9b16e28bcd435dfb36,"{""config"":[""Y+"",""Y""],""d"":7,""p"":0.003951282051282051}",
      1297,         5,         0,   0.019,pymatching,aa429589a3348e00898eb2b9a5a5dbd4f3b518fd65dc69aeba43d82ded161f49,"{""config"":[""Y+"",""Y""],""d"":7,""p"":0.004664102564102564}",
      4096,         1,         0,   0.033,pymatching,2c493731402f69a8580bdf5b58ad0e0c3f1b910fd2a23dc0feafd13baa269d2c,"{""config"":[""Y+"",""Y""],""d"":7,""p"":0.0025256410256410257}",
      4096,         0,         0,   0.032,pymatching,b9c5ccfc1e3322d1df5fefe43bfc5cdf09fb6f8e87b1867c2b3d7adb9d9a40bd,"{""config"":[""Y+"",""Y""],""d"":7,""p"":0.002169230769230769}",
      1024,         7,         0,   0.014,pymatching,8b3bc9bef2aea071ed74476e1e9f2dd5a1c3bf81e58b8bf69df925b82d1ba7a4,"{""config"":[""Y+"",""Y""],""d"":7,""p"":0.00502051282051282}",
      3072,         1,         0,   0.031,pymatching,55e2052820d1a12ecd22092c6f5ca6c76ccd51891eb64142fab7e2d43f17862d,"{""config"":[""Y+"",""Y""],""d"":7,""p"":0.003238461538461538}",
      3072,         4,         0,   0.029,pymatching,c29daf484c9d432db8f543665f6277eae8f75a9a750a6f2b46c8830e5bd84bae,"{""config"":[""Y+"",""Y""],""d"":7,""p"":0.0028820512820512817}",
      2048,         5,         0,   0.025,pymatching,72809015876d1f9b8ff5ff89d3ce2a1c29e73672373efd2eb3e8fd9cda3edd02,"{""config"":[""Y+"",""Y""],""d"":7,""p"":0.0043076923076923075}",
      2048,         5,         0,   0.026,pymatching,aa429589a3348e00898eb2b9a5a5dbd4f3b518fd65dc69aeba43d82ded161f49,"{""config"":[""Y+"",""Y""],""d"":7,""p"":0.004664102564102564}",
      3072,         5,         0,   0.031,pymatching,5bc48b83ec852cb30e501e5b0905235215d5d2acb38422d1ae9a4692a1dddcd3,"{""config"":[""Y+"",""Y""],""d"":7,""p"":0.0035948717948717946}",
      3072,         7,         0,   0.033,pymatching,583761c35c6053557a126e62d723dad6630bce6cb9ef4b9b16e28bcd435dfb36,"{""config"":[""Y+"",""Y""],""d"":7,""p"":0.003951282051282051}",
      5120,       185,         0,   0.113,pymatching,edd89b5b1ae934e17659c601172a1f72bc7f0d46450e5d70cf8d6579686bc1a9,"{""config"":[""Y+"",""Y""],""d"":7,""p"":0.007871794871794872}",
     17408,        93,         0,   0.214,pymatching,aa429589a3348e00898eb2b9a5a5dbd4f3b518fd65dc69aeba43d82ded161f49,"{""config"":[""Y+"",""Y""],""d"":7,""p"":0.004664102564102564}",
     17408,        66,         0,   0.213,pymatching,72809015876d1f9b8ff5ff89d3ce2a1c29e73672373efd2eb3e8fd9cda3edd02,"{""config"":[""Y+"",""Y""],""d"":7,""p"":0.0043076923076923075}",
     30720,       205,         0,   0.407,pymatching,8b3bc9bef2aea071ed74476e1e9f2dd5a1c3bf81e58b8bf69df925b82d1ba7a4,"{""config"":[""Y+"",""Y""],""d"":7,""p"":0.00502051282051282}",
      2048,        10,         0,   0.028,pymatching,8b3bc9bef2aea071ed74476e1e9f2dd5a1c3bf81e58b8bf69df925b82d1ba7a4,"{""config"":[""Y+"",""Y""],""d"":7,""p"":0.00502051282051282}",
     33792,       174,         0,   0.414,pymatching,aa429589a3348e00898eb2b9a5a5dbd4f3b518fd65dc69aeba43d82ded161f49,"{""config"":[""Y+"",""Y""],""d"":7,""p"":0.004664102564102564}",
      5120,         0,         0,   0.042,pymatching,2c493731402f69a8580bdf5b58ad0e0c3f1b910fd2a23dc0feafd13baa269d2c,"{""config"":[""Y+"",""Y""],""d"":7,""p"":0.0025256410256410257}",
      1297,        12,         0,   0.021,pymatching,44778f417ddefc9165e91ad4a5805c24dc79bdc9782a224c5d308d339d9e8097,"{""config"":[""Y+"",""Y""],""d"":7,""p"":0.005376923076923077}",
     28341,        10,         0,   0.212,pymatching,b9c5ccfc1e3322d1df5fefe43bfc5cdf09fb6f8e87b1867c2b3d7adb9d9a40bd,"{""config"":[""Y+"",""Y""],""d"":7,""p"":0.002169230769230769}",
     23552,         4,         0,   0.176,pymatching,b9c5ccfc1e3322d1df5fefe43bfc5cdf09fb6f8e87b1867c2b3d7adb9d9a40bd,"{""config"":[""Y+"",""Y""],""d"":7,""p"":0.002169230769230769}",
      2048,        12,         0,   0.024,pymatching,72809015876d1f9b8ff5ff89d3ce2a1c29e73672373efd2eb3e8fd9cda3edd02,"{""config"":[""Y+"",""Y""],""d"":7,""p"":0.0043076923076923075}",
      1297,        11,         0,   0.022,pymatching,1ded2928a119f1b6c0eb82651ab130497369e0a99313696e9ddd7d3d79cb15d2,"{""config"":[""Y+"",""Y""],""d"":7,""p"":0.005733333333333333}",
      5120,         1,         0,   0.040,pymatching,b9c5ccfc1e3322d1df5fefe43bfc5cdf09fb6f8e87b1867c2b3d7adb9d9a40bd,"{""config"":[""Y+"",""Y""],""d"":7,""p"":0.002169230769230769}",
      2048,        13,         0,   0.027,pymatching,aa429589a3348e00898eb2b9a5a5dbd4f3b518fd65dc69aeba43d82ded161f49,"{""config"":[""Y+"",""Y""],""d"":7,""p"":0.004664102564102564}",
     22528,         6,         0,   0.178,pymatching,b9c5ccfc1e3322d1df5fefe43bfc5cdf09fb6f8e87b1867c2b3d7adb9d9a40bd,"{""config"":[""Y+"",""Y""],""d"":7,""p"":0.002169230769230769}",
       206,         0,         0,   0.002,pymatching,b9c5ccfc1e3322d1df5fefe43bfc5cdf09fb6f8e87b1867c2b3d7adb9d9a40bd,"{""config"":[""Y+"",""Y""],""d"":7,""p"":0.002169230769230769}",
      1024,         7,         0,   0.014,pymatching,44778f417ddefc9165e91ad4a5805c24dc79bdc9782a224c5d308d339d9e8097,"{""config"":[""Y+"",""Y""],""d"":7,""p"":0.005376923076923077}",
     10240,       109,         0,   0.161,pymatching,1ded2928a119f1b6c0eb82651ab130497369e0a99313696e9ddd7d3d79cb15d2,"{""config"":[""Y+"",""Y""],""d"":7,""p"":0.005733333333333333}",
      1297,        20,         0,   0.025,pymatching,6492a75cf2d32538edb01866f3ae5f7d4206754a4e3c1ab604f05e688906edd5,"{""config"":[""Y+"",""Y""],""d"":7,""p"":0.00608974358974359}",
      4096,         6,         0,   0.041,pymatching,55e2052820d1a12ecd22092c6f5ca6c76ccd51891eb64142fab7e2d43f17862d,"{""config"":[""Y+"",""Y""],""d"":7,""p"":0.003238461538461538}",
      1297,        20,         0,   0.024,pymatching,4451bbcae661709660b35391e8a3084afaa63de0e908cd1bd0670e791ea954b6,"{""config"":[""Y+"",""Y""],""d"":7,""p"":0.006446153846153846}",
      9216,       172,         0,   0.159,pymatching,4451bbcae661709660b35391e8a3084afaa63de0e908cd1bd0670e791ea954b6,"{""config"":[""Y+"",""Y""],""d"":7,""p"":0.006446153846153846}",
     10240,       175,         0,   0.162,pymatching,6492a75cf2d32538edb01866f3ae5f7d4206754a4e3c1ab604f05e688906edd5,"{""config"":[""Y+"",""Y""],""d"":7,""p"":0.00608974358974359}",
      1024,        14,         0,   0.016,pymatching,1ded2928a119f1b6c0eb82651ab130497369e0a99313696e9ddd7d3d79cb15d2,"{""config"":[""Y+"",""Y""],""d"":7,""p"":0.005733333333333333}",
       549,         0,         0,   0.005,pymatching,b9c5ccfc1e3322d1df5fefe43bfc5cdf09fb6f8e87b1867c2b3d7adb9d9a40bd,"{""config"":[""Y+"",""Y""],""d"":7,""p"":0.002169230769230769}",
      2048,        15,         0,   0.029,pymatching,8b3bc9bef2aea071ed74476e1e9f2dd5a1c3bf81e58b8bf69df925b82d1ba7a4,"{""config"":[""Y+"",""Y""],""d"":7,""p"":0.00502051282051282}",
      4096,        10,         0,   0.042,pymatching,5bc48b83ec852cb30e501e5b0905235215d5d2acb38422d1ae9a4692a1dddcd3,"{""config"":[""Y+"",""Y""],""d"":7,""p"":0.0035948717948717946}",
      5120,         3,         0,   0.048,pymatching,c29daf484c9d432db8f543665f6277eae8f75a9a750a6f2b46c8830e5bd84bae,"{""config"":[""Y+"",""Y""],""d"":7,""p"":0.0028820512820512817}",
      1024,        21,         0,   0.016,pymatching,6492a75cf2d32538edb01866f3ae5f7d4206754a4e3c1ab604f05e688906edd5,"{""config"":[""Y+"",""Y""],""d"":7,""p"":0.00608974358974359}",
      4096,         8,         0,   0.044,pymatching,583761c35c6053557a126e62d723dad6630bce6cb9ef4b9b16e28bcd435dfb36,"{""config"":[""Y+"",""Y""],""d"":7,""p"":0.003951282051282051}",
      1024,        14,         0,   0.019,pymatching,4451bbcae661709660b35391e8a3084afaa63de0e908cd1bd0670e791ea954b6,"{""config"":[""Y+"",""Y""],""d"":7,""p"":0.006446153846153846}",
      3072,        15,         0,   0.036,pymatching,72809015876d1f9b8ff5ff89d3ce2a1c29e73672373efd2eb3e8fd9cda3edd02,"{""config"":[""Y+"",""Y""],""d"":7,""p"":0.0043076923076923075}",
      2048,        22,         0,   0.029,pymatching,44778f417ddefc9165e91ad4a5805c24dc79bdc9782a224c5d308d339d9e8097,"{""config"":[""Y+"",""Y""],""d"":7,""p"":0.005376923076923077}",
      3072,        14,         0,   0.039,pymatching,aa429589a3348e00898eb2b9a5a5dbd4f3b518fd65dc69aeba43d82ded161f49,"{""config"":[""Y+"",""Y""],""d"":7,""p"":0.004664102564102564}",
      2048,        20,         0,   0.031,pymatching,1ded2928a119f1b6c0eb82651ab130497369e0a99313696e9ddd7d3d79cb15d2,"{""config"":[""Y+"",""Y""],""d"":7,""p"":0.005733333333333333}",
      7168,         1,         0,   0.058,pymatching,2c493731402f69a8580bdf5b58ad0e0c3f1b910fd2a23dc0feafd13baa269d2c,"{""config"":[""Y+"",""Y""],""d"":7,""p"":0.0025256410256410257}",
      5909,         0,         0,   0.044,pymatching,b9c5ccfc1e3322d1df5fefe43bfc5cdf09fb6f8e87b1867c2b3d7adb9d9a40bd,"{""config"":[""Y+"",""Y""],""d"":7,""p"":0.002169230769230769}",
      5120,         3,         0,   0.040,pymatching,b9c5ccfc1e3322d1df5fefe43bfc5cdf09fb6f8e87b1867c2b3d7adb9d9a40bd,"{""config"":[""Y+"",""Y""],""d"":7,""p"":0.002169230769230769}",
      2048,        34,         0,   0.032,pymatching,6492a75cf2d32538edb01866f3ae5f7d4206754a4e3c1ab604f05e688906edd5,"{""config"":[""Y+"",""Y""],""d"":7,""p"":0.00608974358974359}",
      5909,         2,         0,   0.052,pymatching,b9c5ccfc1e3322d1df5fefe43bfc5cdf09fb6f8e87b1867c2b3d7adb9d9a40bd,"{""config"":[""Y+"",""Y""],""d"":7,""p"":0.002169230769230769}",
      4096,         0,         0,   0.033,pymatching,b9c5ccfc1e3322d1df5fefe43bfc5cdf09fb6f8e87b1867c2b3d7adb9d9a40bd,"{""config"":[""Y+"",""Y""],""d"":7,""p"":0.002169230769230769}",
      3072,        22,         0,   0.043,pymatching,8b3bc9bef2aea071ed74476e1e9f2dd5a1c3bf81e58b8bf69df925b82d1ba7a4,"{""config"":[""Y+"",""Y""],""d"":7,""p"":0.00502051282051282}",
      2048,        37,         0,   0.035,pymatching,4451bbcae661709660b35391e8a3084afaa63de0e908cd1bd0670e791ea954b6,"{""config"":[""Y+"",""Y""],""d"":7,""p"":0.006446153846153846}",
      2048,        18,         0,   0.029,pymatching,44778f417ddefc9165e91ad4a5805c24dc79bdc9782a224c5d308d339d9e8097,"{""config"":[""Y+"",""Y""],""d"":7,""p"":0.005376923076923077}",
       651,         1,         0,   0.005,pymatching,b9c5ccfc1e3322d1df5fefe43bfc5cdf09fb6f8e87b1867c2b3d7adb9d9a40bd,"{""config"":[""Y+"",""Y""],""d"":7,""p"":0.002169230769230769}",
      1024,         0,         0,   0.008,pymatching,b9c5ccfc1e3322d1df5fefe43bfc5cdf09fb6f8e87b1867c2b3d7adb9d9a40bd,"{""config"":[""Y+"",""Y""],""d"":7,""p"":0.002169230769230769}",
      7168,       242,         0,   0.149,pymatching,82faf2022754eeaba2fa4ad6f0b446cd059fab8b1026aa30f38d63e60ddb0a0f,"{""config"":[""Y+"",""Y""],""d"":7,""p"":0.007515384615384615}",
      6144,         7,         0,   0.061,pymatching,55e2052820d1a12ecd22092c6f5ca6c76ccd51891eb64142fab7e2d43f17862d,"{""config"":[""Y+"",""Y""],""d"":7,""p"":0.003238461538461538}",
       336,         0,         0,   0.003,pymatching,b9c5ccfc1e3322d1df5fefe43bfc5cdf09fb6f8e87b1867c2b3d7adb9d9a40bd,"{""config"":[""Y+"",""Y""],""d"":7,""p"":0.002169230769230769}",
       138,         0,         0,   0.001,pymatching,b9c5ccfc1e3322d1df5fefe43bfc5cdf09fb6f8e87b1867c2b3d7adb9d9a40bd,"{""config"":[""Y+"",""Y""],""d"":7,""p"":0.002169230769230769}",
     29696,       275,         0,   0.418,pymatching,44778f417ddefc9165e91ad4a5805c24dc79bdc9782a224c5d308d339d9e8097,"{""config"":[""Y+"",""Y""],""d"":7,""p"":0.005376923076923077}",
      8192,       163,         0,   0.157,pymatching,54953947f3feebc7119bbdb3c90e47f38134f73533f9669982539c57c3f68cca,"{""config"":[""Y+"",""Y""],""d"":7,""p"":0.006802564102564103}",
      6144,         2,         0,   0.056,pymatching,c29daf484c9d432db8f543665f6277eae8f75a9a750a6f2b46c8830e5bd84bae,"{""config"":[""Y+"",""Y""],""d"":7,""p"":0.0028820512820512817}",
      4096,        18,         0,   0.047,pymatching,72809015876d1f9b8ff5ff89d3ce2a1c29e73672373efd2eb3e8fd9cda3edd02,"{""config"":[""Y+"",""Y""],""d"":7,""p"":0.0043076923076923075}",
       148,         0,         0,   0.001,pymatching,b9c5ccfc1e3322d1df5fefe43bfc5cdf09fb6f8e87b1867c2b3d7adb9d9a40bd,"{""config"":[""Y+"",""Y""],""d"":7,""p"":0.002169230769230769}",
      2048,        25,         0,   0.032,pymatching,1ded2928a119f1b6c0eb82651ab130497369e0a99313696e9ddd7d3d79cb15d2,"{""config"":[""Y+"",""Y""],""d"":7,""p"":0.005733333333333333}",
      3072,        10,         0,   0.039,pymatching,aa429589a3348e00898eb2b9a5a5dbd4f3b518fd65dc69aeba43d82ded161f49,"{""config"":[""Y+"",""Y""],""d"":7,""p"":0.004664102564102564}",
      5120,        12,         0,   0.057,pymatching,583761c35c6053557a126e62d723dad6630bce6cb9ef4b9b16e28bcd435dfb36,"{""config"":[""Y+"",""Y""],""d"":7,""p"":0.003951282051282051}",
       148,         0,         0,   0.001,pymatching,b9c5ccfc1e3322d1df5fefe43bfc5cdf09fb6f8e87b1867c2b3d7adb9d9a40bd,"{""config"":[""Y+"",""Y""],""d"":7,""p"":0.002169230769230769}",
      6144,        14,         0,   0.062,pymatching,5bc48b83ec852cb30e501e5b0905235215d5d2acb38422d1ae9a4692a1dddcd3,"{""config"":[""Y+"",""Y""],""d"":7,""p"":0.0035948717948717946}",
        77,         0,         0,   0.001,pymatching,b9c5ccfc1e3322d1df5fefe43bfc5cdf09fb6f8e87b1867c2b3d7adb9d9a40bd,"{""config"":[""Y+"",""Y""],""d"":7,""p"":0.002169230769230769}",
      8192,       231,         0,   0.153,pymatching,ca26f21bc502402c28ed97c7f7c1d1b62a602b71eacb2a467149bdaa2f5d945c,"{""config"":[""Y+"",""Y""],""d"":7,""p"":0.007158974358974359}",
        40,         0,         0,   0.001,pymatching,b9c5ccfc1e3322d1df5fefe43bfc5cdf09fb6f8e87b1867c2b3d7adb9d9a40bd,"{""config"":[""Y+"",""Y""],""d"":7,""p"":0.002169230769230769}",
      2048,        41,         0,   0.032,pymatching,6492a75cf2d32538edb01866f3ae5f7d4206754a4e3c1ab604f05e688906edd5,"{""config"":[""Y+"",""Y""],""d"":7,""p"":0.00608974358974359}",
         7,         0,         0,   0.000,pymatching,b9c5ccfc1e3322d1df5fefe43bfc5cdf09fb6f8e87b1867c2b3d7adb9d9a40bd,"{""config"":[""Y+"",""Y""],""d"":7,""p"":0.002169230769230769}",
        13,         0,         0,   0.000,pymatching,b9c5ccfc1e3322d1df5fefe43bfc5cdf09fb6f8e87b1867c2b3d7adb9d9a40bd,"{""config"":[""Y+"",""Y""],""d"":7,""p"":0.002169230769230769}",
        20,         0,         0,   0.001,pymatching,b9c5ccfc1e3322d1df5fefe43bfc5cdf09fb6f8e87b1867c2b3d7adb9d9a40bd,"{""config"":[""Y+"",""Y""],""d"":7,""p"":0.002169230769230769}",
      2048,        43,         0,   0.035,pymatching,4451bbcae661709660b35391e8a3084afaa63de0e908cd1bd0670e791ea954b6,"{""config"":[""Y+"",""Y""],""d"":7,""p"":0.006446153846153846}",
     14336,       144,         0,   0.210,pymatching,44778f417ddefc9165e91ad4a5805c24dc79bdc9782a224c5d308d339d9e8097,"{""config"":[""Y+"",""Y""],""d"":7,""p"":0.005376923076923077}",
      3072,        34,         0,   0.043,pymatching,44778f417ddefc9165e91ad4a5805c24dc79bdc9782a224c5d308d339d9e8097,"{""config"":[""Y+"",""Y""],""d"":7,""p"":0.005376923076923077}",
      4096,        24,         0,   0.056,pymatching,8b3bc9bef2aea071ed74476e1e9f2dd5a1c3bf81e58b8bf69df925b82d1ba7a4,"{""config"":[""Y+"",""Y""],""d"":7,""p"":0.00502051282051282}",
     33792,        10,         0,   0.290,pymatching,2c493731402f69a8580bdf5b58ad0e0c3f1b910fd2a23dc0feafd13baa269d2c,"{""config"":[""Y+"",""Y""],""d"":7,""p"":0.0025256410256410257}",
     15360,       111,         0,   0.212,pymatching,8b3bc9bef2aea071ed74476e1e9f2dd5a1c3bf81e58b8bf69df925b82d1ba7a4,"{""config"":[""Y+"",""Y""],""d"":7,""p"":0.00502051282051282}",
     79297,        58,         0,   0.688,pymatching,c29daf484c9d432db8f543665f6277eae8f75a9a750a6f2b46c8830e5bd84bae,"{""config"":[""Y+"",""Y""],""d"":7,""p"":0.0028820512820512817}",
     24576,       383,         0,   0.407,pymatching,6492a75cf2d32538edb01866f3ae5f7d4206754a4e3c1ab604f05e688906edd5,"{""config"":[""Y+"",""Y""],""d"":7,""p"":0.00608974358974359}",
      3072,        36,         0,   0.048,pymatching,1ded2928a119f1b6c0eb82651ab130497369e0a99313696e9ddd7d3d79cb15d2,"{""config"":[""Y+"",""Y""],""d"":7,""p"":0.005733333333333333}",
     10240,         4,         0,   0.083,pymatching,2c493731402f69a8580bdf5b58ad0e0c3f1b910fd2a23dc0feafd13baa269d2c,"{""config"":[""Y+"",""Y""],""d"":7,""p"":0.0025256410256410257}",
     33792,        21,         0,   0.297,pymatching,c29daf484c9d432db8f543665f6277eae8f75a9a750a6f2b46c8830e5bd84bae,"{""config"":[""Y+"",""Y""],""d"":7,""p"":0.0028820512820512817}",
      3072,        45,         0,   0.048,pymatching,6492a75cf2d32538edb01866f3ae5f7d4206754a4e3c1ab604f05e688906edd5,"{""config"":[""Y+"",""Y""],""d"":7,""p"":0.00608974358974359}",
      5120,        23,         0,   0.059,pymatching,72809015876d1f9b8ff5ff89d3ce2a1c29e73672373efd2eb3e8fd9cda3edd02,"{""config"":[""Y+"",""Y""],""d"":7,""p"":0.0043076923076923075}",
      7168,       277,         0,   0.157,pymatching,edd89b5b1ae934e17659c601172a1f72bc7f0d46450e5d70cf8d6579686bc1a9,"{""config"":[""Y+"",""Y""],""d"":7,""p"":0.007871794871794872}",
      5120,        27,         0,   0.066,pymatching,aa429589a3348e00898eb2b9a5a5dbd4f3b518fd65dc69aeba43d82ded161f49,"{""config"":[""Y+"",""Y""],""d"":7,""p"":0.004664102564102564}",
     26624,       322,         0,   0.418,pymatching,1ded2928a119f1b6c0eb82651ab130497369e0a99313696e9ddd7d3d79cb15d2,"{""config"":[""Y+"",""Y""],""d"":7,""p"":0.005733333333333333}",
      8192,         9,         0,   0.081,pymatching,55e2052820d1a12ecd22092c6f5ca6c76ccd51891eb64142fab7e2d43f17862d,"{""config"":[""Y+"",""Y""],""d"":7,""p"":0.003238461538461538}",
      3072,        69,         0,   0.053,pymatching,4451bbcae661709660b35391e8a3084afaa63de0e908cd1bd0670e791ea954b6,"{""config"":[""Y+"",""Y""],""d"":7,""p"":0.006446153846153846}",
      8192,         8,         0,   0.075,pymatching,c29daf484c9d432db8f543665f6277eae8f75a9a750a6f2b46c8830e5bd84bae,"{""config"":[""Y+"",""Y""],""d"":7,""p"":0.0028820512820512817}",
     22528,       513,         0,   0.420,pymatching,54953947f3feebc7119bbdb3c90e47f38134f73533f9669982539c57c3f68cca,"{""config"":[""Y+"",""Y""],""d"":7,""p"":0.006802564102564103}",
      7168,        25,         0,   0.079,pymatching,583761c35c6053557a126e62d723dad6630bce6cb9ef4b9b16e28bcd435dfb36,"{""config"":[""Y+"",""Y""],""d"":7,""p"":0.003951282051282051}",
      4096,        40,         0,   0.057,pymatching,44778f417ddefc9165e91ad4a5805c24dc79bdc9782a224c5d308d339d9e8097,"{""config"":[""Y+"",""Y""],""d"":7,""p"":0.005376923076923077}",
      8192,        16,         0,   0.082,pymatching,5bc48b83ec852cb30e501e5b0905235215d5d2acb38422d1ae9a4692a1dddcd3,"{""config"":[""Y+"",""Y""],""d"":7,""p"":0.0035948717948717946}",
     23552,       479,         0,   0.418,pymatching,4451bbcae661709660b35391e8a3084afaa63de0e908cd1bd0670e791ea954b6,"{""config"":[""Y+"",""Y""],""d"":7,""p"":0.006446153846153846}",
      4096,        54,         0,   0.065,pymatching,1ded2928a119f1b6c0eb82651ab130497369e0a99313696e9ddd7d3d79cb15d2,"{""config"":[""Y+"",""Y""],""d"":7,""p"":0.005733333333333333}",
      1297,        37,         0,   0.029,pymatching,82faf2022754eeaba2fa4ad6f0b446cd059fab8b1026aa30f38d63e60ddb0a0f,"{""config"":[""Y+"",""Y""],""d"":7,""p"":0.007515384615384615}",
     20480,       549,         0,   0.404,pymatching,ca26f21bc502402c28ed97c7f7c1d1b62a602b71eacb2a467149bdaa2f5d945c,"{""config"":[""Y+"",""Y""],""d"":7,""p"":0.007158974358974359}",
      1297,        29,         0,   0.025,pymatching,54953947f3feebc7119bbdb3c90e47f38134f73533f9669982539c57c3f68cca,"{""config"":[""Y+"",""Y""],""d"":7,""p"":0.006802564102564103}",
      1297,        34,         0,   0.026,pymatching,ca26f21bc502402c28ed97c7f7c1d1b62a602b71eacb2a467149bdaa2f5d945c,"{""config"":[""Y+"",""Y""],""d"":7,""p"":0.007158974358974359}",
      4096,        73,         0,   0.065,pymatching,6492a75cf2d32538edb01866f3ae5f7d4206754a4e3c1ab604f05e688906edd5,"{""config"":[""Y+"",""Y""],""d"":7,""p"":0.00608974358974359}",
      6144,        48,         0,   0.086,pymatching,8b3bc9bef2aea071ed74476e1e9f2dd5a1c3bf81e58b8bf69df925b82d1ba7a4,"{""config"":[""Y+"",""Y""],""d"":7,""p"":0.00502051282051282}",
      1297,        56,         0,   0.031,pymatching,edd89b5b1ae934e17659c601172a1f72bc7f0d46450e5d70cf8d6579686bc1a9,"{""config"":[""Y+"",""Y""],""d"":7,""p"":0.007871794871794872}",
     13312,       156,         0,   0.208,pymatching,1ded2928a119f1b6c0eb82651ab130497369e0a99313696e9ddd7d3d79cb15d2,"{""config"":[""Y+"",""Y""],""d"":7,""p"":0.005733333333333333}",
      1024,        23,         0,   0.018,pymatching,54953947f3feebc7119bbdb3c90e47f38134f73533f9669982539c57c3f68cca,"{""config"":[""Y+"",""Y""],""d"":7,""p"":0.006802564102564103}",
      1024,        44,         0,   0.021,pymatching,82faf2022754eeaba2fa4ad6f0b446cd059fab8b1026aa30f38d63e60ddb0a0f,"{""config"":[""Y+"",""Y""],""d"":7,""p"":0.007515384615384615}",
      1024,        28,         0,   0.019,pymatching,ca26f21bc502402c28ed97c7f7c1d1b62a602b71eacb2a467149bdaa2f5d945c,"{""config"":[""Y+"",""Y""],""d"":7,""p"":0.007158974358974359}",
      7168,        29,         0,   0.082,pymatching,72809015876d1f9b8ff5ff89d3ce2a1c29e73672373efd2eb3e8fd9cda3edd02,"{""config"":[""Y+"",""Y""],""d"":7,""p"":0.0043076923076923075}",
      4096,        66,         0,   0.070,pymatching,4451bbcae661709660b35391e8a3084afaa63de0e908cd1bd0670e791ea954b6,"{""config"":[""Y+"",""Y""],""d"":7,""p"":0.006446153846153846}",
     13312,       194,         0,   0.209,pymatching,6492a75cf2d32538edb01866f3ae5f7d4206754a4e3c1ab604f05e688906edd5,"{""config"":[""Y+"",""Y""],""d"":7,""p"":0.00608974358974359}",
     12288,       252,         0,   0.211,pymatching,4451bbcae661709660b35391e8a3084afaa63de0e908cd1bd0670e791ea954b6,"{""config"":[""Y+"",""Y""],""d"":7,""p"":0.006446153846153846}",
      6144,        37,         0,   0.080,pymatching,aa429589a3348e00898eb2b9a5a5dbd4f3b518fd65dc69aeba43d82ded161f49,"{""config"":[""Y+"",""Y""],""d"":7,""p"":0.004664102564102564}",
     29696,        30,         0,   0.293,pymatching,55e2052820d1a12ecd22092c6f5ca6c76ccd51891eb64142fab7e2d43f17862d,"{""config"":[""Y+"",""Y""],""d"":7,""p"":0.003238461538461538}",
      1024,        36,         0,   0.023,pymatching,edd89b5b1ae934e17659c601172a1f72bc7f0d46450e5d70cf8d6579686bc1a9,"{""config"":[""Y+"",""Y""],""d"":7,""p"":0.007871794871794872}",
     26624,        90,         0,   0.289,pymatching,583761c35c6053557a126e62d723dad6630bce6cb9ef4b9b16e28bcd435dfb36,"{""config"":[""Y+"",""Y""],""d"":7,""p"":0.003951282051282051}",
     20480,       687,         0,   0.423,pymatching,82faf2022754eeaba2fa4ad6f0b446cd059fab8b1026aa30f38d63e60ddb0a0f,"{""config"":[""Y+"",""Y""],""d"":7,""p"":0.007515384615384615}",
     27648,        41,         0,   0.294,pymatching,5bc48b83ec852cb30e501e5b0905235215d5d2acb38422d1ae9a4692a1dddcd3,"{""config"":[""Y+"",""Y""],""d"":7,""p"":0.0035948717948717946}",
      1024,        30,         0,   0.021,pymatching,82faf2022754eeaba2fa4ad6f0b446cd059fab8b1026aa30f38d63e60ddb0a0f,"{""config"":[""Y+"",""Y""],""d"":7,""p"":0.007515384615384615}",
     48655,        34,         0,   0.425,pymatching,c29daf484c9d432db8f543665f6277eae8f75a9a750a6f2b46c8830e5bd84bae,"{""config"":[""Y+"",""Y""],""d"":7,""p"":0.0028820512820512817}",
     13312,         4,         0,   0.108,pymatching,2c493731402f69a8580bdf5b58ad0e0c3f1b910fd2a23dc0feafd13baa269d2c,"{""config"":[""Y+"",""Y""],""d"":7,""p"":0.0025256410256410257}",
     49999,        16,         0,   0.429,pymatching,2c493731402f69a8580bdf5b58ad0e0c3f1b910fd2a23dc0feafd13baa269d2c,"{""config"":[""Y+"",""Y""],""d"":7,""p"":0.0025256410256410257}",
     19456,       762,         0,   0.406,pymatching,edd89b5b1ae934e17659c601172a1f72bc7f0d46450e5d70cf8d6579686bc1a9,"{""config"":[""Y+"",""Y""],""d"":7,""p"":0.007871794871794872}",
      6144,        61,         0,   0.085,pymatching,44778f417ddefc9165e91ad4a5805c24dc79bdc9782a224c5d308d339d9e8097,"{""config"":[""Y+"",""Y""],""d"":7,""p"":0.005376923076923077}",
     45056,        22,         0,   0.366,pymatching,2c493731402f69a8580bdf5b58ad0e0c3f1b910fd2a23dc0feafd13baa269d2c,"{""config"":[""Y+"",""Y""],""d"":7,""p"":0.0025256410256410257}",
      2048,        47,         0,   0.037,pymatching,54953947f3feebc7119bbdb3c90e47f38134f73533f9669982539c57c3f68cca,"{""config"":[""Y+"",""Y""],""d"":7,""p"":0.006802564102564103}",
      1024,        42,         0,   0.023,pymatching,edd89b5b1ae934e17659c601172a1f72bc7f0d46450e5d70cf8d6579686bc1a9,"{""config"":[""Y+"",""Y""],""d"":7,""p"":0.007871794871794872}",
     22528,       883,         0,   0.493,pymatching,edd89b5b1ae934e17659c601172a1f72bc7f0d46450e5d70cf8d6579686bc1a9,"{""config"":[""Y+"",""Y""],""d"":7,""p"":0.007871794871794872}",
      2048,        52,         0,   0.038,pymatching,ca26f21bc502402c28ed97c7f7c1d1b62a602b71eacb2a467149bdaa2f5d945c,"{""config"":[""Y+"",""Y""],""d"":7,""p"":0.007158974358974359}",
     16207,         6,         0,   0.138,pymatching,2c493731402f69a8580bdf5b58ad0e0c3f1b910fd2a23dc0feafd13baa269d2c,"{""config"":[""Y+"",""Y""],""d"":7,""p"":0.0025256410256410257}",
     11264,        18,         0,   0.111,pymatching,55e2052820d1a12ecd22092c6f5ca6c76ccd51891eb64142fab7e2d43f17862d,"{""config"":[""Y+"",""Y""],""d"":7,""p"":0.003238461538461538}",
     12288,        12,         0,   0.112,pymatching,c29daf484c9d432db8f543665f6277eae8f75a9a750a6f2b46c8830e5bd84bae,"{""config"":[""Y+"",""Y""],""d"":7,""p"":0.0028820512820512817}",
      5120,       200,         0,   0.126,pymatching,edd89b5b1ae934e17659c601172a1f72bc7f0d46450e5d70cf8d6579686bc1a9,"{""config"":[""Y+"",""Y""],""d"":7,""p"":0.007871794871794872}",
      3072,         1,         0,   0.025,pymatching,2c493731402f69a8580bdf5b58ad0e0c3f1b910fd2a23dc0feafd13baa269d2c,"{""config"":[""Y+"",""Y""],""d"":7,""p"":0.0025256410256410257}",
     10240,        33,         0,   0.110,pymatching,583761c35c6053557a126e62d723dad6630bce6cb9ef4b9b16e28bcd435dfb36,"{""config"":[""Y+"",""Y""],""d"":7,""p"":0.003951282051282051}",
      1024,        45,         0,   0.022,pymatching,edd89b5b1ae934e17659c601172a1f72bc7f0d46450e5d70cf8d6579686bc1a9,"{""config"":[""Y+"",""Y""],""d"":7,""p"":0.007871794871794872}",
      5120,        65,         0,   0.079,pymatching,1ded2928a119f1b6c0eb82651ab130497369e0a99313696e9ddd7d3d79cb15d2,"{""config"":[""Y+"",""Y""],""d"":7,""p"":0.005733333333333333}",
     88064,       115,         0,   0.826,pymatching,55e2052820d1a12ecd22092c6f5ca6c76ccd51891eb64142fab7e2d43f17862d,"{""config"":[""Y+"",""Y""],""d"":7,""p"":0.003238461538461538}",
      1704,         1,         0,   0.014,pymatching,2c493731402f69a8580bdf5b58ad0e0c3f1b910fd2a23dc0feafd13baa269d2c,"{""config"":[""Y+"",""Y""],""d"":7,""p"":0.0025256410256410257}",
     80896,       154,         0,   0.814,pymatching,5bc48b83ec852cb30e501e5b0905235215d5d2acb38422d1ae9a4692a1dddcd3,"{""config"":[""Y+"",""Y""],""d"":7,""p"":0.0035948717948717946}",
       167,         0,         0,   0.002,pymatching,2c493731402f69a8580bdf5b58ad0e0c3f1b910fd2a23dc0feafd13baa269d2c,"{""config"":[""Y+"",""Y""],""d"":7,""p"":0.0025256410256410257}",
      1704,         3,         0,   0.015,pymatching,2c493731402f69a8580bdf5b58ad0e0c3f1b910fd2a23dc0feafd13baa269d2c,"{""config"":[""Y+"",""Y""],""d"":7,""p"":0.0025256410256410257}",
     11264,        22,         0,   0.114,pymatching,5bc48b83ec852cb30e501e5b0905235215d5d2acb38422d1ae9a4692a1dddcd3,"{""config"":[""Y+"",""Y""],""d"":7,""p"":0.0035948717948717946}",
     10240,       314,         0,   0.211,pymatching,82faf2022754eeaba2fa4ad6f0b446cd059fab8b1026aa30f38d63e60ddb0a0f,"{""config"":[""Y+"",""Y""],""d"":7,""p"":0.007515384615384615}",
      1363,         0,         0,   0.012,pymatching,2c493731402f69a8580bdf5b58ad0e0c3f1b910fd2a23dc0feafd13baa269d2c,"{""config"":[""Y+"",""Y""],""d"":7,""p"":0.0025256410256410257}",
      5120,        83,         0,   0.081,pymatching,6492a75cf2d32538edb01866f3ae5f7d4206754a4e3c1ab604f05e688906edd5,"{""config"":[""Y+"",""Y""],""d"":7,""p"":0.00608974358974359}",
      2048,        62,         0,   0.042,pymatching,82faf2022754eeaba2fa4ad6f0b446cd059fab8b1026aa30f38d63e60ddb0a0f,"{""config"":[""Y+"",""Y""],""d"":7,""p"":0.007515384615384615}",
     24576,        98,         0,   0.299,pymatching,72809015876d1f9b8ff5ff89d3ce2a1c29e73672373efd2eb3e8fd9cda3edd02,"{""config"":[""Y+"",""Y""],""d"":7,""p"":0.0043076923076923075}",
     24576,       126,         0,   0.301,pymatching,aa429589a3348e00898eb2b9a5a5dbd4f3b518fd65dc69aeba43d82ded161f49,"{""config"":[""Y+"",""Y""],""d"":7,""p"":0.004664102564102564}",
       341,         0,         0,   0.003,pymatching,2c493731402f69a8580bdf5b58ad0e0c3f1b910fd2a23dc0feafd13baa269d2c,"{""config"":[""Y+"",""Y""],""d"":7,""p"":0.0025256410256410257}",
      2048,        53,         0,   0.037,pymatching,54953947f3feebc7119bbdb3c90e47f38134f73533f9669982539c57c3f68cca,"{""config"":[""Y+"",""Y""],""d"":7,""p"":0.006802564102564103}",
     11264,       352,         0,   0.211,pymatching,ca26f21bc502402c28ed97c7f7c1d1b62a602b71eacb2a467149bdaa2f5d945c,"{""config"":[""Y+"",""Y""],""d"":7,""p"":0.007158974358974359}",
       648,         0,         0,   0.005,pymatching,2c493731402f69a8580bdf5b58ad0e0c3f1b910fd2a23dc0feafd13baa269d2c,"{""config"":[""Y+"",""Y""],""d"":7,""p"":0.0025256410256410257}",
      2048,        52,         0,   0.038,pymatching,ca26f21bc502402c28ed97c7f7c1d1b62a602b71eacb2a467149bdaa2f5d945c,"{""config"":[""Y+"",""Y""],""d"":7,""p"":0.007158974358974359}",
     11264,       235,         0,   0.221,pymatching,54953947f3feebc7119bbdb3c90e47f38134f73533f9669982539c57c3f68cca,"{""config"":[""Y+"",""Y""],""d"":7,""p"":0.006802564102564103}",
     18339,        10,         0,   0.163,pymatching,c29daf484c9d432db8f543665f6277eae8f75a9a750a6f2b46c8830e5bd84bae,"{""config"":[""Y+"",""Y""],""d"":7,""p"":0.0028820512820512817}",
     18339,        19,         0,   0.163,pymatching,c29daf484c9d432db8f543665f6277eae8f75a9a750a6f2b46c8830e5bd84bae,"{""config"":[""Y+"",""Y""],""d"":7,""p"":0.0028820512820512817}",
       118,         0,         0,   0.002,pymatching,2c493731402f69a8580bdf5b58ad0e0c3f1b910fd2a23dc0feafd13baa269d2c,"{""config"":[""Y+"",""Y""],""d"":7,""p"":0.0025256410256410257}",
      5120,       104,         0,   0.087,pymatching,4451bbcae661709660b35391e8a3084afaa63de0e908cd1bd0670e791ea954b6,"{""config"":[""Y+"",""Y""],""d"":7,""p"":0.006446153846153846}",
      8192,        41,         0,   0.113,pymatching,8b3bc9bef2aea071ed74476e1e9f2dd5a1c3bf81e58b8bf69df925b82d1ba7a4,"{""config"":[""Y+"",""Y""],""d"":7,""p"":0.00502051282051282}",
      2048,        59,         0,   0.043,pymatching,82faf2022754eeaba2fa4ad6f0b446cd059fab8b1026aa30f38d63e60ddb0a0f,"{""config"":[""Y+"",""Y""],""d"":7,""p"":0.007515384615384615}",
      9216,        27,         0,   0.107,pymatching,72809015876d1f9b8ff5ff89d3ce2a1c29e73672373efd2eb3e8fd9cda3edd02,"{""config"":[""Y+"",""Y""],""d"":7,""p"":0.0043076923076923075}",
      8192,        41,         0,   0.106,pymatching,aa429589a3348e00898eb2b9a5a5dbd4f3b518fd65dc69aeba43d82ded161f49,"{""config"":[""Y+"",""Y""],""d"":7,""p"":0.004664102564102564}",
       154,         0,         0,   0.003,pymatching,2c493731402f69a8580bdf5b58ad0e0c3f1b910fd2a23dc0feafd13baa269d2c,"{""config"":[""Y+"",""Y""],""d"":7,""p"":0.0025256410256410257}",
     31744,      1063,         0,   0.659,pymatching,82faf2022754eeaba2fa4ad6f0b446cd059fab8b1026aa30f38d63e60ddb0a0f,"{""config"":[""Y+"",""Y""],""d"":7,""p"":0.007515384615384615}",
      5120,       185,         0,   0.106,pymatching,82faf2022754eeaba2fa4ad6f0b446cd059fab8b1026aa30f38d63e60ddb0a0f,"{""config"":[""Y+"",""Y""],""d"":7,""p"":0.007515384615384615}",
       123,         0,         0,   0.003,pymatching,2c493731402f69a8580bdf5b58ad0e0c3f1b910fd2a23dc0feafd13baa269d2c,"{""config"":[""Y+"",""Y""],""d"":7,""p"":0.0025256410256410257}",
       123,         0,         0,   0.003,pymatching,2c493731402f69a8580bdf5b58ad0e0c3f1b910fd2a23dc0feafd13baa269d2c,"{""config"":[""Y+"",""Y""],""d"":7,""p"":0.0025256410256410257}",
       123,         0,         0,   0.003,pymatching,2c493731402f69a8580bdf5b58ad0e0c3f1b910fd2a23dc0feafd13baa269d2c,"{""config"":[""Y+"",""Y""],""d"":7,""p"":0.0025256410256410257}",
      3072,       112,         0,   0.065,pymatching,82faf2022754eeaba2fa4ad6f0b446cd059fab8b1026aa30f38d63e60ddb0a0f,"{""config"":[""Y+"",""Y""],""d"":7,""p"":0.007515384615384615}",
      3072,        65,         0,   0.054,pymatching,54953947f3feebc7119bbdb3c90e47f38134f73533f9669982539c57c3f68cca,"{""config"":[""Y+"",""Y""],""d"":7,""p"":0.006802564102564103}",
      1297,         0,         0,   0.013,pymatching,c29daf484c9d432db8f543665f6277eae8f75a9a750a6f2b46c8830e5bd84bae,"{""config"":[""Y+"",""Y""],""d"":7,""p"":0.0028820512820512817}",
       123,         0,         0,   0.003,pymatching,2c493731402f69a8580bdf5b58ad0e0c3f1b910fd2a23dc0feafd13baa269d2c,"{""config"":[""Y+"",""Y""],""d"":7,""p"":0.0025256410256410257}",
      1024,        34,         0,   0.022,pymatching,82faf2022754eeaba2fa4ad6f0b446cd059fab8b1026aa30f38d63e60ddb0a0f,"{""config"":[""Y+"",""Y""],""d"":7,""p"":0.007515384615384615}",
        74,         0,         0,   0.001,pymatching,2c493731402f69a8580bdf5b58ad0e0c3f1b910fd2a23dc0feafd13baa269d2c,"{""config"":[""Y+"",""Y""],""d"":7,""p"":0.0025256410256410257}",
      1297,         1,         0,   0.015,pymatching,55e2052820d1a12ecd22092c6f5ca6c76ccd51891eb64142fab7e2d43f17862d,"{""config"":[""Y+"",""Y""],""d"":7,""p"":0.003238461538461538}",
      3072,        88,         0,   0.058,pymatching,ca26f21bc502402c28ed97c7f7c1d1b62a602b71eacb2a467149bdaa2f5d945c,"{""config"":[""Y+"",""Y""],""d"":7,""p"":0.007158974358974359}",
        31,         0,         0,   0.001,pymatching,2c493731402f69a8580bdf5b58ad0e0c3f1b910fd2a23dc0feafd13baa269d2c,"{""config"":[""Y+"",""Y""],""d"":7,""p"":0.0025256410256410257}",
      1297,         4,         0,   0.016,pymatching,5bc48b83ec852cb30e501e5b0905235215d5d2acb38422d1ae9a4692a1dddcd3,"{""config"":[""Y+"",""Y""],""d"":7,""p"":0.0035948717948717946}",
      8192,        68,         0,   0.114,pymatching,44778f417ddefc9165e91ad4a5805c24dc79bdc9782a224c5d308d339d9e8097,"{""config"":[""Y+"",""Y""],""d"":7,""p"":0.005376923076923077}",
        10,         0,         0,   0.001,pymatching,2c493731402f69a8580bdf5b58ad0e0c3f1b910fd2a23dc0feafd13baa269d2c,"{""config"":[""Y+"",""Y""],""d"":7,""p"":0.0025256410256410257}",
      2048,         2,         0,   0.018,pymatching,c29daf484c9d432db8f543665f6277eae8f75a9a750a6f2b46c8830e5bd84bae,"{""config"":[""Y+"",""Y""],""d"":7,""p"":0.0028820512820512817}",
     11003,        14,         0,   0.101,pymatching,c29daf484c9d432db8f543665f6277eae8f75a9a750a6f2b46c8830e5bd84bae,"{""config"":[""Y+"",""Y""],""d"":7,""p"":0.0028820512820512817}",
      2048,         3,         0,   0.019,pymatching,55e2052820d1a12ecd22092c6f5ca6c76ccd51891eb64142fab7e2d43f17862d,"{""config"":[""Y+"",""Y""],""d"":7,""p"":0.003238461538461538}",
      7333,         4,         0,   0.065,pymatching,c29daf484c9d432db8f543665f6277eae8f75a9a750a6f2b46c8830e5bd84bae,"{""config"":[""Y+"",""Y""],""d"":7,""p"":0.0028820512820512817}",
      7168,         6,         0,   0.065,pymatching,c29daf484c9d432db8f543665f6277eae8f75a9a750a6f2b46c8830e5bd84bae,"{""config"":[""Y+"",""Y""],""d"":7,""p"":0.0028820512820512817}",
         2,         0,         0,   0.000,pymatching,2c493731402f69a8580bdf5b58ad0e0c3f1b910fd2a23dc0feafd13baa269d2c,"{""config"":[""Y+"",""Y""],""d"":7,""p"":0.0025256410256410257}",
     14336,        13,         0,   0.125,pymatching,c29daf484c9d432db8f543665f6277eae8f75a9a750a6f2b46c8830e5bd84bae,"{""config"":[""Y+"",""Y""],""d"":7,""p"":0.0028820512820512817}",
         4,         0,         0,   0.000,pymatching,2c493731402f69a8580bdf5b58ad0e0c3f1b910fd2a23dc0feafd13baa269d2c,"{""config"":[""Y+"",""Y""],""d"":7,""p"":0.0025256410256410257}",
      2048,         5,         0,   0.022,pymatching,5bc48b83ec852cb30e501e5b0905235215d5d2acb38422d1ae9a4692a1dddcd3,"{""config"":[""Y+"",""Y""],""d"":7,""p"":0.0035948717948717946}",
      7168,        86,         0,   0.112,pymatching,1ded2928a119f1b6c0eb82651ab130497369e0a99313696e9ddd7d3d79cb15d2,"{""config"":[""Y+"",""Y""],""d"":7,""p"":0.005733333333333333}",
         1,         0,         0,   0.000,pymatching,2c493731402f69a8580bdf5b58ad0e0c3f1b910fd2a23dc0feafd13baa269d2c,"{""config"":[""Y+"",""Y""],""d"":7,""p"":0.0025256410256410257}",
       335,         0,         0,   0.003,pymatching,c29daf484c9d432db8f543665f6277eae8f75a9a750a6f2b46c8830e5bd84bae,"{""config"":[""Y+"",""Y""],""d"":7,""p"":0.0028820512820512817}",
      2048,         6,         0,   0.020,pymatching,55e2052820d1a12ecd22092c6f5ca6c76ccd51891eb64142fab7e2d43f17862d,"{""config"":[""Y+"",""Y""],""d"":7,""p"":0.003238461538461538}",
      3072,         3,         0,   0.027,pymatching,c29daf484c9d432db8f543665f6277eae8f75a9a750a6f2b46c8830e5bd84bae,"{""config"":[""Y+"",""Y""],""d"":7,""p"":0.0028820512820512817}",
       826,         1,         0,   0.008,pymatching,c29daf484c9d432db8f543665f6277eae8f75a9a750a6f2b46c8830e5bd84bae,"{""config"":[""Y+"",""Y""],""d"":7,""p"":0.0028820512820512817}",
      7168,       111,         0,   0.114,pymatching,6492a75cf2d32538edb01866f3ae5f7d4206754a4e3c1ab604f05e688906edd5,"{""config"":[""Y+"",""Y""],""d"":7,""p"":0.00608974358974359}",
      3072,        68,         0,   0.055,pymatching,54953947f3feebc7119bbdb3c90e47f38134f73533f9669982539c57c3f68cca,"{""config"":[""Y+"",""Y""],""d"":7,""p"":0.006802564102564103}",
      1635,         2,         0,   0.015,pymatching,c29daf484c9d432db8f543665f6277eae8f75a9a750a6f2b46c8830e5bd84bae,"{""config"":[""Y+"",""Y""],""d"":7,""p"":0.0028820512820512817}",
      2366,         1,         0,   0.021,pymatching,c29daf484c9d432db8f543665f6277eae8f75a9a750a6f2b46c8830e5bd84bae,"{""config"":[""Y+"",""Y""],""d"":7,""p"":0.0028820512820512817}",
      2048,         5,         0,   0.024,pymatching,5bc48b83ec852cb30e501e5b0905235215d5d2acb38422d1ae9a4692a1dddcd3,"{""config"":[""Y+"",""Y""],""d"":7,""p"":0.0035948717948717946}",
     20480,       196,         0,   0.299,pymatching,44778f417ddefc9165e91ad4a5805c24dc79bdc9782a224c5d308d339d9e8097,"{""config"":[""Y+"",""Y""],""d"":7,""p"":0.005376923076923077}",
      2048,         0,         0,   0.018,pymatching,c29daf484c9d432db8f543665f6277eae8f75a9a750a6f2b46c8830e5bd84bae,"{""config"":[""Y+"",""Y""],""d"":7,""p"":0.0028820512820512817}",
      3072,        88,         0,   0.059,pymatching,ca26f21bc502402c28ed97c7f7c1d1b62a602b71eacb2a467149bdaa2f5d945c,"{""config"":[""Y+"",""Y""],""d"":7,""p"":0.007158974358974359}",
     54272,       110,         0,   0.575,pymatching,5bc48b83ec852cb30e501e5b0905235215d5d2acb38422d1ae9a4692a1dddcd3,"{""config"":[""Y+"",""Y""],""d"":7,""p"":0.0035948717948717946}",
     80384,       220,         0,   0.917,pymatching,583761c35c6053557a126e62d723dad6630bce6cb9ef4b9b16e28bcd435dfb36,"{""config"":[""Y+"",""Y""],""d"":7,""p"":0.003951282051282051}",
     57856,        75,         0,   0.569,pymatching,55e2052820d1a12ecd22092c6f5ca6c76ccd51891eb64142fab7e2d43f17862d,"{""config"":[""Y+"",""Y""],""d"":7,""p"":0.003238461538461538}",
      6144,       132,         0,   0.107,pymatching,4451bbcae661709660b35391e8a3084afaa63de0e908cd1bd0670e791ea954b6,"{""config"":[""Y+"",""Y""],""d"":7,""p"":0.006446153846153846}",
     14336,        15,         0,   0.153,pymatching,55e2052820d1a12ecd22092c6f5ca6c76ccd51891eb64142fab7e2d43f17862d,"{""config"":[""Y+"",""Y""],""d"":7,""p"":0.003238461538461538}",
     21504,       154,         0,   0.297,pymatching,8b3bc9bef2aea071ed74476e1e9f2dd5a1c3bf81e58b8bf69df925b82d1ba7a4,"{""config"":[""Y+"",""Y""],""d"":7,""p"":0.00502051282051282}",
      3072,         1,         0,   0.031,pymatching,55e2052820d1a12ecd22092c6f5ca6c76ccd51891eb64142fab7e2d43f17862d,"{""config"":[""Y+"",""Y""],""d"":7,""p"":0.003238461538461538}",
       307,         0,         0,   0.003,pymatching,c29daf484c9d432db8f543665f6277eae8f75a9a750a6f2b46c8830e5bd84bae,"{""config"":[""Y+"",""Y""],""d"":7,""p"":0.0028820512820512817}",
     14336,        39,         0,   0.157,pymatching,583761c35c6053557a126e62d723dad6630bce6cb9ef4b9b16e28bcd435dfb36,"{""config"":[""Y+"",""Y""],""d"":7,""p"":0.003951282051282051}",
       310,         0,         0,   0.003,pymatching,c29daf484c9d432db8f543665f6277eae8f75a9a750a6f2b46c8830e5bd84bae,"{""config"":[""Y+"",""Y""],""d"":7,""p"":0.0028820512820512817}",
       310,         0,         0,   0.003,pymatching,c29daf484c9d432db8f543665f6277eae8f75a9a750a6f2b46c8830e5bd84bae,"{""config"":[""Y+"",""Y""],""d"":7,""p"":0.0028820512820512817}",
      1297,         1,         0,   0.016,pymatching,583761c35c6053557a126e62d723dad6630bce6cb9ef4b9b16e28bcd435dfb36,"{""config"":[""Y+"",""Y""],""d"":7,""p"":0.003951282051282051}",
      1297,         8,         0,   0.017,pymatching,72809015876d1f9b8ff5ff89d3ce2a1c29e73672373efd2eb3e8fd9cda3edd02,"{""config"":[""Y+"",""Y""],""d"":7,""p"":0.0043076923076923075}",
       248,         0,         0,   0.004,pymatching,c29daf484c9d432db8f543665f6277eae8f75a9a750a6f2b46c8830e5bd84bae,"{""config"":[""Y+"",""Y""],""d"":7,""p"":0.0028820512820512817}",
     15360,        23,         0,   0.156,pymatching,5bc48b83ec852cb30e501e5b0905235215d5d2acb38422d1ae9a4692a1dddcd3,"{""config"":[""Y+"",""Y""],""d"":7,""p"":0.0035948717948717946}",
       248,         0,         0,   0.005,pymatching,c29daf484c9d432db8f543665f6277eae8f75a9a750a6f2b46c8830e5bd84bae,"{""config"":[""Y+"",""Y""],""d"":7,""p"":0.0028820512820512817}",
        62,         0,         0,   0.001,pymatching,c29daf484c9d432db8f543665f6277eae8f75a9a750a6f2b46c8830e5bd84bae,"{""config"":[""Y+"",""Y""],""d"":7,""p"":0.0028820512820512817}",
      3072,         2,         0,   0.033,pymatching,5bc48b83ec852cb30e501e5b0905235215d5d2acb38422d1ae9a4692a1dddcd3,"{""config"":[""Y+"",""Y""],""d"":7,""p"":0.0035948717948717946}",
        62,         0,         0,   0.002,pymatching,c29daf484c9d432db8f543665f6277eae8f75a9a750a6f2b46c8830e5bd84bae,"{""config"":[""Y+"",""Y""],""d"":7,""p"":0.0028820512820512817}",
      1297,        13,         0,   0.019,pymatching,8b3bc9bef2aea071ed74476e1e9f2dd5a1c3bf81e58b8bf69df925b82d1ba7a4,"{""config"":[""Y+"",""Y""],""d"":7,""p"":0.00502051282051282}",
      1297,         5,         0,   0.022,pymatching,aa429589a3348e00898eb2b9a5a5dbd4f3b518fd65dc69aeba43d82ded161f49,"{""config"":[""Y+"",""Y""],""d"":7,""p"":0.004664102564102564}",
      2048,        12,         0,   0.023,pymatching,583761c35c6053557a126e62d723dad6630bce6cb9ef4b9b16e28bcd435dfb36,"{""config"":[""Y+"",""Y""],""d"":7,""p"":0.003951282051282051}",
      1024,        13,         0,   0.014,pymatching,8b3bc9bef2aea071ed74476e1e9f2dd5a1c3bf81e58b8bf69df925b82d1ba7a4,"{""config"":[""Y+"",""Y""],""d"":7,""p"":0.00502051282051282}",
      2048,         9,         0,   0.025,pymatching,72809015876d1f9b8ff5ff89d3ce2a1c29e73672373efd2eb3e8fd9cda3edd02,"{""config"":[""Y+"",""Y""],""d"":7,""p"":0.0043076923076923075}",
      4096,         5,         0,   0.041,pymatching,55e2052820d1a12ecd22092c6f5ca6c76ccd51891eb64142fab7e2d43f17862d,"{""config"":[""Y+"",""Y""],""d"":7,""p"":0.003238461538461538}",
     23552,        28,         0,   0.234,pymatching,55e2052820d1a12ecd22092c6f5ca6c76ccd51891eb64142fab7e2d43f17862d,"{""config"":[""Y+"",""Y""],""d"":7,""p"":0.003238461538461538}",
     11264,        88,         0,   0.156,pymatching,8b3bc9bef2aea071ed74476e1e9f2dd5a1c3bf81e58b8bf69df925b82d1ba7a4,"{""config"":[""Y+"",""Y""],""d"":7,""p"":0.00502051282051282}",
      2048,        10,         0,   0.027,pymatching,aa429589a3348e00898eb2b9a5a5dbd4f3b518fd65dc69aeba43d82ded161f49,"{""config"":[""Y+"",""Y""],""d"":7,""p"":0.004664102564102564}",
      2048,         5,         0,   0.024,pymatching,583761c35c6053557a126e62d723dad6630bce6cb9ef4b9b16e28bcd435dfb36,"{""config"":[""Y+"",""Y""],""d"":7,""p"":0.003951282051282051}",
     20093,        26,         0,   0.189,pymatching,55e2052820d1a12ecd22092c6f5ca6c76ccd51891eb64142fab7e2d43f17862d,"{""config"":[""Y+"",""Y""],""d"":7,""p"":0.003238461538461538}",
     11264,        75,         0,   0.147,pymatching,aa429589a3348e00898eb2b9a5a5dbd4f3b518fd65dc69aeba43d82ded161f49,"{""config"":[""Y+"",""Y""],""d"":7,""p"":0.004664102564102564}",
      4096,        11,         0,   0.044,pymatching,5bc48b83ec852cb30e501e5b0905235215d5d2acb38422d1ae9a4692a1dddcd3,"{""config"":[""Y+"",""Y""],""d"":7,""p"":0.0035948717948717946}",
      2048,         5,         0,   0.025,pymatching,72809015876d1f9b8ff5ff89d3ce2a1c29e73672373efd2eb3e8fd9cda3edd02,"{""config"":[""Y+"",""Y""],""d"":7,""p"":0.0043076923076923075}",
      2048,        23,         0,   0.028,pymatching,8b3bc9bef2aea071ed74476e1e9f2dd5a1c3bf81e58b8bf69df925b82d1ba7a4,"{""config"":[""Y+"",""Y""],""d"":7,""p"":0.00502051282051282}",
     13312,        51,         0,   0.157,pymatching,72809015876d1f9b8ff5ff89d3ce2a1c29e73672373efd2eb3e8fd9cda3edd02,"{""config"":[""Y+"",""Y""],""d"":7,""p"":0.0043076923076923075}",
      4096,       116,         0,   0.076,pymatching,ca26f21bc502402c28ed97c7f7c1d1b62a602b71eacb2a467149bdaa2f5d945c,"{""config"":[""Y+"",""Y""],""d"":7,""p"":0.007158974358974359}",
      5120,       118,         0,   0.092,pymatching,54953947f3feebc7119bbdb3c90e47f38134f73533f9669982539c57c3f68cca,"{""config"":[""Y+"",""Y""],""d"":7,""p"":0.006802564102564103}",
      2048,        15,         0,   0.027,pymatching,aa429589a3348e00898eb2b9a5a5dbd4f3b518fd65dc69aeba43d82ded161f49,"{""config"":[""Y+"",""Y""],""d"":7,""p"":0.004664102564102564}",
     18432,       227,         0,   0.289,pymatching,1ded2928a119f1b6c0eb82651ab130497369e0a99313696e9ddd7d3d79cb15d2,"{""config"":[""Y+"",""Y""],""d"":7,""p"":0.005733333333333333}",
     50176,       134,         0,   0.568,pymatching,583761c35c6053557a126e62d723dad6630bce6cb9ef4b9b16e28bcd435dfb36,"{""config"":[""Y+"",""Y""],""d"":7,""p"":0.003951282051282051}",
      1297,        28,         0,   0.024,pymatching,4451bbcae661709660b35391e8a3084afaa63de0e908cd1bd0670e791ea954b6,"{""config"":[""Y+"",""Y""],""d"":7,""p"":0.006446153846153846}",
      3072,         6,         0,   0.035,pymatching,583761c35c6053557a126e62d723dad6630bce6cb9ef4b9b16e28bcd435dfb36,"{""config"":[""Y+"",""Y""],""d"":7,""p"":0.003951282051282051}",
      1297,        18,         0,   0.023,pymatching,6492a75cf2d32538edb01866f3ae5f7d4206754a4e3c1ab604f05e688906edd5,"{""config"":[""Y+"",""Y""],""d"":7,""p"":0.00608974358974359}",
      1297,        28,         0,   0.026,pymatching,54953947f3feebc7119bbdb3c90e47f38134f73533f9669982539c57c3f68cca,"{""config"":[""Y+"",""Y""],""d"":7,""p"":0.006802564102564103}",
      2048,        14,         0,   0.029,pymatching,8b3bc9bef2aea071ed74476e1e9f2dd5a1c3bf81e58b8bf69df925b82d1ba7a4,"{""config"":[""Y+"",""Y""],""d"":7,""p"":0.00502051282051282}",
     18432,       253,         0,   0.289,pymatching,6492a75cf2d32538edb01866f3ae5f7d4206754a4e3c1ab604f05e688906edd5,"{""config"":[""Y+"",""Y""],""d"":7,""p"":0.00608974358974359}",
       808,         1,         0,   0.009,pymatching,583761c35c6053557a126e62d723dad6630bce6cb9ef4b9b16e28bcd435dfb36,"{""config"":[""Y+"",""Y""],""d"":7,""p"":0.003951282051282051}",
      1297,        20,         0,   0.022,pymatching,1ded2928a119f1b6c0eb82651ab130497369e0a99313696e9ddd7d3d79cb15d2,"{""config"":[""Y+"",""Y""],""d"":7,""p"":0.005733333333333333}",
     50176,       187,         0,   0.577,pymatching,72809015876d1f9b8ff5ff89d3ce2a1c29e73672373efd2eb3e8fd9cda3edd02,"{""config"":[""Y+"",""Y""],""d"":7,""p"":0.0043076923076923075}",
      1297,        16,         0,   0.021,pymatching,44778f417ddefc9165e91ad4a5805c24dc79bdc9782a224c5d308d339d9e8097,"{""config"":[""Y+"",""Y""],""d"":7,""p"":0.005376923076923077}",
     11264,       124,         0,   0.156,pymatching,44778f417ddefc9165e91ad4a5805c24dc79bdc9782a224c5d308d339d9e8097,"{""config"":[""Y+"",""Y""],""d"":7,""p"":0.005376923076923077}",
      3072,        10,         0,   0.038,pymatching,72809015876d1f9b8ff5ff89d3ce2a1c29e73672373efd2eb3e8fd9cda3edd02,"{""config"":[""Y+"",""Y""],""d"":7,""p"":0.0043076923076923075}",
      6144,         6,         0,   0.060,pymatching,55e2052820d1a12ecd22092c6f5ca6c76ccd51891eb64142fab7e2d43f17862d,"{""config"":[""Y+"",""Y""],""d"":7,""p"":0.003238461538461538}",
      1024,        21,         0,   0.017,pymatching,4451bbcae661709660b35391e8a3084afaa63de0e908cd1bd0670e791ea954b6,"{""config"":[""Y+"",""Y""],""d"":7,""p"":0.006446153846153846}",
     17408,       336,         0,   0.302,pymatching,4451bbcae661709660b35391e8a3084afaa63de0e908cd1bd0670e791ea954b6,"{""config"":[""Y+"",""Y""],""d"":7,""p"":0.006446153846153846}",
      1024,        20,         0,   0.018,pymatching,6492a75cf2d32538edb01866f3ae5f7d4206754a4e3c1ab604f05e688906edd5,"{""config"":[""Y+"",""Y""],""d"":7,""p"":0.00608974358974359}",
      1024,        17,         0,   0.018,pymatching,54953947f3feebc7119bbdb3c90e47f38134f73533f9669982539c57c3f68cca,"{""config"":[""Y+"",""Y""],""d"":7,""p"":0.006802564102564103}",
      1024,        12,         0,   0.016,pymatching,1ded2928a119f1b6c0eb82651ab130497369e0a99313696e9ddd7d3d79cb15d2,"{""config"":[""Y+"",""Y""],""d"":7,""p"":0.005733333333333333}",
      1024,         5,         0,   0.015,pymatching,44778f417ddefc9165e91ad4a5805c24dc79bdc9782a224c5d308d339d9e8097,"{""config"":[""Y+"",""Y""],""d"":7,""p"":0.005376923076923077}",
      5120,        12,         0,   0.054,pymatching,5bc48b83ec852cb30e501e5b0905235215d5d2acb38422d1ae9a4692a1dddcd3,"{""config"":[""Y+"",""Y""],""d"":7,""p"":0.0035948717948717946}",
     12136,        14,         0,   0.121,pymatching,55e2052820d1a12ecd22092c6f5ca6c76ccd51891eb64142fab7e2d43f17862d,"{""config"":[""Y+"",""Y""],""d"":7,""p"":0.003238461538461538}",
      3072,        20,         0,   0.040,pymatching,aa429589a3348e00898eb2b9a5a5dbd4f3b518fd65dc69aeba43d82ded161f49,"{""config"":[""Y+"",""Y""],""d"":7,""p"":0.004664102564102564}",
     10240,       140,         0,   0.160,pymatching,1ded2928a119f1b6c0eb82651ab130497369e0a99313696e9ddd7d3d79cb15d2,"{""config"":[""Y+"",""Y""],""d"":7,""p"":0.005733333333333333}",
     11264,        15,         0,   0.112,pymatching,55e2052820d1a12ecd22092c6f5ca6c76ccd51891eb64142fab7e2d43f17862d,"{""config"":[""Y+"",""Y""],""d"":7,""p"":0.003238461538461538}",
      3072,        21,         0,   0.042,pymatching,8b3bc9bef2aea071ed74476e1e9f2dd5a1c3bf81e58b8bf69df925b82d1ba7a4,"{""config"":[""Y+"",""Y""],""d"":7,""p"":0.00502051282051282}",
      1297,        35,         0,   0.026,pymatching,ca26f21bc502402c28ed97c7f7c1d1b62a602b71eacb2a467149bdaa2f5d945c,"{""config"":[""Y+"",""Y""],""d"":7,""p"":0.007158974358974359}",
      4096,        11,         0,   0.047,pymatching,583761c35c6053557a126e62d723dad6630bce6cb9ef4b9b16e28bcd435dfb36,"{""config"":[""Y+"",""Y""],""d"":7,""p"":0.003951282051282051}",
     30077,        53,         0,   0.319,pymatching,5bc48b83ec852cb30e501e5b0905235215d5d2acb38422d1ae9a4692a1dddcd3,"{""config"":[""Y+"",""Y""],""d"":7,""p"":0.0035948717948717946}",
     41984,       305,         0,   0.569,pymatching,8b3bc9bef2aea071ed74476e1e9f2dd5a1c3bf81e58b8bf69df925b82d1ba7a4,"{""config"":[""Y+"",""Y""],""d"":7,""p"":0.00502051282051282}",
     10240,       137,         0,   0.163,pymatching,6492a75cf2d32538edb01866f3ae5f7d4206754a4e3c1ab604f05e688906edd5,"{""config"":[""Y+"",""Y""],""d"":7,""p"":0.00608974358974359}",
      2048,        40,         0,   0.035,pymatching,4451bbcae661709660b35391e8a3084afaa63de0e908cd1bd0670e791ea954b6,"{""config"":[""Y+"",""Y""],""d"":7,""p"":0.006446153846153846}",
     26624,        42,         0,   0.273,pymatching,5bc48b83ec852cb30e501e5b0905235215d5d2acb38422d1ae9a4692a1dddcd3,"{""config"":[""Y+"",""Y""],""d"":7,""p"":0.0035948717948717946}",
      1297,         2,         0,   0.016,pymatching,583761c35c6053557a126e62d723dad6630bce6cb9ef4b9b16e28bcd435dfb36,"{""config"":[""Y+"",""Y""],""d"":7,""p"":0.003951282051282051}",
      2048,        27,         0,   0.030,pymatching,44778f417ddefc9165e91ad4a5805c24dc79bdc9782a224c5d308d339d9e8097,"{""config"":[""Y+"",""Y""],""d"":7,""p"":0.005376923076923077}",
      2048,        52,         0,   0.034,pymatching,6492a75cf2d32538edb01866f3ae5f7d4206754a4e3c1ab604f05e688906edd5,"{""config"":[""Y+"",""Y""],""d"":7,""p"":0.00608974358974359}",
      2048,        27,         0,   0.032,pymatching,1ded2928a119f1b6c0eb82651ab130497369e0a99313696e9ddd7d3d79cb15d2,"{""config"":[""Y+"",""Y""],""d"":7,""p"":0.005733333333333333}",
     46080,       279,         0,   0.573,pymatching,aa429589a3348e00898eb2b9a5a5dbd4f3b518fd65dc69aeba43d82ded161f49,"{""config"":[""Y+"",""Y""],""d"":7,""p"":0.004664102564102564}",
      9089,        11,         0,   0.090,pymatching,55e2052820d1a12ecd22092c6f5ca6c76ccd51891eb64142fab7e2d43f17862d,"{""config"":[""Y+"",""Y""],""d"":7,""p"":0.003238461538461538}",
      2048,        56,         0,   0.037,pymatching,54953947f3feebc7119bbdb3c90e47f38134f73533f9669982539c57c3f68cca,"{""config"":[""Y+"",""Y""],""d"":7,""p"":0.006802564102564103}",
       872,         1,         0,   0.009,pymatching,55e2052820d1a12ecd22092c6f5ca6c76ccd51891eb64142fab7e2d43f17862d,"{""config"":[""Y+"",""Y""],""d"":7,""p"":0.003238461538461538}",
      1297,         4,         0,   0.016,pymatching,5bc48b83ec852cb30e501e5b0905235215d5d2acb38422d1ae9a4692a1dddcd3,"{""config"":[""Y+"",""Y""],""d"":7,""p"":0.0035948717948717946}",
      4096,        16,         0,   0.050,pymatching,72809015876d1f9b8ff5ff89d3ce2a1c29e73672373efd2eb3e8fd9cda3edd02,"{""config"":[""Y+"",""Y""],""d"":7,""p"":0.0043076923076923075}",
      8192,        13,         0,   0.077,pymatching,55e2052820d1a12ecd22092c6f5ca6c76ccd51891eb64142fab7e2d43f17862d,"{""config"":[""Y+"",""Y""],""d"":7,""p"":0.003238461538461538}",
      1297,         1,         0,   0.014,pymatching,55e2052820d1a12ecd22092c6f5ca6c76ccd51891eb64142fab7e2d43f17862d,"{""config"":[""Y+"",""Y""],""d"":7,""p"":0.003238461538461538}",
     86732,       292,         0,    1.07,pymatching,72809015876d1f9b8ff5ff89d3ce2a1c29e73672373efd2eb3e8fd9cda3edd02,"{""config"":[""Y+"",""Y""],""d"":7,""p"":0.0043076923076923075}",
      1024,        26,         0,   0.020,pymatching,ca26f21bc502402c28ed97c7f7c1d1b62a602b71eacb2a467149bdaa2f5d945c,"{""config"":[""Y+"",""Y""],""d"":7,""p"":0.007158974358974359}",
      5697,         5,         0,   0.056,pymatching,55e2052820d1a12ecd22092c6f5ca6c76ccd51891eb64142fab7e2d43f17862d,"{""config"":[""Y+"",""Y""],""d"":7,""p"":0.003238461538461538}",
      3072,        15,         0,   0.040,pymatching,aa429589a3348e00898eb2b9a5a5dbd4f3b518fd65dc69aeba43d82ded161f49,"{""config"":[""Y+"",""Y""],""d"":7,""p"":0.004664102564102564}",
     87142,       483,         0,    1.07,pymatching,aa429589a3348e00898eb2b9a5a5dbd4f3b518fd65dc69aeba43d82ded161f49,"{""config"":[""Y+"",""Y""],""d"":7,""p"":0.004664102564102564}",
      9216,       176,         0,   0.165,pymatching,4451bbcae661709660b35391e8a3084afaa63de0e908cd1bd0670e791ea954b6,"{""config"":[""Y+"",""Y""],""d"":7,""p"":0.006446153846153846}",
      1297,        36,         0,   0.028,pymatching,ca26f21bc502402c28ed97c7f7c1d1b62a602b71eacb2a467149bdaa2f5d945c,"{""config"":[""Y+"",""Y""],""d"":7,""p"":0.007158974358974359}",
      2048,         5,         0,   0.022,pymatching,583761c35c6053557a126e62d723dad6630bce6cb9ef4b9b16e28bcd435dfb36,"{""config"":[""Y+"",""Y""],""d"":7,""p"":0.003951282051282051}",
      3072,         6,         0,   0.041,pymatching,55e2052820d1a12ecd22092c6f5ca6c76ccd51891eb64142fab7e2d43f17862d,"{""config"":[""Y+"",""Y""],""d"":7,""p"":0.003238461538461538}",
      2048,         3,         0,   0.022,pymatching,5bc48b83ec852cb30e501e5b0905235215d5d2acb38422d1ae9a4692a1dddcd3,"{""config"":[""Y+"",""Y""],""d"":7,""p"":0.0035948717948717946}",
      2048,         3,         0,   0.019,pymatching,55e2052820d1a12ecd22092c6f5ca6c76ccd51891eb64142fab7e2d43f17862d,"{""config"":[""Y+"",""Y""],""d"":7,""p"":0.003238461538461538}",
      2048,        24,         0,   0.030,pymatching,44778f417ddefc9165e91ad4a5805c24dc79bdc9782a224c5d308d339d9e8097,"{""config"":[""Y+"",""Y""],""d"":7,""p"":0.005376923076923077}",
       513,         0,         0,   0.005,pymatching,55e2052820d1a12ecd22092c6f5ca6c76ccd51891eb64142fab7e2d43f17862d,"{""config"":[""Y+"",""Y""],""d"":7,""p"":0.003238461538461538}",
      3021,         2,         0,   0.029,pymatching,55e2052820d1a12ecd22092c6f5ca6c76ccd51891eb64142fab7e2d43f17862d,"{""config"":[""Y+"",""Y""],""d"":7,""p"":0.003238461538461538}",
      2048,        31,         0,   0.036,pymatching,4451bbcae661709660b35391e8a3084afaa63de0e908cd1bd0670e791ea954b6,"{""config"":[""Y+"",""Y""],""d"":7,""p"":0.006446153846153846}",
      2048,        24,         0,   0.033,pymatching,1ded2928a119f1b6c0eb82651ab130497369e0a99313696e9ddd7d3d79cb15d2,"{""config"":[""Y+"",""Y""],""d"":7,""p"":0.005733333333333333}",
      2048,        26,         0,   0.035,pymatching,6492a75cf2d32538edb01866f3ae5f7d4206754a4e3c1ab604f05e688906edd5,"{""config"":[""Y+"",""Y""],""d"":7,""p"":0.00608974358974359}",
     16384,       471,         0,   0.306,pymatching,ca26f21bc502402c28ed97c7f7c1d1b62a602b71eacb2a467149bdaa2f5d945c,"{""config"":[""Y+"",""Y""],""d"":7,""p"":0.007158974358974359}",
      1587,         1,         0,   0.015,pymatching,55e2052820d1a12ecd22092c6f5ca6c76ccd51891eb64142fab7e2d43f17862d,"{""config"":[""Y+"",""Y""],""d"":7,""p"":0.003238461538461538}",
     15360,       340,         0,   0.304,pymatching,54953947f3feebc7119bbdb3c90e47f38134f73533f9669982539c57c3f68cca,"{""config"":[""Y+"",""Y""],""d"":7,""p"":0.006802564102564103}",
      1024,        22,         0,   0.020,pymatching,ca26f21bc502402c28ed97c7f7c1d1b62a602b71eacb2a467149bdaa2f5d945c,"{""config"":[""Y+"",""Y""],""d"":7,""p"":0.007158974358974359}",
       973,         2,         0,   0.009,pymatching,55e2052820d1a12ecd22092c6f5ca6c76ccd51891eb64142fab7e2d43f17862d,"{""config"":[""Y+"",""Y""],""d"":7,""p"":0.003238461538461538}",
      6144,       135,         0,   0.110,pymatching,54953947f3feebc7119bbdb3c90e47f38134f73533f9669982539c57c3f68cca,"{""config"":[""Y+"",""Y""],""d"":7,""p"":0.006802564102564103}",
      6144,       172,         0,   0.115,pymatching,ca26f21bc502402c28ed97c7f7c1d1b62a602b71eacb2a467149bdaa2f5d945c,"{""config"":[""Y+"",""Y""],""d"":7,""p"":0.007158974358974359}",
      2048,        57,         0,   0.037,pymatching,54953947f3feebc7119bbdb3c90e47f38134f73533f9669982539c57c3f68cca,"{""config"":[""Y+"",""Y""],""d"":7,""p"":0.006802564102564103}",
      3021,         6,         0,   0.030,pymatching,55e2052820d1a12ecd22092c6f5ca6c76ccd51891eb64142fab7e2d43f17862d,"{""config"":[""Y+"",""Y""],""d"":7,""p"":0.003238461538461538}",
      2048,         6,         0,   0.022,pymatching,583761c35c6053557a126e62d723dad6630bce6cb9ef4b9b16e28bcd435dfb36,"{""config"":[""Y+"",""Y""],""d"":7,""p"":0.003951282051282051}",
        65,         0,         0,   0.001,pymatching,55e2052820d1a12ecd22092c6f5ca6c76ccd51891eb64142fab7e2d43f17862d,"{""config"":[""Y+"",""Y""],""d"":7,""p"":0.003238461538461538}",
      1314,         1,         0,   0.013,pymatching,55e2052820d1a12ecd22092c6f5ca6c76ccd51891eb64142fab7e2d43f17862d,"{""config"":[""Y+"",""Y""],""d"":7,""p"":0.003238461538461538}",
      4096,        26,         0,   0.057,pymatching,8b3bc9bef2aea071ed74476e1e9f2dd5a1c3bf81e58b8bf69df925b82d1ba7a4,"{""config"":[""Y+"",""Y""],""d"":7,""p"":0.00502051282051282}",
      2048,         6,         0,   0.021,pymatching,5bc48b83ec852cb30e501e5b0905235215d5d2acb38422d1ae9a4692a1dddcd3,"{""config"":[""Y+"",""Y""],""d"":7,""p"":0.0035948717948717946}",
      7168,        15,         0,   0.076,pymatching,5bc48b83ec852cb30e501e5b0905235215d5d2acb38422d1ae9a4692a1dddcd3,"{""config"":[""Y+"",""Y""],""d"":7,""p"":0.0035948717948717946}",
      2048,        46,         0,   0.038,pymatching,ca26f21bc502402c28ed97c7f7c1d1b62a602b71eacb2a467149bdaa2f5d945c,"{""config"":[""Y+"",""Y""],""d"":7,""p"":0.007158974358974359}",
       648,         3,         0,   0.007,pymatching,55e2052820d1a12ecd22092c6f5ca6c76ccd51891eb64142fab7e2d43f17862d,"{""config"":[""Y+"",""Y""],""d"":7,""p"":0.003238461538461538}",
      5120,        12,         0,   0.058,pymatching,583761c35c6053557a126e62d723dad6630bce6cb9ef4b9b16e28bcd435dfb36,"{""config"":[""Y+"",""Y""],""d"":7,""p"":0.003951282051282051}",
      1314,         0,         0,   0.018,pymatching,55e2052820d1a12ecd22092c6f5ca6c76ccd51891eb64142fab7e2d43f17862d,"{""config"":[""Y+"",""Y""],""d"":7,""p"":0.003238461538461538}",
       282,         0,         0,   0.003,pymatching,55e2052820d1a12ecd22092c6f5ca6c76ccd51891eb64142fab7e2d43f17862d,"{""config"":[""Y+"",""Y""],""d"":7,""p"":0.003238461538461538}",
      1024,        21,         0,   0.020,pymatching,ca26f21bc502402c28ed97c7f7c1d1b62a602b71eacb2a467149bdaa2f5d945c,"{""config"":[""Y+"",""Y""],""d"":7,""p"":0.007158974358974359}",
        45,         0,         0,   0.001,pymatching,55e2052820d1a12ecd22092c6f5ca6c76ccd51891eb64142fab7e2d43f17862d,"{""config"":[""Y+"",""Y""],""d"":7,""p"":0.003238461538461538}",
        92,         0,         0,   0.001,pymatching,55e2052820d1a12ecd22092c6f5ca6c76ccd51891eb64142fab7e2d43f17862d,"{""config"":[""Y+"",""Y""],""d"":7,""p"":0.003238461538461538}",
        37,         0,         0,   0.001,pymatching,55e2052820d1a12ecd22092c6f5ca6c76ccd51891eb64142fab7e2d43f17862d,"{""config"":[""Y+"",""Y""],""d"":7,""p"":0.003238461538461538}",
        37,         0,         0,   0.001,pymatching,55e2052820d1a12ecd22092c6f5ca6c76ccd51891eb64142fab7e2d43f17862d,"{""config"":[""Y+"",""Y""],""d"":7,""p"":0.003238461538461538}",
        37,         0,         0,   0.001,pymatching,55e2052820d1a12ecd22092c6f5ca6c76ccd51891eb64142fab7e2d43f17862d,"{""config"":[""Y+"",""Y""],""d"":7,""p"":0.003238461538461538}",
      5120,        18,         0,   0.062,pymatching,72809015876d1f9b8ff5ff89d3ce2a1c29e73672373efd2eb3e8fd9cda3edd02,"{""config"":[""Y+"",""Y""],""d"":7,""p"":0.0043076923076923075}",
         3,         0,         0,   0.000,pymatching,55e2052820d1a12ecd22092c6f5ca6c76ccd51891eb64142fab7e2d43f17862d,"{""config"":[""Y+"",""Y""],""d"":7,""p"":0.003238461538461538}",
      3072,        27,         0,   0.044,pymatching,44778f417ddefc9165e91ad4a5805c24dc79bdc9782a224c5d308d339d9e8097,"{""config"":[""Y+"",""Y""],""d"":7,""p"":0.005376923076923077}",
         1,         0,         0,   0.000,pymatching,55e2052820d1a12ecd22092c6f5ca6c76ccd51891eb64142fab7e2d43f17862d,"{""config"":[""Y+"",""Y""],""d"":7,""p"":0.003238461538461538}",
     19456,        59,         0,   0.211,pymatching,583761c35c6053557a126e62d723dad6630bce6cb9ef4b9b16e28bcd435dfb36,"{""config"":[""Y+"",""Y""],""d"":7,""p"":0.003951282051282051}",
     39936,       382,         0,   0.566,pymatching,44778f417ddefc9165e91ad4a5805c24dc79bdc9782a224c5d308d339d9e8097,"{""config"":[""Y+"",""Y""],""d"":7,""p"":0.005376923076923077}",
         8,         0,         0,   0.000,pymatching,55e2052820d1a12ecd22092c6f5ca6c76ccd51891eb64142fab7e2d43f17862d,"{""config"":[""Y+"",""Y""],""d"":7,""p"":0.003238461538461538}",
         2,         0,         0,   0.000,pymatching,55e2052820d1a12ecd22092c6f5ca6c76ccd51891eb64142fab7e2d43f17862d,"{""config"":[""Y+"",""Y""],""d"":7,""p"":0.003238461538461538}",
      3072,        11,         0,   0.033,pymatching,583761c35c6053557a126e62d723dad6630bce6cb9ef4b9b16e28bcd435dfb36,"{""config"":[""Y+"",""Y""],""d"":7,""p"":0.003951282051282051}",
         1,         0,         0,   0.000,pymatching,55e2052820d1a12ecd22092c6f5ca6c76ccd51891eb64142fab7e2d43f17862d,"{""config"":[""Y+"",""Y""],""d"":7,""p"":0.003238461538461538}",
      3072,         5,         0,   0.032,pymatching,5bc48b83ec852cb30e501e5b0905235215d5d2acb38422d1ae9a4692a1dddcd3,"{""config"":[""Y+"",""Y""],""d"":7,""p"":0.0035948717948717946}",
     20480,        47,         0,   0.208,pymatching,5bc48b83ec852cb30e501e5b0905235215d5d2acb38422d1ae9a4692a1dddcd3,"{""config"":[""Y+"",""Y""],""d"":7,""p"":0.0035948717948717946}",
      3072,        23,         0,   0.047,pymatching,1ded2928a119f1b6c0eb82651ab130497369e0a99313696e9ddd7d3d79cb15d2,"{""config"":[""Y+"",""Y""],""d"":7,""p"":0.005733333333333333}",
      5120,        33,         0,   0.066,pymatching,aa429589a3348e00898eb2b9a5a5dbd4f3b518fd65dc69aeba43d82ded161f49,"{""config"":[""Y+"",""Y""],""d"":7,""p"":0.004664102564102564}",
         1,         0,         0,   0.000,pymatching,55e2052820d1a12ecd22092c6f5ca6c76ccd51891eb64142fab7e2d43f17862d,"{""config"":[""Y+"",""Y""],""d"":7,""p"":0.003238461538461538}",
         1,         0,         0,   0.000,pymatching,55e2052820d1a12ecd22092c6f5ca6c76ccd51891eb64142fab7e2d43f17862d,"{""config"":[""Y+"",""Y""],""d"":7,""p"":0.003238461538461538}",
      3072,        51,         0,   0.051,pymatching,6492a75cf2d32538edb01866f3ae5f7d4206754a4e3c1ab604f05e688906edd5,"{""config"":[""Y+"",""Y""],""d"":7,""p"":0.00608974358974359}",
     37888,        96,         0,   0.412,pymatching,583761c35c6053557a126e62d723dad6630bce6cb9ef4b9b16e28bcd435dfb36,"{""config"":[""Y+"",""Y""],""d"":7,""p"":0.003951282051282051}",
      3072,        56,         0,   0.054,pymatching,4451bbcae661709660b35391e8a3084afaa63de0e908cd1bd0670e791ea954b6,"{""config"":[""Y+"",""Y""],""d"":7,""p"":0.006446153846153846}",
      2048,        41,         0,   0.038,pymatching,ca26f21bc502402c28ed97c7f7c1d1b62a602b71eacb2a467149bdaa2f5d945c,"{""config"":[""Y+"",""Y""],""d"":7,""p"":0.007158974358974359}",
      3072,        66,         0,   0.055,pymatching,54953947f3feebc7119bbdb3c90e47f38134f73533f9669982539c57c3f68cca,"{""config"":[""Y+"",""Y""],""d"":7,""p"":0.006802564102564103}",
      2048,        72,         0,   0.040,pymatching,ca26f21bc502402c28ed97c7f7c1d1b62a602b71eacb2a467149bdaa2f5d945c,"{""config"":[""Y+"",""Y""],""d"":7,""p"":0.007158974358974359}",
     23528,        56,         0,   0.249,pymatching,5bc48b83ec852cb30e501e5b0905235215d5d2acb38422d1ae9a4692a1dddcd3,"{""config"":[""Y+"",""Y""],""d"":7,""p"":0.0035948717948717946}",
     80896,       785,         0,    1.13,pymatching,44778f417ddefc9165e91ad4a5805c24dc79bdc9782a224c5d308d339d9e8097,"{""config"":[""Y+"",""Y""],""d"":7,""p"":0.005376923076923077}",
     80896,       585,         0,    1.13,pymatching,8b3bc9bef2aea071ed74476e1e9f2dd5a1c3bf81e58b8bf69df925b82d1ba7a4,"{""config"":[""Y+"",""Y""],""d"":7,""p"":0.00502051282051282}",
     10002,        18,         0,   0.101,pymatching,5bc48b83ec852cb30e501e5b0905235215d5d2acb38422d1ae9a4692a1dddcd3,"{""config"":[""Y+"",""Y""],""d"":7,""p"":0.0035948717948717946}",
     10240,         8,         0,   0.106,pymatching,5bc48b83ec852cb30e501e5b0905235215d5d2acb38422d1ae9a4692a1dddcd3,"{""config"":[""Y+"",""Y""],""d"":7,""p"":0.0035948717948717946}",
      3048,         5,         0,   0.031,pymatching,5bc48b83ec852cb30e501e5b0905235215d5d2acb38422d1ae9a4692a1dddcd3,"{""config"":[""Y+"",""Y""],""d"":7,""p"":0.0035948717948717946}",
      4096,        10,         0,   0.044,pymatching,583761c35c6053557a126e62d723dad6630bce6cb9ef4b9b16e28bcd435dfb36,"{""config"":[""Y+"",""Y""],""d"":7,""p"":0.003951282051282051}",
     15360,       101,         0,   0.211,pymatching,8b3bc9bef2aea071ed74476e1e9f2dd5a1c3bf81e58b8bf69df925b82d1ba7a4,"{""config"":[""Y+"",""Y""],""d"":7,""p"":0.00502051282051282}",
      7168,        14,         0,   0.074,pymatching,5bc48b83ec852cb30e501e5b0905235215d5d2acb38422d1ae9a4692a1dddcd3,"{""config"":[""Y+"",""Y""],""d"":7,""p"":0.0035948717948717946}",
      4096,        13,         0,   0.043,pymatching,5bc48b83ec852cb30e501e5b0905235215d5d2acb38422d1ae9a4692a1dddcd3,"{""config"":[""Y+"",""Y""],""d"":7,""p"":0.0035948717948717946}",
      3404,        12,         0,   0.037,pymatching,583761c35c6053557a126e62d723dad6630bce6cb9ef4b9b16e28bcd435dfb36,"{""config"":[""Y+"",""Y""],""d"":7,""p"":0.003951282051282051}",
     16384,        87,         0,   0.210,pymatching,aa429589a3348e00898eb2b9a5a5dbd4f3b518fd65dc69aeba43d82ded161f49,"{""config"":[""Y+"",""Y""],""d"":7,""p"":0.004664102564102564}",
       643,         2,         0,   0.006,pymatching,5bc48b83ec852cb30e501e5b0905235215d5d2acb38422d1ae9a4692a1dddcd3,"{""config"":[""Y+"",""Y""],""d"":7,""p"":0.0035948717948717946}",
      6144,        41,         0,   0.083,pymatching,8b3bc9bef2aea071ed74476e1e9f2dd5a1c3bf81e58b8bf69df925b82d1ba7a4,"{""config"":[""Y+"",""Y""],""d"":7,""p"":0.00502051282051282}",
      7168,        18,         0,   0.079,pymatching,583761c35c6053557a126e62d723dad6630bce6cb9ef4b9b16e28bcd435dfb36,"{""config"":[""Y+"",""Y""],""d"":7,""p"":0.003951282051282051}",
      4096,        33,         0,   0.058,pymatching,44778f417ddefc9165e91ad4a5805c24dc79bdc9782a224c5d308d339d9e8097,"{""config"":[""Y+"",""Y""],""d"":7,""p"":0.005376923076923077}",
     33792,       133,         0,   0.413,pymatching,72809015876d1f9b8ff5ff89d3ce2a1c29e73672373efd2eb3e8fd9cda3edd02,"{""config"":[""Y+"",""Y""],""d"":7,""p"":0.0043076923076923075}",
     18432,        67,         0,   0.214,pymatching,72809015876d1f9b8ff5ff89d3ce2a1c29e73672373efd2eb3e8fd9cda3edd02,"{""config"":[""Y+"",""Y""],""d"":7,""p"":0.0043076923076923075}",
     34816,       515,         0,   0.572,pymatching,6492a75cf2d32538edb01866f3ae5f7d4206754a4e3c1ab604f05e688906edd5,"{""config"":[""Y+"",""Y""],""d"":7,""p"":0.00608974358974359}",
      2048,        65,         0,   0.039,pymatching,ca26f21bc502402c28ed97c7f7c1d1b62a602b71eacb2a467149bdaa2f5d945c,"{""config"":[""Y+"",""Y""],""d"":7,""p"":0.007158974358974359}",
     33792,       192,         0,   0.416,pymatching,aa429589a3348e00898eb2b9a5a5dbd4f3b518fd65dc69aeba43d82ded161f49,"{""config"":[""Y+"",""Y""],""d"":7,""p"":0.004664102564102564}",
     53248,      1409,         0,    1.04,pymatching,ca26f21bc502402c28ed97c7f7c1d1b62a602b71eacb2a467149bdaa2f5d945c,"{""config"":[""Y+"",""Y""],""d"":7,""p"":0.007158974358974359}",
      4096,        41,         0,   0.063,pymatching,1ded2928a119f1b6c0eb82651ab130497369e0a99313696e9ddd7d3d79cb15d2,"{""config"":[""Y+"",""Y""],""d"":7,""p"":0.005733333333333333}",
      3072,        72,         0,   0.057,pymatching,ca26f21bc502402c28ed97c7f7c1d1b62a602b71eacb2a467149bdaa2f5d945c,"{""config"":[""Y+"",""Y""],""d"":7,""p"":0.007158974358974359}",
      6144,       159,         0,   0.114,pymatching,ca26f21bc502402c28ed97c7f7c1d1b62a602b71eacb2a467149bdaa2f5d945c,"{""config"":[""Y+"",""Y""],""d"":7,""p"":0.007158974358974359}",
      3072,        67,         0,   0.055,pymatching,54953947f3feebc7119bbdb3c90e47f38134f73533f9669982539c57c3f68cca,"{""config"":[""Y+"",""Y""],""d"":7,""p"":0.006802564102564103}",
      3284,         3,         0,   0.034,pymatching,5bc48b83ec852cb30e501e5b0905235215d5d2acb38422d1ae9a4692a1dddcd3,"{""config"":[""Y+"",""Y""],""d"":7,""p"":0.0035948717948717946}",
      4096,        68,         0,   0.068,pymatching,6492a75cf2d32538edb01866f3ae5f7d4206754a4e3c1ab604f05e688906edd5,"{""config"":[""Y+"",""Y""],""d"":7,""p"":0.00608974358974359}",
      7168,        27,         0,   0.086,pymatching,72809015876d1f9b8ff5ff89d3ce2a1c29e73672373efd2eb3e8fd9cda3edd02,"{""config"":[""Y+"",""Y""],""d"":7,""p"":0.0043076923076923075}",
      3284,         3,         0,   0.034,pymatching,5bc48b83ec852cb30e501e5b0905235215d5d2acb38422d1ae9a4692a1dddcd3,"{""config"":[""Y+"",""Y""],""d"":7,""p"":0.0035948717948717946}",
      6144,       180,         0,   0.115,pymatching,ca26f21bc502402c28ed97c7f7c1d1b62a602b71eacb2a467149bdaa2f5d945c,"{""config"":[""Y+"",""Y""],""d"":7,""p"":0.007158974358974359}",
      3284,         9,         0,   0.033,pymatching,5bc48b83ec852cb30e501e5b0905235215d5d2acb38422d1ae9a4692a1dddcd3,"{""config"":[""Y+"",""Y""],""d"":7,""p"":0.0035948717948717946}",
      1024,        25,         0,   0.020,pymatching,ca26f21bc502402c28ed97c7f7c1d1b62a602b71eacb2a467149bdaa2f5d945c,"{""config"":[""Y+"",""Y""],""d"":7,""p"":0.007158974358974359}",
      4096,        74,         0,   0.069,pymatching,4451bbcae661709660b35391e8a3084afaa63de0e908cd1bd0670e791ea954b6,"{""config"":[""Y+"",""Y""],""d"":7,""p"":0.006446153846153846}",
     26624,       758,         0,   0.523,pymatching,ca26f21bc502402c28ed97c7f7c1d1b62a602b71eacb2a467149bdaa2f5d945c,"{""config"":[""Y+"",""Y""],""d"":7,""p"":0.007158974358974359}",
      3072,         6,         0,   0.040,pymatching,5bc48b83ec852cb30e501e5b0905235215d5d2acb38422d1ae9a4692a1dddcd3,"{""config"":[""Y+"",""Y""],""d"":7,""p"":0.0035948717948717946}",
     36864,       448,         0,   0.572,pymatching,1ded2928a119f1b6c0eb82651ab130497369e0a99313696e9ddd7d3d79cb15d2,"{""config"":[""Y+"",""Y""],""d"":7,""p"":0.005733333333333333}",
     30720,       751,         0,   0.570,pymatching,54953947f3feebc7119bbdb3c90e47f38134f73533f9669982539c57c3f68cca,"{""config"":[""Y+"",""Y""],""d"":7,""p"":0.006802564102564103}",
      6144,        23,         0,   0.078,pymatching,aa429589a3348e00898eb2b9a5a5dbd4f3b518fd65dc69aeba43d82ded161f49,"{""config"":[""Y+"",""Y""],""d"":7,""p"":0.004664102564102564}",
      3072,        11,         0,   0.031,pymatching,5bc48b83ec852cb30e501e5b0905235215d5d2acb38422d1ae9a4692a1dddcd3,"{""config"":[""Y+"",""Y""],""d"":7,""p"":0.0035948717948717946}",
      2737,         3,         0,   0.028,pymatching,5bc48b83ec852cb30e501e5b0905235215d5d2acb38422d1ae9a4692a1dddcd3,"{""config"":[""Y+"",""Y""],""d"":7,""p"":0.0035948717948717946}",
     15360,       144,         0,   0.214,pymatching,44778f417ddefc9165e91ad4a5805c24dc79bdc9782a224c5d308d339d9e8097,"{""config"":[""Y+"",""Y""],""d"":7,""p"":0.005376923076923077}",
     26624,        96,         0,   0.300,pymatching,583761c35c6053557a126e62d723dad6630bce6cb9ef4b9b16e28bcd435dfb36,"{""config"":[""Y+"",""Y""],""d"":7,""p"":0.003951282051282051}",
      1297,        25,         0,   0.022,pymatching,6492a75cf2d32538edb01866f3ae5f7d4206754a4e3c1ab604f05e688906edd5,"{""config"":[""Y+"",""Y""],""d"":7,""p"":0.00608974358974359}",
     32768,       669,         0,   0.575,pymatching,4451bbcae661709660b35391e8a3084afaa63de0e908cd1bd0670e791ea954b6,"{""config"":[""Y+"",""Y""],""d"":7,""p"":0.006446153846153846}",
      5120,        11,         0,   0.055,pymatching,583761c35c6053557a126e62d723dad6630bce6cb9ef4b9b16e28bcd435dfb36,"{""config"":[""Y+"",""Y""],""d"":7,""p"":0.003951282051282051}",
        17,         0,         0,   0.000,pymatching,5bc48b83ec852cb30e501e5b0905235215d5d2acb38422d1ae9a4692a1dddcd3,"{""config"":[""Y+"",""Y""],""d"":7,""p"":0.0035948717948717946}",
       139,         1,         0,   0.002,pymatching,5bc48b83ec852cb30e501e5b0905235215d5d2acb38422d1ae9a4692a1dddcd3,"{""config"":[""Y+"",""Y""],""d"":7,""p"":0.0035948717948717946}",
       530,         0,         0,   0.006,pymatching,5bc48b83ec852cb30e501e5b0905235215d5d2acb38422d1ae9a4692a1dddcd3,"{""config"":[""Y+"",""Y""],""d"":7,""p"":0.0035948717948717946}",
       139,         0,         0,   0.002,pymatching,5bc48b83ec852cb30e501e5b0905235215d5d2acb38422d1ae9a4692a1dddcd3,"{""config"":[""Y+"",""Y""],""d"":7,""p"":0.0035948717948717946}",
        41,         0,         0,   0.001,pymatching,5bc48b83ec852cb30e501e5b0905235215d5d2acb38422d1ae9a4692a1dddcd3,"{""config"":[""Y+"",""Y""],""d"":7,""p"":0.0035948717948717946}",
      1297,         7,         0,   0.019,pymatching,8b3bc9bef2aea071ed74476e1e9f2dd5a1c3bf81e58b8bf69df925b82d1ba7a4,"{""config"":[""Y+"",""Y""],""d"":7,""p"":0.00502051282051282}",
        11,         0,         0,   0.000,pymatching,5bc48b83ec852cb30e501e5b0905235215d5d2acb38422d1ae9a4692a1dddcd3,"{""config"":[""Y+"",""Y""],""d"":7,""p"":0.0035948717948717946}",
        21,         0,         0,   0.000,pymatching,5bc48b83ec852cb30e501e5b0905235215d5d2acb38422d1ae9a4692a1dddcd3,"{""config"":[""Y+"",""Y""],""d"":7,""p"":0.0035948717948717946}",
      1297,         4,         0,   0.017,pymatching,72809015876d1f9b8ff5ff89d3ce2a1c29e73672373efd2eb3e8fd9cda3edd02,"{""config"":[""Y+"",""Y""],""d"":7,""p"":0.0043076923076923075}",
        21,         0,         0,   0.001,pymatching,5bc48b83ec852cb30e501e5b0905235215d5d2acb38422d1ae9a4692a1dddcd3,"{""config"":[""Y+"",""Y""],""d"":7,""p"":0.0035948717948717946}",
      1024,        16,         0,   0.016,pymatching,6492a75cf2d32538edb01866f3ae5f7d4206754a4e3c1ab604f05e688906edd5,"{""config"":[""Y+"",""Y""],""d"":7,""p"":0.00608974358974359}",
        15,         0,         0,   0.001,pymatching,5bc48b83ec852cb30e501e5b0905235215d5d2acb38422d1ae9a4692a1dddcd3,"{""config"":[""Y+"",""Y""],""d"":7,""p"":0.0035948717948717946}",
         9,         0,         0,   0.000,pymatching,5bc48b83ec852cb30e501e5b0905235215d5d2acb38422d1ae9a4692a1dddcd3,"{""config"":[""Y+"",""Y""],""d"":7,""p"":0.0035948717948717946}",
         8,         0,         0,   0.001,pymatching,5bc48b83ec852cb30e501e5b0905235215d5d2acb38422d1ae9a4692a1dddcd3,"{""config"":[""Y+"",""Y""],""d"":7,""p"":0.0035948717948717946}",
         8,         0,         0,   0.000,pymatching,5bc48b83ec852cb30e501e5b0905235215d5d2acb38422d1ae9a4692a1dddcd3,"{""config"":[""Y+"",""Y""],""d"":7,""p"":0.0035948717948717946}",
      1024,         9,         0,   0.014,pymatching,8b3bc9bef2aea071ed74476e1e9f2dd5a1c3bf81e58b8bf69df925b82d1ba7a4,"{""config"":[""Y+"",""Y""],""d"":7,""p"":0.00502051282051282}",
     14336,       172,         0,   0.220,pymatching,1ded2928a119f1b6c0eb82651ab130497369e0a99313696e9ddd7d3d79cb15d2,"{""config"":[""Y+"",""Y""],""d"":7,""p"":0.005733333333333333}",
         4,         0,         0,   0.000,pymatching,5bc48b83ec852cb30e501e5b0905235215d5d2acb38422d1ae9a4692a1dddcd3,"{""config"":[""Y+"",""Y""],""d"":7,""p"":0.0035948717948717946}",
         2,         0,         0,   0.000,pymatching,5bc48b83ec852cb30e501e5b0905235215d5d2acb38422d1ae9a4692a1dddcd3,"{""config"":[""Y+"",""Y""],""d"":7,""p"":0.0035948717948717946}",
      9216,       223,         0,   0.164,pymatching,54953947f3feebc7119bbdb3c90e47f38134f73533f9669982539c57c3f68cca,"{""config"":[""Y+"",""Y""],""d"":7,""p"":0.006802564102564103}",
     13312,       215,         0,   0.210,pymatching,6492a75cf2d32538edb01866f3ae5f7d4206754a4e3c1ab604f05e688906edd5,"{""config"":[""Y+"",""Y""],""d"":7,""p"":0.00608974358974359}",
         3,         0,         0,   0.000,pymatching,5bc48b83ec852cb30e501e5b0905235215d5d2acb38422d1ae9a4692a1dddcd3,"{""config"":[""Y+"",""Y""],""d"":7,""p"":0.0035948717948717946}",
         2,         0,         0,   0.000,pymatching,5bc48b83ec852cb30e501e5b0905235215d5d2acb38422d1ae9a4692a1dddcd3,"{""config"":[""Y+"",""Y""],""d"":7,""p"":0.0035948717948717946}",
      1297,        15,         0,   0.024,pymatching,1ded2928a119f1b6c0eb82651ab130497369e0a99313696e9ddd7d3d79cb15d2,"{""config"":[""Y+"",""Y""],""d"":7,""p"":0.005733333333333333}",
         1,         0,         0,   0.000,pymatching,5bc48b83ec852cb30e501e5b0905235215d5d2acb38422d1ae9a4692a1dddcd3,"{""config"":[""Y+"",""Y""],""d"":7,""p"":0.0035948717948717946}",
      2048,        10,         0,   0.025,pymatching,72809015876d1f9b8ff5ff89d3ce2a1c29e73672373efd2eb3e8fd9cda3edd02,"{""config"":[""Y+"",""Y""],""d"":7,""p"":0.0043076923076923075}",
      1297,        12,         0,   0.018,pymatching,aa429589a3348e00898eb2b9a5a5dbd4f3b518fd65dc69aeba43d82ded161f49,"{""config"":[""Y+"",""Y""],""d"":7,""p"":0.004664102564102564}",
     22580,        66,         0,   0.252,pymatching,583761c35c6053557a126e62d723dad6630bce6cb9ef4b9b16e28bcd435dfb36,"{""config"":[""Y+"",""Y""],""d"":7,""p"":0.003951282051282051}",
      1297,        14,         0,   0.021,pymatching,44778f417ddefc9165e91ad4a5805c24dc79bdc9782a224c5d308d339d9e8097,"{""config"":[""Y+"",""Y""],""d"":7,""p"":0.005376923076923077}",
      6144,        67,         0,   0.088,pymatching,44778f417ddefc9165e91ad4a5805c24dc79bdc9782a224c5d308d339d9e8097,"{""config"":[""Y+"",""Y""],""d"":7,""p"":0.005376923076923077}",
      2048,        37,         0,   0.033,pymatching,6492a75cf2d32538edb01866f3ae5f7d4206754a4e3c1ab604f05e688906edd5,"{""config"":[""Y+"",""Y""],""d"":7,""p"":0.00608974358974359}",
      5120,        58,         0,   0.080,pymatching,1ded2928a119f1b6c0eb82651ab130497369e0a99313696e9ddd7d3d79cb15d2,"{""config"":[""Y+"",""Y""],""d"":7,""p"":0.005733333333333333}",
      1024,        13,         0,   0.015,pymatching,1ded2928a119f1b6c0eb82651ab130497369e0a99313696e9ddd7d3d79cb15d2,"{""config"":[""Y+"",""Y""],""d"":7,""p"":0.005733333333333333}",
      2048,        11,         0,   0.028,pymatching,8b3bc9bef2aea071ed74476e1e9f2dd5a1c3bf81e58b8bf69df925b82d1ba7a4,"{""config"":[""Y+"",""Y""],""d"":7,""p"":0.00502051282051282}",
      1024,         6,         0,   0.014,pymatching,aa429589a3348e00898eb2b9a5a5dbd4f3b518fd65dc69aeba43d82ded161f49,"{""config"":[""Y+"",""Y""],""d"":7,""p"":0.004664102564102564}",
     72704,      1120,         0,    1.20,pymatching,6492a75cf2d32538edb01866f3ae5f7d4206754a4e3c1ab604f05e688906edd5,"{""config"":[""Y+"",""Y""],""d"":7,""p"":0.00608974358974359}",
     12288,       238,         0,   0.213,pymatching,4451bbcae661709660b35391e8a3084afaa63de0e908cd1bd0670e791ea954b6,"{""config"":[""Y+"",""Y""],""d"":7,""p"":0.006446153846153846}",
      1024,        11,         0,   0.015,pymatching,44778f417ddefc9165e91ad4a5805c24dc79bdc9782a224c5d308d339d9e8097,"{""config"":[""Y+"",""Y""],""d"":7,""p"":0.005376923076923077}",
     14819,        51,         0,   0.160,pymatching,583761c35c6053557a126e62d723dad6630bce6cb9ef4b9b16e28bcd435dfb36,"{""config"":[""Y+"",""Y""],""d"":7,""p"":0.003951282051282051}",
      1297,         3,         0,   0.016,pymatching,583761c35c6053557a126e62d723dad6630bce6cb9ef4b9b16e28bcd435dfb36,"{""config"":[""Y+"",""Y""],""d"":7,""p"":0.003951282051282051}",
      5120,        73,         0,   0.084,pymatching,6492a75cf2d32538edb01866f3ae5f7d4206754a4e3c1ab604f05e688906edd5,"{""config"":[""Y+"",""Y""],""d"":7,""p"":0.00608974358974359}",
      2048,         7,         0,   0.025,pymatching,72809015876d1f9b8ff5ff89d3ce2a1c29e73672373efd2eb3e8fd9cda3edd02,"{""config"":[""Y+"",""Y""],""d"":7,""p"":0.0043076923076923075}",
      5120,       120,         0,   0.091,pymatching,54953947f3feebc7119bbdb3c90e47f38134f73533f9669982539c57c3f68cca,"{""config"":[""Y+"",""Y""],""d"":7,""p"":0.006802564102564103}",
      8192,        55,         0,   0.112,pymatching,8b3bc9bef2aea071ed74476e1e9f2dd5a1c3bf81e58b8bf69df925b82d1ba7a4,"{""config"":[""Y+"",""Y""],""d"":7,""p"":0.00502051282051282}",
      1297,        25,         0,   0.024,pymatching,4451bbcae661709660b35391e8a3084afaa63de0e908cd1bd0670e791ea954b6,"{""config"":[""Y+"",""Y""],""d"":7,""p"":0.006446153846153846}",
      1297,        30,         0,   0.024,pymatching,54953947f3feebc7119bbdb3c90e47f38134f73533f9669982539c57c3f68cca,"{""config"":[""Y+"",""Y""],""d"":7,""p"":0.006802564102564103}",
     10240,        25,         0,   0.114,pymatching,583761c35c6053557a126e62d723dad6630bce6cb9ef4b9b16e28bcd435dfb36,"{""config"":[""Y+"",""Y""],""d"":7,""p"":0.003951282051282051}",
      5120,        86,         0,   0.090,pymatching,4451bbcae661709660b35391e8a3084afaa63de0e908cd1bd0670e791ea954b6,"{""config"":[""Y+"",""Y""],""d"":7,""p"":0.006446153846153846}",
      1297,        32,         0,   0.025,pymatching,54953947f3feebc7119bbdb3c90e47f38134f73533f9669982539c57c3f68cca,"{""config"":[""Y+"",""Y""],""d"":7,""p"":0.006802564102564103}",
      1297,        22,         0,   0.023,pymatching,4451bbcae661709660b35391e8a3084afaa63de0e908cd1bd0670e791ea954b6,"{""config"":[""Y+"",""Y""],""d"":7,""p"":0.006446153846153846}",
      6047,        13,         0,   0.067,pymatching,583761c35c6053557a126e62d723dad6630bce6cb9ef4b9b16e28bcd435dfb36,"{""config"":[""Y+"",""Y""],""d"":7,""p"":0.003951282051282051}",
     80896,       930,         0,    1.25,pymatching,1ded2928a119f1b6c0eb82651ab130497369e0a99313696e9ddd7d3d79cb15d2,"{""config"":[""Y+"",""Y""],""d"":7,""p"":0.005733333333333333}",
      7168,        25,         0,   0.078,pymatching,583761c35c6053557a126e62d723dad6630bce6cb9ef4b9b16e28bcd435dfb36,"{""config"":[""Y+"",""Y""],""d"":7,""p"":0.003951282051282051}",
      2048,        11,         0,   0.026,pymatching,aa429589a3348e00898eb2b9a5a5dbd4f3b518fd65dc69aeba43d82ded161f49,"{""config"":[""Y+"",""Y""],""d"":7,""p"":0.004664102564102564}",
      2048,        17,         0,   0.028,pymatching,8b3bc9bef2aea071ed74476e1e9f2dd5a1c3bf81e58b8bf69df925b82d1ba7a4,"{""config"":[""Y+"",""Y""],""d"":7,""p"":0.00502051282051282}",
      2048,        33,         0,   0.033,pymatching,6492a75cf2d32538edb01866f3ae5f7d4206754a4e3c1ab604f05e688906edd5,"{""config"":[""Y+"",""Y""],""d"":7,""p"":0.00608974358974359}",
      2048,        29,         0,   0.032,pymatching,1ded2928a119f1b6c0eb82651ab130497369e0a99313696e9ddd7d3d79cb15d2,"{""config"":[""Y+"",""Y""],""d"":7,""p"":0.005733333333333333}",
     28672,       278,         0,   0.415,pymatching,44778f417ddefc9165e91ad4a5805c24dc79bdc9782a224c5d308d339d9e8097,"{""config"":[""Y+"",""Y""],""d"":7,""p"":0.005376923076923077}",
      2048,         3,         0,   0.022,pymatching,583761c35c6053557a126e62d723dad6630bce6cb9ef4b9b16e28bcd435dfb36,"{""config"":[""Y+"",""Y""],""d"":7,""p"":0.003951282051282051}",
      2048,        19,         0,   0.030,pymatching,44778f417ddefc9165e91ad4a5805c24dc79bdc9782a224c5d308d339d9e8097,"{""config"":[""Y+"",""Y""],""d"":7,""p"":0.005376923076923077}",
      1024,        22,         0,   0.017,pymatching,4451bbcae661709660b35391e8a3084afaa63de0e908cd1bd0670e791ea954b6,"{""config"":[""Y+"",""Y""],""d"":7,""p"":0.006446153846153846}",
      1024,        15,         0,   0.018,pymatching,54953947f3feebc7119bbdb3c90e47f38134f73533f9669982539c57c3f68cca,"{""config"":[""Y+"",""Y""],""d"":7,""p"":0.006802564102564103}",
      1024,        24,         0,   0.017,pymatching,4451bbcae661709660b35391e8a3084afaa63de0e908cd1bd0670e791ea954b6,"{""config"":[""Y+"",""Y""],""d"":7,""p"":0.006446153846153846}",
      1024,        28,         0,   0.019,pymatching,54953947f3feebc7119bbdb3c90e47f38134f73533f9669982539c57c3f68cca,"{""config"":[""Y+"",""Y""],""d"":7,""p"":0.006802564102564103}",
      9216,        38,         0,   0.112,pymatching,72809015876d1f9b8ff5ff89d3ce2a1c29e73672373efd2eb3e8fd9cda3edd02,"{""config"":[""Y+"",""Y""],""d"":7,""p"":0.0043076923076923075}",
     29696,       242,         0,   0.409,pymatching,8b3bc9bef2aea071ed74476e1e9f2dd5a1c3bf81e58b8bf69df925b82d1ba7a4,"{""config"":[""Y+"",""Y""],""d"":7,""p"":0.00502051282051282}",
     12702,        42,         0,   0.139,pymatching,583761c35c6053557a126e62d723dad6630bce6cb9ef4b9b16e28bcd435dfb36,"{""config"":[""Y+"",""Y""],""d"":7,""p"":0.003951282051282051}",
      3072,        13,         0,   0.037,pymatching,72809015876d1f9b8ff5ff89d3ce2a1c29e73672373efd2eb3e8fd9cda3edd02,"{""config"":[""Y+"",""Y""],""d"":7,""p"":0.0043076923076923075}",
      9216,        45,         0,   0.116,pymatching,aa429589a3348e00898eb2b9a5a5dbd4f3b518fd65dc69aeba43d82ded161f49,"{""config"":[""Y+"",""Y""],""d"":7,""p"":0.004664102564102564}",
      2048,         5,         0,   0.022,pymatching,583761c35c6053557a126e62d723dad6630bce6cb9ef4b9b16e28bcd435dfb36,"{""config"":[""Y+"",""Y""],""d"":7,""p"":0.003951282051282051}",
      2048,        20,         0,   0.031,pymatching,1ded2928a119f1b6c0eb82651ab130497369e0a99313696e9ddd7d3d79cb15d2,"{""config"":[""Y+"",""Y""],""d"":7,""p"":0.005733333333333333}",
     29004,       109,         0,   0.333,pymatching,72809015876d1f9b8ff5ff89d3ce2a1c29e73672373efd2eb3e8fd9cda3edd02,"{""config"":[""Y+"",""Y""],""d"":7,""p"":0.0043076923076923075}",
      2048,        25,         0,   0.030,pymatching,44778f417ddefc9165e91ad4a5805c24dc79bdc9782a224c5d308d339d9e8097,"{""config"":[""Y+"",""Y""],""d"":7,""p"":0.005376923076923077}",
      3072,        22,         0,   0.039,pymatching,aa429589a3348e00898eb2b9a5a5dbd4f3b518fd65dc69aeba43d82ded161f49,"{""config"":[""Y+"",""Y""],""d"":7,""p"":0.004664102564102564}",
      2048,        38,         0,   0.035,pymatching,4451bbcae661709660b35391e8a3084afaa63de0e908cd1bd0670e791ea954b6,"{""config"":[""Y+"",""Y""],""d"":7,""p"":0.006446153846153846}",
      3072,        19,         0,   0.042,pymatching,8b3bc9bef2aea071ed74476e1e9f2dd5a1c3bf81e58b8bf69df925b82d1ba7a4,"{""config"":[""Y+"",""Y""],""d"":7,""p"":0.00502051282051282}",
     22812,       114,         0,   0.276,pymatching,72809015876d1f9b8ff5ff89d3ce2a1c29e73672373efd2eb3e8fd9cda3edd02,"{""config"":[""Y+"",""Y""],""d"":7,""p"":0.0043076923076923075}",
      2048,        30,         0,   0.034,pymatching,4451bbcae661709660b35391e8a3084afaa63de0e908cd1bd0670e791ea954b6,"{""config"":[""Y+"",""Y""],""d"":7,""p"":0.006446153846153846}",
      2048,        40,         0,   0.036,pymatching,54953947f3feebc7119bbdb3c90e47f38134f73533f9669982539c57c3f68cca,"{""config"":[""Y+"",""Y""],""d"":7,""p"":0.006802564102564103}",
      2048,        51,         0,   0.037,pymatching,54953947f3feebc7119bbdb3c90e47f38134f73533f9669982539c57c3f68cca,"{""config"":[""Y+"",""Y""],""d"":7,""p"":0.006802564102564103}",
      7059,        20,         0,   0.079,pymatching,583761c35c6053557a126e62d723dad6630bce6cb9ef4b9b16e28bcd435dfb36,"{""config"":[""Y+"",""Y""],""d"":7,""p"":0.003951282051282051}",
      3072,        40,         0,   0.048,pymatching,6492a75cf2d32538edb01866f3ae5f7d4206754a4e3c1ab604f05e688906edd5,"{""config"":[""Y+"",""Y""],""d"":7,""p"":0.00608974358974359}",
      8192,       196,         0,   0.150,pymatching,54953947f3feebc7119bbdb3c90e47f38134f73533f9669982539c57c3f68cca,"{""config"":[""Y+"",""Y""],""d"":7,""p"":0.006802564102564103}",
      6144,       146,         0,   0.110,pymatching,54953947f3feebc7119bbdb3c90e47f38134f73533f9669982539c57c3f68cca,"{""config"":[""Y+"",""Y""],""d"":7,""p"":0.006802564102564103}",
      6144,        23,         0,   0.069,pymatching,583761c35c6053557a126e62d723dad6630bce6cb9ef4b9b16e28bcd435dfb36,"{""config"":[""Y+"",""Y""],""d"":7,""p"":0.003951282051282051}",
      3072,        10,         0,   0.035,pymatching,583761c35c6053557a126e62d723dad6630bce6cb9ef4b9b16e28bcd435dfb36,"{""config"":[""Y+"",""Y""],""d"":7,""p"":0.003951282051282051}",
      4096,        85,         0,   0.074,pymatching,54953947f3feebc7119bbdb3c90e47f38134f73533f9669982539c57c3f68cca,"{""config"":[""Y+"",""Y""],""d"":7,""p"":0.006802564102564103}",
      5758,        11,         0,   0.063,pymatching,583761c35c6053557a126e62d723dad6630bce6cb9ef4b9b16e28bcd435dfb36,"{""config"":[""Y+"",""Y""],""d"":7,""p"":0.003951282051282051}",
     14336,       328,         0,   0.283,pymatching,54953947f3feebc7119bbdb3c90e47f38134f73533f9669982539c57c3f68cca,"{""config"":[""Y+"",""Y""],""d"":7,""p"":0.006802564102564103}",
      1024,        30,         0,   0.019,pymatching,54953947f3feebc7119bbdb3c90e47f38134f73533f9669982539c57c3f68cca,"{""config"":[""Y+"",""Y""],""d"":7,""p"":0.006802564102564103}",
      6144,        13,         0,   0.069,pymatching,583761c35c6053557a126e62d723dad6630bce6cb9ef4b9b16e28bcd435dfb36,"{""config"":[""Y+"",""Y""],""d"":7,""p"":0.003951282051282051}",
      4096,         8,         0,   0.054,pymatching,583761c35c6053557a126e62d723dad6630bce6cb9ef4b9b16e28bcd435dfb36,"{""config"":[""Y+"",""Y""],""d"":7,""p"":0.003951282051282051}",
      1297,         9,         0,   0.019,pymatching,aa429589a3348e00898eb2b9a5a5dbd4f3b518fd65dc69aeba43d82ded161f49,"{""config"":[""Y+"",""Y""],""d"":7,""p"":0.004664102564102564}",
      1024,        20,         0,   0.020,pymatching,54953947f3feebc7119bbdb3c90e47f38134f73533f9669982539c57c3f68cca,"{""config"":[""Y+"",""Y""],""d"":7,""p"":0.006802564102564103}",
      4096,        18,         0,   0.049,pymatching,72809015876d1f9b8ff5ff89d3ce2a1c29e73672373efd2eb3e8fd9cda3edd02,"{""config"":[""Y+"",""Y""],""d"":7,""p"":0.0043076923076923075}",
     65536,      1514,         0,    1.22,pymatching,54953947f3feebc7119bbdb3c90e47f38134f73533f9669982539c57c3f68cca,"{""config"":[""Y+"",""Y""],""d"":7,""p"":0.006802564102564103}",
      1297,         4,         0,   0.018,pymatching,72809015876d1f9b8ff5ff89d3ce2a1c29e73672373efd2eb3e8fd9cda3edd02,"{""config"":[""Y+"",""Y""],""d"":7,""p"":0.0043076923076923075}",
      4096,        11,         0,   0.046,pymatching,583761c35c6053557a126e62d723dad6630bce6cb9ef4b9b16e28bcd435dfb36,"{""config"":[""Y+"",""Y""],""d"":7,""p"":0.003951282051282051}",
      2048,        31,         0,   0.035,pymatching,4451bbcae661709660b35391e8a3084afaa63de0e908cd1bd0670e791ea954b6,"{""config"":[""Y+"",""Y""],""d"":7,""p"":0.006446153846153846}",
     16597,        78,         0,   0.198,pymatching,72809015876d1f9b8ff5ff89d3ce2a1c29e73672373efd2eb3e8fd9cda3edd02,"{""config"":[""Y+"",""Y""],""d"":7,""p"":0.0043076923076923075}",
      2048,        37,         0,   0.034,pymatching,4451bbcae661709660b35391e8a3084afaa63de0e908cd1bd0670e791ea954b6,"{""config"":[""Y+"",""Y""],""d"":7,""p"":0.006446153846153846}",
      3072,        18,         0,   0.040,pymatching,aa429589a3348e00898eb2b9a5a5dbd4f3b518fd65dc69aeba43d82ded161f49,"{""config"":[""Y+"",""Y""],""d"":7,""p"":0.004664102564102564}",
      3072,        31,         0,   0.046,pymatching,1ded2928a119f1b6c0eb82651ab130497369e0a99313696e9ddd7d3d79cb15d2,"{""config"":[""Y+"",""Y""],""d"":7,""p"":0.005733333333333333}",
      7168,        79,         0,   0.110,pymatching,1ded2928a119f1b6c0eb82651ab130497369e0a99313696e9ddd7d3d79cb15d2,"{""config"":[""Y+"",""Y""],""d"":7,""p"":0.005733333333333333}",
     17408,        66,         0,   0.200,pymatching,72809015876d1f9b8ff5ff89d3ce2a1c29e73672373efd2eb3e8fd9cda3edd02,"{""config"":[""Y+"",""Y""],""d"":7,""p"":0.0043076923076923075}",
       511,         2,         0,   0.006,pymatching,583761c35c6053557a126e62d723dad6630bce6cb9ef4b9b16e28bcd435dfb36,"{""config"":[""Y+"",""Y""],""d"":7,""p"":0.003951282051282051}",
      3072,        30,         0,   0.045,pymatching,44778f417ddefc9165e91ad4a5805c24dc79bdc9782a224c5d308d339d9e8097,"{""config"":[""Y+"",""Y""],""d"":7,""p"":0.005376923076923077}",
      1297,         7,         0,   0.019,pymatching,8b3bc9bef2aea071ed74476e1e9f2dd5a1c3bf81e58b8bf69df925b82d1ba7a4,"{""config"":[""Y+"",""Y""],""d"":7,""p"":0.00502051282051282}",
      1297,         5,         0,   0.019,pymatching,44778f417ddefc9165e91ad4a5805c24dc79bdc9782a224c5d308d339d9e8097,"{""config"":[""Y+"",""Y""],""d"":7,""p"":0.005376923076923077}",
      2156,         5,         0,   0.024,pymatching,583761c35c6053557a126e62d723dad6630bce6cb9ef4b9b16e28bcd435dfb36,"{""config"":[""Y+"",""Y""],""d"":7,""p"":0.003951282051282051}",
      8192,        92,         0,   0.119,pymatching,44778f417ddefc9165e91ad4a5805c24dc79bdc9782a224c5d308d339d9e8097,"{""config"":[""Y+"",""Y""],""d"":7,""p"":0.005376923076923077}",
     25600,       166,         0,   0.314,pymatching,aa429589a3348e00898eb2b9a5a5dbd4f3b518fd65dc69aeba43d82ded161f49,"{""config"":[""Y+"",""Y""],""d"":7,""p"":0.004664102564102564}",
     27648,       141,         0,   0.341,pymatching,aa429589a3348e00898eb2b9a5a5dbd4f3b518fd65dc69aeba43d82ded161f49,"{""config"":[""Y+"",""Y""],""d"":7,""p"":0.004664102564102564}",
     74752,      1401,         0,    1.31,pymatching,4451bbcae661709660b35391e8a3084afaa63de0e908cd1bd0670e791ea954b6,"{""config"":[""Y+"",""Y""],""d"":7,""p"":0.006446153846153846}",
      1560,         3,         0,   0.018,pymatching,583761c35c6053557a126e62d723dad6630bce6cb9ef4b9b16e28bcd435dfb36,"{""config"":[""Y+"",""Y""],""d"":7,""p"":0.003951282051282051}",
      2741,         6,         0,   0.031,pymatching,583761c35c6053557a126e62d723dad6630bce6cb9ef4b9b16e28bcd435dfb36,"{""config"":[""Y+"",""Y""],""d"":7,""p"":0.003951282051282051}",
      1297,        17,         0,   0.024,pymatching,6492a75cf2d32538edb01866f3ae5f7d4206754a4e3c1ab604f05e688906edd5,"{""config"":[""Y+"",""Y""],""d"":7,""p"":0.00608974358974359}",
      1662,         1,         0,   0.018,pymatching,583761c35c6053557a126e62d723dad6630bce6cb9ef4b9b16e28bcd435dfb36,"{""config"":[""Y+"",""Y""],""d"":7,""p"":0.003951282051282051}",
      1297,        17,         0,   0.023,pymatching,6492a75cf2d32538edb01866f3ae5f7d4206754a4e3c1ab604f05e688906edd5,"{""config"":[""Y+"",""Y""],""d"":7,""p"":0.00608974358974359}",
      2048,        15,         0,   0.026,pymatching,aa429589a3348e00898eb2b9a5a5dbd4f3b518fd65dc69aeba43d82ded161f49,"{""config"":[""Y+"",""Y""],""d"":7,""p"":0.004664102564102564}",
      2048,        10,         0,   0.024,pymatching,72809015876d1f9b8ff5ff89d3ce2a1c29e73672373efd2eb3e8fd9cda3edd02,"{""config"":[""Y+"",""Y""],""d"":7,""p"":0.0043076923076923075}",
     26624,       325,         0,   0.411,pymatching,1ded2928a119f1b6c0eb82651ab130497369e0a99313696e9ddd7d3d79cb15d2,"{""config"":[""Y+"",""Y""],""d"":7,""p"":0.005733333333333333}",
      1024,        10,         0,   0.014,pymatching,44778f417ddefc9165e91ad4a5805c24dc79bdc9782a224c5d308d339d9e8097,"{""config"":[""Y+"",""Y""],""d"":7,""p"":0.005376923076923077}",
      6144,       117,         0,   0.105,pymatching,4451bbcae661709660b35391e8a3084afaa63de0e908cd1bd0670e791ea954b6,"{""config"":[""Y+"",""Y""],""d"":7,""p"":0.006446153846153846}",
      4096,        21,         0,   0.056,pymatching,8b3bc9bef2aea071ed74476e1e9f2dd5a1c3bf81e58b8bf69df925b82d1ba7a4,"{""config"":[""Y+"",""Y""],""d"":7,""p"":0.00502051282051282}",
      1297,        16,         0,   0.021,pymatching,1ded2928a119f1b6c0eb82651ab130497369e0a99313696e9ddd7d3d79cb15d2,"{""config"":[""Y+"",""Y""],""d"":7,""p"":0.005733333333333333}",
       458,         0,         0,   0.006,pymatching,583761c35c6053557a126e62d723dad6630bce6cb9ef4b9b16e28bcd435dfb36,"{""config"":[""Y+"",""Y""],""d"":7,""p"":0.003951282051282051}",
      7168,        97,         0,   0.119,pymatching,6492a75cf2d32538edb01866f3ae5f7d4206754a4e3c1ab604f05e688906edd5,"{""config"":[""Y+"",""Y""],""d"":7,""p"":0.00608974358974359}",
      1024,         4,         0,   0.011,pymatching,583761c35c6053557a126e62d723dad6630bce6cb9ef4b9b16e28bcd435dfb36,"{""config"":[""Y+"",""Y""],""d"":7,""p"":0.003951282051282051}",
      1024,        12,         0,   0.017,pymatching,6492a75cf2d32538edb01866f3ae5f7d4206754a4e3c1ab604f05e688906edd5,"{""config"":[""Y+"",""Y""],""d"":7,""p"":0.00608974358974359}",
      2048,        18,         0,   0.028,pymatching,8b3bc9bef2aea071ed74476e1e9f2dd5a1c3bf81e58b8bf69df925b82d1ba7a4,"{""config"":[""Y+"",""Y""],""d"":7,""p"":0.00502051282051282}",
     23552,       447,         0,   0.398,pymatching,4451bbcae661709660b35391e8a3084afaa63de0e908cd1bd0670e791ea954b6,"{""config"":[""Y+"",""Y""],""d"":7,""p"":0.006446153846153846}",
      1024,        15,         0,   0.016,pymatching,6492a75cf2d32538edb01866f3ae5f7d4206754a4e3c1ab604f05e688906edd5,"{""config"":[""Y+"",""Y""],""d"":7,""p"":0.00608974358974359}",
      2048,        35,         0,   0.034,pymatching,4451bbcae661709660b35391e8a3084afaa63de0e908cd1bd0670e791ea954b6,"{""config"":[""Y+"",""Y""],""d"":7,""p"":0.006446153846153846}",
        63,         0,         0,   0.001,pymatching,583761c35c6053557a126e62d723dad6630bce6cb9ef4b9b16e28bcd435dfb36,"{""config"":[""Y+"",""Y""],""d"":7,""p"":0.003951282051282051}",
       110,         0,         0,   0.001,pymatching,583761c35c6053557a126e62d723dad6630bce6cb9ef4b9b16e28bcd435dfb36,"{""config"":[""Y+"",""Y""],""d"":7,""p"":0.003951282051282051}",
     26624,       367,         0,   0.418,pymatching,6492a75cf2d32538edb01866f3ae5f7d4206754a4e3c1ab604f05e688906edd5,"{""config"":[""Y+"",""Y""],""d"":7,""p"":0.00608974358974359}",
      2048,        55,         0,   0.035,pymatching,4451bbcae661709660b35391e8a3084afaa63de0e908cd1bd0670e791ea954b6,"{""config"":[""Y+"",""Y""],""d"":7,""p"":0.006446153846153846}",
      4096,        62,         0,   0.064,pymatching,6492a75cf2d32538edb01866f3ae5f7d4206754a4e3c1ab604f05e688906edd5,"{""config"":[""Y+"",""Y""],""d"":7,""p"":0.00608974358974359}",
        67,         1,         0,   0.001,pymatching,583761c35c6053557a126e62d723dad6630bce6cb9ef4b9b16e28bcd435dfb36,"{""config"":[""Y+"",""Y""],""d"":7,""p"":0.003951282051282051}",
     11264,       201,         0,   0.193,pymatching,4451bbcae661709660b35391e8a3084afaa63de0e908cd1bd0670e791ea954b6,"{""config"":[""Y+"",""Y""],""d"":7,""p"":0.006446153846153846}",
      1024,        27,         0,   0.018,pymatching,4451bbcae661709660b35391e8a3084afaa63de0e908cd1bd0670e791ea954b6,"{""config"":[""Y+"",""Y""],""d"":7,""p"":0.006446153846153846}",
      8192,       130,         0,   0.140,pymatching,4451bbcae661709660b35391e8a3084afaa63de0e908cd1bd0670e791ea954b6,"{""config"":[""Y+"",""Y""],""d"":7,""p"":0.006446153846153846}",
      1024,         8,         0,   0.016,pymatching,1ded2928a119f1b6c0eb82651ab130497369e0a99313696e9ddd7d3d79cb15d2,"{""config"":[""Y+"",""Y""],""d"":7,""p"":0.005733333333333333}",
       103,         0,         0,   0.001,pymatching,583761c35c6053557a126e62d723dad6630bce6cb9ef4b9b16e28bcd435dfb36,"{""config"":[""Y+"",""Y""],""d"":7,""p"":0.003951282051282051}",
      2048,         8,         0,   0.026,pymatching,aa429589a3348e00898eb2b9a5a5dbd4f3b518fd65dc69aeba43d82ded161f49,"{""config"":[""Y+"",""Y""],""d"":7,""p"":0.004664102564102564}",
      2048,         9,         0,   0.024,pymatching,72809015876d1f9b8ff5ff89d3ce2a1c29e73672373efd2eb3e8fd9cda3edd02,"{""config"":[""Y+"",""Y""],""d"":7,""p"":0.0043076923076923075}",
         7,         0,         0,   0.000,pymatching,583761c35c6053557a126e62d723dad6630bce6cb9ef4b9b16e28bcd435dfb36,"{""config"":[""Y+"",""Y""],""d"":7,""p"":0.003951282051282051}",
      2048,        15,         0,   0.029,pymatching,44778f417ddefc9165e91ad4a5805c24dc79bdc9782a224c5d308d339d9e8097,"{""config"":[""Y+"",""Y""],""d"":7,""p"":0.005376923076923077}",
      5120,        21,         0,   0.061,pymatching,72809015876d1f9b8ff5ff89d3ce2a1c29e73672373efd2eb3e8fd9cda3edd02,"{""config"":[""Y+"",""Y""],""d"":7,""p"":0.0043076923076923075}",
      2048,        12,         0,   0.026,pymatching,8b3bc9bef2aea071ed74476e1e9f2dd5a1c3bf81e58b8bf69df925b82d1ba7a4,"{""config"":[""Y+"",""Y""],""d"":7,""p"":0.00502051282051282}",
      2048,        21,         0,   0.032,pymatching,6492a75cf2d32538edb01866f3ae5f7d4206754a4e3c1ab604f05e688906edd5,"{""config"":[""Y+"",""Y""],""d"":7,""p"":0.00608974358974359}",
     11264,        74,         0,   0.152,pymatching,8b3bc9bef2aea071ed74476e1e9f2dd5a1c3bf81e58b8bf69df925b82d1ba7a4,"{""config"":[""Y+"",""Y""],""d"":7,""p"":0.00502051282051282}",
      4096,        61,         0,   0.061,pymatching,1ded2928a119f1b6c0eb82651ab130497369e0a99313696e9ddd7d3d79cb15d2,"{""config"":[""Y+"",""Y""],""d"":7,""p"":0.005733333333333333}",
      4096,        34,         0,   0.058,pymatching,44778f417ddefc9165e91ad4a5805c24dc79bdc9782a224c5d308d339d9e8097,"{""config"":[""Y+"",""Y""],""d"":7,""p"":0.005376923076923077}",
      2048,        34,         0,   0.032,pymatching,6492a75cf2d32538edb01866f3ae5f7d4206754a4e3c1ab604f05e688906edd5,"{""config"":[""Y+"",""Y""],""d"":7,""p"":0.00608974358974359}",
      5120,        19,         0,   0.064,pymatching,aa429589a3348e00898eb2b9a5a5dbd4f3b518fd65dc69aeba43d82ded161f49,"{""config"":[""Y+"",""Y""],""d"":7,""p"":0.004664102564102564}",
      1297,         5,         0,   0.017,pymatching,aa429589a3348e00898eb2b9a5a5dbd4f3b518fd65dc69aeba43d82ded161f49,"{""config"":[""Y+"",""Y""],""d"":7,""p"":0.004664102564102564}",
      2048,        23,         0,   0.032,pymatching,1ded2928a119f1b6c0eb82651ab130497369e0a99313696e9ddd7d3d79cb15d2,"{""config"":[""Y+"",""Y""],""d"":7,""p"":0.005733333333333333}",
        67,         2,         0,   0.003,pymatching,583761c35c6053557a126e62d723dad6630bce6cb9ef4b9b16e28bcd435dfb36,"{""config"":[""Y+"",""Y""],""d"":7,""p"":0.003951282051282051}",
      3345,        18,         0,   0.042,pymatching,aa429589a3348e00898eb2b9a5a5dbd4f3b518fd65dc69aeba43d82ded161f49,"{""config"":[""Y+"",""Y""],""d"":7,""p"":0.004664102564102564}",
      1297,         8,         0,   0.017,pymatching,72809015876d1f9b8ff5ff89d3ce2a1c29e73672373efd2eb3e8fd9cda3edd02,"{""config"":[""Y+"",""Y""],""d"":7,""p"":0.0043076923076923075}",
      1297,        10,         0,   0.019,pymatching,8b3bc9bef2aea071ed74476e1e9f2dd5a1c3bf81e58b8bf69df925b82d1ba7a4,"{""config"":[""Y+"",""Y""],""d"":7,""p"":0.00502051282051282}",
        27,         0,         0,   0.001,pymatching,583761c35c6053557a126e62d723dad6630bce6cb9ef4b9b16e28bcd435dfb36,"{""config"":[""Y+"",""Y""],""d"":7,""p"":0.003951282051282051}",
      2048,        18,         0,   0.029,pymatching,44778f417ddefc9165e91ad4a5805c24dc79bdc9782a224c5d308d339d9e8097,"{""config"":[""Y+"",""Y""],""d"":7,""p"":0.005376923076923077}",
      3072,        14,         0,   0.036,pymatching,72809015876d1f9b8ff5ff89d3ce2a1c29e73672373efd2eb3e8fd9cda3edd02,"{""config"":[""Y+"",""Y""],""d"":7,""p"":0.0043076923076923075}",
      3072,        19,         0,   0.039,pymatching,aa429589a3348e00898eb2b9a5a5dbd4f3b518fd65dc69aeba43d82ded161f49,"{""config"":[""Y+"",""Y""],""d"":7,""p"":0.004664102564102564}",
     12288,        55,         0,   0.147,pymatching,72809015876d1f9b8ff5ff89d3ce2a1c29e73672373efd2eb3e8fd9cda3edd02,"{""config"":[""Y+"",""Y""],""d"":7,""p"":0.0043076923076923075}",
     21504,       165,         0,   0.292,pymatching,8b3bc9bef2aea071ed74476e1e9f2dd5a1c3bf81e58b8bf69df925b82d1ba7a4,"{""config"":[""Y+"",""Y""],""d"":7,""p"":0.00502051282051282}",
      1297,        20,         0,   0.021,pymatching,1ded2928a119f1b6c0eb82651ab130497369e0a99313696e9ddd7d3d79cb15d2,"{""config"":[""Y+"",""Y""],""d"":7,""p"":0.005733333333333333}",
     22528,       112,         0,   0.289,pymatching,aa429589a3348e00898eb2b9a5a5dbd4f3b518fd65dc69aeba43d82ded161f49,"{""config"":[""Y+"",""Y""],""d"":7,""p"":0.004664102564102564}",
     22528,       137,         0,   0.279,pymatching,aa429589a3348e00898eb2b9a5a5dbd4f3b518fd65dc69aeba43d82ded161f49,"{""config"":[""Y+"",""Y""],""d"":7,""p"":0.004664102564102564}",
      1297,        11,         0,   0.020,pymatching,44778f417ddefc9165e91ad4a5805c24dc79bdc9782a224c5d308d339d9e8097,"{""config"":[""Y+"",""Y""],""d"":7,""p"":0.005376923076923077}",
      2048,        13,         0,   0.027,pymatching,8b3bc9bef2aea071ed74476e1e9f2dd5a1c3bf81e58b8bf69df925b82d1ba7a4,"{""config"":[""Y+"",""Y""],""d"":7,""p"":0.00502051282051282}",
        23,         0,         0,   0.001,pymatching,583761c35c6053557a126e62d723dad6630bce6cb9ef4b9b16e28bcd435dfb36,"{""config"":[""Y+"",""Y""],""d"":7,""p"":0.003951282051282051}",
      9807,        48,         0,   0.122,pymatching,72809015876d1f9b8ff5ff89d3ce2a1c29e73672373efd2eb3e8fd9cda3edd02,"{""config"":[""Y+"",""Y""],""d"":7,""p"":0.0043076923076923075}",
        52,         0,         0,   0.002,pymatching,583761c35c6053557a126e62d723dad6630bce6cb9ef4b9b16e28bcd435dfb36,"{""config"":[""Y+"",""Y""],""d"":7,""p"":0.003951282051282051}",
      2048,         8,         0,   0.025,pymatching,aa429589a3348e00898eb2b9a5a5dbd4f3b518fd65dc69aeba43d82ded161f49,"{""config"":[""Y+"",""Y""],""d"":7,""p"":0.004664102564102564}",
      2048,        33,         0,   0.033,pymatching,6492a75cf2d32538edb01866f3ae5f7d4206754a4e3c1ab604f05e688906edd5,"{""config"":[""Y+"",""Y""],""d"":7,""p"":0.00608974358974359}",
        52,         0,         0,   0.002,pymatching,583761c35c6053557a126e62d723dad6630bce6cb9ef4b9b16e28bcd435dfb36,"{""config"":[""Y+"",""Y""],""d"":7,""p"":0.003951282051282051}",
     32768,       219,         0,   0.433,pymatching,8b3bc9bef2aea071ed74476e1e9f2dd5a1c3bf81e58b8bf69df925b82d1ba7a4,"{""config"":[""Y+"",""Y""],""d"":7,""p"":0.00502051282051282}",
      2048,        13,         0,   0.024,pymatching,72809015876d1f9b8ff5ff89d3ce2a1c29e73672373efd2eb3e8fd9cda3edd02,"{""config"":[""Y+"",""Y""],""d"":7,""p"":0.0043076923076923075}",
      1024,        14,         0,   0.015,pymatching,1ded2928a119f1b6c0eb82651ab130497369e0a99313696e9ddd7d3d79cb15d2,"{""config"":[""Y+"",""Y""],""d"":7,""p"":0.005733333333333333}",
      5393,        23,         0,   0.067,pymatching,aa429589a3348e00898eb2b9a5a5dbd4f3b518fd65dc69aeba43d82ded161f49,"{""config"":[""Y+"",""Y""],""d"":7,""p"":0.004664102564102564}",
     10240,        27,         0,   0.122,pymatching,72809015876d1f9b8ff5ff89d3ce2a1c29e73672373efd2eb3e8fd9cda3edd02,"{""config"":[""Y+"",""Y""],""d"":7,""p"":0.0043076923076923075}",
      2048,        22,         0,   0.033,pymatching,6492a75cf2d32538edb01866f3ae5f7d4206754a4e3c1ab604f05e688906edd5,"{""config"":[""Y+"",""Y""],""d"":7,""p"":0.00608974358974359}",
     12288,        62,         0,   0.154,pymatching,aa429589a3348e00898eb2b9a5a5dbd4f3b518fd65dc69aeba43d82ded161f49,"{""config"":[""Y+"",""Y""],""d"":7,""p"":0.004664102564102564}",
        52,         0,         0,   0.002,pymatching,583761c35c6053557a126e62d723dad6630bce6cb9ef4b9b16e28bcd435dfb36,"{""config"":[""Y+"",""Y""],""d"":7,""p"":0.003951282051282051}",
      1024,        10,         0,   0.014,pymatching,44778f417ddefc9165e91ad4a5805c24dc79bdc9782a224c5d308d339d9e8097,"{""config"":[""Y+"",""Y""],""d"":7,""p"":0.005376923076923077}",
      2048,        26,         0,   0.030,pymatching,1ded2928a119f1b6c0eb82651ab130497369e0a99313696e9ddd7d3d79cb15d2,"{""config"":[""Y+"",""Y""],""d"":7,""p"":0.005733333333333333}",
      2048,        14,         0,   0.027,pymatching,8b3bc9bef2aea071ed74476e1e9f2dd5a1c3bf81e58b8bf69df925b82d1ba7a4,"{""config"":[""Y+"",""Y""],""d"":7,""p"":0.00502051282051282}",
        52,         1,         0,   0.002,pymatching,583761c35c6053557a126e62d723dad6630bce6cb9ef4b9b16e28bcd435dfb36,"{""config"":[""Y+"",""Y""],""d"":7,""p"":0.003951282051282051}",
      6144,        48,         0,   0.083,pymatching,8b3bc9bef2aea071ed74476e1e9f2dd5a1c3bf81e58b8bf69df925b82d1ba7a4,"{""config"":[""Y+"",""Y""],""d"":7,""p"":0.00502051282051282}",
        52,         0,         0,   0.002,pymatching,583761c35c6053557a126e62d723dad6630bce6cb9ef4b9b16e28bcd435dfb36,"{""config"":[""Y+"",""Y""],""d"":7,""p"":0.003951282051282051}",
      7641,        41,         0,   0.090,pymatching,72809015876d1f9b8ff5ff89d3ce2a1c29e73672373efd2eb3e8fd9cda3edd02,"{""config"":[""Y+"",""Y""],""d"":7,""p"":0.0043076923076923075}",
        52,         0,         0,   0.002,pymatching,583761c35c6053557a126e62d723dad6630bce6cb9ef4b9b16e28bcd435dfb36,"{""config"":[""Y+"",""Y""],""d"":7,""p"":0.003951282051282051}",
      5120,        77,         0,   0.081,pymatching,6492a75cf2d32538edb01866f3ae5f7d4206754a4e3c1ab604f05e688906edd5,"{""config"":[""Y+"",""Y""],""d"":7,""p"":0.00608974358974359}",
      2048,        10,         0,   0.025,pymatching,aa429589a3348e00898eb2b9a5a5dbd4f3b518fd65dc69aeba43d82ded161f49,"{""config"":[""Y+"",""Y""],""d"":7,""p"":0.004664102564102564}",
      8334,        26,         0,   0.096,pymatching,72809015876d1f9b8ff5ff89d3ce2a1c29e73672373efd2eb3e8fd9cda3edd02,"{""config"":[""Y+"",""Y""],""d"":7,""p"":0.0043076923076923075}",
      2048,         7,         0,   0.023,pymatching,72809015876d1f9b8ff5ff89d3ce2a1c29e73672373efd2eb3e8fd9cda3edd02,"{""config"":[""Y+"",""Y""],""d"":7,""p"":0.0043076923076923075}",
      3072,        32,         0,   0.043,pymatching,44778f417ddefc9165e91ad4a5805c24dc79bdc9782a224c5d308d339d9e8097,"{""config"":[""Y+"",""Y""],""d"":7,""p"":0.005376923076923077}",
      3072,        18,         0,   0.039,pymatching,aa429589a3348e00898eb2b9a5a5dbd4f3b518fd65dc69aeba43d82ded161f49,"{""config"":[""Y+"",""Y""],""d"":7,""p"":0.004664102564102564}",
      4096,        14,         0,   0.047,pymatching,72809015876d1f9b8ff5ff89d3ce2a1c29e73672373efd2eb3e8fd9cda3edd02,"{""config"":[""Y+"",""Y""],""d"":7,""p"":0.0043076923076923075}",
      3072,        13,         0,   0.041,pymatching,8b3bc9bef2aea071ed74476e1e9f2dd5a1c3bf81e58b8bf69df925b82d1ba7a4,"{""config"":[""Y+"",""Y""],""d"":7,""p"":0.00502051282051282}",
      2048,        22,         0,   0.030,pymatching,1ded2928a119f1b6c0eb82651ab130497369e0a99313696e9ddd7d3d79cb15d2,"{""config"":[""Y+"",""Y""],""d"":7,""p"":0.005733333333333333}",
         7,         0,         0,   0.000,pymatching,583761c35c6053557a126e62d723dad6630bce6cb9ef4b9b16e28bcd435dfb36,"{""config"":[""Y+"",""Y""],""d"":7,""p"":0.003951282051282051}",
      2048,        17,         0,   0.027,pymatching,8b3bc9bef2aea071ed74476e1e9f2dd5a1c3bf81e58b8bf69df925b82d1ba7a4,"{""config"":[""Y+"",""Y""],""d"":7,""p"":0.00502051282051282}",
      2048,        25,         0,   0.029,pymatching,44778f417ddefc9165e91ad4a5805c24dc79bdc9782a224c5d308d339d9e8097,"{""config"":[""Y+"",""Y""],""d"":7,""p"":0.005376923076923077}",
      2541,        14,         0,   0.031,pymatching,aa429589a3348e00898eb2b9a5a5dbd4f3b518fd65dc69aeba43d82ded161f49,"{""config"":[""Y+"",""Y""],""d"":7,""p"":0.004664102564102564}",
         7,         0,         0,   0.001,pymatching,583761c35c6053557a126e62d723dad6630bce6cb9ef4b9b16e28bcd435dfb36,"{""config"":[""Y+"",""Y""],""d"":7,""p"":0.003951282051282051}",
      1066,         2,         0,   0.012,pymatching,72809015876d1f9b8ff5ff89d3ce2a1c29e73672373efd2eb3e8fd9cda3edd02,"{""config"":[""Y+"",""Y""],""d"":7,""p"":0.0043076923076923075}",
      7168,        40,         0,   0.083,pymatching,72809015876d1f9b8ff5ff89d3ce2a1c29e73672373efd2eb3e8fd9cda3edd02,"{""config"":[""Y+"",""Y""],""d"":7,""p"":0.0043076923076923075}",
     21504,       194,         0,   0.300,pymatching,44778f417ddefc9165e91ad4a5805c24dc79bdc9782a224c5d308d339d9e8097,"{""config"":[""Y+"",""Y""],""d"":7,""p"":0.005376923076923077}",
         7,         0,         0,   0.001,pymatching,583761c35c6053557a126e62d723dad6630bce6cb9ef4b9b16e28bcd435dfb36,"{""config"":[""Y+"",""Y""],""d"":7,""p"":0.003951282051282051}",
      1024,         1,         0,   0.012,pymatching,72809015876d1f9b8ff5ff89d3ce2a1c29e73672373efd2eb3e8fd9cda3edd02,"{""config"":[""Y+"",""Y""],""d"":7,""p"":0.0043076923076923075}",
      5120,        69,         0,   0.077,pymatching,1ded2928a119f1b6c0eb82651ab130497369e0a99313696e9ddd7d3d79cb15d2,"{""config"":[""Y+"",""Y""],""d"":7,""p"":0.005733333333333333}",
         7,         0,         0,   0.001,pymatching,583761c35c6053557a126e62d723dad6630bce6cb9ef4b9b16e28bcd435dfb36,"{""config"":[""Y+"",""Y""],""d"":7,""p"":0.003951282051282051}",
         7,         0,         0,   0.000,pymatching,583761c35c6053557a126e62d723dad6630bce6cb9ef4b9b16e28bcd435dfb36,"{""config"":[""Y+"",""Y""],""d"":7,""p"":0.003951282051282051}",
      6144,        27,         0,   0.077,pymatching,aa429589a3348e00898eb2b9a5a5dbd4f3b518fd65dc69aeba43d82ded161f49,"{""config"":[""Y+"",""Y""],""d"":7,""p"":0.004664102564102564}",
         7,         0,         0,   0.001,pymatching,583761c35c6053557a126e62d723dad6630bce6cb9ef4b9b16e28bcd435dfb36,"{""config"":[""Y+"",""Y""],""d"":7,""p"":0.003951282051282051}",
      3072,        45,         0,   0.049,pymatching,6492a75cf2d32538edb01866f3ae5f7d4206754a4e3c1ab604f05e688906edd5,"{""config"":[""Y+"",""Y""],""d"":7,""p"":0.00608974358974359}",
      3072,        40,         0,   0.045,pymatching,1ded2928a119f1b6c0eb82651ab130497369e0a99313696e9ddd7d3d79cb15d2,"{""config"":[""Y+"",""Y""],""d"":7,""p"":0.005733333333333333}",
      3072,        58,         0,   0.049,pymatching,6492a75cf2d32538edb01866f3ae5f7d4206754a4e3c1ab604f05e688906edd5,"{""config"":[""Y+"",""Y""],""d"":7,""p"":0.00608974358974359}",
      1024,         3,         0,   0.012,pymatching,72809015876d1f9b8ff5ff89d3ce2a1c29e73672373efd2eb3e8fd9cda3edd02,"{""config"":[""Y+"",""Y""],""d"":7,""p"":0.0043076923076923075}",
      6144,        54,         0,   0.086,pymatching,44778f417ddefc9165e91ad4a5805c24dc79bdc9782a224c5d308d339d9e8097,"{""config"":[""Y+"",""Y""],""d"":7,""p"":0.005376923076923077}",
      2509,         7,         0,   0.030,pymatching,aa429589a3348e00898eb2b9a5a5dbd4f3b518fd65dc69aeba43d82ded161f49,"{""config"":[""Y+"",""Y""],""d"":7,""p"":0.004664102564102564}",
     10240,       103,         0,   0.153,pymatching,1ded2928a119f1b6c0eb82651ab130497369e0a99313696e9ddd7d3d79cb15d2,"{""config"":[""Y+"",""Y""],""d"":7,""p"":0.005733333333333333}",
      3072,        21,         0,   0.038,pymatching,aa429589a3348e00898eb2b9a5a5dbd4f3b518fd65dc69aeba43d82ded161f49,"{""config"":[""Y+"",""Y""],""d"":7,""p"":0.004664102564102564}",
      1024,         2,         0,   0.013,pymatching,aa429589a3348e00898eb2b9a5a5dbd4f3b518fd65dc69aeba43d82ded161f49,"{""config"":[""Y+"",""Y""],""d"":7,""p"":0.004664102564102564}",
      2048,        19,         0,   0.028,pymatching,44778f417ddefc9165e91ad4a5805c24dc79bdc9782a224c5d308d339d9e8097,"{""config"":[""Y+"",""Y""],""d"":7,""p"":0.005376923076923077}",
      2048,        18,         0,   0.031,pymatching,1ded2928a119f1b6c0eb82651ab130497369e0a99313696e9ddd7d3d79cb15d2,"{""config"":[""Y+"",""Y""],""d"":7,""p"":0.005733333333333333}",
     19456,       228,         0,   0.294,pymatching,1ded2928a119f1b6c0eb82651ab130497369e0a99313696e9ddd7d3d79cb15d2,"{""config"":[""Y+"",""Y""],""d"":7,""p"":0.005733333333333333}",
      2048,         8,         0,   0.039,pymatching,72809015876d1f9b8ff5ff89d3ce2a1c29e73672373efd2eb3e8fd9cda3edd02,"{""config"":[""Y+"",""Y""],""d"":7,""p"":0.0043076923076923075}",
      1944,         8,         0,   0.023,pymatching,72809015876d1f9b8ff5ff89d3ce2a1c29e73672373efd2eb3e8fd9cda3edd02,"{""config"":[""Y+"",""Y""],""d"":7,""p"":0.0043076923076923075}",
        24,         0,         0,   0.000,pymatching,72809015876d1f9b8ff5ff89d3ce2a1c29e73672373efd2eb3e8fd9cda3edd02,"{""config"":[""Y+"",""Y""],""d"":7,""p"":0.0043076923076923075}",
      1297,         5,         0,   0.017,pymatching,72809015876d1f9b8ff5ff89d3ce2a1c29e73672373efd2eb3e8fd9cda3edd02,"{""config"":[""Y+"",""Y""],""d"":7,""p"":0.0043076923076923075}",
         5,         0,         0,   0.000,pymatching,72809015876d1f9b8ff5ff89d3ce2a1c29e73672373efd2eb3e8fd9cda3edd02,"{""config"":[""Y+"",""Y""],""d"":7,""p"":0.0043076923076923075}",
      3190,        16,         0,   0.040,pymatching,aa429589a3348e00898eb2b9a5a5dbd4f3b518fd65dc69aeba43d82ded161f49,"{""config"":[""Y+"",""Y""],""d"":7,""p"":0.004664102564102564}",
     18432,       300,         0,   0.291,pymatching,6492a75cf2d32538edb01866f3ae5f7d4206754a4e3c1ab604f05e688906edd5,"{""config"":[""Y+"",""Y""],""d"":7,""p"":0.00608974358974359}",
     11264,       110,         0,   0.157,pymatching,44778f417ddefc9165e91ad4a5805c24dc79bdc9782a224c5d308d339d9e8097,"{""config"":[""Y+"",""Y""],""d"":7,""p"":0.005376923076923077}",
      2048,        10,         0,   0.038,pymatching,72809015876d1f9b8ff5ff89d3ce2a1c29e73672373efd2eb3e8fd9cda3edd02,"{""config"":[""Y+"",""Y""],""d"":7,""p"":0.0043076923076923075}",
       583,         2,         0,   0.007,pymatching,72809015876d1f9b8ff5ff89d3ce2a1c29e73672373efd2eb3e8fd9cda3edd02,"{""config"":[""Y+"",""Y""],""d"":7,""p"":0.0043076923076923075}",
       827,         2,         0,   0.010,pymatching,72809015876d1f9b8ff5ff89d3ce2a1c29e73672373efd2eb3e8fd9cda3edd02,"{""config"":[""Y+"",""Y""],""d"":7,""p"":0.0043076923076923075}",
      3072,        16,         0,   0.041,pymatching,8b3bc9bef2aea071ed74476e1e9f2dd5a1c3bf81e58b8bf69df925b82d1ba7a4,"{""config"":[""Y+"",""Y""],""d"":7,""p"":0.00502051282051282}",
      1297,        11,         0,   0.021,pymatching,8b3bc9bef2aea071ed74476e1e9f2dd5a1c3bf81e58b8bf69df925b82d1ba7a4,"{""config"":[""Y+"",""Y""],""d"":7,""p"":0.00502051282051282}",
      1615,         4,         0,   0.019,pymatching,72809015876d1f9b8ff5ff89d3ce2a1c29e73672373efd2eb3e8fd9cda3edd02,"{""config"":[""Y+"",""Y""],""d"":7,""p"":0.0043076923076923075}",
       273,         5,         0,   0.006,pymatching,6492a75cf2d32538edb01866f3ae5f7d4206754a4e3c1ab604f05e688906edd5,"{""config"":[""Y+"",""Y""],""d"":7,""p"":0.00608974358974359}",
       718,         2,         0,   0.008,pymatching,72809015876d1f9b8ff5ff89d3ce2a1c29e73672373efd2eb3e8fd9cda3edd02,"{""config"":[""Y+"",""Y""],""d"":7,""p"":0.0043076923076923075}",
       667,         4,         0,   0.008,pymatching,aa429589a3348e00898eb2b9a5a5dbd4f3b518fd65dc69aeba43d82ded161f49,"{""config"":[""Y+"",""Y""],""d"":7,""p"":0.004664102564102564}",
     15360,       222,         0,   0.245,pymatching,6492a75cf2d32538edb01866f3ae5f7d4206754a4e3c1ab604f05e688906edd5,"{""config"":[""Y+"",""Y""],""d"":7,""p"":0.00608974358974359}",
      9216,       131,         0,   0.150,pymatching,6492a75cf2d32538edb01866f3ae5f7d4206754a4e3c1ab604f05e688906edd5,"{""config"":[""Y+"",""Y""],""d"":7,""p"":0.00608974358974359}",
      5105,        32,         0,   0.063,pymatching,aa429589a3348e00898eb2b9a5a5dbd4f3b518fd65dc69aeba43d82ded161f49,"{""config"":[""Y+"",""Y""],""d"":7,""p"":0.004664102564102564}",
      1457,         7,         0,   0.018,pymatching,72809015876d1f9b8ff5ff89d3ce2a1c29e73672373efd2eb3e8fd9cda3edd02,"{""config"":[""Y+"",""Y""],""d"":7,""p"":0.0043076923076923075}",
      2048,        25,         0,   0.032,pymatching,6492a75cf2d32538edb01866f3ae5f7d4206754a4e3c1ab604f05e688906edd5,"{""config"":[""Y+"",""Y""],""d"":7,""p"":0.00608974358974359}",
       401,         1,         0,   0.005,pymatching,72809015876d1f9b8ff5ff89d3ce2a1c29e73672373efd2eb3e8fd9cda3edd02,"{""config"":[""Y+"",""Y""],""d"":7,""p"":0.0043076923076923075}",
      2048,        32,         0,   0.032,pymatching,6492a75cf2d32538edb01866f3ae5f7d4206754a4e3c1ab604f05e688906edd5,"{""config"":[""Y+"",""Y""],""d"":7,""p"":0.00608974358974359}",
      9216,       154,         0,   0.144,pymatching,6492a75cf2d32538edb01866f3ae5f7d4206754a4e3c1ab604f05e688906edd5,"{""config"":[""Y+"",""Y""],""d"":7,""p"":0.00608974358974359}",
       216,         1,         0,   0.003,pymatching,72809015876d1f9b8ff5ff89d3ce2a1c29e73672373efd2eb3e8fd9cda3edd02,"{""config"":[""Y+"",""Y""],""d"":7,""p"":0.0043076923076923075}",
      4096,        34,         0,   0.058,pymatching,44778f417ddefc9165e91ad4a5805c24dc79bdc9782a224c5d308d339d9e8097,"{""config"":[""Y+"",""Y""],""d"":7,""p"":0.005376923076923077}",
      4096,        35,         0,   0.054,pymatching,8b3bc9bef2aea071ed74476e1e9f2dd5a1c3bf81e58b8bf69df925b82d1ba7a4,"{""config"":[""Y+"",""Y""],""d"":7,""p"":0.00502051282051282}",
      1024,        22,         0,   0.016,pymatching,6492a75cf2d32538edb01866f3ae5f7d4206754a4e3c1ab604f05e688906edd5,"{""config"":[""Y+"",""Y""],""d"":7,""p"":0.00608974358974359}",
      4096,        59,         0,   0.065,pymatching,6492a75cf2d32538edb01866f3ae5f7d4206754a4e3c1ab604f05e688906edd5,"{""config"":[""Y+"",""Y""],""d"":7,""p"":0.00608974358974359}",
       158,         0,         0,   0.002,pymatching,72809015876d1f9b8ff5ff89d3ce2a1c29e73672373efd2eb3e8fd9cda3edd02,"{""config"":[""Y+"",""Y""],""d"":7,""p"":0.0043076923076923075}",
     23552,       361,         0,   0.379,pymatching,6492a75cf2d32538edb01866f3ae5f7d4206754a4e3c1ab604f05e688906edd5,"{""config"":[""Y+"",""Y""],""d"":7,""p"":0.00608974358974359}",
      1024,         3,         0,   0.012,pymatching,72809015876d1f9b8ff5ff89d3ce2a1c29e73672373efd2eb3e8fd9cda3edd02,"{""config"":[""Y+"",""Y""],""d"":7,""p"":0.0043076923076923075}",
      5105,        22,         0,   0.063,pymatching,aa429589a3348e00898eb2b9a5a5dbd4f3b518fd65dc69aeba43d82ded161f49,"{""config"":[""Y+"",""Y""],""d"":7,""p"":0.004664102564102564}",
      1024,         1,         0,   0.013,pymatching,72809015876d1f9b8ff5ff89d3ce2a1c29e73672373efd2eb3e8fd9cda3edd02,"{""config"":[""Y+"",""Y""],""d"":7,""p"":0.0043076923076923075}",
        52,         0,         0,   0.002,pymatching,583761c35c6053557a126e62d723dad6630bce6cb9ef4b9b16e28bcd435dfb36,"{""config"":[""Y+"",""Y""],""d"":7,""p"":0.003951282051282051}",
      1297,        13,         0,   0.020,pymatching,44778f417ddefc9165e91ad4a5805c24dc79bdc9782a224c5d308d339d9e8097,"{""config"":[""Y+"",""Y""],""d"":7,""p"":0.005376923076923077}",
        69,         0,         0,   0.001,pymatching,72809015876d1f9b8ff5ff89d3ce2a1c29e73672373efd2eb3e8fd9cda3edd02,"{""config"":[""Y+"",""Y""],""d"":7,""p"":0.0043076923076923075}",
       926,         2,         0,   0.011,pymatching,72809015876d1f9b8ff5ff89d3ce2a1c29e73672373efd2eb3e8fd9cda3edd02,"{""config"":[""Y+"",""Y""],""d"":7,""p"":0.0043076923076923075}",
         1,         0,         0,   0.000,pymatching,583761c35c6053557a126e62d723dad6630bce6cb9ef4b9b16e28bcd435dfb36,"{""config"":[""Y+"",""Y""],""d"":7,""p"":0.003951282051282051}",
      3087,        25,         0,   0.039,pymatching,aa429589a3348e00898eb2b9a5a5dbd4f3b518fd65dc69aeba43d82ded161f49,"{""config"":[""Y+"",""Y""],""d"":7,""p"":0.004664102564102564}",
      1297,        11,         0,   0.021,pymatching,1ded2928a119f1b6c0eb82651ab130497369e0a99313696e9ddd7d3d79cb15d2,"{""config"":[""Y+"",""Y""],""d"":7,""p"":0.005733333333333333}",
       128,         0,         0,   0.002,pymatching,72809015876d1f9b8ff5ff89d3ce2a1c29e73672373efd2eb3e8fd9cda3edd02,"{""config"":[""Y+"",""Y""],""d"":7,""p"":0.0043076923076923075}",
      4988,        35,         0,   0.065,pymatching,8b3bc9bef2aea071ed74476e1e9f2dd5a1c3bf81e58b8bf69df925b82d1ba7a4,"{""config"":[""Y+"",""Y""],""d"":7,""p"":0.00502051282051282}",
     32165,       303,         0,   0.450,pymatching,44778f417ddefc9165e91ad4a5805c24dc79bdc9782a224c5d308d339d9e8097,"{""config"":[""Y+"",""Y""],""d"":7,""p"":0.005376923076923077}",
      1297,         6,         0,   0.018,pymatching,aa429589a3348e00898eb2b9a5a5dbd4f3b518fd65dc69aeba43d82ded161f49,"{""config"":[""Y+"",""Y""],""d"":7,""p"":0.004664102564102564}",
      3087,        16,         0,   0.038,pymatching,aa429589a3348e00898eb2b9a5a5dbd4f3b518fd65dc69aeba43d82ded161f49,"{""config"":[""Y+"",""Y""],""d"":7,""p"":0.004664102564102564}",
        95,         0,         0,   0.001,pymatching,72809015876d1f9b8ff5ff89d3ce2a1c29e73672373efd2eb3e8fd9cda3edd02,"{""config"":[""Y+"",""Y""],""d"":7,""p"":0.0043076923076923075}",
       191,         0,         0,   0.004,pymatching,72809015876d1f9b8ff5ff89d3ce2a1c29e73672373efd2eb3e8fd9cda3edd02,"{""config"":[""Y+"",""Y""],""d"":7,""p"":0.0043076923076923075}",
       191,         0,         0,   0.003,pymatching,72809015876d1f9b8ff5ff89d3ce2a1c29e73672373efd2eb3e8fd9cda3edd02,"{""config"":[""Y+"",""Y""],""d"":7,""p"":0.0043076923076923075}",
      2048,        14,         0,   0.028,pymatching,8b3bc9bef2aea071ed74476e1e9f2dd5a1c3bf81e58b8bf69df925b82d1ba7a4,"{""config"":[""Y+"",""Y""],""d"":7,""p"":0.00502051282051282}",
      1250,         5,         0,   0.016,pymatching,aa429589a3348e00898eb2b9a5a5dbd4f3b518fd65dc69aeba43d82ded161f49,"{""config"":[""Y+"",""Y""],""d"":7,""p"":0.004664102564102564}",
      3072,        24,         0,   0.043,pymatching,44778f417ddefc9165e91ad4a5805c24dc79bdc9782a224c5d308d339d9e8097,"{""config"":[""Y+"",""Y""],""d"":7,""p"":0.005376923076923077}",
      1024,         4,         0,   0.014,pymatching,44778f417ddefc9165e91ad4a5805c24dc79bdc9782a224c5d308d339d9e8097,"{""config"":[""Y+"",""Y""],""d"":7,""p"":0.005376923076923077}",
      3087,        24,         0,   0.038,pymatching,aa429589a3348e00898eb2b9a5a5dbd4f3b518fd65dc69aeba43d82ded161f49,"{""config"":[""Y+"",""Y""],""d"":7,""p"":0.004664102564102564}",
      3072,        38,         0,   0.046,pymatching,1ded2928a119f1b6c0eb82651ab130497369e0a99313696e9ddd7d3d79cb15d2,"{""config"":[""Y+"",""Y""],""d"":7,""p"":0.005733333333333333}",
     31255,       235,         0,   0.420,pymatching,8b3bc9bef2aea071ed74476e1e9f2dd5a1c3bf81e58b8bf69df925b82d1ba7a4,"{""config"":[""Y+"",""Y""],""d"":7,""p"":0.00502051282051282}",
      3087,        17,         0,   0.039,pymatching,aa429589a3348e00898eb2b9a5a5dbd4f3b518fd65dc69aeba43d82ded161f49,"{""config"":[""Y+"",""Y""],""d"":7,""p"":0.004664102564102564}",
      1024,        10,         0,   0.015,pymatching,1ded2928a119f1b6c0eb82651ab130497369e0a99313696e9ddd7d3d79cb15d2,"{""config"":[""Y+"",""Y""],""d"":7,""p"":0.005733333333333333}",
      4096,        56,         0,   0.061,pymatching,1ded2928a119f1b6c0eb82651ab130497369e0a99313696e9ddd7d3d79cb15d2,"{""config"":[""Y+"",""Y""],""d"":7,""p"":0.005733333333333333}",
      3072,        21,         0,   0.041,pymatching,8b3bc9bef2aea071ed74476e1e9f2dd5a1c3bf81e58b8bf69df925b82d1ba7a4,"{""config"":[""Y+"",""Y""],""d"":7,""p"":0.00502051282051282}",
     20480,       146,         0,   0.275,pymatching,8b3bc9bef2aea071ed74476e1e9f2dd5a1c3bf81e58b8bf69df925b82d1ba7a4,"{""config"":[""Y+"",""Y""],""d"":7,""p"":0.00502051282051282}",
      8192,        65,         0,   0.107,pymatching,8b3bc9bef2aea071ed74476e1e9f2dd5a1c3bf81e58b8bf69df925b82d1ba7a4,"{""config"":[""Y+"",""Y""],""d"":7,""p"":0.00502051282051282}",
         1,         0,         0,   0.000,pymatching,583761c35c6053557a126e62d723dad6630bce6cb9ef4b9b16e28bcd435dfb36,"{""config"":[""Y+"",""Y""],""d"":7,""p"":0.003951282051282051}",
      1790,        11,         0,   0.022,pymatching,aa429589a3348e00898eb2b9a5a5dbd4f3b518fd65dc69aeba43d82ded161f49,"{""config"":[""Y+"",""Y""],""d"":7,""p"":0.004664102564102564}",
     30720,       278,         0,   0.426,pymatching,44778f417ddefc9165e91ad4a5805c24dc79bdc9782a224c5d308d339d9e8097,"{""config"":[""Y+"",""Y""],""d"":7,""p"":0.005376923076923077}",
      2526,        15,         0,   0.031,pymatching,aa429589a3348e00898eb2b9a5a5dbd4f3b518fd65dc69aeba43d82ded161f49,"{""config"":[""Y+"",""Y""],""d"":7,""p"":0.004664102564102564}",
      3654,        14,         0,   0.070,pymatching,aa429589a3348e00898eb2b9a5a5dbd4f3b518fd65dc69aeba43d82ded161f49,"{""config"":[""Y+"",""Y""],""d"":7,""p"":0.004664102564102564}",
         1,         0,         0,   0.000,pymatching,583761c35c6053557a126e62d723dad6630bce6cb9ef4b9b16e28bcd435dfb36,"{""config"":[""Y+"",""Y""],""d"":7,""p"":0.003951282051282051}",
         1,         0,         0,   0.000,pymatching,583761c35c6053557a126e62d723dad6630bce6cb9ef4b9b16e28bcd435dfb36,"{""config"":[""Y+"",""Y""],""d"":7,""p"":0.003951282051282051}",
         1,         0,         0,   0.000,pymatching,583761c35c6053557a126e62d723dad6630bce6cb9ef4b9b16e28bcd435dfb36,"{""config"":[""Y+"",""Y""],""d"":7,""p"":0.003951282051282051}",
         1,         0,         0,   0.000,pymatching,583761c35c6053557a126e62d723dad6630bce6cb9ef4b9b16e28bcd435dfb36,"{""config"":[""Y+"",""Y""],""d"":7,""p"":0.003951282051282051}",
        54,         0,         0,   0.002,pymatching,72809015876d1f9b8ff5ff89d3ce2a1c29e73672373efd2eb3e8fd9cda3edd02,"{""config"":[""Y+"",""Y""],""d"":7,""p"":0.0043076923076923075}",
      2048,        19,         0,   0.026,pymatching,8b3bc9bef2aea071ed74476e1e9f2dd5a1c3bf81e58b8bf69df925b82d1ba7a4,"{""config"":[""Y+"",""Y""],""d"":7,""p"":0.00502051282051282}",
     21240,       168,         0,   0.300,pymatching,44778f417ddefc9165e91ad4a5805c24dc79bdc9782a224c5d308d339d9e8097,"{""config"":[""Y+"",""Y""],""d"":7,""p"":0.005376923076923077}",
         1,         0,         0,   0.000,pymatching,583761c35c6053557a126e62d723dad6630bce6cb9ef4b9b16e28bcd435dfb36,"{""config"":[""Y+"",""Y""],""d"":7,""p"":0.003951282051282051}",
       567,         2,         0,   0.007,pymatching,aa429589a3348e00898eb2b9a5a5dbd4f3b518fd65dc69aeba43d82ded161f49,"{""config"":[""Y+"",""Y""],""d"":7,""p"":0.004664102564102564}",
      2048,        23,         0,   0.029,pymatching,44778f417ddefc9165e91ad4a5805c24dc79bdc9782a224c5d308d339d9e8097,"{""config"":[""Y+"",""Y""],""d"":7,""p"":0.005376923076923077}",
       192,         2,         0,   0.002,pymatching,aa429589a3348e00898eb2b9a5a5dbd4f3b518fd65dc69aeba43d82ded161f49,"{""config"":[""Y+"",""Y""],""d"":7,""p"":0.004664102564102564}",
        50,         1,         0,   0.002,pymatching,72809015876d1f9b8ff5ff89d3ce2a1c29e73672373efd2eb3e8fd9cda3edd02,"{""config"":[""Y+"",""Y""],""d"":7,""p"":0.0043076923076923075}",
       567,         2,         0,   0.007,pymatching,aa429589a3348e00898eb2b9a5a5dbd4f3b518fd65dc69aeba43d82ded161f49,"{""config"":[""Y+"",""Y""],""d"":7,""p"":0.004664102564102564}",
       186,         0,         0,   0.002,pymatching,aa429589a3348e00898eb2b9a5a5dbd4f3b518fd65dc69aeba43d82ded161f49,"{""config"":[""Y+"",""Y""],""d"":7,""p"":0.004664102564102564}",
      2048,        27,         0,   0.030,pymatching,1ded2928a119f1b6c0eb82651ab130497369e0a99313696e9ddd7d3d79cb15d2,"{""config"":[""Y+"",""Y""],""d"":7,""p"":0.005733333333333333}",
      1134,         4,         0,   0.014,pymatching,aa429589a3348e00898eb2b9a5a5dbd4f3b518fd65dc69aeba43d82ded161f49,"{""config"":[""Y+"",""Y""],""d"":7,""p"":0.004664102564102564}",
     27409,       316,         0,   0.413,pymatching,1ded2928a119f1b6c0eb82651ab130497369e0a99313696e9ddd7d3d79cb15d2,"{""config"":[""Y+"",""Y""],""d"":7,""p"":0.005733333333333333}",
      7168,        88,         0,   0.106,pymatching,1ded2928a119f1b6c0eb82651ab130497369e0a99313696e9ddd7d3d79cb15d2,"{""config"":[""Y+"",""Y""],""d"":7,""p"":0.005733333333333333}",
      2048,        18,         0,   0.028,pymatching,8b3bc9bef2aea071ed74476e1e9f2dd5a1c3bf81e58b8bf69df925b82d1ba7a4,"{""config"":[""Y+"",""Y""],""d"":7,""p"":0.00502051282051282}",
      4096,        39,         0,   0.057,pymatching,44778f417ddefc9165e91ad4a5805c24dc79bdc9782a224c5d308d339d9e8097,"{""config"":[""Y+"",""Y""],""d"":7,""p"":0.005376923076923077}",
      2048,        18,         0,   0.028,pymatching,44778f417ddefc9165e91ad4a5805c24dc79bdc9782a224c5d308d339d9e8097,"{""config"":[""Y+"",""Y""],""d"":7,""p"":0.005376923076923077}",
      6144,        47,         0,   0.080,pymatching,8b3bc9bef2aea071ed74476e1e9f2dd5a1c3bf81e58b8bf69df925b82d1ba7a4,"{""config"":[""Y+"",""Y""],""d"":7,""p"":0.00502051282051282}",
      8192,        85,         0,   0.114,pymatching,44778f417ddefc9165e91ad4a5805c24dc79bdc9782a224c5d308d339d9e8097,"{""config"":[""Y+"",""Y""],""d"":7,""p"":0.005376923076923077}",
      4096,        23,         0,   0.054,pymatching,8b3bc9bef2aea071ed74476e1e9f2dd5a1c3bf81e58b8bf69df925b82d1ba7a4,"{""config"":[""Y+"",""Y""],""d"":7,""p"":0.00502051282051282}",
     15360,       101,         0,   0.202,pymatching,8b3bc9bef2aea071ed74476e1e9f2dd5a1c3bf81e58b8bf69df925b82d1ba7a4,"{""config"":[""Y+"",""Y""],""d"":7,""p"":0.00502051282051282}",
      4096,        39,         0,   0.061,pymatching,1ded2928a119f1b6c0eb82651ab130497369e0a99313696e9ddd7d3d79cb15d2,"{""config"":[""Y+"",""Y""],""d"":7,""p"":0.005733333333333333}",
      2048,        33,         0,   0.030,pymatching,1ded2928a119f1b6c0eb82651ab130497369e0a99313696e9ddd7d3d79cb15d2,"{""config"":[""Y+"",""Y""],""d"":7,""p"":0.005733333333333333}",
      6144,        55,         0,   0.086,pymatching,44778f417ddefc9165e91ad4a5805c24dc79bdc9782a224c5d308d339d9e8097,"{""config"":[""Y+"",""Y""],""d"":7,""p"":0.005376923076923077}",
      1297,         9,         0,   0.021,pymatching,1ded2928a119f1b6c0eb82651ab130497369e0a99313696e9ddd7d3d79cb15d2,"{""config"":[""Y+"",""Y""],""d"":7,""p"":0.005733333333333333}",
      1009,         6,         0,   0.014,pymatching,aa429589a3348e00898eb2b9a5a5dbd4f3b518fd65dc69aeba43d82ded161f49,"{""config"":[""Y+"",""Y""],""d"":7,""p"":0.004664102564102564}",
      1297,         9,         0,   0.020,pymatching,1ded2928a119f1b6c0eb82651ab130497369e0a99313696e9ddd7d3d79cb15d2,"{""config"":[""Y+"",""Y""],""d"":7,""p"":0.005733333333333333}",
      1009,        11,         0,   0.014,pymatching,aa429589a3348e00898eb2b9a5a5dbd4f3b518fd65dc69aeba43d82ded161f49,"{""config"":[""Y+"",""Y""],""d"":7,""p"":0.004664102564102564}",
     22463,       269,         0,   0.344,pymatching,1ded2928a119f1b6c0eb82651ab130497369e0a99313696e9ddd7d3d79cb15d2,"{""config"":[""Y+"",""Y""],""d"":7,""p"":0.005733333333333333}",
      1297,        14,         0,   0.019,pymatching,8b3bc9bef2aea071ed74476e1e9f2dd5a1c3bf81e58b8bf69df925b82d1ba7a4,"{""config"":[""Y+"",""Y""],""d"":7,""p"":0.00502051282051282}",
      5120,        64,         0,   0.075,pymatching,1ded2928a119f1b6c0eb82651ab130497369e0a99313696e9ddd7d3d79cb15d2,"{""config"":[""Y+"",""Y""],""d"":7,""p"":0.005733333333333333}",
     10661,       101,         0,   0.146,pymatching,44778f417ddefc9165e91ad4a5805c24dc79bdc9782a224c5d308d339d9e8097,"{""config"":[""Y+"",""Y""],""d"":7,""p"":0.005376923076923077}",
      1024,        11,         0,   0.015,pymatching,1ded2928a119f1b6c0eb82651ab130497369e0a99313696e9ddd7d3d79cb15d2,"{""config"":[""Y+"",""Y""],""d"":7,""p"":0.005733333333333333}",
      1024,        16,         0,   0.015,pymatching,1ded2928a119f1b6c0eb82651ab130497369e0a99313696e9ddd7d3d79cb15d2,"{""config"":[""Y+"",""Y""],""d"":7,""p"":0.005733333333333333}",
      1297,        10,         0,   0.020,pymatching,44778f417ddefc9165e91ad4a5805c24dc79bdc9782a224c5d308d339d9e8097,"{""config"":[""Y+"",""Y""],""d"":7,""p"":0.005376923076923077}",
         5,         0,         0,   0.001,pymatching,72809015876d1f9b8ff5ff89d3ce2a1c29e73672373efd2eb3e8fd9cda3edd02,"{""config"":[""Y+"",""Y""],""d"":7,""p"":0.0043076923076923075}",
      1297,        12,         0,   0.020,pymatching,44778f417ddefc9165e91ad4a5805c24dc79bdc9782a224c5d308d339d9e8097,"{""config"":[""Y+"",""Y""],""d"":7,""p"":0.005376923076923077}",
      3072,        24,         0,   0.040,pymatching,8b3bc9bef2aea071ed74476e1e9f2dd5a1c3bf81e58b8bf69df925b82d1ba7a4,"{""config"":[""Y+"",""Y""],""d"":7,""p"":0.00502051282051282}",
      4435,        33,         0,   0.058,pymatching,8b3bc9bef2aea071ed74476e1e9f2dd5a1c3bf81e58b8bf69df925b82d1ba7a4,"{""config"":[""Y+"",""Y""],""d"":7,""p"":0.00502051282051282}",
         1,         0,         0,   0.000,pymatching,72809015876d1f9b8ff5ff89d3ce2a1c29e73672373efd2eb3e8fd9cda3edd02,"{""config"":[""Y+"",""Y""],""d"":7,""p"":0.0043076923076923075}",
      3072,        20,         0,   0.043,pymatching,44778f417ddefc9165e91ad4a5805c24dc79bdc9782a224c5d308d339d9e8097,"{""config"":[""Y+"",""Y""],""d"":7,""p"":0.005376923076923077}",
      1024,        18,         0,   0.015,pymatching,44778f417ddefc9165e91ad4a5805c24dc79bdc9782a224c5d308d339d9e8097,"{""config"":[""Y+"",""Y""],""d"":7,""p"":0.005376923076923077}",
      4030,        47,         0,   0.056,pymatching,44778f417ddefc9165e91ad4a5805c24dc79bdc9782a224c5d308d339d9e8097,"{""config"":[""Y+"",""Y""],""d"":7,""p"":0.005376923076923077}",
      1024,        11,         0,   0.014,pymatching,44778f417ddefc9165e91ad4a5805c24dc79bdc9782a224c5d308d339d9e8097,"{""config"":[""Y+"",""Y""],""d"":7,""p"":0.005376923076923077}",
      3072,        34,         0,   0.043,pymatching,44778f417ddefc9165e91ad4a5805c24dc79bdc9782a224c5d308d339d9e8097,"{""config"":[""Y+"",""Y""],""d"":7,""p"":0.005376923076923077}",
      1297,         9,         0,   0.019,pymatching,8b3bc9bef2aea071ed74476e1e9f2dd5a1c3bf81e58b8bf69df925b82d1ba7a4,"{""config"":[""Y+"",""Y""],""d"":7,""p"":0.00502051282051282}",
      2048,        16,         0,   0.027,pymatching,8b3bc9bef2aea071ed74476e1e9f2dd5a1c3bf81e58b8bf69df925b82d1ba7a4,"{""config"":[""Y+"",""Y""],""d"":7,""p"":0.00502051282051282}",
        97,         0,         0,   0.003,pymatching,aa429589a3348e00898eb2b9a5a5dbd4f3b518fd65dc69aeba43d82ded161f49,"{""config"":[""Y+"",""Y""],""d"":7,""p"":0.004664102564102564}",
      3072,        45,         0,   0.046,pymatching,1ded2928a119f1b6c0eb82651ab130497369e0a99313696e9ddd7d3d79cb15d2,"{""config"":[""Y+"",""Y""],""d"":7,""p"":0.005733333333333333}",
      3842,        28,         0,   0.051,pymatching,8b3bc9bef2aea071ed74476e1e9f2dd5a1c3bf81e58b8bf69df925b82d1ba7a4,"{""config"":[""Y+"",""Y""],""d"":7,""p"":0.00502051282051282}",
        97,         0,         0,   0.003,pymatching,aa429589a3348e00898eb2b9a5a5dbd4f3b518fd65dc69aeba43d82ded161f49,"{""config"":[""Y+"",""Y""],""d"":7,""p"":0.004664102564102564}",
     17715,       107,         0,   0.233,pymatching,8b3bc9bef2aea071ed74476e1e9f2dd5a1c3bf81e58b8bf69df925b82d1ba7a4,"{""config"":[""Y+"",""Y""],""d"":7,""p"":0.00502051282051282}",
      2048,        24,         0,   0.030,pymatching,1ded2928a119f1b6c0eb82651ab130497369e0a99313696e9ddd7d3d79cb15d2,"{""config"":[""Y+"",""Y""],""d"":7,""p"":0.005733333333333333}",
      2048,        23,         0,   0.030,pymatching,1ded2928a119f1b6c0eb82651ab130497369e0a99313696e9ddd7d3d79cb15d2,"{""config"":[""Y+"",""Y""],""d"":7,""p"":0.005733333333333333}",
     11029,       122,         0,   0.153,pymatching,44778f417ddefc9165e91ad4a5805c24dc79bdc9782a224c5d308d339d9e8097,"{""config"":[""Y+"",""Y""],""d"":7,""p"":0.005376923076923077}",
         1,         0,         0,   0.000,pymatching,72809015876d1f9b8ff5ff89d3ce2a1c29e73672373efd2eb3e8fd9cda3edd02,"{""config"":[""Y+"",""Y""],""d"":7,""p"":0.0043076923076923075}",
      8192,        58,         0,   0.108,pymatching,8b3bc9bef2aea071ed74476e1e9f2dd5a1c3bf81e58b8bf69df925b82d1ba7a4,"{""config"":[""Y+"",""Y""],""d"":7,""p"":0.00502051282051282}",
      6756,        47,         0,   0.088,pymatching,8b3bc9bef2aea071ed74476e1e9f2dd5a1c3bf81e58b8bf69df925b82d1ba7a4,"{""config"":[""Y+"",""Y""],""d"":7,""p"":0.00502051282051282}",
         1,         0,         0,   0.000,pymatching,72809015876d1f9b8ff5ff89d3ce2a1c29e73672373efd2eb3e8fd9cda3edd02,"{""config"":[""Y+"",""Y""],""d"":7,""p"":0.0043076923076923075}",
     20480,       230,         0,   0.304,pymatching,1ded2928a119f1b6c0eb82651ab130497369e0a99313696e9ddd7d3d79cb15d2,"{""config"":[""Y+"",""Y""],""d"":7,""p"":0.005733333333333333}",
         8,         0,         0,   0.001,pymatching,aa429589a3348e00898eb2b9a5a5dbd4f3b518fd65dc69aeba43d82ded161f49,"{""config"":[""Y+"",""Y""],""d"":7,""p"":0.004664102564102564}",
         5,         0,         0,   0.000,pymatching,aa429589a3348e00898eb2b9a5a5dbd4f3b518fd65dc69aeba43d82ded161f49,"{""config"":[""Y+"",""Y""],""d"":7,""p"":0.004664102564102564}",
         1,         0,         0,   0.000,pymatching,72809015876d1f9b8ff5ff89d3ce2a1c29e73672373efd2eb3e8fd9cda3edd02,"{""config"":[""Y+"",""Y""],""d"":7,""p"":0.0043076923076923075}",
         1,         0,         0,   0.000,pymatching,72809015876d1f9b8ff5ff89d3ce2a1c29e73672373efd2eb3e8fd9cda3edd02,"{""config"":[""Y+"",""Y""],""d"":7,""p"":0.0043076923076923075}",
        12,         0,         0,   0.001,pymatching,aa429589a3348e00898eb2b9a5a5dbd4f3b518fd65dc69aeba43d82ded161f49,"{""config"":[""Y+"",""Y""],""d"":7,""p"":0.004664102564102564}",
        12,         0,         0,   0.001,pymatching,aa429589a3348e00898eb2b9a5a5dbd4f3b518fd65dc69aeba43d82ded161f49,"{""config"":[""Y+"",""Y""],""d"":7,""p"":0.004664102564102564}",
      2048,        24,         0,   0.030,pymatching,44778f417ddefc9165e91ad4a5805c24dc79bdc9782a224c5d308d339d9e8097,"{""config"":[""Y+"",""Y""],""d"":7,""p"":0.005376923076923077}",
      2048,        17,         0,   0.029,pymatching,44778f417ddefc9165e91ad4a5805c24dc79bdc9782a224c5d308d339d9e8097,"{""config"":[""Y+"",""Y""],""d"":7,""p"":0.005376923076923077}",
      7168,        65,         0,   0.094,pymatching,8b3bc9bef2aea071ed74476e1e9f2dd5a1c3bf81e58b8bf69df925b82d1ba7a4,"{""config"":[""Y+"",""Y""],""d"":7,""p"":0.00502051282051282}",
      2048,        10,         0,   0.026,pymatching,8b3bc9bef2aea071ed74476e1e9f2dd5a1c3bf81e58b8bf69df925b82d1ba7a4,"{""config"":[""Y+"",""Y""],""d"":7,""p"":0.00502051282051282}",
      2048,        14,         0,   0.027,pymatching,8b3bc9bef2aea071ed74476e1e9f2dd5a1c3bf81e58b8bf69df925b82d1ba7a4,"{""config"":[""Y+"",""Y""],""d"":7,""p"":0.00502051282051282}",
      6144,        35,         0,   0.080,pymatching,8b3bc9bef2aea071ed74476e1e9f2dd5a1c3bf81e58b8bf69df925b82d1ba7a4,"{""config"":[""Y+"",""Y""],""d"":7,""p"":0.00502051282051282}",
      6144,        68,         0,   0.086,pymatching,44778f417ddefc9165e91ad4a5805c24dc79bdc9782a224c5d308d339d9e8097,"{""config"":[""Y+"",""Y""],""d"":7,""p"":0.005376923076923077}",
      2048,        19,         0,   0.030,pymatching,1ded2928a119f1b6c0eb82651ab130497369e0a99313696e9ddd7d3d79cb15d2,"{""config"":[""Y+"",""Y""],""d"":7,""p"":0.005733333333333333}",
      2048,        22,         0,   0.030,pymatching,1ded2928a119f1b6c0eb82651ab130497369e0a99313696e9ddd7d3d79cb15d2,"{""config"":[""Y+"",""Y""],""d"":7,""p"":0.005733333333333333}",
       501,         1,         0,   0.007,pymatching,44778f417ddefc9165e91ad4a5805c24dc79bdc9782a224c5d308d339d9e8097,"{""config"":[""Y+"",""Y""],""d"":7,""p"":0.005376923076923077}",
      1331,         9,         0,   0.017,pymatching,8b3bc9bef2aea071ed74476e1e9f2dd5a1c3bf81e58b8bf69df925b82d1ba7a4,"{""config"":[""Y+"",""Y""],""d"":7,""p"":0.00502051282051282}",
      4636,        30,         0,   0.061,pymatching,8b3bc9bef2aea071ed74476e1e9f2dd5a1c3bf81e58b8bf69df925b82d1ba7a4,"{""config"":[""Y+"",""Y""],""d"":7,""p"":0.00502051282051282}",
      1292,         1,         0,   0.017,pymatching,8b3bc9bef2aea071ed74476e1e9f2dd5a1c3bf81e58b8bf69df925b82d1ba7a4,"{""config"":[""Y+"",""Y""],""d"":7,""p"":0.00502051282051282}",
      2995,        16,         0,   0.039,pymatching,8b3bc9bef2aea071ed74476e1e9f2dd5a1c3bf81e58b8bf69df925b82d1ba7a4,"{""config"":[""Y+"",""Y""],""d"":7,""p"":0.00502051282051282}",
      8633,        81,         0,   0.120,pymatching,44778f417ddefc9165e91ad4a5805c24dc79bdc9782a224c5d308d339d9e8097,"{""config"":[""Y+"",""Y""],""d"":7,""p"":0.005376923076923077}",
      6144,        65,         0,   0.090,pymatching,1ded2928a119f1b6c0eb82651ab130497369e0a99313696e9ddd7d3d79cb15d2,"{""config"":[""Y+"",""Y""],""d"":7,""p"":0.005733333333333333}",
      1038,         6,         0,   0.014,pymatching,8b3bc9bef2aea071ed74476e1e9f2dd5a1c3bf81e58b8bf69df925b82d1ba7a4,"{""config"":[""Y+"",""Y""],""d"":7,""p"":0.00502051282051282}",
      4096,        44,         0,   0.057,pymatching,44778f417ddefc9165e91ad4a5805c24dc79bdc9782a224c5d308d339d9e8097,"{""config"":[""Y+"",""Y""],""d"":7,""p"":0.005376923076923077}",
      6645,        56,         0,   0.093,pymatching,44778f417ddefc9165e91ad4a5805c24dc79bdc9782a224c5d308d339d9e8097,"{""config"":[""Y+"",""Y""],""d"":7,""p"":0.005376923076923077}",
      1297,         7,         0,   0.019,pymatching,8b3bc9bef2aea071ed74476e1e9f2dd5a1c3bf81e58b8bf69df925b82d1ba7a4,"{""config"":[""Y+"",""Y""],""d"":7,""p"":0.00502051282051282}",
      2048,        18,         0,   0.029,pymatching,44778f417ddefc9165e91ad4a5805c24dc79bdc9782a224c5d308d339d9e8097,"{""config"":[""Y+"",""Y""],""d"":7,""p"":0.005376923076923077}",
      2048,        16,         0,   0.029,pymatching,44778f417ddefc9165e91ad4a5805c24dc79bdc9782a224c5d308d339d9e8097,"{""config"":[""Y+"",""Y""],""d"":7,""p"":0.005376923076923077}",
         3,         0,         0,   0.001,pymatching,aa429589a3348e00898eb2b9a5a5dbd4f3b518fd65dc69aeba43d82ded161f49,"{""config"":[""Y+"",""Y""],""d"":7,""p"":0.004664102564102564}",
      1983,        24,         0,   0.029,pymatching,1ded2928a119f1b6c0eb82651ab130497369e0a99313696e9ddd7d3d79cb15d2,"{""config"":[""Y+"",""Y""],""d"":7,""p"":0.005733333333333333}",
      2588,        15,         0,   0.033,pymatching,8b3bc9bef2aea071ed74476e1e9f2dd5a1c3bf81e58b8bf69df925b82d1ba7a4,"{""config"":[""Y+"",""Y""],""d"":7,""p"":0.00502051282051282}",
     14336,       179,         0,   0.213,pymatching,1ded2928a119f1b6c0eb82651ab130497369e0a99313696e9ddd7d3d79cb15d2,"{""config"":[""Y+"",""Y""],""d"":7,""p"":0.005733333333333333}",
      2292,         9,         0,   0.032,pymatching,44778f417ddefc9165e91ad4a5805c24dc79bdc9782a224c5d308d339d9e8097,"{""config"":[""Y+"",""Y""],""d"":7,""p"":0.005376923076923077}",
         2,         0,         0,   0.000,pymatching,aa429589a3348e00898eb2b9a5a5dbd4f3b518fd65dc69aeba43d82ded161f49,"{""config"":[""Y+"",""Y""],""d"":7,""p"":0.004664102564102564}",
      1297,        19,         0,   0.021,pymatching,1ded2928a119f1b6c0eb82651ab130497369e0a99313696e9ddd7d3d79cb15d2,"{""config"":[""Y+"",""Y""],""d"":7,""p"":0.005733333333333333}",
      1297,         7,         0,   0.019,pymatching,8b3bc9bef2aea071ed74476e1e9f2dd5a1c3bf81e58b8bf69df925b82d1ba7a4,"{""config"":[""Y+"",""Y""],""d"":7,""p"":0.00502051282051282}",
         2,         0,         0,   0.000,pymatching,aa429589a3348e00898eb2b9a5a5dbd4f3b518fd65dc69aeba43d82ded161f49,"{""config"":[""Y+"",""Y""],""d"":7,""p"":0.004664102564102564}",
     14336,       167,         0,   0.211,pymatching,1ded2928a119f1b6c0eb82651ab130497369e0a99313696e9ddd7d3d79cb15d2,"{""config"":[""Y+"",""Y""],""d"":7,""p"":0.005733333333333333}",
      4096,        38,         0,   0.061,pymatching,1ded2928a119f1b6c0eb82651ab130497369e0a99313696e9ddd7d3d79cb15d2,"{""config"":[""Y+"",""Y""],""d"":7,""p"":0.005733333333333333}",
      1024,         4,         0,   0.014,pymatching,8b3bc9bef2aea071ed74476e1e9f2dd5a1c3bf81e58b8bf69df925b82d1ba7a4,"{""config"":[""Y+"",""Y""],""d"":7,""p"":0.00502051282051282}",
         2,         0,         0,   0.001,pymatching,aa429589a3348e00898eb2b9a5a5dbd4f3b518fd65dc69aeba43d82ded161f49,"{""config"":[""Y+"",""Y""],""d"":7,""p"":0.004664102564102564}",
        14,         0,         0,   0.000,pymatching,8b3bc9bef2aea071ed74476e1e9f2dd5a1c3bf81e58b8bf69df925b82d1ba7a4,"{""config"":[""Y+"",""Y""],""d"":7,""p"":0.00502051282051282}",
         2,         0,         0,   0.000,pymatching,aa429589a3348e00898eb2b9a5a5dbd4f3b518fd65dc69aeba43d82ded161f49,"{""config"":[""Y+"",""Y""],""d"":7,""p"":0.004664102564102564}",
      1303,        16,         0,   0.018,pymatching,44778f417ddefc9165e91ad4a5805c24dc79bdc9782a224c5d308d339d9e8097,"{""config"":[""Y+"",""Y""],""d"":7,""p"":0.005376923076923077}",
      4096,        28,         0,   0.053,pymatching,8b3bc9bef2aea071ed74476e1e9f2dd5a1c3bf81e58b8bf69df925b82d1ba7a4,"{""config"":[""Y+"",""Y""],""d"":7,""p"":0.00502051282051282}",
       230,         1,         0,   0.005,pymatching,8b3bc9bef2aea071ed74476e1e9f2dd5a1c3bf81e58b8bf69df925b82d1ba7a4,"{""config"":[""Y+"",""Y""],""d"":7,""p"":0.00502051282051282}",
      2804,        24,         0,   0.037,pymatching,8b3bc9bef2aea071ed74476e1e9f2dd5a1c3bf81e58b8bf69df925b82d1ba7a4,"{""config"":[""Y+"",""Y""],""d"":7,""p"":0.00502051282051282}",
         2,         0,         0,   0.000,pymatching,aa429589a3348e00898eb2b9a5a5dbd4f3b518fd65dc69aeba43d82ded161f49,"{""config"":[""Y+"",""Y""],""d"":7,""p"":0.004664102564102564}",
      5399,        53,         0,   0.075,pymatching,44778f417ddefc9165e91ad4a5805c24dc79bdc9782a224c5d308d339d9e8097,"{""config"":[""Y+"",""Y""],""d"":7,""p"":0.005376923076923077}",
         2,         0,         0,   0.000,pymatching,aa429589a3348e00898eb2b9a5a5dbd4f3b518fd65dc69aeba43d82ded161f49,"{""config"":[""Y+"",""Y""],""d"":7,""p"":0.004664102564102564}",
      1297,         8,         0,   0.022,pymatching,44778f417ddefc9165e91ad4a5805c24dc79bdc9782a224c5d308d339d9e8097,"{""config"":[""Y+"",""Y""],""d"":7,""p"":0.005376923076923077}",
      1303,        11,         0,   0.019,pymatching,44778f417ddefc9165e91ad4a5805c24dc79bdc9782a224c5d308d339d9e8097,"{""config"":[""Y+"",""Y""],""d"":7,""p"":0.005376923076923077}",
       162,         3,         0,   0.003,pymatching,44778f417ddefc9165e91ad4a5805c24dc79bdc9782a224c5d308d339d9e8097,"{""config"":[""Y+"",""Y""],""d"":7,""p"":0.005376923076923077}",
      1024,         8,         0,   0.013,pymatching,8b3bc9bef2aea071ed74476e1e9f2dd5a1c3bf81e58b8bf69df925b82d1ba7a4,"{""config"":[""Y+"",""Y""],""d"":7,""p"":0.00502051282051282}",
      1024,        10,         0,   0.016,pymatching,1ded2928a119f1b6c0eb82651ab130497369e0a99313696e9ddd7d3d79cb15d2,"{""config"":[""Y+"",""Y""],""d"":7,""p"":0.005733333333333333}",
       211,         2,         0,   0.003,pymatching,44778f417ddefc9165e91ad4a5805c24dc79bdc9782a224c5d308d339d9e8097,"{""config"":[""Y+"",""Y""],""d"":7,""p"":0.005376923076923077}",
      1024,         6,         0,   0.014,pymatching,8b3bc9bef2aea071ed74476e1e9f2dd5a1c3bf81e58b8bf69df925b82d1ba7a4,"{""config"":[""Y+"",""Y""],""d"":7,""p"":0.00502051282051282}",
      1297,        10,         0,   0.022,pymatching,1ded2928a119f1b6c0eb82651ab130497369e0a99313696e9ddd7d3d79cb15d2,"{""config"":[""Y+"",""Y""],""d"":7,""p"":0.005733333333333333}",
      1308,        13,         0,   0.018,pymatching,8b3bc9bef2aea071ed74476e1e9f2dd5a1c3bf81e58b8bf69df925b82d1ba7a4,"{""config"":[""Y+"",""Y""],""d"":7,""p"":0.00502051282051282}",
      4728,        51,         0,   0.066,pymatching,44778f417ddefc9165e91ad4a5805c24dc79bdc9782a224c5d308d339d9e8097,"{""config"":[""Y+"",""Y""],""d"":7,""p"":0.005376923076923077}",
      3072,        53,         0,   0.045,pymatching,1ded2928a119f1b6c0eb82651ab130497369e0a99313696e9ddd7d3d79cb15d2,"{""config"":[""Y+"",""Y""],""d"":7,""p"":0.005733333333333333}",
      4728,        51,         0,   0.065,pymatching,44778f417ddefc9165e91ad4a5805c24dc79bdc9782a224c5d308d339d9e8097,"{""config"":[""Y+"",""Y""],""d"":7,""p"":0.005376923076923077}",
         1,         0,         0,   0.000,pymatching,aa429589a3348e00898eb2b9a5a5dbd4f3b518fd65dc69aeba43d82ded161f49,"{""config"":[""Y+"",""Y""],""d"":7,""p"":0.004664102564102564}",
         1,         0,         0,   0.000,pymatching,aa429589a3348e00898eb2b9a5a5dbd4f3b518fd65dc69aeba43d82ded161f49,"{""config"":[""Y+"",""Y""],""d"":7,""p"":0.004664102564102564}",
         1,         0,         0,   0.000,pymatching,aa429589a3348e00898eb2b9a5a5dbd4f3b518fd65dc69aeba43d82ded161f49,"{""config"":[""Y+"",""Y""],""d"":7,""p"":0.004664102564102564}",
      3072,        36,         0,   0.045,pymatching,1ded2928a119f1b6c0eb82651ab130497369e0a99313696e9ddd7d3d79cb15d2,"{""config"":[""Y+"",""Y""],""d"":7,""p"":0.005733333333333333}",
      1024,         8,         0,   0.014,pymatching,44778f417ddefc9165e91ad4a5805c24dc79bdc9782a224c5d308d339d9e8097,"{""config"":[""Y+"",""Y""],""d"":7,""p"":0.005376923076923077}",
         1,         0,         0,   0.000,pymatching,aa429589a3348e00898eb2b9a5a5dbd4f3b518fd65dc69aeba43d82ded161f49,"{""config"":[""Y+"",""Y""],""d"":7,""p"":0.004664102564102564}",
      2141,        27,         0,   0.032,pymatching,44778f417ddefc9165e91ad4a5805c24dc79bdc9782a224c5d308d339d9e8097,"{""config"":[""Y+"",""Y""],""d"":7,""p"":0.005376923076923077}",
     10240,       112,         0,   0.152,pymatching,1ded2928a119f1b6c0eb82651ab130497369e0a99313696e9ddd7d3d79cb15d2,"{""config"":[""Y+"",""Y""],""d"":7,""p"":0.005733333333333333}",
      4096,        63,         0,   0.078,pymatching,1ded2928a119f1b6c0eb82651ab130497369e0a99313696e9ddd7d3d79cb15d2,"{""config"":[""Y+"",""Y""],""d"":7,""p"":0.005733333333333333}",
       419,         1,         0,   0.007,pymatching,8b3bc9bef2aea071ed74476e1e9f2dd5a1c3bf81e58b8bf69df925b82d1ba7a4,"{""config"":[""Y+"",""Y""],""d"":7,""p"":0.00502051282051282}",
      3072,        35,         0,   0.046,pymatching,1ded2928a119f1b6c0eb82651ab130497369e0a99313696e9ddd7d3d79cb15d2,"{""config"":[""Y+"",""Y""],""d"":7,""p"":0.005733333333333333}",
      8192,        87,         0,   0.120,pymatching,1ded2928a119f1b6c0eb82651ab130497369e0a99313696e9ddd7d3d79cb15d2,"{""config"":[""Y+"",""Y""],""d"":7,""p"":0.005733333333333333}",
      1024,         7,         0,   0.015,pymatching,1ded2928a119f1b6c0eb82651ab130497369e0a99313696e9ddd7d3d79cb15d2,"{""config"":[""Y+"",""Y""],""d"":7,""p"":0.005733333333333333}",
      4728,        53,         0,   0.097,pymatching,44778f417ddefc9165e91ad4a5805c24dc79bdc9782a224c5d308d339d9e8097,"{""config"":[""Y+"",""Y""],""d"":7,""p"":0.005376923076923077}",
      2048,        24,         0,   0.030,pymatching,1ded2928a119f1b6c0eb82651ab130497369e0a99313696e9ddd7d3d79cb15d2,"{""config"":[""Y+"",""Y""],""d"":7,""p"":0.005733333333333333}",
      1024,        15,         0,   0.015,pymatching,1ded2928a119f1b6c0eb82651ab130497369e0a99313696e9ddd7d3d79cb15d2,"{""config"":[""Y+"",""Y""],""d"":7,""p"":0.005733333333333333}",
      1297,         6,         0,   0.020,pymatching,44778f417ddefc9165e91ad4a5805c24dc79bdc9782a224c5d308d339d9e8097,"{""config"":[""Y+"",""Y""],""d"":7,""p"":0.005376923076923077}",
       295,         1,         0,   0.004,pymatching,8b3bc9bef2aea071ed74476e1e9f2dd5a1c3bf81e58b8bf69df925b82d1ba7a4,"{""config"":[""Y+"",""Y""],""d"":7,""p"":0.00502051282051282}",
       154,         0,         0,   0.002,pymatching,8b3bc9bef2aea071ed74476e1e9f2dd5a1c3bf81e58b8bf69df925b82d1ba7a4,"{""config"":[""Y+"",""Y""],""d"":7,""p"":0.00502051282051282}",
       892,         5,         0,   0.012,pymatching,8b3bc9bef2aea071ed74476e1e9f2dd5a1c3bf81e58b8bf69df925b82d1ba7a4,"{""config"":[""Y+"",""Y""],""d"":7,""p"":0.00502051282051282}",
       155,         0,         0,   0.002,pymatching,8b3bc9bef2aea071ed74476e1e9f2dd5a1c3bf81e58b8bf69df925b82d1ba7a4,"{""config"":[""Y+"",""Y""],""d"":7,""p"":0.00502051282051282}",
       368,         1,         0,   0.006,pymatching,44778f417ddefc9165e91ad4a5805c24dc79bdc9782a224c5d308d339d9e8097,"{""config"":[""Y+"",""Y""],""d"":7,""p"":0.005376923076923077}",
       190,         2,         0,   0.003,pymatching,44778f417ddefc9165e91ad4a5805c24dc79bdc9782a224c5d308d339d9e8097,"{""config"":[""Y+"",""Y""],""d"":7,""p"":0.005376923076923077}",
      1024,        12,         0,   0.015,pymatching,1ded2928a119f1b6c0eb82651ab130497369e0a99313696e9ddd7d3d79cb15d2,"{""config"":[""Y+"",""Y""],""d"":7,""p"":0.005733333333333333}",
       913,         9,         0,   0.013,pymatching,44778f417ddefc9165e91ad4a5805c24dc79bdc9782a224c5d308d339d9e8097,"{""config"":[""Y+"",""Y""],""d"":7,""p"":0.005376923076923077}",
       507,         2,         0,   0.007,pymatching,8b3bc9bef2aea071ed74476e1e9f2dd5a1c3bf81e58b8bf69df925b82d1ba7a4,"{""config"":[""Y+"",""Y""],""d"":7,""p"":0.00502051282051282}",
       653,         3,         0,   0.009,pymatching,8b3bc9bef2aea071ed74476e1e9f2dd5a1c3bf81e58b8bf69df925b82d1ba7a4,"{""config"":[""Y+"",""Y""],""d"":7,""p"":0.00502051282051282}",
       589,         4,         0,   0.008,pymatching,8b3bc9bef2aea071ed74476e1e9f2dd5a1c3bf81e58b8bf69df925b82d1ba7a4,"{""config"":[""Y+"",""Y""],""d"":7,""p"":0.00502051282051282}",
       852,         9,         0,   0.012,pymatching,44778f417ddefc9165e91ad4a5805c24dc79bdc9782a224c5d308d339d9e8097,"{""config"":[""Y+"",""Y""],""d"":7,""p"":0.005376923076923077}",
      1024,        13,         0,   0.014,pymatching,44778f417ddefc9165e91ad4a5805c24dc79bdc9782a224c5d308d339d9e8097,"{""config"":[""Y+"",""Y""],""d"":7,""p"":0.005376923076923077}",
      1868,        19,         0,   0.026,pymatching,44778f417ddefc9165e91ad4a5805c24dc79bdc9782a224c5d308d339d9e8097,"{""config"":[""Y+"",""Y""],""d"":7,""p"":0.005376923076923077}",
       589,         3,         0,   0.018,pymatching,8b3bc9bef2aea071ed74476e1e9f2dd5a1c3bf81e58b8bf69df925b82d1ba7a4,"{""config"":[""Y+"",""Y""],""d"":7,""p"":0.00502051282051282}",
       892,        10,         0,   0.027,pymatching,8b3bc9bef2aea071ed74476e1e9f2dd5a1c3bf81e58b8bf69df925b82d1ba7a4,"{""config"":[""Y+"",""Y""],""d"":7,""p"":0.00502051282051282}",
        94,         0,         0,   0.003,pymatching,44778f417ddefc9165e91ad4a5805c24dc79bdc9782a224c5d308d339d9e8097,"{""config"":[""Y+"",""Y""],""d"":7,""p"":0.005376923076923077}",
       717,         3,         0,   0.021,pymatching,8b3bc9bef2aea071ed74476e1e9f2dd5a1c3bf81e58b8bf69df925b82d1ba7a4,"{""config"":[""Y+"",""Y""],""d"":7,""p"":0.00502051282051282}",
       408,         2,         0,   0.006,pymatching,44778f417ddefc9165e91ad4a5805c24dc79bdc9782a224c5d308d339d9e8097,"{""config"":[""Y+"",""Y""],""d"":7,""p"":0.005376923076923077}",
      7168,        77,         0,   0.125,pymatching,1ded2928a119f1b6c0eb82651ab130497369e0a99313696e9ddd7d3d79cb15d2,"{""config"":[""Y+"",""Y""],""d"":7,""p"":0.005733333333333333}",
       653,         8,         0,   0.020,pymatching,8b3bc9bef2aea071ed74476e1e9f2dd5a1c3bf81e58b8bf69df925b82d1ba7a4,"{""config"":[""Y+"",""Y""],""d"":7,""p"":0.00502051282051282}",
      1858,        19,         0,   0.026,pymatching,44778f417ddefc9165e91ad4a5805c24dc79bdc9782a224c5d308d339d9e8097,"{""config"":[""Y+"",""Y""],""d"":7,""p"":0.005376923076923077}",
      1246,         8,         0,   0.034,pymatching,44778f417ddefc9165e91ad4a5805c24dc79bdc9782a224c5d308d339d9e8097,"{""config"":[""Y+"",""Y""],""d"":7,""p"":0.005376923076923077}",
      2618,        17,         0,   0.036,pymatching,44778f417ddefc9165e91ad4a5805c24dc79bdc9782a224c5d308d339d9e8097,"{""config"":[""Y+"",""Y""],""d"":7,""p"":0.005376923076923077}",
       458,         5,         0,   0.007,pymatching,8b3bc9bef2aea071ed74476e1e9f2dd5a1c3bf81e58b8bf69df925b82d1ba7a4,"{""config"":[""Y+"",""Y""],""d"":7,""p"":0.00502051282051282}",
      1858,        21,         0,   0.026,pymatching,44778f417ddefc9165e91ad4a5805c24dc79bdc9782a224c5d308d339d9e8097,"{""config"":[""Y+"",""Y""],""d"":7,""p"":0.005376923076923077}",
       336,         2,         0,   0.006,pymatching,8b3bc9bef2aea071ed74476e1e9f2dd5a1c3bf81e58b8bf69df925b82d1ba7a4,"{""config"":[""Y+"",""Y""],""d"":7,""p"":0.00502051282051282}",
       477,         5,         0,   0.008,pymatching,44778f417ddefc9165e91ad4a5805c24dc79bdc9782a224c5d308d339d9e8097,"{""config"":[""Y+"",""Y""],""d"":7,""p"":0.005376923076923077}",
        14,         1,         0,   0.001,pymatching,8b3bc9bef2aea071ed74476e1e9f2dd5a1c3bf81e58b8bf69df925b82d1ba7a4,"{""config"":[""Y+"",""Y""],""d"":7,""p"":0.00502051282051282}",
       849,         8,         0,   0.013,pymatching,44778f417ddefc9165e91ad4a5805c24dc79bdc9782a224c5d308d339d9e8097,"{""config"":[""Y+"",""Y""],""d"":7,""p"":0.005376923076923077}",
      1535,        11,         0,   0.044,pymatching,44778f417ddefc9165e91ad4a5805c24dc79bdc9782a224c5d308d339d9e8097,"{""config"":[""Y+"",""Y""],""d"":7,""p"":0.005376923076923077}",
       507,         1,         0,   0.008,pymatching,8b3bc9bef2aea071ed74476e1e9f2dd5a1c3bf81e58b8bf69df925b82d1ba7a4,"{""config"":[""Y+"",""Y""],""d"":7,""p"":0.00502051282051282}",
      1297,        12,         0,   0.020,pymatching,44778f417ddefc9165e91ad4a5805c24dc79bdc9782a224c5d308d339d9e8097,"{""config"":[""Y+"",""Y""],""d"":7,""p"":0.005376923076923077}",
         4,         0,         0,   0.001,pymatching,8b3bc9bef2aea071ed74476e1e9f2dd5a1c3bf81e58b8bf69df925b82d1ba7a4,"{""config"":[""Y+"",""Y""],""d"":7,""p"":0.00502051282051282}",
       625,         3,         0,   0.009,pymatching,44778f417ddefc9165e91ad4a5805c24dc79bdc9782a224c5d308d339d9e8097,"{""config"":[""Y+"",""Y""],""d"":7,""p"":0.005376923076923077}",
        82,         1,         0,   0.003,pymatching,8b3bc9bef2aea071ed74476e1e9f2dd5a1c3bf81e58b8bf69df925b82d1ba7a4,"{""config"":[""Y+"",""Y""],""d"":7,""p"":0.00502051282051282}",
        59,         2,         0,   0.002,pymatching,44778f417ddefc9165e91ad4a5805c24dc79bdc9782a224c5d308d339d9e8097,"{""config"":[""Y+"",""Y""],""d"":7,""p"":0.005376923076923077}",
       133,         3,         0,   0.004,pymatching,44778f417ddefc9165e91ad4a5805c24dc79bdc9782a224c5d308d339d9e8097,"{""config"":[""Y+"",""Y""],""d"":7,""p"":0.005376923076923077}",
        42,         0,         0,   0.002,pymatching,44778f417ddefc9165e91ad4a5805c24dc79bdc9782a224c5d308d339d9e8097,"{""config"":[""Y+"",""Y""],""d"":7,""p"":0.005376923076923077}",
        64,         0,         0,   0.002,pymatching,8b3bc9bef2aea071ed74476e1e9f2dd5a1c3bf81e58b8bf69df925b82d1ba7a4,"{""config"":[""Y+"",""Y""],""d"":7,""p"":0.00502051282051282}",
       759,         5,         0,   0.024,pymatching,44778f417ddefc9165e91ad4a5805c24dc79bdc9782a224c5d308d339d9e8097,"{""config"":[""Y+"",""Y""],""d"":7,""p"":0.005376923076923077}",
       682,         4,         0,   0.025,pymatching,44778f417ddefc9165e91ad4a5805c24dc79bdc9782a224c5d308d339d9e8097,"{""config"":[""Y+"",""Y""],""d"":7,""p"":0.005376923076923077}",
       682,         5,         0,   0.022,pymatching,44778f417ddefc9165e91ad4a5805c24dc79bdc9782a224c5d308d339d9e8097,"{""config"":[""Y+"",""Y""],""d"":7,""p"":0.005376923076923077}",
       759,         6,         0,   0.025,pymatching,44778f417ddefc9165e91ad4a5805c24dc79bdc9782a224c5d308d339d9e8097,"{""config"":[""Y+"",""Y""],""d"":7,""p"":0.005376923076923077}",
        48,         0,         0,   0.002,pymatching,8b3bc9bef2aea071ed74476e1e9f2dd5a1c3bf81e58b8bf69df925b82d1ba7a4,"{""config"":[""Y+"",""Y""],""d"":7,""p"":0.00502051282051282}",
        14,         0,         0,   0.002,pymatching,8b3bc9bef2aea071ed74476e1e9f2dd5a1c3bf81e58b8bf69df925b82d1ba7a4,"{""config"":[""Y+"",""Y""],""d"":7,""p"":0.00502051282051282}",
         9,         0,         0,   0.001,pymatching,8b3bc9bef2aea071ed74476e1e9f2dd5a1c3bf81e58b8bf69df925b82d1ba7a4,"{""config"":[""Y+"",""Y""],""d"":7,""p"":0.00502051282051282}",
        21,         0,         0,   0.001,pymatching,8b3bc9bef2aea071ed74476e1e9f2dd5a1c3bf81e58b8bf69df925b82d1ba7a4,"{""config"":[""Y+"",""Y""],""d"":7,""p"":0.00502051282051282}",
       210,         3,         0,   0.007,pymatching,44778f417ddefc9165e91ad4a5805c24dc79bdc9782a224c5d308d339d9e8097,"{""config"":[""Y+"",""Y""],""d"":7,""p"":0.005376923076923077}",
         4,         0,         0,   0.000,pymatching,8b3bc9bef2aea071ed74476e1e9f2dd5a1c3bf81e58b8bf69df925b82d1ba7a4,"{""config"":[""Y+"",""Y""],""d"":7,""p"":0.00502051282051282}",
        57,         0,         0,   0.002,pymatching,44778f417ddefc9165e91ad4a5805c24dc79bdc9782a224c5d308d339d9e8097,"{""config"":[""Y+"",""Y""],""d"":7,""p"":0.005376923076923077}",
        77,         3,         0,   0.003,pymatching,44778f417ddefc9165e91ad4a5805c24dc79bdc9782a224c5d308d339d9e8097,"{""config"":[""Y+"",""Y""],""d"":7,""p"":0.005376923076923077}",
         3,         0,         0,   0.001,pymatching,8b3bc9bef2aea071ed74476e1e9f2dd5a1c3bf81e58b8bf69df925b82d1ba7a4,"{""config"":[""Y+"",""Y""],""d"":7,""p"":0.00502051282051282}",
         3,         0,         0,   0.001,pymatching,8b3bc9bef2aea071ed74476e1e9f2dd5a1c3bf81e58b8bf69df925b82d1ba7a4,"{""config"":[""Y+"",""Y""],""d"":7,""p"":0.00502051282051282}",
         2,         0,         0,   0.001,pymatching,8b3bc9bef2aea071ed74476e1e9f2dd5a1c3bf81e58b8bf69df925b82d1ba7a4,"{""config"":[""Y+"",""Y""],""d"":7,""p"":0.00502051282051282}",
         1,         0,         0,   0.001,pymatching,8b3bc9bef2aea071ed74476e1e9f2dd5a1c3bf81e58b8bf69df925b82d1ba7a4,"{""config"":[""Y+"",""Y""],""d"":7,""p"":0.00502051282051282}",
         1,         0,         0,   0.000,pymatching,8b3bc9bef2aea071ed74476e1e9f2dd5a1c3bf81e58b8bf69df925b82d1ba7a4,"{""config"":[""Y+"",""Y""],""d"":7,""p"":0.00502051282051282}",
         3,         0,         0,   0.001,pymatching,8b3bc9bef2aea071ed74476e1e9f2dd5a1c3bf81e58b8bf69df925b82d1ba7a4,"{""config"":[""Y+"",""Y""],""d"":7,""p"":0.00502051282051282}",
         1,         0,         0,   0.000,pymatching,8b3bc9bef2aea071ed74476e1e9f2dd5a1c3bf81e58b8bf69df925b82d1ba7a4,"{""config"":[""Y+"",""Y""],""d"":7,""p"":0.00502051282051282}",
         5,         0,         0,   0.001,pymatching,44778f417ddefc9165e91ad4a5805c24dc79bdc9782a224c5d308d339d9e8097,"{""config"":[""Y+"",""Y""],""d"":7,""p"":0.005376923076923077}",
         1,         0,         0,   0.000,pymatching,8b3bc9bef2aea071ed74476e1e9f2dd5a1c3bf81e58b8bf69df925b82d1ba7a4,"{""config"":[""Y+"",""Y""],""d"":7,""p"":0.00502051282051282}",
         4,         0,         0,   0.001,pymatching,44778f417ddefc9165e91ad4a5805c24dc79bdc9782a224c5d308d339d9e8097,"{""config"":[""Y+"",""Y""],""d"":7,""p"":0.005376923076923077}",
         1,         0,         0,   0.000,pymatching,8b3bc9bef2aea071ed74476e1e9f2dd5a1c3bf81e58b8bf69df925b82d1ba7a4,"{""config"":[""Y+"",""Y""],""d"":7,""p"":0.00502051282051282}",
         1,         0,         0,   0.000,pymatching,8b3bc9bef2aea071ed74476e1e9f2dd5a1c3bf81e58b8bf69df925b82d1ba7a4,"{""config"":[""Y+"",""Y""],""d"":7,""p"":0.00502051282051282}",
         1,         0,         0,   0.000,pymatching,8b3bc9bef2aea071ed74476e1e9f2dd5a1c3bf81e58b8bf69df925b82d1ba7a4,"{""config"":[""Y+"",""Y""],""d"":7,""p"":0.00502051282051282}",
         1,         0,         0,   0.000,pymatching,8b3bc9bef2aea071ed74476e1e9f2dd5a1c3bf81e58b8bf69df925b82d1ba7a4,"{""config"":[""Y+"",""Y""],""d"":7,""p"":0.00502051282051282}",
         4,         0,         0,   0.000,pymatching,44778f417ddefc9165e91ad4a5805c24dc79bdc9782a224c5d308d339d9e8097,"{""config"":[""Y+"",""Y""],""d"":7,""p"":0.005376923076923077}",
         1,         0,         0,   0.000,pymatching,8b3bc9bef2aea071ed74476e1e9f2dd5a1c3bf81e58b8bf69df925b82d1ba7a4,"{""config"":[""Y+"",""Y""],""d"":7,""p"":0.00502051282051282}",
         4,         0,         0,   0.001,pymatching,44778f417ddefc9165e91ad4a5805c24dc79bdc9782a224c5d308d339d9e8097,"{""config"":[""Y+"",""Y""],""d"":7,""p"":0.005376923076923077}",
         1,         0,         0,   0.000,pymatching,8b3bc9bef2aea071ed74476e1e9f2dd5a1c3bf81e58b8bf69df925b82d1ba7a4,"{""config"":[""Y+"",""Y""],""d"":7,""p"":0.00502051282051282}",
         1,         0,         0,   0.000,pymatching,8b3bc9bef2aea071ed74476e1e9f2dd5a1c3bf81e58b8bf69df925b82d1ba7a4,"{""config"":[""Y+"",""Y""],""d"":7,""p"":0.00502051282051282}",
         1,         0,         0,   0.001,pymatching,44778f417ddefc9165e91ad4a5805c24dc79bdc9782a224c5d308d339d9e8097,"{""config"":[""Y+"",""Y""],""d"":7,""p"":0.005376923076923077}",
         1,         0,         0,   0.000,pymatching,8b3bc9bef2aea071ed74476e1e9f2dd5a1c3bf81e58b8bf69df925b82d1ba7a4,"{""config"":[""Y+"",""Y""],""d"":7,""p"":0.00502051282051282}",
         1,         0,         0,   0.000,pymatching,8b3bc9bef2aea071ed74476e1e9f2dd5a1c3bf81e58b8bf69df925b82d1ba7a4,"{""config"":[""Y+"",""Y""],""d"":7,""p"":0.00502051282051282}",
         1,         0,         0,   0.000,pymatching,8b3bc9bef2aea071ed74476e1e9f2dd5a1c3bf81e58b8bf69df925b82d1ba7a4,"{""config"":[""Y+"",""Y""],""d"":7,""p"":0.00502051282051282}",
         1,         0,         0,   0.000,pymatching,8b3bc9bef2aea071ed74476e1e9f2dd5a1c3bf81e58b8bf69df925b82d1ba7a4,"{""config"":[""Y+"",""Y""],""d"":7,""p"":0.00502051282051282}",
         1,         0,         0,   0.000,pymatching,8b3bc9bef2aea071ed74476e1e9f2dd5a1c3bf81e58b8bf69df925b82d1ba7a4,"{""config"":[""Y+"",""Y""],""d"":7,""p"":0.00502051282051282}",
         1,         0,         0,   0.001,pymatching,8b3bc9bef2aea071ed74476e1e9f2dd5a1c3bf81e58b8bf69df925b82d1ba7a4,"{""config"":[""Y+"",""Y""],""d"":7,""p"":0.00502051282051282}",
         1,         0,         0,   0.000,pymatching,44778f417ddefc9165e91ad4a5805c24dc79bdc9782a224c5d308d339d9e8097,"{""config"":[""Y+"",""Y""],""d"":7,""p"":0.005376923076923077}",
         1,         0,         0,   0.000,pymatching,44778f417ddefc9165e91ad4a5805c24dc79bdc9782a224c5d308d339d9e8097,"{""config"":[""Y+"",""Y""],""d"":7,""p"":0.005376923076923077}",
