     shots,    errors,  discards, seconds,decoder,strong_id,json_metadata,custom_counts
     22801,         0,         0,   0.010,pymatching,2656e86d2e2514569ab6db988c56fcaf77d153da006b9b42ecd659c71c49436c,"{""config"":[""Z0"",""Z""],""d"":3,""p"":0.00035938136638046257}",
     34816,         2,         0,   0.013,pymatching,2656e86d2e2514569ab6db988c56fcaf77d153da006b9b42ecd659c71c49436c,"{""config"":[""Z0"",""Z""],""d"":3,""p"":0.00035938136638046257}",
     21777,         0,         0,   0.009,pymatching,6d6c1a356eaf597d0498311a77d111474e59ec6318c3eca1103810a040f141c7,"{""config"":[""Z0"",""Z""],""d"":3,""p"":4.641588833612782e-05}",
     49152,         2,         0,   0.019,pymatching,2656e86d2e2514569ab6db988c56fcaf77d153da006b9b42ecd659c71c49436c,"{""config"":[""Z0"",""Z""],""d"":3,""p"":0.00035938136638046257}",
      6417,       273,         0,   0.011,pymatching,df8cf0e47306cd08f792c89793a6aa692d673389a80b06122c713404eba910ed,"{""config"":[""Z0"",""Z""],""d"":3,""p"":0.013574358974358974}",
     33792,         0,         0,   0.013,pymatching,6d6c1a356eaf597d0498311a77d111474e59ec6318c3eca1103810a040f141c7,"{""config"":[""Z0"",""Z""],""d"":3,""p"":4.641588833612782e-05}",
      6417,       287,         0,   0.011,pymatching,7696c9fc38b84feeebda0d451777a89e509ba30a317018d2b2799b7c7661fb63,"{""config"":[""Z0"",""Z""],""d"":3,""p"":0.01393076923076923}",
      9216,       395,         0,   0.014,pymatching,df8cf0e47306cd08f792c89793a6aa692d673389a80b06122c713404eba910ed,"{""config"":[""Z0"",""Z""],""d"":3,""p"":0.013574358974358974}",
      6417,       221,         0,   0.010,pymatching,e4f1fb20fe6c4114916157b6765a8f92430cb66cfb8fda3d60be29ff94b75814,"{""config"":[""Z0"",""Z""],""d"":3,""p"":0.012505128205128205}",
     68608,         4,         0,   0.026,pymatching,2656e86d2e2514569ab6db988c56fcaf77d153da006b9b42ecd659c71c49436c,"{""config"":[""Z0"",""Z""],""d"":3,""p"":0.00035938136638046257}",
     48128,         0,         0,   0.019,pymatching,6d6c1a356eaf597d0498311a77d111474e59ec6318c3eca1103810a040f141c7,"{""config"":[""Z0"",""Z""],""d"":3,""p"":4.641588833612782e-05}",
     18705,        13,         0,   0.010,pymatching,2fab86d6f8edc460d5d0e5f4e1a1cef42023085bfe8bed11a8dc9b6df547284b,"{""config"":[""Z0"",""Z""],""d"":3,""p"":0.0018128205128205128}",
      9216,       437,         0,   0.015,pymatching,7696c9fc38b84feeebda0d451777a89e509ba30a317018d2b2799b7c7661fb63,"{""config"":[""Z0"",""Z""],""d"":3,""p"":0.01393076923076923}",
      9216,       315,         0,   0.014,pymatching,e4f1fb20fe6c4114916157b6765a8f92430cb66cfb8fda3d60be29ff94b75814,"{""config"":[""Z0"",""Z""],""d"":3,""p"":0.012505128205128205}",
     12288,       514,         0,   0.019,pymatching,df8cf0e47306cd08f792c89793a6aa692d673389a80b06122c713404eba910ed,"{""config"":[""Z0"",""Z""],""d"":3,""p"":0.013574358974358974}",
      6417,       189,         0,   0.010,pymatching,33319ff3d2068cf93bf185ecd2d95ace6edee9f6c08c5a38a4d79e2db54b4c92,"{""config"":[""Z0"",""Z""],""d"":3,""p"":0.011435897435897435}",
     27648,        30,         0,   0.013,pymatching,2fab86d6f8edc460d5d0e5f4e1a1cef42023085bfe8bed11a8dc9b6df547284b,"{""config"":[""Z0"",""Z""],""d"":3,""p"":0.0018128205128205128}",
      9489,       106,         0,   0.010,pymatching,6945d297547052498ef2fa1f24e434c00229d52d289f37ba2ae4b3e77662e772,"{""config"":[""Z0"",""Z""],""d"":3,""p"":0.006446153846153846}",
      6417,       171,         0,   0.010,pymatching,613c353953f02d3135e7fc886c170ac1f912c4abd7adc1c8a290b027899c7ca5,"{""config"":[""Z0"",""Z""],""d"":3,""p"":0.010010256410256409}",
     12288,       476,         0,   0.019,pymatching,7696c9fc38b84feeebda0d451777a89e509ba30a317018d2b2799b7c7661fb63,"{""config"":[""Z0"",""Z""],""d"":3,""p"":0.01393076923076923}",
     66560,         0,         0,   0.026,pymatching,6d6c1a356eaf597d0498311a77d111474e59ec6318c3eca1103810a040f141c7,"{""config"":[""Z0"",""Z""],""d"":3,""p"":4.641588833612782e-05}",
     13312,       490,         0,   0.019,pymatching,e4f1fb20fe6c4114916157b6765a8f92430cb66cfb8fda3d60be29ff94b75814,"{""config"":[""Z0"",""Z""],""d"":3,""p"":0.012505128205128205}",
     10240,       331,         0,   0.014,pymatching,33319ff3d2068cf93bf185ecd2d95ace6edee9f6c08c5a38a4d79e2db54b4c92,"{""config"":[""Z0"",""Z""],""d"":3,""p"":0.011435897435897435}",
     95232,         4,         0,   0.036,pymatching,2656e86d2e2514569ab6db988c56fcaf77d153da006b9b42ecd659c71c49436c,"{""config"":[""Z0"",""Z""],""d"":3,""p"":0.00035938136638046257}",
     14336,       130,         0,   0.014,pymatching,6945d297547052498ef2fa1f24e434c00229d52d289f37ba2ae4b3e77662e772,"{""config"":[""Z0"",""Z""],""d"":3,""p"":0.006446153846153846}",
     38912,        33,         0,   0.019,pymatching,2fab86d6f8edc460d5d0e5f4e1a1cef42023085bfe8bed11a8dc9b6df547284b,"{""config"":[""Z0"",""Z""],""d"":3,""p"":0.0018128205128205128}",
     17408,       736,         0,   0.027,pymatching,df8cf0e47306cd08f792c89793a6aa692d673389a80b06122c713404eba910ed,"{""config"":[""Z0"",""Z""],""d"":3,""p"":0.013574358974358974}",
     11264,       265,         0,   0.014,pymatching,613c353953f02d3135e7fc886c170ac1f912c4abd7adc1c8a290b027899c7ca5,"{""config"":[""Z0"",""Z""],""d"":3,""p"":0.010010256410256409}",
      4369,         0,         0,   0.011,pymatching,5b273f9ec8ea7b72530ef207045ef0aaa96f2aeaae8c030ce7ed7ea948aa74d4,"{""config"":[""Z0"",""Z""],""d"":5,""p"":0.0011}",
     10513,        91,         0,   0.010,pymatching,33a9682eaedf8d40922d6e12250bb2d19ebf57dd0f19562563c4d15fb5ab3020,"{""config"":[""Z0"",""Z""],""d"":3,""p"":0.005733333333333333}",
      4369,         0,         0,   0.011,pymatching,bd3b752bc833fe8bfdffde7fe510e095aa035d029c4a46fce9ac05636154e154,"{""config"":[""Z0"",""Z""],""d"":5,""p"":0.001}",
     14336,       453,         0,   0.019,pymatching,33319ff3d2068cf93bf185ecd2d95ace6edee9f6c08c5a38a4d79e2db54b4c92,"{""config"":[""Z0"",""Z""],""d"":3,""p"":0.011435897435897435}",
     13585,        27,         0,   0.009,pymatching,25ecd08a191d9d467df50fb196bbe7a3b748ded3b74a800e95e48355c6e028aa,"{""config"":[""Z0"",""Z""],""d"":3,""p"":0.0028820512820512817}",
     18705,         8,         0,   0.010,pymatching,378a0d8a22aad4bf388b91414d312443b51402aaba859b474dbe418524e2ce1c,"{""config"":[""Z0"",""Z""],""d"":3,""p"":0.001}",
      9489,       111,         0,   0.010,pymatching,c2cdab018f7049ed8016042f23354b26d89a1de4adfaa38f56ab62a1c45966f9,"{""config"":[""Z0"",""Z""],""d"":3,""p"":0.006802564102564103}",
     17408,       734,         0,   0.028,pymatching,7696c9fc38b84feeebda0d451777a89e509ba30a317018d2b2799b7c7661fb63,"{""config"":[""Z0"",""Z""],""d"":3,""p"":0.01393076923076923}",
      6144,         0,         0,   0.014,pymatching,5b273f9ec8ea7b72530ef207045ef0aaa96f2aeaae8c030ce7ed7ea948aa74d4,"{""config"":[""Z0"",""Z""],""d"":5,""p"":0.0011}",
     20480,       221,         0,   0.020,pymatching,6945d297547052498ef2fa1f24e434c00229d52d289f37ba2ae4b3e77662e772,"{""config"":[""Z0"",""Z""],""d"":3,""p"":0.006446153846153846}",
     19456,       720,         0,   0.028,pymatching,e4f1fb20fe6c4114916157b6765a8f92430cb66cfb8fda3d60be29ff94b75814,"{""config"":[""Z0"",""Z""],""d"":3,""p"":0.012505128205128205}",
     16384,       403,         0,   0.020,pymatching,613c353953f02d3135e7fc886c170ac1f912c4abd7adc1c8a290b027899c7ca5,"{""config"":[""Z0"",""Z""],""d"":3,""p"":0.010010256410256409}",
     15360,       134,         0,   0.014,pymatching,33a9682eaedf8d40922d6e12250bb2d19ebf57dd0f19562563c4d15fb5ab3020,"{""config"":[""Z0"",""Z""],""d"":3,""p"":0.005733333333333333}",
     14609,        20,         0,   0.009,pymatching,70005e18bbfb556ed650f2484660ead964312e8bc36af28a74972997b34796a6,"{""config"":[""Z0"",""Z""],""d"":3,""p"":0.002169230769230769}",
      6144,         1,         0,   0.014,pymatching,bd3b752bc833fe8bfdffde7fe510e095aa035d029c4a46fce9ac05636154e154,"{""config"":[""Z0"",""Z""],""d"":5,""p"":0.001}",
     20480,        42,         0,   0.013,pymatching,25ecd08a191d9d467df50fb196bbe7a3b748ded3b74a800e95e48355c6e028aa,"{""config"":[""Z0"",""Z""],""d"":3,""p"":0.0028820512820512817}",
     89088,         1,         0,   0.036,pymatching,6d6c1a356eaf597d0498311a77d111474e59ec6318c3eca1103810a040f141c7,"{""config"":[""Z0"",""Z""],""d"":3,""p"":4.641588833612782e-05}",
     27648,         4,         0,   0.014,pymatching,378a0d8a22aad4bf388b91414d312443b51402aaba859b474dbe418524e2ce1c,"{""config"":[""Z0"",""Z""],""d"":3,""p"":0.001}",
     54272,        55,         0,   0.026,pymatching,2fab86d6f8edc460d5d0e5f4e1a1cef42023085bfe8bed11a8dc9b6df547284b,"{""config"":[""Z0"",""Z""],""d"":3,""p"":0.0018128205128205128}",
     13312,       170,         0,   0.014,pymatching,c2cdab018f7049ed8016042f23354b26d89a1de4adfaa38f56ab62a1c45966f9,"{""config"":[""Z0"",""Z""],""d"":3,""p"":0.006802564102564103}",
     16657,        28,         0,   0.010,pymatching,a35819281af8f956d044730ff382879f1e2425deebb1253635114f214184302f,"{""config"":[""Z0"",""Z""],""d"":3,""p"":0.0025256410256410257}",
      5393,       267,         0,   0.011,pymatching,67c4077b8331d413bfe855e981e052fb9071dc5db9e901b42b2f987c1eb16d27,"{""config"":[""Z0"",""Z""],""d"":3,""p"":0.014999999999999998}",
     23825,         0,         0,   0.009,pymatching,f3979af952b6828fe80c32dfbd7c69f34d2bb37564428009fed1df3c2f697cfa,"{""config"":[""Z0"",""Z""],""d"":3,""p"":0.0001291549665014884}",
     22528,        29,         0,   0.013,pymatching,70005e18bbfb556ed650f2484660ead964312e8bc36af28a74972997b34796a6,"{""config"":[""Z0"",""Z""],""d"":3,""p"":0.002169230769230769}",
      5393,       259,         0,   0.010,pymatching,2c2b3e1dde5fcb343deee10b064d158f0089ecd1ce1d32f2378d0306258aae51,"{""config"":[""Z0"",""Z""],""d"":3,""p"":0.014643589743589744}",
     20480,       656,         0,   0.028,pymatching,33319ff3d2068cf93bf185ecd2d95ace6edee9f6c08c5a38a4d79e2db54b4c92,"{""config"":[""Z0"",""Z""],""d"":3,""p"":0.011435897435897435}",
     10513,        70,         0,   0.010,pymatching,d52855015c8bc70e2d29522c97a3e850b4852de731069d3f9fecbf1345c94ecc,"{""config"":[""Z0"",""Z""],""d"":3,""p"":0.00502051282051282}",
     13585,        35,         0,   0.010,pymatching,852f076e553167ebbe36e4716625ee8138db0df8210835dfa20b122ab992954a,"{""config"":[""Z0"",""Z""],""d"":3,""p"":0.003238461538461538}",
      9216,         1,         0,   0.021,pymatching,5b273f9ec8ea7b72530ef207045ef0aaa96f2aeaae8c030ce7ed7ea948aa74d4,"{""config"":[""Z0"",""Z""],""d"":5,""p"":0.0011}",
     24576,       995,         0,   0.038,pymatching,df8cf0e47306cd08f792c89793a6aa692d673389a80b06122c713404eba910ed,"{""config"":[""Z0"",""Z""],""d"":3,""p"":0.013574358974358974}",
     21504,       180,         0,   0.020,pymatching,33a9682eaedf8d40922d6e12250bb2d19ebf57dd0f19562563c4d15fb5ab3020,"{""config"":[""Z0"",""Z""],""d"":3,""p"":0.005733333333333333}",
     11537,       103,         0,   0.010,pymatching,80803bbd4fbf1196b1900684e3d196102e7badc02af86683e042a64ea5e86013,"{""config"":[""Z0"",""Z""],""d"":3,""p"":0.005376923076923077}",
      9216,         0,         0,   0.021,pymatching,bd3b752bc833fe8bfdffde7fe510e095aa035d029c4a46fce9ac05636154e154,"{""config"":[""Z0"",""Z""],""d"":5,""p"":0.001}",
     24576,        50,         0,   0.013,pymatching,a35819281af8f956d044730ff382879f1e2425deebb1253635114f214184302f,"{""config"":[""Z0"",""Z""],""d"":3,""p"":0.0025256410256410257}",
     11537,        57,         0,   0.010,pymatching,d478e3fe7430328ab5677c8a21e651d874d5cd47c273bc9378ed09c85a03d8dc,"{""config"":[""Z0"",""Z""],""d"":3,""p"":0.0043076923076923075}",
      8465,       129,         0,   0.010,pymatching,f37279e97fdcde61d4462abd537ffcc7f2966d264a9327fc5f349ac6eeaa1a48,"{""config"":[""Z0"",""Z""],""d"":3,""p"":0.007871794871794872}",
     29696,        63,         0,   0.019,pymatching,25ecd08a191d9d467df50fb196bbe7a3b748ded3b74a800e95e48355c6e028aa,"{""config"":[""Z0"",""Z""],""d"":3,""p"":0.0028820512820512817}",
      7168,       350,         0,   0.014,pymatching,67c4077b8331d413bfe855e981e052fb9071dc5db9e901b42b2f987c1eb16d27,"{""config"":[""Z0"",""Z""],""d"":3,""p"":0.014999999999999998}",
     21777,         0,         0,   0.010,pymatching,b346bb8a23657142ddd978c0a58e532bbef3cfbdf1a206319241fcca3d6e6fbb,"{""config"":[""Z0"",""Z""],""d"":3,""p"":7.742636826811278e-05}",
     27648,       328,         0,   0.027,pymatching,6945d297547052498ef2fa1f24e434c00229d52d289f37ba2ae4b3e77662e772,"{""config"":[""Z0"",""Z""],""d"":3,""p"":0.006446153846153846}",
     38912,        14,         0,   0.019,pymatching,378a0d8a22aad4bf388b91414d312443b51402aaba859b474dbe418524e2ce1c,"{""config"":[""Z0"",""Z""],""d"":3,""p"":0.001}",
    133120,         4,         0,   0.051,pymatching,2656e86d2e2514569ab6db988c56fcaf77d153da006b9b42ecd659c71c49436c,"{""config"":[""Z0"",""Z""],""d"":3,""p"":0.00035938136638046257}",
     18432,       247,         0,   0.019,pymatching,c2cdab018f7049ed8016042f23354b26d89a1de4adfaa38f56ab62a1c45966f9,"{""config"":[""Z0"",""Z""],""d"":3,""p"":0.006802564102564103}",
      9489,       158,         0,   0.011,pymatching,fa419ea54da6be8d4864583870aa24674a62513f6e7eba3b83091700ae5e2b57,"{""config"":[""Z0"",""Z""],""d"":3,""p"":0.008228205128205128}",
     22528,       577,         0,   0.027,pymatching,613c353953f02d3135e7fc886c170ac1f912c4abd7adc1c8a290b027899c7ca5,"{""config"":[""Z0"",""Z""],""d"":3,""p"":0.010010256410256409}",
     36864,         0,         0,   0.013,pymatching,f3979af952b6828fe80c32dfbd7c69f34d2bb37564428009fed1df3c2f697cfa,"{""config"":[""Z0"",""Z""],""d"":3,""p"":0.0001291549665014884}",
     17681,         6,         0,   0.009,pymatching,d580e217a4bbcdd26dac6a81c9365c8591b5965e507200842f073eddd4aadcd1,"{""config"":[""Z0"",""Z""],""d"":3,""p"":0.0011}",
     22801,         0,         0,   0.009,pymatching,9c6961b743f1370558e47da27abe98ca620d7ed424367f0effeae0c49bfa3a7b,"{""config"":[""Z0"",""Z""],""d"":3,""p"":0.00021544346900318823}",
      8192,       389,         0,   0.014,pymatching,2c2b3e1dde5fcb343deee10b064d158f0089ecd1ce1d32f2378d0306258aae51,"{""config"":[""Z0"",""Z""],""d"":3,""p"":0.014643589743589744}",
     21777,         0,         0,   0.009,pymatching,1658a0a13cc4a12ccd188fd47b3db0d62c2951535251ba73627e65f7e976e347,"{""config"":[""Z0"",""Z""],""d"":3,""p"":2.782559402207126e-05}",
      8465,       134,         0,   0.010,pymatching,5c7ea870a6c549136e3b6f8ddaeecac91106a8f6ab42142669b75ef3631ab64d,"{""config"":[""Z0"",""Z""],""d"":3,""p"":0.007515384615384615}",
     16384,       116,         0,   0.014,pymatching,d52855015c8bc70e2d29522c97a3e850b4852de731069d3f9fecbf1345c94ecc,"{""config"":[""Z0"",""Z""],""d"":3,""p"":0.00502051282051282}",
     20480,        64,         0,   0.014,pymatching,852f076e553167ebbe36e4716625ee8138db0df8210835dfa20b122ab992954a,"{""config"":[""Z0"",""Z""],""d"":3,""p"":0.003238461538461538}",
      6417,       216,         0,   0.010,pymatching,07af2882ebfb9b1c29cb5c6dd6f14fd6c14ac52cbacdeeb10984d89dbfd7fff8,"{""config"":[""Z0"",""Z""],""d"":3,""p"":0.012861538461538462}",
     11537,        65,         0,   0.010,pymatching,7d7a1b814fc2c0600ca870bb53a4557a04dc50137248d45d348cc987dd8fd551,"{""config"":[""Z0"",""Z""],""d"":3,""p"":0.004664102564102564}",
      7441,       160,         0,   0.010,pymatching,f6ddcd6b8882a9485a6c24a4031860b0b001c9fa39edbae6ecaafcaf67a31a2c,"{""config"":[""Z0"",""Z""],""d"":3,""p"":0.009653846153846153}",
     24576,      1067,         0,   0.039,pymatching,7696c9fc38b84feeebda0d451777a89e509ba30a317018d2b2799b7c7661fb63,"{""config"":[""Z0"",""Z""],""d"":3,""p"":0.01393076923076923}",
     32768,        31,         0,   0.019,pymatching,70005e18bbfb556ed650f2484660ead964312e8bc36af28a74972997b34796a6,"{""config"":[""Z0"",""Z""],""d"":3,""p"":0.002169230769230769}",
     17408,       146,         0,   0.014,pymatching,80803bbd4fbf1196b1900684e3d196102e7badc02af86683e042a64ea5e86013,"{""config"":[""Z0"",""Z""],""d"":3,""p"":0.005376923076923077}",
     22801,         0,         0,   0.009,pymatching,92735d188a9da2f76df20762bc103b0eac5e5df53e08a2959267e7d4d22c2ab5,"{""config"":[""Z0"",""Z""],""d"":3,""p"":1e-05}",
      6417,       297,         0,   0.011,pymatching,3a4627934b18e7a1537faff6f52420439a5f102804c689d1ddad2faa93fed3f8,"{""config"":[""Z0"",""Z""],""d"":3,""p"":0.014287179487179487}",
      6417,       256,         0,   0.011,pymatching,b62c3677ce590470f2244bd1d8ba90dd9afd2cdc082ae26dad084af1f8e0b1b7,"{""config"":[""Z0"",""Z""],""d"":3,""p"":0.013217948717948718}",
     26624,       929,         0,   0.039,pymatching,e4f1fb20fe6c4114916157b6765a8f92430cb66cfb8fda3d60be29ff94b75814,"{""config"":[""Z0"",""Z""],""d"":3,""p"":0.012505128205128205}",
     12288,       171,         0,   0.014,pymatching,f37279e97fdcde61d4462abd537ffcc7f2966d264a9327fc5f349ac6eeaa1a48,"{""config"":[""Z0"",""Z""],""d"":3,""p"":0.007871794871794872}",
     17408,        91,         0,   0.014,pymatching,d478e3fe7430328ab5677c8a21e651d874d5cd47c273bc9378ed09c85a03d8dc,"{""config"":[""Z0"",""Z""],""d"":3,""p"":0.0043076923076923075}",
      9489,       121,         0,   0.010,pymatching,9d16665837f4e0fd9bc3f2a4c20adfca0f72bbcf3e1d6129d2b054490a7066ac,"{""config"":[""Z0"",""Z""],""d"":3,""p"":0.007158974358974359}",
      6417,         0,         0,   0.011,pymatching,55d631a983676397dca6458b14b2050e779294910899f494138c11680d5a3a81,"{""config"":[""Z0"",""Z""],""d"":5,""p"":7.742636826811278e-05}",
     33792,         0,         0,   0.013,pymatching,b346bb8a23657142ddd978c0a58e532bbef3cfbdf1a206319241fcca3d6e6fbb,"{""config"":[""Z0"",""Z""],""d"":3,""p"":7.742636826811278e-05}",
      5393,         0,         0,   0.010,pymatching,96d644a6f0f9bc1a372546fe5decbd4422912531fe2bd04f2dd73740bca917d3,"{""config"":[""Z0"",""Z""],""d"":5,""p"":0.00021544346900318823}",
      6417,         0,         0,   0.011,pymatching,44745f4fd1c9d3c646efc4a75cfdb5edb60063d939292747153380d5589d708e,"{""config"":[""Z0"",""Z""],""d"":5,""p"":4.641588833612782e-05}",
     13312,       235,         0,   0.014,pymatching,fa419ea54da6be8d4864583870aa24674a62513f6e7eba3b83091700ae5e2b57,"{""config"":[""Z0"",""Z""],""d"":3,""p"":0.008228205128205128}",
      7441,       144,         0,   0.010,pymatching,7c2fe379cae2b83654089f1aca9fa20e995416fa881f361648fe86922908991e,"{""config"":[""Z0"",""Z""],""d"":3,""p"":0.009297435897435898}",
     35840,        74,         0,   0.019,pymatching,a35819281af8f956d044730ff382879f1e2425deebb1253635114f214184302f,"{""config"":[""Z0"",""Z""],""d"":3,""p"":0.0025256410256410257}",
     26624,         9,         0,   0.013,pymatching,d580e217a4bbcdd26dac6a81c9365c8591b5965e507200842f073eddd4aadcd1,"{""config"":[""Z0"",""Z""],""d"":3,""p"":0.0011}",
     35840,         0,         0,   0.013,pymatching,9c6961b743f1370558e47da27abe98ca620d7ed424367f0effeae0c49bfa3a7b,"{""config"":[""Z0"",""Z""],""d"":3,""p"":0.00021544346900318823}",
     33792,         0,         0,   0.013,pymatching,1658a0a13cc4a12ccd188fd47b3db0d62c2951535251ba73627e65f7e976e347,"{""config"":[""Z0"",""Z""],""d"":3,""p"":2.782559402207126e-05}",
     10240,       479,         0,   0.019,pymatching,67c4077b8331d413bfe855e981e052fb9071dc5db9e901b42b2f987c1eb16d27,"{""config"":[""Z0"",""Z""],""d"":3,""p"":0.014999999999999998}",
     13312,       190,         0,   0.015,pymatching,5c7ea870a6c549136e3b6f8ddaeecac91106a8f6ab42142669b75ef3631ab64d,"{""config"":[""Z0"",""Z""],""d"":3,""p"":0.007515384615384615}",
     76800,        75,         0,   0.037,pymatching,2fab86d6f8edc460d5d0e5f4e1a1cef42023085bfe8bed11a8dc9b6df547284b,"{""config"":[""Z0"",""Z""],""d"":3,""p"":0.0018128205128205128}",
     24849,         0,         0,   0.009,pymatching,dcc0ccebf9d196402bce88578e8ac05be2cecf4369503ebf81c5847f0c5e5b0c,"{""config"":[""Z0"",""Z""],""d"":3,""p"":1.6681005372000593e-05}",
     12288,         3,         0,   0.028,pymatching,5b273f9ec8ea7b72530ef207045ef0aaa96f2aeaae8c030ce7ed7ea948aa74d4,"{""config"":[""Z0"",""Z""],""d"":5,""p"":0.0011}",
      9216,       346,         0,   0.014,pymatching,07af2882ebfb9b1c29cb5c6dd6f14fd6c14ac52cbacdeeb10984d89dbfd7fff8,"{""config"":[""Z0"",""Z""],""d"":3,""p"":0.012861538461538462}",
     17408,       121,         0,   0.014,pymatching,7d7a1b814fc2c0600ca870bb53a4557a04dc50137248d45d348cc987dd8fd551,"{""config"":[""Z0"",""Z""],""d"":3,""p"":0.004664102564102564}",
     51200,         0,         0,   0.019,pymatching,f3979af952b6828fe80c32dfbd7c69f34d2bb37564428009fed1df3c2f697cfa,"{""config"":[""Z0"",""Z""],""d"":3,""p"":0.0001291549665014884}",
     11264,       235,         0,   0.015,pymatching,f6ddcd6b8882a9485a6c24a4031860b0b001c9fa39edbae6ecaafcaf67a31a2c,"{""config"":[""Z0"",""Z""],""d"":3,""p"":0.009653846153846153}",
     29696,       238,         0,   0.027,pymatching,33a9682eaedf8d40922d6e12250bb2d19ebf57dd0f19562563c4d15fb5ab3020,"{""config"":[""Z0"",""Z""],""d"":3,""p"":0.005733333333333333}",
      7441,       158,         0,   0.010,pymatching,28f9f0eeed30822103a828000683266deec8eaedddd294d2f0308486537cc9cb,"{""config"":[""Z0"",""Z""],""d"":3,""p"":0.00894102564102564}",
      5393,         0,         0,   0.011,pymatching,b4b4fdfde03ca9ec68a840e823fa6e7481d6391d27eed57f2483af3dc02a25a8,"{""config"":[""Z0"",""Z""],""d"":5,""p"":0.0005994842503189409}",
     33792,         0,         0,   0.013,pymatching,92735d188a9da2f76df20762bc103b0eac5e5df53e08a2959267e7d4d22c2ab5,"{""config"":[""Z0"",""Z""],""d"":3,""p"":1e-05}",
     12288,       587,         0,   0.021,pymatching,2c2b3e1dde5fcb343deee10b064d158f0089ecd1ce1d32f2378d0306258aae51,"{""config"":[""Z0"",""Z""],""d"":3,""p"":0.014643589743589744}",
      9216,       385,         0,   0.014,pymatching,b62c3677ce590470f2244bd1d8ba90dd9afd2cdc082ae26dad084af1f8e0b1b7,"{""config"":[""Z0"",""Z""],""d"":3,""p"":0.013217948717948718}",
      5393,         0,         0,   0.010,pymatching,a3a6b886a1c3cdaba8adda9c8ca4c2387efdf8e8ff8f54bd291abfb509f7a5e1,"{""config"":[""Z0"",""Z""],""d"":5,""p"":1e-05}",
      6417,       209,         0,   0.011,pymatching,7f9e92c20fd11bb76cd0889bfc96d2fd136492fc7b3f6b348cdeecf64f1b1029,"{""config"":[""Z0"",""Z""],""d"":3,""p"":0.012148717948717948}",
     41984,        96,         0,   0.027,pymatching,25ecd08a191d9d467df50fb196bbe7a3b748ded3b74a800e95e48355c6e028aa,"{""config"":[""Z0"",""Z""],""d"":3,""p"":0.0028820512820512817}",
     23552,       159,         0,   0.019,pymatching,d52855015c8bc70e2d29522c97a3e850b4852de731069d3f9fecbf1345c94ecc,"{""config"":[""Z0"",""Z""],""d"":3,""p"":0.00502051282051282}",
     28672,        94,         0,   0.019,pymatching,852f076e553167ebbe36e4716625ee8138db0df8210835dfa20b122ab992954a,"{""config"":[""Z0"",""Z""],""d"":3,""p"":0.003238461538461538}",
     16657,        10,         0,   0.009,pymatching,e3690a49c0f5f497d196186a311e9c606a49336f977c2a120e7228bed6d113f7,"{""config"":[""Z0"",""Z""],""d"":3,""p"":0.0014564102564102565}",
      9216,       423,         0,   0.015,pymatching,3a4627934b18e7a1537faff6f52420439a5f102804c689d1ddad2faa93fed3f8,"{""config"":[""Z0"",""Z""],""d"":3,""p"":0.014287179487179487}",
     12561,        35,         0,   0.009,pymatching,ce279d9044a442162d7467d8690f5e135a4c8485e3ffe0f8ffc31e06961d1de6,"{""config"":[""Z0"",""Z""],""d"":3,""p"":0.0035948717948717946}",
     13312,         2,         0,   0.029,pymatching,bd3b752bc833fe8bfdffde7fe510e095aa035d029c4a46fce9ac05636154e154,"{""config"":[""Z0"",""Z""],""d"":5,""p"":0.001}",
     14336,       187,         0,   0.014,pymatching,9d16665837f4e0fd9bc3f2a4c20adfca0f72bbcf3e1d6129d2b054490a7066ac,"{""config"":[""Z0"",""Z""],""d"":3,""p"":0.007158974358974359}",
      9216,         0,         0,   0.015,pymatching,55d631a983676397dca6458b14b2050e779294910899f494138c11680d5a3a81,"{""config"":[""Z0"",""Z""],""d"":5,""p"":7.742636826811278e-05}",
     55296,        16,         0,   0.026,pymatching,378a0d8a22aad4bf388b91414d312443b51402aaba859b474dbe418524e2ce1c,"{""config"":[""Z0"",""Z""],""d"":3,""p"":0.001}",
      6417,       209,         0,   0.010,pymatching,d7ecdfc41e3b887ad276469bbdb4576ecd7f27bcede69b128c55b6272148566c,"{""config"":[""Z0"",""Z""],""d"":3,""p"":0.011792307692307692}",
      7441,       142,         0,   0.010,pymatching,b69bca9aa72fc509923f4f967d8759f7d9c12a8dc13ff68077b3824252a83b13,"{""config"":[""Z0"",""Z""],""d"":3,""p"":0.008584615384615385}",
     27648,       874,         0,   0.037,pymatching,33319ff3d2068cf93bf185ecd2d95ace6edee9f6c08c5a38a4d79e2db54b4c92,"{""config"":[""Z0"",""Z""],""d"":3,""p"":0.011435897435897435}",
     26624,       324,         0,   0.027,pymatching,c2cdab018f7049ed8016042f23354b26d89a1de4adfaa38f56ab62a1c45966f9,"{""config"":[""Z0"",""Z""],""d"":3,""p"":0.006802564102564103}",
     24576,       185,         0,   0.019,pymatching,80803bbd4fbf1196b1900684e3d196102e7badc02af86683e042a64ea5e86013,"{""config"":[""Z0"",""Z""],""d"":3,""p"":0.005376923076923077}",
      9216,         0,         0,   0.015,pymatching,44745f4fd1c9d3c646efc4a75cfdb5edb60063d939292747153380d5589d708e,"{""config"":[""Z0"",""Z""],""d"":5,""p"":4.641588833612782e-05}",
      9216,         0,         0,   0.015,pymatching,96d644a6f0f9bc1a372546fe5decbd4422912531fe2bd04f2dd73740bca917d3,"{""config"":[""Z0"",""Z""],""d"":5,""p"":0.00021544346900318823}",
      5393,         0,         0,   0.011,pymatching,8e15c8693f48124b9ac3f87e9f3320dd83113e51c19fa8aa3538394a28ccaa95,"{""config"":[""Z0"",""Z""],""d"":5,""p"":0.00035938136638046257}",
     11264,       260,         0,   0.014,pymatching,7c2fe379cae2b83654089f1aca9fa20e995416fa881f361648fe86922908991e,"{""config"":[""Z0"",""Z""],""d"":3,""p"":0.009297435897435898}",
      5393,         0,         0,   0.010,pymatching,cb6032376f39cb453213ed9ecdc87787687a768cc871b3ea652302449497acf9,"{""config"":[""Z0"",""Z""],""d"":5,""p"":1.6681005372000593e-05}",
     17408,       265,         0,   0.020,pymatching,f37279e97fdcde61d4462abd537ffcc7f2966d264a9327fc5f349ac6eeaa1a48,"{""config"":[""Z0"",""Z""],""d"":3,""p"":0.007871794871794872}",
     24576,       120,         0,   0.019,pymatching,d478e3fe7430328ab5677c8a21e651d874d5cd47c273bc9378ed09c85a03d8dc,"{""config"":[""Z0"",""Z""],""d"":3,""p"":0.0043076923076923075}",
     47104,         0,         0,   0.019,pymatching,b346bb8a23657142ddd978c0a58e532bbef3cfbdf1a206319241fcca3d6e6fbb,"{""config"":[""Z0"",""Z""],""d"":3,""p"":7.742636826811278e-05}",
    128000,         0,         0,   0.051,pymatching,6d6c1a356eaf597d0498311a77d111474e59ec6318c3eca1103810a040f141c7,"{""config"":[""Z0"",""Z""],""d"":3,""p"":4.641588833612782e-05}",
      6417,       161,         0,   0.010,pymatching,7daa7f961427c285f2fd2aea71c5a570c528612e0fa6a0c7ff2890349cbb07b1,"{""config"":[""Z0"",""Z""],""d"":3,""p"":0.01107948717948718}",
     36864,         0,         0,   0.013,pymatching,dcc0ccebf9d196402bce88578e8ac05be2cecf4369503ebf81c5847f0c5e5b0c,"{""config"":[""Z0"",""Z""],""d"":3,""p"":1.6681005372000593e-05}",
      6417,       190,         0,   0.010,pymatching,98d82d54b95d70243a9bfa42ba9f3c0645ec9047c82c06169360ccf1c9b80c82,"{""config"":[""Z0"",""Z""],""d"":3,""p"":0.010723076923076922}",
     18432,       314,         0,   0.020,pymatching,fa419ea54da6be8d4864583870aa24674a62513f6e7eba3b83091700ae5e2b57,"{""config"":[""Z0"",""Z""],""d"":3,""p"":0.008228205128205128}",
     46080,        62,         0,   0.026,pymatching,70005e18bbfb556ed650f2484660ead964312e8bc36af28a74972997b34796a6,"{""config"":[""Z0"",""Z""],""d"":3,""p"":0.002169230769230769}",
     49152,         0,         0,   0.019,pymatching,9c6961b743f1370558e47da27abe98ca620d7ed424367f0effeae0c49bfa3a7b,"{""config"":[""Z0"",""Z""],""d"":3,""p"":0.00021544346900318823}",
     38912,        17,         0,   0.019,pymatching,d580e217a4bbcdd26dac6a81c9365c8591b5965e507200842f073eddd4aadcd1,"{""config"":[""Z0"",""Z""],""d"":3,""p"":0.0011}",
     11264,       241,         0,   0.014,pymatching,28f9f0eeed30822103a828000683266deec8eaedddd294d2f0308486537cc9cb,"{""config"":[""Z0"",""Z""],""d"":3,""p"":0.00894102564102564}",
     47104,         0,         0,   0.019,pymatching,1658a0a13cc4a12ccd188fd47b3db0d62c2951535251ba73627e65f7e976e347,"{""config"":[""Z0"",""Z""],""d"":3,""p"":2.782559402207126e-05}",
     38912,       428,         0,   0.038,pymatching,6945d297547052498ef2fa1f24e434c00229d52d289f37ba2ae4b3e77662e772,"{""config"":[""Z0"",""Z""],""d"":3,""p"":0.006446153846153846}",
      8192,         0,         0,   0.014,pymatching,a3a6b886a1c3cdaba8adda9c8ca4c2387efdf8e8ff8f54bd291abfb509f7a5e1,"{""config"":[""Z0"",""Z""],""d"":5,""p"":1e-05}",
      8192,         0,         0,   0.015,pymatching,b4b4fdfde03ca9ec68a840e823fa6e7481d6391d27eed57f2483af3dc02a25a8,"{""config"":[""Z0"",""Z""],""d"":5,""p"":0.0005994842503189409}",
     18432,       249,         0,   0.020,pymatching,5c7ea870a6c549136e3b6f8ddaeecac91106a8f6ab42142669b75ef3631ab64d,"{""config"":[""Z0"",""Z""],""d"":3,""p"":0.007515384615384615}",
      9216,       321,         0,   0.014,pymatching,7f9e92c20fd11bb76cd0889bfc96d2fd136492fc7b3f6b348cdeecf64f1b1029,"{""config"":[""Z0"",""Z""],""d"":3,""p"":0.012148717948717948}",
     19456,        59,         0,   0.013,pymatching,ce279d9044a442162d7467d8690f5e135a4c8485e3ffe0f8ffc31e06961d1de6,"{""config"":[""Z0"",""Z""],""d"":3,""p"":0.0035948717948717946}",
     26624,        18,         0,   0.014,pymatching,e3690a49c0f5f497d196186a311e9c606a49336f977c2a120e7228bed6d113f7,"{""config"":[""Z0"",""Z""],""d"":3,""p"":0.0014564102564102565}",
     13312,       508,         0,   0.020,pymatching,07af2882ebfb9b1c29cb5c6dd6f14fd6c14ac52cbacdeeb10984d89dbfd7fff8,"{""config"":[""Z0"",""Z""],""d"":3,""p"":0.012861538461538462}",
     31744,       787,         0,   0.038,pymatching,613c353953f02d3135e7fc886c170ac1f912c4abd7adc1c8a290b027899c7ca5,"{""config"":[""Z0"",""Z""],""d"":3,""p"":0.010010256410256409}",
      4369,         1,         0,   0.012,pymatching,e986d2b79b80be3cf24fe2bbee1a2f0b42e12ebfbf61e1177c6587a928a39bc1,"{""config"":[""Z0"",""Z""],""d"":5,""p"":0.002169230769230769}",
      6417,         0,         0,   0.011,pymatching,9805580b8e051a4265c8604318060372d751d1b656d0ca74ba2ce82fb46e46ec,"{""config"":[""Z0"",""Z""],""d"":5,""p"":2.782559402207126e-05}",
      7441,       172,         0,   0.011,pymatching,3feb67b4e6bef9bb381b203a8b2d25ed8804804eee232832be2f72cb9f5ef543,"{""config"":[""Z0"",""Z""],""d"":3,""p"":0.010366666666666666}",
     24576,       151,         0,   0.020,pymatching,7d7a1b814fc2c0600ca870bb53a4557a04dc50137248d45d348cc987dd8fd551,"{""config"":[""Z0"",""Z""],""d"":3,""p"":0.004664102564102564}",
      4369,         0,         0,   0.011,pymatching,95da8241892677a1febd902b9693f33a066978771f54fe810ea795a04054cdeb,"{""config"":[""Z0"",""Z""],""d"":5,""p"":0.0014564102564102565}",
     15360,       327,         0,   0.020,pymatching,f6ddcd6b8882a9485a6c24a4031860b0b001c9fa39edbae6ecaafcaf67a31a2c,"{""config"":[""Z0"",""Z""],""d"":3,""p"":0.009653846153846153}",
      9216,       292,         0,   0.014,pymatching,d7ecdfc41e3b887ad276469bbdb4576ecd7f27bcede69b128c55b6272148566c,"{""config"":[""Z0"",""Z""],""d"":3,""p"":0.011792307692307692}",
     12288,       225,         0,   0.015,pymatching,b69bca9aa72fc509923f4f967d8759f7d9c12a8dc13ff68077b3824252a83b13,"{""config"":[""Z0"",""Z""],""d"":3,""p"":0.008584615384615385}",
     47104,         0,         0,   0.019,pymatching,92735d188a9da2f76df20762bc103b0eac5e5df53e08a2959267e7d4d22c2ab5,"{""config"":[""Z0"",""Z""],""d"":3,""p"":1e-05}",
     49152,        70,         0,   0.027,pymatching,a35819281af8f956d044730ff382879f1e2425deebb1253635114f214184302f,"{""config"":[""Z0"",""Z""],""d"":3,""p"":0.0025256410256410257}",
      8465,        81,         0,   0.010,pymatching,3efce2e26921b385958e0b4dea9757001f3e4a02fe997d2c9c0fb8c12c9db369,"{""config"":[""Z0"",""Z""],""d"":3,""p"":0.00608974358974359}",
     13312,       519,         0,   0.020,pymatching,b62c3677ce590470f2244bd1d8ba90dd9afd2cdc082ae26dad084af1f8e0b1b7,"{""config"":[""Z0"",""Z""],""d"":3,""p"":0.013217948717948718}",
     12288,       563,         0,   0.020,pymatching,3a4627934b18e7a1537faff6f52420439a5f102804c689d1ddad2faa93fed3f8,"{""config"":[""Z0"",""Z""],""d"":3,""p"":0.014287179487179487}",
      8192,         0,         0,   0.014,pymatching,cb6032376f39cb453213ed9ecdc87787687a768cc871b3ea652302449497acf9,"{""config"":[""Z0"",""Z""],""d"":5,""p"":1.6681005372000593e-05}",
      8192,         1,         0,   0.015,pymatching,8e15c8693f48124b9ac3f87e9f3320dd83113e51c19fa8aa3538394a28ccaa95,"{""config"":[""Z0"",""Z""],""d"":5,""p"":0.00035938136638046257}",
     20480,       269,         0,   0.020,pymatching,9d16665837f4e0fd9bc3f2a4c20adfca0f72bbcf3e1d6129d2b054490a7066ac,"{""config"":[""Z0"",""Z""],""d"":3,""p"":0.007158974358974359}",
     34816,      1450,         0,   0.054,pymatching,df8cf0e47306cd08f792c89793a6aa692d673389a80b06122c713404eba910ed,"{""config"":[""Z0"",""Z""],""d"":3,""p"":0.013574358974358974}",
     12288,         0,         0,   0.019,pymatching,55d631a983676397dca6458b14b2050e779294910899f494138c11680d5a3a81,"{""config"":[""Z0"",""Z""],""d"":5,""p"":7.742636826811278e-05}",
     15360,       780,         0,   0.029,pymatching,67c4077b8331d413bfe855e981e052fb9071dc5db9e901b42b2f987c1eb16d27,"{""config"":[""Z0"",""Z""],""d"":3,""p"":0.014999999999999998}",
      9216,       271,         0,   0.014,pymatching,7daa7f961427c285f2fd2aea71c5a570c528612e0fa6a0c7ff2890349cbb07b1,"{""config"":[""Z0"",""Z""],""d"":3,""p"":0.01107948717948718}",
     12561,        51,         0,   0.010,pymatching,df5e556483e9b5f897867f756caa5349fd248c9124489c29bd837337da9b8415,"{""config"":[""Z0"",""Z""],""d"":3,""p"":0.003951282051282051}",
     10240,       254,         0,   0.015,pymatching,98d82d54b95d70243a9bfa42ba9f3c0645ec9047c82c06169360ccf1c9b80c82,"{""config"":[""Z0"",""Z""],""d"":3,""p"":0.010723076923076922}",
     71680,         0,         0,   0.026,pymatching,f3979af952b6828fe80c32dfbd7c69f34d2bb37564428009fed1df3c2f697cfa,"{""config"":[""Z0"",""Z""],""d"":3,""p"":0.0001291549665014884}",
     15360,       361,         0,   0.019,pymatching,7c2fe379cae2b83654089f1aca9fa20e995416fa881f361648fe86922908991e,"{""config"":[""Z0"",""Z""],""d"":3,""p"":0.009297435897435898}",
     12288,         0,         0,   0.020,pymatching,96d644a6f0f9bc1a372546fe5decbd4422912531fe2bd04f2dd73740bca917d3,"{""config"":[""Z0"",""Z""],""d"":5,""p"":0.00021544346900318823}",
     13312,         0,         0,   0.021,pymatching,44745f4fd1c9d3c646efc4a75cfdb5edb60063d939292747153380d5589d708e,"{""config"":[""Z0"",""Z""],""d"":5,""p"":4.641588833612782e-05}",
     16384,       772,         0,   0.027,pymatching,2c2b3e1dde5fcb343deee10b064d158f0089ecd1ce1d32f2378d0306258aae51,"{""config"":[""Z0"",""Z""],""d"":3,""p"":0.014643589743589744}",
     31744,       204,         0,   0.027,pymatching,d52855015c8bc70e2d29522c97a3e850b4852de731069d3f9fecbf1345c94ecc,"{""config"":[""Z0"",""Z""],""d"":3,""p"":0.00502051282051282}",
     40960,       121,         0,   0.027,pymatching,852f076e553167ebbe36e4716625ee8138db0df8210835dfa20b122ab992954a,"{""config"":[""Z0"",""Z""],""d"":3,""p"":0.003238461538461538}",
     52224,         0,         0,   0.019,pymatching,dcc0ccebf9d196402bce88578e8ac05be2cecf4369503ebf81c5847f0c5e5b0c,"{""config"":[""Z0"",""Z""],""d"":3,""p"":1.6681005372000593e-05}",
      5393,         0,         0,   0.010,pymatching,1195174d70b461e3b71898fd135bbe0c631acce029764a5a3bd90a4b3f212492,"{""config"":[""Z0"",""Z""],""d"":5,""p"":0.0001291549665014884}",
      9216,         0,         0,   0.014,pymatching,9805580b8e051a4265c8604318060372d751d1b656d0ca74ba2ce82fb46e46ec,"{""config"":[""Z0"",""Z""],""d"":5,""p"":2.782559402207126e-05}",
     10240,       263,         0,   0.014,pymatching,3feb67b4e6bef9bb381b203a8b2d25ed8804804eee232832be2f72cb9f5ef543,"{""config"":[""Z0"",""Z""],""d"":3,""p"":0.010366666666666666}",
     34816,       285,         0,   0.027,pymatching,80803bbd4fbf1196b1900684e3d196102e7badc02af86683e042a64ea5e86013,"{""config"":[""Z0"",""Z""],""d"":3,""p"":0.005376923076923077}",
      6144,         4,         0,   0.016,pymatching,e986d2b79b80be3cf24fe2bbee1a2f0b42e12ebfbf61e1177c6587a928a39bc1,"{""config"":[""Z0"",""Z""],""d"":5,""p"":0.002169230769230769}",
     16384,       339,         0,   0.020,pymatching,28f9f0eeed30822103a828000683266deec8eaedddd294d2f0308486537cc9cb,"{""config"":[""Z0"",""Z""],""d"":3,""p"":0.00894102564102564}",
     11264,         0,         0,   0.019,pymatching,a3a6b886a1c3cdaba8adda9c8ca4c2387efdf8e8ff8f54bd291abfb509f7a5e1,"{""config"":[""Z0"",""Z""],""d"":5,""p"":1e-05}",
      7168,         1,         0,   0.016,pymatching,95da8241892677a1febd902b9693f33a066978771f54fe810ea795a04054cdeb,"{""config"":[""Z0"",""Z""],""d"":5,""p"":0.0014564102564102565}",
     13312,       128,         0,   0.014,pymatching,3efce2e26921b385958e0b4dea9757001f3e4a02fe997d2c9c0fb8c12c9db369,"{""config"":[""Z0"",""Z""],""d"":3,""p"":0.00608974358974359}",
     12288,       441,         0,   0.019,pymatching,7f9e92c20fd11bb76cd0889bfc96d2fd136492fc7b3f6b348cdeecf64f1b1029,"{""config"":[""Z0"",""Z""],""d"":3,""p"":0.012148717948717948}",
     27648,        88,         0,   0.019,pymatching,ce279d9044a442162d7467d8690f5e135a4c8485e3ffe0f8ffc31e06961d1de6,"{""config"":[""Z0"",""Z""],""d"":3,""p"":0.0035948717948717946}",
     36864,        20,         0,   0.019,pymatching,e3690a49c0f5f497d196186a311e9c606a49336f977c2a120e7228bed6d113f7,"{""config"":[""Z0"",""Z""],""d"":3,""p"":0.0014564102564102565}",
     17408,         0,         0,   0.039,pymatching,5b273f9ec8ea7b72530ef207045ef0aaa96f2aeaae8c030ce7ed7ea948aa74d4,"{""config"":[""Z0"",""Z""],""d"":5,""p"":0.0011}",
     24576,       348,         0,   0.027,pymatching,f37279e97fdcde61d4462abd537ffcc7f2966d264a9327fc5f349ac6eeaa1a48,"{""config"":[""Z0"",""Z""],""d"":3,""p"":0.007871794871794872}",
     11264,         0,         0,   0.020,pymatching,b4b4fdfde03ca9ec68a840e823fa6e7481d6391d27eed57f2483af3dc02a25a8,"{""config"":[""Z0"",""Z""],""d"":5,""p"":0.0005994842503189409}",
     34816,       193,         0,   0.027,pymatching,d478e3fe7430328ab5677c8a21e651d874d5cd47c273bc9378ed09c85a03d8dc,"{""config"":[""Z0"",""Z""],""d"":3,""p"":0.0043076923076923075}",
     65536,         0,         0,   0.026,pymatching,b346bb8a23657142ddd978c0a58e532bbef3cfbdf1a206319241fcca3d6e6fbb,"{""config"":[""Z0"",""Z""],""d"":3,""p"":7.742636826811278e-05}",
     33792,      1403,         0,   0.053,pymatching,7696c9fc38b84feeebda0d451777a89e509ba30a317018d2b2799b7c7661fb63,"{""config"":[""Z0"",""Z""],""d"":3,""p"":0.01393076923076923}",
     41984,       365,         0,   0.038,pymatching,33a9682eaedf8d40922d6e12250bb2d19ebf57dd0f19562563c4d15fb5ab3020,"{""config"":[""Z0"",""Z""],""d"":3,""p"":0.005733333333333333}",
      3345,         0,         0,   0.010,pymatching,505fc6c7e8177b0d62f81733b47439cc3b77726a592ba5600d7473e2465ef9e1,"{""config"":[""Z0"",""Z""],""d"":5,""p"":0.0018128205128205128}",
     19456,        83,         0,   0.014,pymatching,df5e556483e9b5f897867f756caa5349fd248c9124489c29bd837337da9b8415,"{""config"":[""Z0"",""Z""],""d"":3,""p"":0.003951282051282051}",
     25600,       447,         0,   0.027,pymatching,fa419ea54da6be8d4864583870aa24674a62513f6e7eba3b83091700ae5e2b57,"{""config"":[""Z0"",""Z""],""d"":3,""p"":0.008228205128205128}",
     58368,       125,         0,   0.037,pymatching,25ecd08a191d9d467df50fb196bbe7a3b748ded3b74a800e95e48355c6e028aa,"{""config"":[""Z0"",""Z""],""d"":3,""p"":0.0028820512820512817}",
     13312,       432,         0,   0.020,pymatching,d7ecdfc41e3b887ad276469bbdb4576ecd7f27bcede69b128c55b6272148566c,"{""config"":[""Z0"",""Z""],""d"":3,""p"":0.011792307692307692}",
     16384,       329,         0,   0.019,pymatching,b69bca9aa72fc509923f4f967d8759f7d9c12a8dc13ff68077b3824252a83b13,"{""config"":[""Z0"",""Z""],""d"":3,""p"":0.008584615384615385}",
     17408,         2,         0,   0.038,pymatching,bd3b752bc833fe8bfdffde7fe510e095aa035d029c4a46fce9ac05636154e154,"{""config"":[""Z0"",""Z""],""d"":5,""p"":0.001}",
     69632,         2,         0,   0.026,pymatching,9c6961b743f1370558e47da27abe98ca620d7ed424367f0effeae0c49bfa3a7b,"{""config"":[""Z0"",""Z""],""d"":3,""p"":0.00021544346900318823}",
     36864,      1355,         0,   0.053,pymatching,e4f1fb20fe6c4114916157b6765a8f92430cb66cfb8fda3d60be29ff94b75814,"{""config"":[""Z0"",""Z""],""d"":3,""p"":0.012505128205128205}",
     54272,        24,         0,   0.026,pymatching,d580e217a4bbcdd26dac6a81c9365c8591b5965e507200842f073eddd4aadcd1,"{""config"":[""Z0"",""Z""],""d"":3,""p"":0.0011}",
     65536,         0,         0,   0.026,pymatching,1658a0a13cc4a12ccd188fd47b3db0d62c2951535251ba73627e65f7e976e347,"{""config"":[""Z0"",""Z""],""d"":3,""p"":2.782559402207126e-05}",
     76800,        22,         0,   0.036,pymatching,378a0d8a22aad4bf388b91414d312443b51402aaba859b474dbe418524e2ce1c,"{""config"":[""Z0"",""Z""],""d"":3,""p"":0.001}",
     11264,         0,         0,   0.020,pymatching,cb6032376f39cb453213ed9ecdc87787687a768cc871b3ea652302449497acf9,"{""config"":[""Z0"",""Z""],""d"":5,""p"":1.6681005372000593e-05}",
     25600,       375,         0,   0.027,pymatching,5c7ea870a6c549136e3b6f8ddaeecac91106a8f6ab42142669b75ef3631ab64d,"{""config"":[""Z0"",""Z""],""d"":3,""p"":0.007515384615384615}",
     11264,         0,         0,   0.021,pymatching,8e15c8693f48124b9ac3f87e9f3320dd83113e51c19fa8aa3538394a28ccaa95,"{""config"":[""Z0"",""Z""],""d"":5,""p"":0.00035938136638046257}",
     37888,       436,         0,   0.038,pymatching,c2cdab018f7049ed8016042f23354b26d89a1de4adfaa38f56ab62a1c45966f9,"{""config"":[""Z0"",""Z""],""d"":3,""p"":0.006802564102564103}",
     18432,       705,         0,   0.027,pymatching,07af2882ebfb9b1c29cb5c6dd6f14fd6c14ac52cbacdeeb10984d89dbfd7fff8,"{""config"":[""Z0"",""Z""],""d"":3,""p"":0.012861538461538462}",
     14336,       409,         0,   0.021,pymatching,7daa7f961427c285f2fd2aea71c5a570c528612e0fa6a0c7ff2890349cbb07b1,"{""config"":[""Z0"",""Z""],""d"":3,""p"":0.01107948717948718}",
      8192,         0,         0,   0.014,pymatching,1195174d70b461e3b71898fd135bbe0c631acce029764a5a3bd90a4b3f212492,"{""config"":[""Z0"",""Z""],""d"":5,""p"":0.0001291549665014884}",
     14336,       401,         0,   0.020,pymatching,98d82d54b95d70243a9bfa42ba9f3c0645ec9047c82c06169360ccf1c9b80c82,"{""config"":[""Z0"",""Z""],""d"":3,""p"":0.010723076923076922}",
     33792,       190,         0,   0.027,pymatching,7d7a1b814fc2c0600ca870bb53a4557a04dc50137248d45d348cc987dd8fd551,"{""config"":[""Z0"",""Z""],""d"":3,""p"":0.004664102564102564}",
     65536,         0,         0,   0.026,pymatching,92735d188a9da2f76df20762bc103b0eac5e5df53e08a2959267e7d4d22c2ab5,"{""config"":[""Z0"",""Z""],""d"":3,""p"":1e-05}",
     21504,       490,         0,   0.028,pymatching,f6ddcd6b8882a9485a6c24a4031860b0b001c9fa39edbae6ecaafcaf67a31a2c,"{""config"":[""Z0"",""Z""],""d"":3,""p"":0.009653846153846153}",
    105472,       100,         0,   0.051,pymatching,2fab86d6f8edc460d5d0e5f4e1a1cef42023085bfe8bed11a8dc9b6df547284b,"{""config"":[""Z0"",""Z""],""d"":3,""p"":0.0018128205128205128}",
     18432,       718,         0,   0.028,pymatching,b62c3677ce590470f2244bd1d8ba90dd9afd2cdc082ae26dad084af1f8e0b1b7,"{""config"":[""Z0"",""Z""],""d"":3,""p"":0.013217948717948718}",
     17408,       769,         0,   0.028,pymatching,3a4627934b18e7a1537faff6f52420439a5f102804c689d1ddad2faa93fed3f8,"{""config"":[""Z0"",""Z""],""d"":3,""p"":0.014287179487179487}",
     28672,       384,         0,   0.027,pymatching,9d16665837f4e0fd9bc3f2a4c20adfca0f72bbcf3e1d6129d2b054490a7066ac,"{""config"":[""Z0"",""Z""],""d"":3,""p"":0.007158974358974359}",
     17408,         0,         0,   0.027,pymatching,55d631a983676397dca6458b14b2050e779294910899f494138c11680d5a3a81,"{""config"":[""Z0"",""Z""],""d"":5,""p"":7.742636826811278e-05}",
     65536,        84,         0,   0.037,pymatching,70005e18bbfb556ed650f2484660ead964312e8bc36af28a74972997b34796a6,"{""config"":[""Z0"",""Z""],""d"":3,""p"":0.002169230769230769}",
     14336,       373,         0,   0.020,pymatching,3feb67b4e6bef9bb381b203a8b2d25ed8804804eee232832be2f72cb9f5ef543,"{""config"":[""Z0"",""Z""],""d"":3,""p"":0.010366666666666666}",
    187392,         4,         0,   0.071,pymatching,2656e86d2e2514569ab6db988c56fcaf77d153da006b9b42ecd659c71c49436c,"{""config"":[""Z0"",""Z""],""d"":3,""p"":0.00035938136638046257}",
     13312,         0,         0,   0.021,pymatching,9805580b8e051a4265c8604318060372d751d1b656d0ca74ba2ce82fb46e46ec,"{""config"":[""Z0"",""Z""],""d"":5,""p"":2.782559402207126e-05}",
     21504,       452,         0,   0.027,pymatching,7c2fe379cae2b83654089f1aca9fa20e995416fa881f361648fe86922908991e,"{""config"":[""Z0"",""Z""],""d"":3,""p"":0.009297435897435898}",
     17408,         0,         0,   0.027,pymatching,44745f4fd1c9d3c646efc4a75cfdb5edb60063d939292747153380d5589d708e,"{""config"":[""Z0"",""Z""],""d"":5,""p"":4.641588833612782e-05}",
     20480,       182,         0,   0.019,pymatching,3efce2e26921b385958e0b4dea9757001f3e4a02fe997d2c9c0fb8c12c9db369,"{""config"":[""Z0"",""Z""],""d"":3,""p"":0.00608974358974359}",
      8192,         3,         0,   0.021,pymatching,e986d2b79b80be3cf24fe2bbee1a2f0b42e12ebfbf61e1177c6587a928a39bc1,"{""config"":[""Z0"",""Z""],""d"":5,""p"":0.002169230769230769}",
      6144,         2,         0,   0.016,pymatching,505fc6c7e8177b0d62f81733b47439cc3b77726a592ba5600d7473e2465ef9e1,"{""config"":[""Z0"",""Z""],""d"":5,""p"":0.0018128205128205128}",
      9216,         1,         0,   0.020,pymatching,95da8241892677a1febd902b9693f33a066978771f54fe810ea795a04054cdeb,"{""config"":[""Z0"",""Z""],""d"":5,""p"":0.0014564102564102565}",
     17408,         0,         0,   0.029,pymatching,96d644a6f0f9bc1a372546fe5decbd4422912531fe2bd04f2dd73740bca917d3,"{""config"":[""Z0"",""Z""],""d"":5,""p"":0.00021544346900318823}",
     72704,         0,         0,   0.026,pymatching,dcc0ccebf9d196402bce88578e8ac05be2cecf4369503ebf81c5847f0c5e5b0c,"{""config"":[""Z0"",""Z""],""d"":3,""p"":1.6681005372000593e-05}",
     68608,       116,         0,   0.037,pymatching,a35819281af8f956d044730ff382879f1e2425deebb1253635114f214184302f,"{""config"":[""Z0"",""Z""],""d"":3,""p"":0.0025256410256410257}",
     26624,       115,         0,   0.019,pymatching,df5e556483e9b5f897867f756caa5349fd248c9124489c29bd837337da9b8415,"{""config"":[""Z0"",""Z""],""d"":3,""p"":0.003951282051282051}",
     39936,      1178,         0,   0.053,pymatching,33319ff3d2068cf93bf185ecd2d95ace6edee9f6c08c5a38a4d79e2db54b4c92,"{""config"":[""Z0"",""Z""],""d"":3,""p"":0.011435897435897435}",
     20480,      1029,         0,   0.038,pymatching,67c4077b8331d413bfe855e981e052fb9071dc5db9e901b42b2f987c1eb16d27,"{""config"":[""Z0"",""Z""],""d"":3,""p"":0.014999999999999998}",
     22528,       466,         0,   0.028,pymatching,28f9f0eeed30822103a828000683266deec8eaedddd294d2f0308486537cc9cb,"{""config"":[""Z0"",""Z""],""d"":3,""p"":0.00894102564102564}",
     17408,       593,         0,   0.027,pymatching,7f9e92c20fd11bb76cd0889bfc96d2fd136492fc7b3f6b348cdeecf64f1b1029,"{""config"":[""Z0"",""Z""],""d"":3,""p"":0.012148717948717948}",
     38912,       137,         0,   0.027,pymatching,ce279d9044a442162d7467d8690f5e135a4c8485e3ffe0f8ffc31e06961d1de6,"{""config"":[""Z0"",""Z""],""d"":3,""p"":0.0035948717948717946}",
     52224,        31,         0,   0.027,pymatching,e3690a49c0f5f497d196186a311e9c606a49336f977c2a120e7228bed6d113f7,"{""config"":[""Z0"",""Z""],""d"":3,""p"":0.0014564102564102565}",
     15360,         0,         0,   0.027,pymatching,b4b4fdfde03ca9ec68a840e823fa6e7481d6391d27eed57f2483af3dc02a25a8,"{""config"":[""Z0"",""Z""],""d"":5,""p"":0.0005994842503189409}",
     16384,         0,         0,   0.028,pymatching,a3a6b886a1c3cdaba8adda9c8ca4c2387efdf8e8ff8f54bd291abfb509f7a5e1,"{""config"":[""Z0"",""Z""],""d"":5,""p"":1e-05}",
    100352,         0,         0,   0.036,pymatching,f3979af952b6828fe80c32dfbd7c69f34d2bb37564428009fed1df3c2f697cfa,"{""config"":[""Z0"",""Z""],""d"":3,""p"":0.0001291549665014884}",
     11264,         0,         0,   0.020,pymatching,1195174d70b461e3b71898fd135bbe0c631acce029764a5a3bd90a4b3f212492,"{""config"":[""Z0"",""Z""],""d"":5,""p"":0.0001291549665014884}",
     45056,       305,         0,   0.037,pymatching,d52855015c8bc70e2d29522c97a3e850b4852de731069d3f9fecbf1345c94ecc,"{""config"":[""Z0"",""Z""],""d"":3,""p"":0.00502051282051282}",
     23552,      1116,         0,   0.039,pymatching,2c2b3e1dde5fcb343deee10b064d158f0089ecd1ce1d32f2378d0306258aae51,"{""config"":[""Z0"",""Z""],""d"":3,""p"":0.014643589743589744}",
     56320,       133,         0,   0.037,pymatching,852f076e553167ebbe36e4716625ee8138db0df8210835dfa20b122ab992954a,"{""config"":[""Z0"",""Z""],""d"":3,""p"":0.003238461538461538}",
     22528,       398,         0,   0.027,pymatching,b69bca9aa72fc509923f4f967d8759f7d9c12a8dc13ff68077b3824252a83b13,"{""config"":[""Z0"",""Z""],""d"":3,""p"":0.008584615384615385}",
     54272,       559,         0,   0.052,pymatching,6945d297547052498ef2fa1f24e434c00229d52d289f37ba2ae4b3e77662e772,"{""config"":[""Z0"",""Z""],""d"":3,""p"":0.006446153846153846}",
     18432,       573,         0,   0.028,pymatching,d7ecdfc41e3b887ad276469bbdb4576ecd7f27bcede69b128c55b6272148566c,"{""config"":[""Z0"",""Z""],""d"":3,""p"":0.011792307692307692}",
     44032,      1036,         0,   0.053,pymatching,613c353953f02d3135e7fc886c170ac1f912c4abd7adc1c8a290b027899c7ca5,"{""config"":[""Z0"",""Z""],""d"":3,""p"":0.010010256410256409}",
     16384,         0,         0,   0.028,pymatching,cb6032376f39cb453213ed9ecdc87787687a768cc871b3ea652302449497acf9,"{""config"":[""Z0"",""Z""],""d"":5,""p"":1.6681005372000593e-05}",
     15360,         0,         0,   0.028,pymatching,8e15c8693f48124b9ac3f87e9f3320dd83113e51c19fa8aa3538394a28ccaa95,"{""config"":[""Z0"",""Z""],""d"":5,""p"":0.00035938136638046257}",
     48128,       354,         0,   0.038,pymatching,80803bbd4fbf1196b1900684e3d196102e7badc02af86683e042a64ea5e86013,"{""config"":[""Z0"",""Z""],""d"":3,""p"":0.005376923076923077}",
     19456,       550,         0,   0.028,pymatching,7daa7f961427c285f2fd2aea71c5a570c528612e0fa6a0c7ff2890349cbb07b1,"{""config"":[""Z0"",""Z""],""d"":3,""p"":0.01107948717948718}",
     47104,       224,         0,   0.037,pymatching,d478e3fe7430328ab5677c8a21e651d874d5cd47c273bc9378ed09c85a03d8dc,"{""config"":[""Z0"",""Z""],""d"":3,""p"":0.0043076923076923075}",
     19456,       512,         0,   0.027,pymatching,98d82d54b95d70243a9bfa42ba9f3c0645ec9047c82c06169360ccf1c9b80c82,"{""config"":[""Z0"",""Z""],""d"":3,""p"":0.010723076923076922}",
     33792,       552,         0,   0.038,pymatching,f37279e97fdcde61d4462abd537ffcc7f2966d264a9327fc5f349ac6eeaa1a48,"{""config"":[""Z0"",""Z""],""d"":3,""p"":0.007871794871794872}",
     92160,         0,         0,   0.036,pymatching,b346bb8a23657142ddd978c0a58e532bbef3cfbdf1a206319241fcca3d6e6fbb,"{""config"":[""Z0"",""Z""],""d"":3,""p"":7.742636826811278e-05}",
      8192,         4,         0,   0.021,pymatching,505fc6c7e8177b0d62f81733b47439cc3b77726a592ba5600d7473e2465ef9e1,"{""config"":[""Z0"",""Z""],""d"":5,""p"":0.0018128205128205128}",
     36864,       609,         0,   0.038,pymatching,fa419ea54da6be8d4864583870aa24674a62513f6e7eba3b83091700ae5e2b57,"{""config"":[""Z0"",""Z""],""d"":3,""p"":0.008228205128205128}",
     98304,         2,         0,   0.036,pymatching,9c6961b743f1370558e47da27abe98ca620d7ed424367f0effeae0c49bfa3a7b,"{""config"":[""Z0"",""Z""],""d"":3,""p"":0.00021544346900318823}",
     76800,        32,         0,   0.037,pymatching,d580e217a4bbcdd26dac6a81c9365c8591b5965e507200842f073eddd4aadcd1,"{""config"":[""Z0"",""Z""],""d"":3,""p"":0.0011}",
     92160,         0,         0,   0.036,pymatching,1658a0a13cc4a12ccd188fd47b3db0d62c2951535251ba73627e65f7e976e347,"{""config"":[""Z0"",""Z""],""d"":3,""p"":2.782559402207126e-05}",
     17408,         0,         0,   0.027,pymatching,9805580b8e051a4265c8604318060372d751d1b656d0ca74ba2ce82fb46e46ec,"{""config"":[""Z0"",""Z""],""d"":5,""p"":2.782559402207126e-05}",
     20480,       527,         0,   0.028,pymatching,3feb67b4e6bef9bb381b203a8b2d25ed8804804eee232832be2f72cb9f5ef543,"{""config"":[""Z0"",""Z""],""d"":3,""p"":0.010366666666666666}",
     35840,       498,         0,   0.038,pymatching,5c7ea870a6c549136e3b6f8ddaeecac91106a8f6ab42142669b75ef3631ab64d,"{""config"":[""Z0"",""Z""],""d"":3,""p"":0.007515384615384615}",
     29696,       293,         0,   0.028,pymatching,3efce2e26921b385958e0b4dea9757001f3e4a02fe997d2c9c0fb8c12c9db369,"{""config"":[""Z0"",""Z""],""d"":3,""p"":0.00608974358974359}",
     11264,         2,         0,   0.029,pymatching,e986d2b79b80be3cf24fe2bbee1a2f0b42e12ebfbf61e1177c6587a928a39bc1,"{""config"":[""Z0"",""Z""],""d"":5,""p"":0.002169230769230769}",
     26624,       993,         0,   0.039,pymatching,07af2882ebfb9b1c29cb5c6dd6f14fd6c14ac52cbacdeeb10984d89dbfd7fff8,"{""config"":[""Z0"",""Z""],""d"":3,""p"":0.012861538461538462}",
     13312,         2,         0,   0.029,pymatching,95da8241892677a1febd902b9693f33a066978771f54fe810ea795a04054cdeb,"{""config"":[""Z0"",""Z""],""d"":5,""p"":0.0014564102564102565}",
    179200,         1,         0,   0.071,pymatching,6d6c1a356eaf597d0498311a77d111474e59ec6318c3eca1103810a040f141c7,"{""config"":[""Z0"",""Z""],""d"":3,""p"":4.641588833612782e-05}",
     47104,       261,         0,   0.037,pymatching,7d7a1b814fc2c0600ca870bb53a4557a04dc50137248d45d348cc987dd8fd551,"{""config"":[""Z0"",""Z""],""d"":3,""p"":0.004664102564102564}",
     92160,         0,         0,   0.036,pymatching,92735d188a9da2f76df20762bc103b0eac5e5df53e08a2959267e7d4d22c2ab5,"{""config"":[""Z0"",""Z""],""d"":3,""p"":1e-05}",
     36864,       142,         0,   0.027,pymatching,df5e556483e9b5f897867f756caa5349fd248c9124489c29bd837337da9b8415,"{""config"":[""Z0"",""Z""],""d"":3,""p"":0.003951282051282051}",
     29696,       643,         0,   0.038,pymatching,f6ddcd6b8882a9485a6c24a4031860b0b001c9fa39edbae6ecaafcaf67a31a2c,"{""config"":[""Z0"",""Z""],""d"":3,""p"":0.009653846153846153}",
     23552,      1080,         0,   0.038,pymatching,3a4627934b18e7a1537faff6f52420439a5f102804c689d1ddad2faa93fed3f8,"{""config"":[""Z0"",""Z""],""d"":3,""p"":0.014287179487179487}",
     39936,       487,         0,   0.038,pymatching,9d16665837f4e0fd9bc3f2a4c20adfca0f72bbcf3e1d6129d2b054490a7066ac,"{""config"":[""Z0"",""Z""],""d"":3,""p"":0.007158974358974359}",
     25600,      1011,         0,   0.039,pymatching,b62c3677ce590470f2244bd1d8ba90dd9afd2cdc082ae26dad084af1f8e0b1b7,"{""config"":[""Z0"",""Z""],""d"":3,""p"":0.013217948717948718}",
     24576,         0,         0,   0.038,pymatching,55d631a983676397dca6458b14b2050e779294910899f494138c11680d5a3a81,"{""config"":[""Z0"",""Z""],""d"":5,""p"":7.742636826811278e-05}",
     24576,         1,         0,   0.054,pymatching,5b273f9ec8ea7b72530ef207045ef0aaa96f2aeaae8c030ce7ed7ea948aa74d4,"{""config"":[""Z0"",""Z""],""d"":5,""p"":0.0011}",
     59392,       493,         0,   0.053,pymatching,33a9682eaedf8d40922d6e12250bb2d19ebf57dd0f19562563c4d15fb5ab3020,"{""config"":[""Z0"",""Z""],""d"":3,""p"":0.005733333333333333}",
     24576,         0,         0,   0.038,pymatching,44745f4fd1c9d3c646efc4a75cfdb5edb60063d939292747153380d5589d708e,"{""config"":[""Z0"",""Z""],""d"":5,""p"":4.641588833612782e-05}",
     30720,       637,         0,   0.038,pymatching,7c2fe379cae2b83654089f1aca9fa20e995416fa881f361648fe86922908991e,"{""config"":[""Z0"",""Z""],""d"":3,""p"":0.009297435897435898}",
     82944,       201,         0,   0.052,pymatching,25ecd08a191d9d467df50fb196bbe7a3b748ded3b74a800e95e48355c6e028aa,"{""config"":[""Z0"",""Z""],""d"":3,""p"":0.0028820512820512817}",
     16384,         0,         0,   0.029,pymatching,1195174d70b461e3b71898fd135bbe0c631acce029764a5a3bd90a4b3f212492,"{""config"":[""Z0"",""Z""],""d"":5,""p"":0.0001291549665014884}",
     23552,         0,         0,   0.038,pymatching,96d644a6f0f9bc1a372546fe5decbd4422912531fe2bd04f2dd73740bca917d3,"{""config"":[""Z0"",""Z""],""d"":5,""p"":0.00021544346900318823}",
     24576,         2,         0,   0.054,pymatching,bd3b752bc833fe8bfdffde7fe510e095aa035d029c4a46fce9ac05636154e154,"{""config"":[""Z0"",""Z""],""d"":5,""p"":0.001}",
    108544,        23,         0,   0.051,pymatching,378a0d8a22aad4bf388b91414d312443b51402aaba859b474dbe418524e2ce1c,"{""config"":[""Z0"",""Z""],""d"":3,""p"":0.001}",
    101376,         0,         0,   0.036,pymatching,dcc0ccebf9d196402bce88578e8ac05be2cecf4369503ebf81c5847f0c5e5b0c,"{""config"":[""Z0"",""Z""],""d"":3,""p"":1.6681005372000593e-05}",
     52224,       594,         0,   0.052,pymatching,c2cdab018f7049ed8016042f23354b26d89a1de4adfaa38f56ab62a1c45966f9,"{""config"":[""Z0"",""Z""],""d"":3,""p"":0.006802564102564103}",
     48128,      2028,         0,   0.074,pymatching,df8cf0e47306cd08f792c89793a6aa692d673389a80b06122c713404eba910ed,"{""config"":[""Z0"",""Z""],""d"":3,""p"":0.013574358974358974}",
     30720,       613,         0,   0.038,pymatching,28f9f0eeed30822103a828000683266deec8eaedddd294d2f0308486537cc9cb,"{""config"":[""Z0"",""Z""],""d"":3,""p"":0.00894102564102564}",
     24576,       834,         0,   0.038,pymatching,7f9e92c20fd11bb76cd0889bfc96d2fd136492fc7b3f6b348cdeecf64f1b1029,"{""config"":[""Z0"",""Z""],""d"":3,""p"":0.012148717948717948}",
     72704,        44,         0,   0.037,pymatching,e3690a49c0f5f497d196186a311e9c606a49336f977c2a120e7228bed6d113f7,"{""config"":[""Z0"",""Z""],""d"":3,""p"":0.0014564102564102565}",
     54272,       210,         0,   0.037,pymatching,ce279d9044a442162d7467d8690f5e135a4c8485e3ffe0f8ffc31e06961d1de6,"{""config"":[""Z0"",""Z""],""d"":3,""p"":0.0035948717948717946}",
     21504,         0,         0,   0.039,pymatching,b4b4fdfde03ca9ec68a840e823fa6e7481d6391d27eed57f2483af3dc02a25a8,"{""config"":[""Z0"",""Z""],""d"":5,""p"":0.0005994842503189409}",
     22528,         0,         0,   0.039,pymatching,a3a6b886a1c3cdaba8adda9c8ca4c2387efdf8e8ff8f54bd291abfb509f7a5e1,"{""config"":[""Z0"",""Z""],""d"":5,""p"":1e-05}",
     40960,       399,         0,   0.036,pymatching,3efce2e26921b385958e0b4dea9757001f3e4a02fe997d2c9c0fb8c12c9db369,"{""config"":[""Z0"",""Z""],""d"":3,""p"":0.00608974358974359}",
     31744,      1478,         0,   0.053,pymatching,2c2b3e1dde5fcb343deee10b064d158f0089ecd1ce1d32f2378d0306258aae51,"{""config"":[""Z0"",""Z""],""d"":3,""p"":0.014643589743589744}",
     81920,       225,         0,   0.052,pymatching,852f076e553167ebbe36e4716625ee8138db0df8210835dfa20b122ab992954a,"{""config"":[""Z0"",""Z""],""d"":3,""p"":0.003238461538461538}",
     11264,         3,         0,   0.029,pymatching,505fc6c7e8177b0d62f81733b47439cc3b77726a592ba5600d7473e2465ef9e1,"{""config"":[""Z0"",""Z""],""d"":5,""p"":0.0018128205128205128}",
     32768,       591,         0,   0.038,pymatching,b69bca9aa72fc509923f4f967d8759f7d9c12a8dc13ff68077b3824252a83b13,"{""config"":[""Z0"",""Z""],""d"":3,""p"":0.008584615384615385}",
     25600,       855,         0,   0.038,pymatching,d7ecdfc41e3b887ad276469bbdb4576ecd7f27bcede69b128c55b6272148566c,"{""config"":[""Z0"",""Z""],""d"":3,""p"":0.011792307692307692}",
     22528,         0,         0,   0.038,pymatching,cb6032376f39cb453213ed9ecdc87787687a768cc871b3ea652302449497acf9,"{""config"":[""Z0"",""Z""],""d"":5,""p"":1.6681005372000593e-05}",
     26624,       819,         0,   0.038,pymatching,7daa7f961427c285f2fd2aea71c5a570c528612e0fa6a0c7ff2890349cbb07b1,"{""config"":[""Z0"",""Z""],""d"":3,""p"":0.01107948717948718}",
     21504,         0,         0,   0.039,pymatching,8e15c8693f48124b9ac3f87e9f3320dd83113e51c19fa8aa3538394a28ccaa95,"{""config"":[""Z0"",""Z""],""d"":5,""p"":0.00035938136638046257}",
     96256,       165,         0,   0.052,pymatching,a35819281af8f956d044730ff382879f1e2425deebb1253635114f214184302f,"{""config"":[""Z0"",""Z""],""d"":3,""p"":0.0025256410256410257}",
     27648,       718,         0,   0.038,pymatching,98d82d54b95d70243a9bfa42ba9f3c0645ec9047c82c06169360ccf1c9b80c82,"{""config"":[""Z0"",""Z""],""d"":3,""p"":0.010723076923076922}",
     48128,      2055,         0,   0.075,pymatching,7696c9fc38b84feeebda0d451777a89e509ba30a317018d2b2799b7c7661fb63,"{""config"":[""Z0"",""Z""],""d"":3,""p"":0.01393076923076923}",
     51200,      1865,         0,   0.074,pymatching,e4f1fb20fe6c4114916157b6765a8f92430cb66cfb8fda3d60be29ff94b75814,"{""config"":[""Z0"",""Z""],""d"":3,""p"":0.012505128205128205}",
     29696,      1503,         0,   0.055,pymatching,67c4077b8331d413bfe855e981e052fb9071dc5db9e901b42b2f987c1eb16d27,"{""config"":[""Z0"",""Z""],""d"":3,""p"":0.014999999999999998}",
    139264,         0,         0,   0.051,pymatching,f3979af952b6828fe80c32dfbd7c69f34d2bb37564428009fed1df3c2f697cfa,"{""config"":[""Z0"",""Z""],""d"":3,""p"":0.0001291549665014884}",
     29696,       762,         0,   0.039,pymatching,3feb67b4e6bef9bb381b203a8b2d25ed8804804eee232832be2f72cb9f5ef543,"{""config"":[""Z0"",""Z""],""d"":3,""p"":0.010366666666666666}",
     65536,       449,         0,   0.053,pymatching,d52855015c8bc70e2d29522c97a3e850b4852de731069d3f9fecbf1345c94ecc,"{""config"":[""Z0"",""Z""],""d"":3,""p"":0.00502051282051282}",
     91136,       102,         0,   0.051,pymatching,70005e18bbfb556ed650f2484660ead964312e8bc36af28a74972997b34796a6,"{""config"":[""Z0"",""Z""],""d"":3,""p"":0.002169230769230769}",
     24576,         0,         0,   0.038,pymatching,9805580b8e051a4265c8604318060372d751d1b656d0ca74ba2ce82fb46e46ec,"{""config"":[""Z0"",""Z""],""d"":5,""p"":2.782559402207126e-05}",
     17408,         2,         0,   0.038,pymatching,95da8241892677a1febd902b9693f33a066978771f54fe810ea795a04054cdeb,"{""config"":[""Z0"",""Z""],""d"":5,""p"":0.0014564102564102565}",
    148480,       124,         0,   0.072,pymatching,2fab86d6f8edc460d5d0e5f4e1a1cef42023085bfe8bed11a8dc9b6df547284b,"{""config"":[""Z0"",""Z""],""d"":3,""p"":0.0018128205128205128}",
     15360,         4,         0,   0.040,pymatching,e986d2b79b80be3cf24fe2bbee1a2f0b42e12ebfbf61e1177c6587a928a39bc1,"{""config"":[""Z0"",""Z""],""d"":5,""p"":0.002169230769230769}",
     54272,       246,         0,   0.038,pymatching,df5e556483e9b5f897867f756caa5349fd248c9124489c29bd837337da9b8415,"{""config"":[""Z0"",""Z""],""d"":3,""p"":0.003951282051282051}",
     67584,       502,         0,   0.053,pymatching,80803bbd4fbf1196b1900684e3d196102e7badc02af86683e042a64ea5e86013,"{""config"":[""Z0"",""Z""],""d"":3,""p"":0.005376923076923077}",
     70656,       337,         0,   0.052,pymatching,d478e3fe7430328ab5677c8a21e651d874d5cd47c273bc9378ed09c85a03d8dc,"{""config"":[""Z0"",""Z""],""d"":3,""p"":0.0043076923076923075}",
     49152,       742,         0,   0.052,pymatching,f37279e97fdcde61d4462abd537ffcc7f2966d264a9327fc5f349ac6eeaa1a48,"{""config"":[""Z0"",""Z""],""d"":3,""p"":0.007871794871794872}",
    132096,         1,         0,   0.051,pymatching,b346bb8a23657142ddd978c0a58e532bbef3cfbdf1a206319241fcca3d6e6fbb,"{""config"":[""Z0"",""Z""],""d"":3,""p"":7.742636826811278e-05}",
     50176,       826,         0,   0.052,pymatching,fa419ea54da6be8d4864583870aa24674a62513f6e7eba3b83091700ae5e2b57,"{""config"":[""Z0"",""Z""],""d"":3,""p"":0.008228205128205128}",
    136192,         0,         0,   0.051,pymatching,9c6961b743f1370558e47da27abe98ca620d7ed424367f0effeae0c49bfa3a7b,"{""config"":[""Z0"",""Z""],""d"":3,""p"":0.00021544346900318823}",
    134144,         0,         0,   0.051,pymatching,1658a0a13cc4a12ccd188fd47b3db0d62c2951535251ba73627e65f7e976e347,"{""config"":[""Z0"",""Z""],""d"":3,""p"":2.782559402207126e-05}",
     14336,         0,         0,   0.023,pymatching,1195174d70b461e3b71898fd135bbe0c631acce029764a5a3bd90a4b3f212492,"{""config"":[""Z0"",""Z""],""d"":5,""p"":0.0001291549665014884}",
     55296,      1705,         0,   0.074,pymatching,33319ff3d2068cf93bf185ecd2d95ace6edee9f6c08c5a38a4d79e2db54b4c92,"{""config"":[""Z0"",""Z""],""d"":3,""p"":0.011435897435897435}",
    111616,        39,         0,   0.051,pymatching,d580e217a4bbcdd26dac6a81c9365c8591b5965e507200842f073eddd4aadcd1,"{""config"":[""Z0"",""Z""],""d"":3,""p"":0.0011}",
         1,         0,         0,   0.000,pymatching,1787e04038e6f1ee06d40376b8b599c8792a6e2ca6aa4ced53cc966f0e28d55f,"{""config"":[""Z0"",""Z""],""d"":3,""p"":0.0005994842503189409}",
     52224,       728,         0,   0.053,pymatching,5c7ea870a6c549136e3b6f8ddaeecac91106a8f6ab42142669b75ef3631ab64d,"{""config"":[""Z0"",""Z""],""d"":3,""p"":0.007515384615384615}",
     35840,      1388,         0,   0.053,pymatching,07af2882ebfb9b1c29cb5c6dd6f14fd6c14ac52cbacdeeb10984d89dbfd7fff8,"{""config"":[""Z0"",""Z""],""d"":3,""p"":0.012861538461538462}",
     69632,       364,         0,   0.052,pymatching,7d7a1b814fc2c0600ca870bb53a4557a04dc50137248d45d348cc987dd8fd551,"{""config"":[""Z0"",""Z""],""d"":3,""p"":0.004664102564102564}",
    135168,         0,         0,   0.051,pymatching,92735d188a9da2f76df20762bc103b0eac5e5df53e08a2959267e7d4d22c2ab5,"{""config"":[""Z0"",""Z""],""d"":3,""p"":1e-05}",
     43008,       989,         0,   0.053,pymatching,f6ddcd6b8882a9485a6c24a4031860b0b001c9fa39edbae6ecaafcaf67a31a2c,"{""config"":[""Z0"",""Z""],""d"":3,""p"":0.009653846153846153}",
     32768,      1493,         0,   0.053,pymatching,3a4627934b18e7a1537faff6f52420439a5f102804c689d1ddad2faa93fed3f8,"{""config"":[""Z0"",""Z""],""d"":3,""p"":0.014287179487179487}",
     55296,       760,         0,   0.052,pymatching,9d16665837f4e0fd9bc3f2a4c20adfca0f72bbcf3e1d6129d2b054490a7066ac,"{""config"":[""Z0"",""Z""],""d"":3,""p"":0.007158974358974359}",
     33792,         0,         0,   0.053,pymatching,55d631a983676397dca6458b14b2050e779294910899f494138c11680d5a3a81,"{""config"":[""Z0"",""Z""],""d"":5,""p"":7.742636826811278e-05}",
     79872,       847,         0,   0.074,pymatching,6945d297547052498ef2fa1f24e434c00229d52d289f37ba2ae4b3e77662e772,"{""config"":[""Z0"",""Z""],""d"":3,""p"":0.006446153846153846}",
     35840,      1394,         0,   0.054,pymatching,b62c3677ce590470f2244bd1d8ba90dd9afd2cdc082ae26dad084af1f8e0b1b7,"{""config"":[""Z0"",""Z""],""d"":3,""p"":0.013217948717948718}",
      9216,         1,         0,   0.023,pymatching,505fc6c7e8177b0d62f81733b47439cc3b77726a592ba5600d7473e2465ef9e1,"{""config"":[""Z0"",""Z""],""d"":5,""p"":0.0018128205128205128}",
     61440,      1507,         0,   0.075,pymatching,613c353953f02d3135e7fc886c170ac1f912c4abd7adc1c8a290b027899c7ca5,"{""config"":[""Z0"",""Z""],""d"":3,""p"":0.010010256410256409}",
     22528,         0,         0,   0.037,pymatching,44745f4fd1c9d3c646efc4a75cfdb5edb60063d939292747153380d5589d708e,"{""config"":[""Z0"",""Z""],""d"":5,""p"":4.641588833612782e-05}",
     33792,       862,         0,   0.045,pymatching,98d82d54b95d70243a9bfa42ba9f3c0645ec9047c82c06169360ccf1c9b80c82,"{""config"":[""Z0"",""Z""],""d"":3,""p"":0.010723076923076922}",
     31744,       648,         0,   0.037,pymatching,7c2fe379cae2b83654089f1aca9fa20e995416fa881f361648fe86922908991e,"{""config"":[""Z0"",""Z""],""d"":3,""p"":0.009297435897435898}",
     23552,         0,         0,   0.039,pymatching,96d644a6f0f9bc1a372546fe5decbd4422912531fe2bd04f2dd73740bca917d3,"{""config"":[""Z0"",""Z""],""d"":5,""p"":0.00021544346900318823}",
    102400,         0,         0,   0.037,pymatching,dcc0ccebf9d196402bce88578e8ac05be2cecf4369503ebf81c5847f0c5e5b0c,"{""config"":[""Z0"",""Z""],""d"":3,""p"":1.6681005372000593e-05}",
        16,         0,         0,   0.000,pymatching,1787e04038e6f1ee06d40376b8b599c8792a6e2ca6aa4ced53cc966f0e28d55f,"{""config"":[""Z0"",""Z""],""d"":3,""p"":0.0005994842503189409}",
     37888,       729,         0,   0.044,pymatching,28f9f0eeed30822103a828000683266deec8eaedddd294d2f0308486537cc9cb,"{""config"":[""Z0"",""Z""],""d"":3,""p"":0.00894102564102564}",
     66560,       235,         0,   0.043,pymatching,ce279d9044a442162d7467d8690f5e135a4c8485e3ffe0f8ffc31e06961d1de6,"{""config"":[""Z0"",""Z""],""d"":3,""p"":0.0035948717948717946}",
     90112,        49,         0,   0.043,pymatching,e3690a49c0f5f497d196186a311e9c606a49336f977c2a120e7228bed6d113f7,"{""config"":[""Z0"",""Z""],""d"":3,""p"":0.0014564102564102565}",
     30720,      1084,         0,   0.045,pymatching,7f9e92c20fd11bb76cd0889bfc96d2fd136492fc7b3f6b348cdeecf64f1b1029,"{""config"":[""Z0"",""Z""],""d"":3,""p"":0.012148717948717948}",
     21504,         0,         0,   0.035,pymatching,a3a6b886a1c3cdaba8adda9c8ca4c2387efdf8e8ff8f54bd291abfb509f7a5e1,"{""config"":[""Z0"",""Z""],""d"":5,""p"":1e-05}",
     25600,         0,         0,   0.046,pymatching,b4b4fdfde03ca9ec68a840e823fa6e7481d6391d27eed57f2483af3dc02a25a8,"{""config"":[""Z0"",""Z""],""d"":5,""p"":0.0005994842503189409}",
    262144,        16,         0,   0.100,pymatching,2656e86d2e2514569ab6db988c56fcaf77d153da006b9b42ecd659c71c49436c,"{""config"":[""Z0"",""Z""],""d"":3,""p"":0.00035938136638046257}",
     27648,       866,         0,   0.040,pymatching,d7ecdfc41e3b887ad276469bbdb4576ecd7f27bcede69b128c55b6272148566c,"{""config"":[""Z0"",""Z""],""d"":3,""p"":0.011792307692307692}",
     25600,         0,         0,   0.042,pymatching,cb6032376f39cb453213ed9ecdc87787687a768cc871b3ea652302449497acf9,"{""config"":[""Z0"",""Z""],""d"":5,""p"":1.6681005372000593e-05}",
     35840,         3,         0,   0.075,pymatching,5b273f9ec8ea7b72530ef207045ef0aaa96f2aeaae8c030ce7ed7ea948aa74d4,"{""config"":[""Z0"",""Z""],""d"":5,""p"":0.0011}",
     30720,       914,         0,   0.044,pymatching,7daa7f961427c285f2fd2aea71c5a570c528612e0fa6a0c7ff2890349cbb07b1,"{""config"":[""Z0"",""Z""],""d"":3,""p"":0.01107948717948718}",
     87040,       757,         0,   0.073,pymatching,33a9682eaedf8d40922d6e12250bb2d19ebf57dd0f19562563c4d15fb5ab3020,"{""config"":[""Z0"",""Z""],""d"":3,""p"":0.005733333333333333}",
     25600,         0,         0,   0.045,pymatching,8e15c8693f48124b9ac3f87e9f3320dd83113e51c19fa8aa3538394a28ccaa95,"{""config"":[""Z0"",""Z""],""d"":5,""p"":0.00035938136638046257}",
     34816,       602,         0,   0.039,pymatching,b69bca9aa72fc509923f4f967d8759f7d9c12a8dc13ff68077b3824252a83b13,"{""config"":[""Z0"",""Z""],""d"":3,""p"":0.008584615384615385}",
     96256,       222,         0,   0.056,pymatching,25ecd08a191d9d467df50fb196bbe7a3b748ded3b74a800e95e48355c6e028aa,"{""config"":[""Z0"",""Z""],""d"":3,""p"":0.0028820512820512817}",
     29696,         3,         0,   0.059,pymatching,bd3b752bc833fe8bfdffde7fe510e095aa035d029c4a46fce9ac05636154e154,"{""config"":[""Z0"",""Z""],""d"":5,""p"":0.001}",
    131072,        33,         0,   0.058,pymatching,378a0d8a22aad4bf388b91414d312443b51402aaba859b474dbe418524e2ce1c,"{""config"":[""Z0"",""Z""],""d"":3,""p"":0.001}",
     23552,         0,         0,   0.037,pymatching,9805580b8e051a4265c8604318060372d751d1b656d0ca74ba2ce82fb46e46ec,"{""config"":[""Z0"",""Z""],""d"":5,""p"":2.782559402207126e-05}",
     65536,       769,         0,   0.062,pymatching,c2cdab018f7049ed8016042f23354b26d89a1de4adfaa38f56ab62a1c45966f9,"{""config"":[""Z0"",""Z""],""d"":3,""p"":0.006802564102564103}",
     29696,       771,         0,   0.037,pymatching,3feb67b4e6bef9bb381b203a8b2d25ed8804804eee232832be2f72cb9f5ef543,"{""config"":[""Z0"",""Z""],""d"":3,""p"":0.010366666666666666}",
     59392,       570,         0,   0.053,pymatching,3efce2e26921b385958e0b4dea9757001f3e4a02fe997d2c9c0fb8c12c9db369,"{""config"":[""Z0"",""Z""],""d"":3,""p"":0.00608974358974359}",
     18432,         2,         0,   0.041,pymatching,95da8241892677a1febd902b9693f33a066978771f54fe810ea795a04054cdeb,"{""config"":[""Z0"",""Z""],""d"":5,""p"":0.0014564102564102565}",
      8448,         0,         0,   0.011,pymatching,1787e04038e6f1ee06d40376b8b599c8792a6e2ca6aa4ced53cc966f0e28d55f,"{""config"":[""Z0"",""Z""],""d"":3,""p"":0.0005994842503189409}",
     60416,       224,         0,   0.041,pymatching,df5e556483e9b5f897867f756caa5349fd248c9124489c29bd837337da9b8415,"{""config"":[""Z0"",""Z""],""d"":3,""p"":0.003951282051282051}",
     16384,         6,         0,   0.043,pymatching,e986d2b79b80be3cf24fe2bbee1a2f0b42e12ebfbf61e1177c6587a928a39bc1,"{""config"":[""Z0"",""Z""],""d"":5,""p"":0.002169230769230769}",
     78848,       113,         0,   0.042,pymatching,70005e18bbfb556ed650f2484660ead964312e8bc36af28a74972997b34796a6,"{""config"":[""Z0"",""Z""],""d"":3,""p"":0.002169230769230769}",
    116736,       209,         0,   0.063,pymatching,a35819281af8f956d044730ff382879f1e2425deebb1253635114f214184302f,"{""config"":[""Z0"",""Z""],""d"":3,""p"":0.0025256410256410257}",
     62464,       958,         0,   0.066,pymatching,f37279e97fdcde61d4462abd537ffcc7f2966d264a9327fc5f349ac6eeaa1a48,"{""config"":[""Z0"",""Z""],""d"":3,""p"":0.007871794871794872}",
    264192,         1,         0,   0.099,pymatching,6d6c1a356eaf597d0498311a77d111474e59ec6318c3eca1103810a040f141c7,"{""config"":[""Z0"",""Z""],""d"":3,""p"":4.641588833612782e-05}",
     39936,      1898,         0,   0.070,pymatching,67c4077b8331d413bfe855e981e052fb9071dc5db9e901b42b2f987c1eb16d27,"{""config"":[""Z0"",""Z""],""d"":3,""p"":0.014999999999999998}",
    148480,         0,         0,   0.054,pymatching,f3979af952b6828fe80c32dfbd7c69f34d2bb37564428009fed1df3c2f697cfa,"{""config"":[""Z0"",""Z""],""d"":3,""p"":0.0001291549665014884}",
     75776,       466,         0,   0.059,pymatching,d52855015c8bc70e2d29522c97a3e850b4852de731069d3f9fecbf1345c94ecc,"{""config"":[""Z0"",""Z""],""d"":3,""p"":0.00502051282051282}",
    117760,       337,         0,   0.073,pymatching,852f076e553167ebbe36e4716625ee8138db0df8210835dfa20b122ab992954a,"{""config"":[""Z0"",""Z""],""d"":3,""p"":0.003238461538461538}",
     59392,      2462,         0,   0.092,pymatching,df8cf0e47306cd08f792c89793a6aa692d673389a80b06122c713404eba910ed,"{""config"":[""Z0"",""Z""],""d"":3,""p"":0.013574358974358974}",
     45056,      2119,         0,   0.075,pymatching,2c2b3e1dde5fcb343deee10b064d158f0089ecd1ce1d32f2378d0306258aae51,"{""config"":[""Z0"",""Z""],""d"":3,""p"":0.014643589743589744}",
     13312,         4,         0,   0.033,pymatching,505fc6c7e8177b0d62f81733b47439cc3b77726a592ba5600d7473e2465ef9e1,"{""config"":[""Z0"",""Z""],""d"":5,""p"":0.0018128205128205128}",
    168960,         0,         0,   0.063,pymatching,b346bb8a23657142ddd978c0a58e532bbef3cfbdf1a206319241fcca3d6e6fbb,"{""config"":[""Z0"",""Z""],""d"":3,""p"":7.742636826811278e-05}",
     21504,         0,         0,   0.035,pymatching,1195174d70b461e3b71898fd135bbe0c631acce029764a5a3bd90a4b3f212492,"{""config"":[""Z0"",""Z""],""d"":5,""p"":0.0001291549665014884}",
     81920,       528,         0,   0.064,pymatching,80803bbd4fbf1196b1900684e3d196102e7badc02af86683e042a64ea5e86013,"{""config"":[""Z0"",""Z""],""d"":3,""p"":0.005376923076923077}",
     90112,       476,         0,   0.065,pymatching,d478e3fe7430328ab5677c8a21e651d874d5cd47c273bc9378ed09c85a03d8dc,"{""config"":[""Z0"",""Z""],""d"":3,""p"":0.0043076923076923075}",
      6144,         0,         0,   0.003,pymatching,1787e04038e6f1ee06d40376b8b599c8792a6e2ca6aa4ced53cc966f0e28d55f,"{""config"":[""Z0"",""Z""],""d"":3,""p"":0.0005994842503189409}",
     66560,      1091,         0,   0.070,pymatching,fa419ea54da6be8d4864583870aa24674a62513f6e7eba3b83091700ae5e2b57,"{""config"":[""Z0"",""Z""],""d"":3,""p"":0.008228205128205128}",
    140288,         3,         0,   0.052,pymatching,9c6961b743f1370558e47da27abe98ca620d7ed424367f0effeae0c49bfa3a7b,"{""config"":[""Z0"",""Z""],""d"":3,""p"":0.00021544346900318823}",
    116736,        32,         0,   0.053,pymatching,d580e217a4bbcdd26dac6a81c9365c8591b5965e507200842f073eddd4aadcd1,"{""config"":[""Z0"",""Z""],""d"":3,""p"":0.0011}",
    140288,         0,         0,   0.052,pymatching,1658a0a13cc4a12ccd188fd47b3db0d62c2951535251ba73627e65f7e976e347,"{""config"":[""Z0"",""Z""],""d"":3,""p"":2.782559402207126e-05}",
     57344,       855,         0,   0.058,pymatching,5c7ea870a6c549136e3b6f8ddaeecac91106a8f6ab42142669b75ef3631ab64d,"{""config"":[""Z0"",""Z""],""d"":3,""p"":0.007515384615384615}",
     78848,       476,         0,   0.059,pymatching,7d7a1b814fc2c0600ca870bb53a4557a04dc50137248d45d348cc987dd8fd551,"{""config"":[""Z0"",""Z""],""d"":3,""p"":0.004664102564102564}",
     40960,      1666,         0,   0.061,pymatching,07af2882ebfb9b1c29cb5c6dd6f14fd6c14ac52cbacdeeb10984d89dbfd7fff8,"{""config"":[""Z0"",""Z""],""d"":3,""p"":0.012861538461538462}",
    156672,         0,         0,   0.058,pymatching,92735d188a9da2f76df20762bc103b0eac5e5df53e08a2959267e7d4d22c2ab5,"{""config"":[""Z0"",""Z""],""d"":3,""p"":1e-05}",
     51200,      1148,         0,   0.062,pymatching,f6ddcd6b8882a9485a6c24a4031860b0b001c9fa39edbae6ecaafcaf67a31a2c,"{""config"":[""Z0"",""Z""],""d"":3,""p"":0.009653846153846153}",
     66560,       857,         0,   0.063,pymatching,9d16665837f4e0fd9bc3f2a4c20adfca0f72bbcf3e1d6129d2b054490a7066ac,"{""config"":[""Z0"",""Z""],""d"":3,""p"":0.007158974358974359}",
     29696,         0,         0,   0.055,pymatching,44745f4fd1c9d3c646efc4a75cfdb5edb60063d939292747153380d5589d708e,"{""config"":[""Z0"",""Z""],""d"":5,""p"":4.641588833612782e-05}",
     40960,         0,         0,   0.064,pymatching,55d631a983676397dca6458b14b2050e779294910899f494138c11680d5a3a81,"{""config"":[""Z0"",""Z""],""d"":5,""p"":7.742636826811278e-05}",
     60416,      2654,         0,   0.096,pymatching,7696c9fc38b84feeebda0d451777a89e509ba30a317018d2b2799b7c7661fb63,"{""config"":[""Z0"",""Z""],""d"":3,""p"":0.01393076923076923}",
     33792,      1286,         0,   0.052,pymatching,b62c3677ce590470f2244bd1d8ba90dd9afd2cdc082ae26dad084af1f8e0b1b7,"{""config"":[""Z0"",""Z""],""d"":3,""p"":0.013217948717948718}",
     48128,      1208,         0,   0.063,pymatching,3feb67b4e6bef9bb381b203a8b2d25ed8804804eee232832be2f72cb9f5ef543,"{""config"":[""Z0"",""Z""],""d"":3,""p"":0.010366666666666666}",
     67584,      2447,         0,   0.098,pymatching,e4f1fb20fe6c4114916157b6765a8f92430cb66cfb8fda3d60be29ff94b75814,"{""config"":[""Z0"",""Z""],""d"":3,""p"":0.012505128205128205}",
     39936,      1837,         0,   0.064,pymatching,3a4627934b18e7a1537faff6f52420439a5f102804c689d1ddad2faa93fed3f8,"{""config"":[""Z0"",""Z""],""d"":3,""p"":0.014287179487179487}",
    150528,         0,         0,   0.054,pymatching,dcc0ccebf9d196402bce88578e8ac05be2cecf4369503ebf81c5847f0c5e5b0c,"{""config"":[""Z0"",""Z""],""d"":3,""p"":1.6681005372000593e-05}",
     34816,         0,         0,   0.057,pymatching,96d644a6f0f9bc1a372546fe5decbd4422912531fe2bd04f2dd73740bca917d3,"{""config"":[""Z0"",""Z""],""d"":5,""p"":0.00021544346900318823}",
    182272,       173,         0,   0.089,pymatching,2fab86d6f8edc460d5d0e5f4e1a1cef42023085bfe8bed11a8dc9b6df547284b,"{""config"":[""Z0"",""Z""],""d"":3,""p"":0.0018128205128205128}",
     53248,      1034,         0,   0.061,pymatching,28f9f0eeed30822103a828000683266deec8eaedddd294d2f0308486537cc9cb,"{""config"":[""Z0"",""Z""],""d"":3,""p"":0.00894102564102564}",
     92160,       324,         0,   0.061,pymatching,ce279d9044a442162d7467d8690f5e135a4c8485e3ffe0f8ffc31e06961d1de6,"{""config"":[""Z0"",""Z""],""d"":3,""p"":0.0035948717948717946}",
    125952,        68,         0,   0.060,pymatching,e3690a49c0f5f497d196186a311e9c606a49336f977c2a120e7228bed6d113f7,"{""config"":[""Z0"",""Z""],""d"":3,""p"":0.0014564102564102565}",
     43008,      1419,         0,   0.063,pymatching,7f9e92c20fd11bb76cd0889bfc96d2fd136492fc7b3f6b348cdeecf64f1b1029,"{""config"":[""Z0"",""Z""],""d"":3,""p"":0.012148717948717948}",
     35840,         0,         0,   0.065,pymatching,b4b4fdfde03ca9ec68a840e823fa6e7481d6391d27eed57f2483af3dc02a25a8,"{""config"":[""Z0"",""Z""],""d"":5,""p"":0.0005994842503189409}",
     39936,         0,         0,   0.065,pymatching,a3a6b886a1c3cdaba8adda9c8ca4c2387efdf8e8ff8f54bd291abfb509f7a5e1,"{""config"":[""Z0"",""Z""],""d"":5,""p"":1e-05}",
     44032,       832,         0,   0.050,pymatching,b69bca9aa72fc509923f4f967d8759f7d9c12a8dc13ff68077b3824252a83b13,"{""config"":[""Z0"",""Z""],""d"":3,""p"":0.008584615384615385}",
     34816,      1160,         0,   0.051,pymatching,d7ecdfc41e3b887ad276469bbdb4576ecd7f27bcede69b128c55b6272148566c,"{""config"":[""Z0"",""Z""],""d"":3,""p"":0.011792307692307692}",
     63488,      1928,         0,   0.085,pymatching,33319ff3d2068cf93bf185ecd2d95ace6edee9f6c08c5a38a4d79e2db54b4c92,"{""config"":[""Z0"",""Z""],""d"":3,""p"":0.011435897435897435}",
     32768,         0,         0,   0.054,pymatching,cb6032376f39cb453213ed9ecdc87787687a768cc871b3ea652302449497acf9,"{""config"":[""Z0"",""Z""],""d"":5,""p"":1.6681005372000593e-05}",
     39936,      1126,         0,   0.055,pymatching,7daa7f961427c285f2fd2aea71c5a570c528612e0fa6a0c7ff2890349cbb07b1,"{""config"":[""Z0"",""Z""],""d"":3,""p"":0.01107948717948718}",
     31744,         0,         0,   0.056,pymatching,8e15c8693f48124b9ac3f87e9f3320dd83113e51c19fa8aa3538394a28ccaa95,"{""config"":[""Z0"",""Z""],""d"":5,""p"":0.00035938136638046257}",
     56320,      1558,         0,   0.075,pymatching,98d82d54b95d70243a9bfa42ba9f3c0645ec9047c82c06169360ccf1c9b80c82,"{""config"":[""Z0"",""Z""],""d"":3,""p"":0.010723076923076922}",
     20480,         3,         0,   0.016,pymatching,1787e04038e6f1ee06d40376b8b599c8792a6e2ca6aa4ced53cc966f0e28d55f,"{""config"":[""Z0"",""Z""],""d"":3,""p"":0.0005994842503189409}",
     26624,      1154,         0,   0.041,pymatching,df8cf0e47306cd08f792c89793a6aa692d673389a80b06122c713404eba910ed,"{""config"":[""Z0"",""Z""],""d"":3,""p"":0.013574358974358974}",
     39936,         0,         0,   0.063,pymatching,9805580b8e051a4265c8604318060372d751d1b656d0ca74ba2ce82fb46e46ec,"{""config"":[""Z0"",""Z""],""d"":5,""p"":2.782559402207126e-05}",
    102400,      1092,         0,   0.094,pymatching,6945d297547052498ef2fa1f24e434c00229d52d289f37ba2ae4b3e77662e772,"{""config"":[""Z0"",""Z""],""d"":3,""p"":0.006446153846153846}",
     46080,       999,         0,   0.055,pymatching,7c2fe379cae2b83654089f1aca9fa20e995416fa881f361648fe86922908991e,"{""config"":[""Z0"",""Z""],""d"":3,""p"":0.009297435897435898}",
     70656,       651,         0,   0.064,pymatching,3efce2e26921b385958e0b4dea9757001f3e4a02fe997d2c9c0fb8c12c9db369,"{""config"":[""Z0"",""Z""],""d"":3,""p"":0.00608974358974359}",
     68608,      1652,         0,   0.083,pymatching,613c353953f02d3135e7fc886c170ac1f912c4abd7adc1c8a290b027899c7ca5,"{""config"":[""Z0"",""Z""],""d"":3,""p"":0.010010256410256409}",
    146735,         3,         0,   0.064,pymatching,2656e86d2e2514569ab6db988c56fcaf77d153da006b9b42ecd659c71c49436c,"{""config"":[""Z0"",""Z""],""d"":3,""p"":0.00035938136638046257}",
     22528,         4,         0,   0.050,pymatching,95da8241892677a1febd902b9693f33a066978771f54fe810ea795a04054cdeb,"{""config"":[""Z0"",""Z""],""d"":5,""p"":0.0014564102564102565}",
     70656,       283,         0,   0.049,pymatching,df5e556483e9b5f897867f756caa5349fd248c9124489c29bd837337da9b8415,"{""config"":[""Z0"",""Z""],""d"":3,""p"":0.003951282051282051}",
     20480,         5,         0,   0.053,pymatching,e986d2b79b80be3cf24fe2bbee1a2f0b42e12ebfbf61e1177c6587a928a39bc1,"{""config"":[""Z0"",""Z""],""d"":5,""p"":0.002169230769230769}",
    154624,       424,         0,   0.096,pymatching,852f076e553167ebbe36e4716625ee8138db0df8210835dfa20b122ab992954a,"{""config"":[""Z0"",""Z""],""d"":3,""p"":0.003238461538461538}",
    169263,         0,         0,   0.064,pymatching,6d6c1a356eaf597d0498311a77d111474e59ec6318c3eca1103810a040f141c7,"{""config"":[""Z0"",""Z""],""d"":3,""p"":4.641588833612782e-05}",
     99328,       853,         0,   0.085,pymatching,33a9682eaedf8d40922d6e12250bb2d19ebf57dd0f19562563c4d15fb5ab3020,"{""config"":[""Z0"",""Z""],""d"":3,""p"":0.005733333333333333}",
     40960,         0,         0,   0.086,pymatching,5b273f9ec8ea7b72530ef207045ef0aaa96f2aeaae8c030ce7ed7ea948aa74d4,"{""config"":[""Z0"",""Z""],""d"":5,""p"":0.0011}",
    144384,       332,         0,   0.085,pymatching,25ecd08a191d9d467df50fb196bbe7a3b748ded3b74a800e95e48355c6e028aa,"{""config"":[""Z0"",""Z""],""d"":3,""p"":0.0028820512820512817}",
     45056,         1,         0,   0.089,pymatching,bd3b752bc833fe8bfdffde7fe510e095aa035d029c4a46fce9ac05636154e154,"{""config"":[""Z0"",""Z""],""d"":5,""p"":0.001}",
    192512,        66,         0,   0.086,pymatching,378a0d8a22aad4bf388b91414d312443b51402aaba859b474dbe418524e2ce1c,"{""config"":[""Z0"",""Z""],""d"":3,""p"":0.001}",
     29696,        11,         0,   0.073,pymatching,505fc6c7e8177b0d62f81733b47439cc3b77726a592ba5600d7473e2465ef9e1,"{""config"":[""Z0"",""Z""],""d"":5,""p"":0.0018128205128205128}",
     96256,      1124,         0,   0.091,pymatching,c2cdab018f7049ed8016042f23354b26d89a1de4adfaa38f56ab62a1c45966f9,"{""config"":[""Z0"",""Z""],""d"":3,""p"":0.006802564102564103}",
     21504,       909,         0,   0.034,pymatching,7696c9fc38b84feeebda0d451777a89e509ba30a317018d2b2799b7c7661fb63,"{""config"":[""Z0"",""Z""],""d"":3,""p"":0.01393076923076923}",
     57344,      2744,         0,   0.098,pymatching,2c2b3e1dde5fcb343deee10b064d158f0089ecd1ce1d32f2378d0306258aae51,"{""config"":[""Z0"",""Z""],""d"":3,""p"":0.014643589743589744}",
    145408,       167,         0,   0.078,pymatching,70005e18bbfb556ed650f2484660ead964312e8bc36af28a74972997b34796a6,"{""config"":[""Z0"",""Z""],""d"":3,""p"":0.002169230769230769}",
    244736,         0,         0,   0.090,pymatching,f3979af952b6828fe80c32dfbd7c69f34d2bb37564428009fed1df3c2f697cfa,"{""config"":[""Z0"",""Z""],""d"":3,""p"":0.0001291549665014884}",
     54272,      2757,         0,   0.095,pymatching,67c4077b8331d413bfe855e981e052fb9071dc5db9e901b42b2f987c1eb16d27,"{""config"":[""Z0"",""Z""],""d"":3,""p"":0.014999999999999998}",
     40960,         1,         0,   0.032,pymatching,1787e04038e6f1ee06d40376b8b599c8792a6e2ca6aa4ced53cc966f0e28d55f,"{""config"":[""Z0"",""Z""],""d"":3,""p"":0.0005994842503189409}",
    108544,       714,         0,   0.095,pymatching,d52855015c8bc70e2d29522c97a3e850b4852de731069d3f9fecbf1345c94ecc,"{""config"":[""Z0"",""Z""],""d"":3,""p"":0.00502051282051282}",
     24576,         0,         0,   0.041,pymatching,1195174d70b461e3b71898fd135bbe0c631acce029764a5a3bd90a4b3f212492,"{""config"":[""Z0"",""Z""],""d"":5,""p"":0.0001291549665014884}",
    158720,       285,         0,   0.086,pymatching,a35819281af8f956d044730ff382879f1e2425deebb1253635114f214184302f,"{""config"":[""Z0"",""Z""],""d"":3,""p"":0.0025256410256410257}",
    105472,       785,         0,   0.082,pymatching,80803bbd4fbf1196b1900684e3d196102e7badc02af86683e042a64ea5e86013,"{""config"":[""Z0"",""Z""],""d"":3,""p"":0.005376923076923077}",
    114688,       562,         0,   0.083,pymatching,d478e3fe7430328ab5677c8a21e651d874d5cd47c273bc9378ed09c85a03d8dc,"{""config"":[""Z0"",""Z""],""d"":3,""p"":0.0043076923076923075}",
     97280,      1513,         0,   0.103,pymatching,f37279e97fdcde61d4462abd537ffcc7f2966d264a9327fc5f349ac6eeaa1a48,"{""config"":[""Z0"",""Z""],""d"":3,""p"":0.007871794871794872}",
    211968,         2,         0,   0.082,pymatching,b346bb8a23657142ddd978c0a58e532bbef3cfbdf1a206319241fcca3d6e6fbb,"{""config"":[""Z0"",""Z""],""d"":3,""p"":7.742636826811278e-05}",
    229376,         2,         0,   0.085,pymatching,9c6961b743f1370558e47da27abe98ca620d7ed424367f0effeae0c49bfa3a7b,"{""config"":[""Z0"",""Z""],""d"":3,""p"":0.00021544346900318823}",
    231424,         0,         0,   0.086,pymatching,1658a0a13cc4a12ccd188fd47b3db0d62c2951535251ba73627e65f7e976e347,"{""config"":[""Z0"",""Z""],""d"":3,""p"":2.782559402207126e-05}",
     86016,      1380,         0,   0.089,pymatching,fa419ea54da6be8d4864583870aa24674a62513f6e7eba3b83091700ae5e2b57,"{""config"":[""Z0"",""Z""],""d"":3,""p"":0.008228205128205128}",
    193536,        73,         0,   0.087,pymatching,d580e217a4bbcdd26dac6a81c9365c8591b5965e507200842f073eddd4aadcd1,"{""config"":[""Z0"",""Z""],""d"":3,""p"":0.0011}",
     92160,      1291,         0,   0.093,pymatching,5c7ea870a6c549136e3b6f8ddaeecac91106a8f6ab42142669b75ef3631ab64d,"{""config"":[""Z0"",""Z""],""d"":3,""p"":0.007515384615384615}",
    124928,       735,         0,   0.093,pymatching,7d7a1b814fc2c0600ca870bb53a4557a04dc50137248d45d348cc987dd8fd551,"{""config"":[""Z0"",""Z""],""d"":3,""p"":0.004664102564102564}",
    248832,         0,         0,   0.091,pymatching,92735d188a9da2f76df20762bc103b0eac5e5df53e08a2959267e7d4d22c2ab5,"{""config"":[""Z0"",""Z""],""d"":3,""p"":1e-05}",
     48128,      1691,         0,   0.069,pymatching,e4f1fb20fe6c4114916157b6765a8f92430cb66cfb8fda3d60be29ff94b75814,"{""config"":[""Z0"",""Z""],""d"":3,""p"":0.012505128205128205}",
     65536,      2462,         0,   0.096,pymatching,07af2882ebfb9b1c29cb5c6dd6f14fd6c14ac52cbacdeeb10984d89dbfd7fff8,"{""config"":[""Z0"",""Z""],""d"":3,""p"":0.012861538461538462}",
     80896,      1838,         0,   0.098,pymatching,f6ddcd6b8882a9485a6c24a4031860b0b001c9fa39edbae6ecaafcaf67a31a2c,"{""config"":[""Z0"",""Z""],""d"":3,""p"":0.009653846153846153}",
    103424,      1289,         0,   0.098,pymatching,9d16665837f4e0fd9bc3f2a4c20adfca0f72bbcf3e1d6129d2b054490a7066ac,"{""config"":[""Z0"",""Z""],""d"":3,""p"":0.007158974358974359}",
     45056,      2033,         0,   0.073,pymatching,3a4627934b18e7a1537faff6f52420439a5f102804c689d1ddad2faa93fed3f8,"{""config"":[""Z0"",""Z""],""d"":3,""p"":0.014287179487179487}",
     12288,       583,         0,   0.021,pymatching,2c2b3e1dde5fcb343deee10b064d158f0089ecd1ce1d32f2378d0306258aae51,"{""config"":[""Z0"",""Z""],""d"":3,""p"":0.014643589743589744}",
     47104,         0,         0,   0.074,pymatching,55d631a983676397dca6458b14b2050e779294910899f494138c11680d5a3a81,"{""config"":[""Z0"",""Z""],""d"":5,""p"":7.742636826811278e-05}",
     49152,      1990,         0,   0.075,pymatching,b62c3677ce590470f2244bd1d8ba90dd9afd2cdc082ae26dad084af1f8e0b1b7,"{""config"":[""Z0"",""Z""],""d"":3,""p"":0.013217948717948718}",
     51200,      1014,         0,   0.060,pymatching,7c2fe379cae2b83654089f1aca9fa20e995416fa881f361648fe86922908991e,"{""config"":[""Z0"",""Z""],""d"":3,""p"":0.009297435897435898}",
     40960,         0,         0,   0.079,pymatching,44745f4fd1c9d3c646efc4a75cfdb5edb60063d939292747153380d5589d708e,"{""config"":[""Z0"",""Z""],""d"":5,""p"":4.641588833612782e-05}",
    182272,         0,         0,   0.076,pymatching,dcc0ccebf9d196402bce88578e8ac05be2cecf4369503ebf81c5847f0c5e5b0c,"{""config"":[""Z0"",""Z""],""d"":3,""p"":1.6681005372000593e-05}",
     49152,         0,         0,   0.080,pymatching,96d644a6f0f9bc1a372546fe5decbd4422912531fe2bd04f2dd73740bca917d3,"{""config"":[""Z0"",""Z""],""d"":5,""p"":0.00021544346900318823}",
    126976,       441,         0,   0.082,pymatching,ce279d9044a442162d7467d8690f5e135a4c8485e3ffe0f8ffc31e06961d1de6,"{""config"":[""Z0"",""Z""],""d"":3,""p"":0.0035948717948717946}",
    174080,        91,         0,   0.082,pymatching,e3690a49c0f5f497d196186a311e9c606a49336f977c2a120e7228bed6d113f7,"{""config"":[""Z0"",""Z""],""d"":3,""p"":0.0014564102564102565}",
     73728,      1465,         0,   0.084,pymatching,28f9f0eeed30822103a828000683266deec8eaedddd294d2f0308486537cc9cb,"{""config"":[""Z0"",""Z""],""d"":3,""p"":0.00894102564102564}",
     59392,      2067,         0,   0.086,pymatching,7f9e92c20fd11bb76cd0889bfc96d2fd136492fc7b3f6b348cdeecf64f1b1029,"{""config"":[""Z0"",""Z""],""d"":3,""p"":0.012148717948717948}",
     48128,         0,         0,   0.087,pymatching,b4b4fdfde03ca9ec68a840e823fa6e7481d6391d27eed57f2483af3dc02a25a8,"{""config"":[""Z0"",""Z""],""d"":5,""p"":0.0005994842503189409}",
     34816,         0,         0,   0.072,pymatching,a3a6b886a1c3cdaba8adda9c8ca4c2387efdf8e8ff8f54bd291abfb509f7a5e1,"{""config"":[""Z0"",""Z""],""d"":5,""p"":1e-05}",
     88064,      2647,         0,   0.118,pymatching,33319ff3d2068cf93bf185ecd2d95ace6edee9f6c08c5a38a4d79e2db54b4c92,"{""config"":[""Z0"",""Z""],""d"":3,""p"":0.011435897435897435}",
     52224,      1724,         0,   0.075,pymatching,d7ecdfc41e3b887ad276469bbdb4576ecd7f27bcede69b128c55b6272148566c,"{""config"":[""Z0"",""Z""],""d"":3,""p"":0.011792307692307692}",
     48128,         0,         0,   0.078,pymatching,cb6032376f39cb453213ed9ecdc87787687a768cc871b3ea652302449497acf9,"{""config"":[""Z0"",""Z""],""d"":5,""p"":1.6681005372000593e-05}",
     58368,      1808,         0,   0.079,pymatching,7daa7f961427c285f2fd2aea71c5a570c528612e0fa6a0c7ff2890349cbb07b1,"{""config"":[""Z0"",""Z""],""d"":3,""p"":0.01107948717948718}",
     46080,         0,         0,   0.081,pymatching,8e15c8693f48124b9ac3f87e9f3320dd83113e51c19fa8aa3538394a28ccaa95,"{""config"":[""Z0"",""Z""],""d"":5,""p"":0.00035938136638046257}",
     61440,      1612,         0,   0.080,pymatching,98d82d54b95d70243a9bfa42ba9f3c0645ec9047c82c06169360ccf1c9b80c82,"{""config"":[""Z0"",""Z""],""d"":3,""p"":0.010723076923076922}",
     80896,      2178,         0,   0.104,pymatching,3feb67b4e6bef9bb381b203a8b2d25ed8804804eee232832be2f72cb9f5ef543,"{""config"":[""Z0"",""Z""],""d"":3,""p"":0.010366666666666666}",
     55296,         0,         0,   0.087,pymatching,9805580b8e051a4265c8604318060372d751d1b656d0ca74ba2ce82fb46e46ec,"{""config"":[""Z0"",""Z""],""d"":5,""p"":2.782559402207126e-05}",
     98304,       875,         0,   0.086,pymatching,3efce2e26921b385958e0b4dea9757001f3e4a02fe997d2c9c0fb8c12c9db369,"{""config"":[""Z0"",""Z""],""d"":3,""p"":0.00608974358974359}",
     20480,       977,         0,   0.036,pymatching,67c4077b8331d413bfe855e981e052fb9071dc5db9e901b42b2f987c1eb16d27,"{""config"":[""Z0"",""Z""],""d"":3,""p"":0.014999999999999998}",
     25600,         1,         0,   0.056,pymatching,95da8241892677a1febd902b9693f33a066978771f54fe810ea795a04054cdeb,"{""config"":[""Z0"",""Z""],""d"":5,""p"":0.0014564102564102565}",
     79872,       360,         0,   0.055,pymatching,df5e556483e9b5f897867f756caa5349fd248c9124489c29bd837337da9b8415,"{""config"":[""Z0"",""Z""],""d"":3,""p"":0.003951282051282051}",
     23552,         4,         0,   0.060,pymatching,e986d2b79b80be3cf24fe2bbee1a2f0b42e12ebfbf61e1177c6587a928a39bc1,"{""config"":[""Z0"",""Z""],""d"":5,""p"":0.002169230769230769}",
     29696,         0,         0,   0.048,pymatching,1195174d70b461e3b71898fd135bbe0c631acce029764a5a3bd90a4b3f212492,"{""config"":[""Z0"",""Z""],""d"":5,""p"":0.0001291549665014884}",
    128000,         9,         0,   0.052,pymatching,1787e04038e6f1ee06d40376b8b599c8792a6e2ca6aa4ced53cc966f0e28d55f,"{""config"":[""Z0"",""Z""],""d"":3,""p"":0.0005994842503189409}",
    247808,       234,         0,   0.121,pymatching,2fab86d6f8edc460d5d0e5f4e1a1cef42023085bfe8bed11a8dc9b6df547284b,"{""config"":[""Z0"",""Z""],""d"":3,""p"":0.0018128205128205128}",
     32768,        10,         0,   0.080,pymatching,505fc6c7e8177b0d62f81733b47439cc3b77726a592ba5600d7473e2465ef9e1,"{""config"":[""Z0"",""Z""],""d"":5,""p"":0.0018128205128205128}",
     66560,      1255,         0,   0.074,pymatching,b69bca9aa72fc509923f4f967d8759f7d9c12a8dc13ff68077b3824252a83b13,"{""config"":[""Z0"",""Z""],""d"":3,""p"":0.008584615384615385}",
      2048,        48,         0,   0.003,pymatching,33319ff3d2068cf93bf185ecd2d95ace6edee9f6c08c5a38a4d79e2db54b4c92,"{""config"":[""Z0"",""Z""],""d"":3,""p"":0.011435897435897435}",
    183599,         1,         0,   0.067,pymatching,f3979af952b6828fe80c32dfbd7c69f34d2bb37564428009fed1df3c2f697cfa,"{""config"":[""Z0"",""Z""],""d"":3,""p"":0.0001291549665014884}",
    141312,      1431,         0,   0.126,pymatching,6945d297547052498ef2fa1f24e434c00229d52d289f37ba2ae4b3e77662e772,"{""config"":[""Z0"",""Z""],""d"":3,""p"":0.006446153846153846}",
    107520,      2704,         0,   0.130,pymatching,613c353953f02d3135e7fc886c170ac1f912c4abd7adc1c8a290b027899c7ca5,"{""config"":[""Z0"",""Z""],""d"":3,""p"":0.010010256410256409}",
    218415,         3,         0,   0.081,pymatching,9c6961b743f1370558e47da27abe98ca620d7ed424367f0effeae0c49bfa3a7b,"{""config"":[""Z0"",""Z""],""d"":3,""p"":0.00021544346900318823}",
    226607,         0,         0,   0.084,pymatching,b346bb8a23657142ddd978c0a58e532bbef3cfbdf1a206319241fcca3d6e6fbb,"{""config"":[""Z0"",""Z""],""d"":3,""p"":7.742636826811278e-05}",
    233775,         0,         0,   0.085,pymatching,1658a0a13cc4a12ccd188fd47b3db0d62c2951535251ba73627e65f7e976e347,"{""config"":[""Z0"",""Z""],""d"":3,""p"":2.782559402207126e-05}",
    135168,      1166,         0,   0.113,pymatching,33a9682eaedf8d40922d6e12250bb2d19ebf57dd0f19562563c4d15fb5ab3020,"{""config"":[""Z0"",""Z""],""d"":3,""p"":0.005733333333333333}",
     33792,      1519,         0,   0.055,pymatching,3a4627934b18e7a1537faff6f52420439a5f102804c689d1ddad2faa93fed3f8,"{""config"":[""Z0"",""Z""],""d"":3,""p"":0.014287179487179487}",
     56320,         3,         0,   0.117,pymatching,5b273f9ec8ea7b72530ef207045ef0aaa96f2aeaae8c030ce7ed7ea948aa74d4,"{""config"":[""Z0"",""Z""],""d"":5,""p"":0.0011}",
    195584,       428,         0,   0.114,pymatching,25ecd08a191d9d467df50fb196bbe7a3b748ded3b74a800e95e48355c6e028aa,"{""config"":[""Z0"",""Z""],""d"":3,""p"":0.0028820512820512817}",
     60416,         4,         0,   0.119,pymatching,bd3b752bc833fe8bfdffde7fe510e095aa035d029c4a46fce9ac05636154e154,"{""config"":[""Z0"",""Z""],""d"":5,""p"":0.001}",
    243712,        77,         0,   0.115,pymatching,378a0d8a22aad4bf388b91414d312443b51402aaba859b474dbe418524e2ce1c,"{""config"":[""Z0"",""Z""],""d"":3,""p"":0.001}",
    128000,      1442,         0,   0.120,pymatching,c2cdab018f7049ed8016042f23354b26d89a1de4adfaa38f56ab62a1c45966f9,"{""config"":[""Z0"",""Z""],""d"":3,""p"":0.006802564102564103}",
    166912,       206,         0,   0.107,pymatching,70005e18bbfb556ed650f2484660ead964312e8bc36af28a74972997b34796a6,"{""config"":[""Z0"",""Z""],""d"":3,""p"":0.002169230769230769}",
     46080,      1717,         0,   0.068,pymatching,07af2882ebfb9b1c29cb5c6dd6f14fd6c14ac52cbacdeeb10984d89dbfd7fff8,"{""config"":[""Z0"",""Z""],""d"":3,""p"":0.012861538461538462}",
    212992,       368,         0,   0.115,pymatching,a35819281af8f956d044730ff382879f1e2425deebb1253635114f214184302f,"{""config"":[""Z0"",""Z""],""d"":3,""p"":0.0025256410256410257}",
    159744,      1026,         0,   0.125,pymatching,d52855015c8bc70e2d29522c97a3e850b4852de731069d3f9fecbf1345c94ecc,"{""config"":[""Z0"",""Z""],""d"":3,""p"":0.00502051282051282}",
    229376,       663,         0,   0.142,pymatching,852f076e553167ebbe36e4716625ee8138db0df8210835dfa20b122ab992954a,"{""config"":[""Z0"",""Z""],""d"":3,""p"":0.003238461538461538}",
     39936,       903,         0,   0.048,pymatching,613c353953f02d3135e7fc886c170ac1f912c4abd7adc1c8a290b027899c7ca5,"{""config"":[""Z0"",""Z""],""d"":3,""p"":0.010010256410256409}",
    166912,      1279,         0,   0.131,pymatching,80803bbd4fbf1196b1900684e3d196102e7badc02af86683e042a64ea5e86013,"{""config"":[""Z0"",""Z""],""d"":3,""p"":0.005376923076923077}",
    182272,       875,         0,   0.130,pymatching,d478e3fe7430328ab5677c8a21e651d874d5cd47c273bc9378ed09c85a03d8dc,"{""config"":[""Z0"",""Z""],""d"":3,""p"":0.0043076923076923075}",
     99631,       101,         0,   0.049,pymatching,2fab86d6f8edc460d5d0e5f4e1a1cef42023085bfe8bed11a8dc9b6df547284b,"{""config"":[""Z0"",""Z""],""d"":3,""p"":0.0018128205128205128}",
    125952,      1998,         0,   0.132,pymatching,f37279e97fdcde61d4462abd537ffcc7f2966d264a9327fc5f349ac6eeaa1a48,"{""config"":[""Z0"",""Z""],""d"":3,""p"":0.007871794871794872}",
    295936,       105,         0,   0.133,pymatching,d580e217a4bbcdd26dac6a81c9365c8591b5965e507200842f073eddd4aadcd1,"{""config"":[""Z0"",""Z""],""d"":3,""p"":0.0011}",
    131072,      2239,         0,   0.137,pymatching,fa419ea54da6be8d4864583870aa24674a62513f6e7eba3b83091700ae5e2b57,"{""config"":[""Z0"",""Z""],""d"":3,""p"":0.008228205128205128}",
     63488,      2468,         0,   0.097,pymatching,b62c3677ce590470f2244bd1d8ba90dd9afd2cdc082ae26dad084af1f8e0b1b7,"{""config"":[""Z0"",""Z""],""d"":3,""p"":0.013217948717948718}",
    197935,         0,         0,   0.095,pymatching,92735d188a9da2f76df20762bc103b0eac5e5df53e08a2959267e7d4d22c2ab5,"{""config"":[""Z0"",""Z""],""d"":3,""p"":1e-05}",
     74752,      1068,         0,   0.099,pymatching,5c7ea870a6c549136e3b6f8ddaeecac91106a8f6ab42142669b75ef3631ab64d,"{""config"":[""Z0"",""Z""],""d"":3,""p"":0.007515384615384615}",
    131072,       709,         0,   0.100,pymatching,7d7a1b814fc2c0600ca870bb53a4557a04dc50137248d45d348cc987dd8fd551,"{""config"":[""Z0"",""Z""],""d"":3,""p"":0.004664102564102564}",
     83968,      1901,         0,   0.104,pymatching,f6ddcd6b8882a9485a6c24a4031860b0b001c9fa39edbae6ecaafcaf67a31a2c,"{""config"":[""Z0"",""Z""],""d"":3,""p"":0.009653846153846153}",
    109568,      1476,         0,   0.104,pymatching,9d16665837f4e0fd9bc3f2a4c20adfca0f72bbcf3e1d6129d2b054490a7066ac,"{""config"":[""Z0"",""Z""],""d"":3,""p"":0.007158974358974359}",
    276783,         0,         0,   0.101,pymatching,dcc0ccebf9d196402bce88578e8ac05be2cecf4369503ebf81c5847f0c5e5b0c,"{""config"":[""Z0"",""Z""],""d"":3,""p"":1.6681005372000593e-05}",
     67584,         0,         0,   0.107,pymatching,55d631a983676397dca6458b14b2050e779294910899f494138c11680d5a3a81,"{""config"":[""Z0"",""Z""],""d"":5,""p"":7.742636826811278e-05}",
    106799,        27,         0,   0.049,pymatching,378a0d8a22aad4bf388b91414d312443b51402aaba859b474dbe418524e2ce1c,"{""config"":[""Z0"",""Z""],""d"":3,""p"":0.001}",
     91136,      1858,         0,   0.109,pymatching,7c2fe379cae2b83654089f1aca9fa20e995416fa881f361648fe86922908991e,"{""config"":[""Z0"",""Z""],""d"":3,""p"":0.009297435897435898}",
     70656,         0,         0,   0.111,pymatching,44745f4fd1c9d3c646efc4a75cfdb5edb60063d939292747153380d5589d708e,"{""config"":[""Z0"",""Z""],""d"":5,""p"":4.641588833612782e-05}",
     69632,         0,         0,   0.114,pymatching,96d644a6f0f9bc1a372546fe5decbd4422912531fe2bd04f2dd73740bca917d3,"{""config"":[""Z0"",""Z""],""d"":5,""p"":0.00021544346900318823}",
    168960,        19,         0,   0.072,pymatching,1787e04038e6f1ee06d40376b8b599c8792a6e2ca6aa4ced53cc966f0e28d55f,"{""config"":[""Z0"",""Z""],""d"":3,""p"":0.0005994842503189409}",
    106496,       381,         0,   0.093,pymatching,ce279d9044a442162d7467d8690f5e135a4c8485e3ffe0f8ffc31e06961d1de6,"{""config"":[""Z0"",""Z""],""d"":3,""p"":0.0035948717948717946}",
    189440,       104,         0,   0.093,pymatching,e3690a49c0f5f497d196186a311e9c606a49336f977c2a120e7228bed6d113f7,"{""config"":[""Z0"",""Z""],""d"":3,""p"":0.0014564102564102565}",
     80896,      1618,         0,   0.095,pymatching,28f9f0eeed30822103a828000683266deec8eaedddd294d2f0308486537cc9cb,"{""config"":[""Z0"",""Z""],""d"":3,""p"":0.00894102564102564}",
     54272,         0,         0,   0.098,pymatching,b4b4fdfde03ca9ec68a840e823fa6e7481d6391d27eed57f2483af3dc02a25a8,"{""config"":[""Z0"",""Z""],""d"":5,""p"":0.0005994842503189409}",
     65536,      2230,         0,   0.098,pymatching,7f9e92c20fd11bb76cd0889bfc96d2fd136492fc7b3f6b348cdeecf64f1b1029,"{""config"":[""Z0"",""Z""],""d"":3,""p"":0.012148717948717948}",
     60416,         0,         0,   0.101,pymatching,a3a6b886a1c3cdaba8adda9c8ca4c2387efdf8e8ff8f54bd291abfb509f7a5e1,"{""config"":[""Z0"",""Z""],""d"":5,""p"":1e-05}",
     71680,      1365,         0,   0.083,pymatching,b69bca9aa72fc509923f4f967d8759f7d9c12a8dc13ff68077b3824252a83b13,"{""config"":[""Z0"",""Z""],""d"":3,""p"":0.008584615384615385}",
     68608,      2190,         0,   0.102,pymatching,d7ecdfc41e3b887ad276469bbdb4576ecd7f27bcede69b128c55b6272148566c,"{""config"":[""Z0"",""Z""],""d"":3,""p"":0.011792307692307692}",
     63488,         0,         0,   0.106,pymatching,cb6032376f39cb453213ed9ecdc87787687a768cc871b3ea652302449497acf9,"{""config"":[""Z0"",""Z""],""d"":5,""p"":1.6681005372000593e-05}",
     67887,        20,         0,   0.031,pymatching,d580e217a4bbcdd26dac6a81c9365c8591b5965e507200842f073eddd4aadcd1,"{""config"":[""Z0"",""Z""],""d"":3,""p"":0.0011}",
     76800,      2249,         0,   0.107,pymatching,7daa7f961427c285f2fd2aea71c5a570c528612e0fa6a0c7ff2890349cbb07b1,"{""config"":[""Z0"",""Z""],""d"":3,""p"":0.01107948717948718}",
     78848,      2162,         0,   0.107,pymatching,98d82d54b95d70243a9bfa42ba9f3c0645ec9047c82c06169360ccf1c9b80c82,"{""config"":[""Z0"",""Z""],""d"":3,""p"":0.010723076923076922}",
     60416,         1,         0,   0.109,pymatching,8e15c8693f48124b9ac3f87e9f3320dd83113e51c19fa8aa3538394a28ccaa95,"{""config"":[""Z0"",""Z""],""d"":5,""p"":0.00035938136638046257}",
     86016,      2170,         0,   0.113,pymatching,3feb67b4e6bef9bb381b203a8b2d25ed8804804eee232832be2f72cb9f5ef543,"{""config"":[""Z0"",""Z""],""d"":3,""p"":0.010366666666666666}",
     72704,         0,         0,   0.115,pymatching,9805580b8e051a4265c8604318060372d751d1b656d0ca74ba2ce82fb46e46ec,"{""config"":[""Z0"",""Z""],""d"":5,""p"":2.782559402207126e-05}",
    124928,      1159,         0,   0.113,pymatching,3efce2e26921b385958e0b4dea9757001f3e4a02fe997d2c9c0fb8c12c9db369,"{""config"":[""Z0"",""Z""],""d"":3,""p"":0.00608974358974359}",
     46080,         3,         0,   0.101,pymatching,95da8241892677a1febd902b9693f33a066978771f54fe810ea795a04054cdeb,"{""config"":[""Z0"",""Z""],""d"":5,""p"":0.0014564102564102565}",
    140288,       572,         0,   0.099,pymatching,df5e556483e9b5f897867f756caa5349fd248c9124489c29bd837337da9b8415,"{""config"":[""Z0"",""Z""],""d"":3,""p"":0.003951282051282051}",
     40960,        13,         0,   0.106,pymatching,e986d2b79b80be3cf24fe2bbee1a2f0b42e12ebfbf61e1177c6587a928a39bc1,"{""config"":[""Z0"",""Z""],""d"":5,""p"":0.002169230769230769}",
     65536,         0,         0,   0.111,pymatching,1195174d70b461e3b71898fd135bbe0c631acce029764a5a3bd90a4b3f212492,"{""config"":[""Z0"",""Z""],""d"":5,""p"":0.0001291549665014884}",
     24576,       832,         0,   0.036,pymatching,7f9e92c20fd11bb76cd0889bfc96d2fd136492fc7b3f6b348cdeecf64f1b1029,"{""config"":[""Z0"",""Z""],""d"":3,""p"":0.012148717948717948}",
     50176,         8,         0,   0.127,pymatching,505fc6c7e8177b0d62f81733b47439cc3b77726a592ba5600d7473e2465ef9e1,"{""config"":[""Z0"",""Z""],""d"":5,""p"":0.0018128205128205128}",
    220463,       384,         0,   0.119,pymatching,a35819281af8f956d044730ff382879f1e2425deebb1253635114f214184302f,"{""config"":[""Z0"",""Z""],""d"":3,""p"":0.0025256410256410257}",
     54272,      1726,         0,   0.078,pymatching,d7ecdfc41e3b887ad276469bbdb4576ecd7f27bcede69b128c55b6272148566c,"{""config"":[""Z0"",""Z""],""d"":3,""p"":0.011792307692307692}",
     62464,      1712,         0,   0.084,pymatching,7daa7f961427c285f2fd2aea71c5a570c528612e0fa6a0c7ff2890349cbb07b1,"{""config"":[""Z0"",""Z""],""d"":3,""p"":0.01107948717948718}",
     63488,      1596,         0,   0.081,pymatching,3feb67b4e6bef9bb381b203a8b2d25ed8804804eee232832be2f72cb9f5ef543,"{""config"":[""Z0"",""Z""],""d"":3,""p"":0.010366666666666666}",
     66560,      1761,         0,   0.087,pymatching,98d82d54b95d70243a9bfa42ba9f3c0645ec9047c82c06169360ccf1c9b80c82,"{""config"":[""Z0"",""Z""],""d"":3,""p"":0.010723076923076922}",
    215343,       139,         0,   0.102,pymatching,e3690a49c0f5f497d196186a311e9c606a49336f977c2a120e7228bed6d113f7,"{""config"":[""Z0"",""Z""],""d"":3,""p"":0.0014564102564102565}",
    102400,      2282,         0,   0.125,pymatching,f6ddcd6b8882a9485a6c24a4031860b0b001c9fa39edbae6ecaafcaf67a31a2c,"{""config"":[""Z0"",""Z""],""d"":3,""p"":0.009653846153846153}",
    211968,      2236,         0,   0.194,pymatching,6945d297547052498ef2fa1f24e434c00229d52d289f37ba2ae4b3e77662e772,"{""config"":[""Z0"",""Z""],""d"":3,""p"":0.006446153846153846}",
    256303,       737,         0,   0.159,pymatching,852f076e553167ebbe36e4716625ee8138db0df8210835dfa20b122ab992954a,"{""config"":[""Z0"",""Z""],""d"":3,""p"":0.003238461538461538}",
    316719,       696,         0,   0.188,pymatching,25ecd08a191d9d467df50fb196bbe7a3b748ded3b74a800e95e48355c6e028aa,"{""config"":[""Z0"",""Z""],""d"":3,""p"":0.0028820512820512817}",
    336175,       423,         0,   0.179,pymatching,70005e18bbfb556ed650f2484660ead964312e8bc36af28a74972997b34796a6,"{""config"":[""Z0"",""Z""],""d"":3,""p"":0.002169230769230769}",
    234496,      2032,         0,   0.198,pymatching,33a9682eaedf8d40922d6e12250bb2d19ebf57dd0f19562563c4d15fb5ab3020,"{""config"":[""Z0"",""Z""],""d"":3,""p"":0.005733333333333333}",
     96256,         5,         0,   0.202,pymatching,5b273f9ec8ea7b72530ef207045ef0aaa96f2aeaae8c030ce7ed7ea948aa74d4,"{""config"":[""Z0"",""Z""],""d"":5,""p"":0.0011}",
    343040,        37,         0,   0.140,pymatching,1787e04038e6f1ee06d40376b8b599c8792a6e2ca6aa4ced53cc966f0e28d55f,"{""config"":[""Z0"",""Z""],""d"":3,""p"":0.0005994842503189409}",
    104448,         4,         0,   0.205,pymatching,bd3b752bc833fe8bfdffde7fe510e095aa035d029c4a46fce9ac05636154e154,"{""config"":[""Z0"",""Z""],""d"":5,""p"":0.001}",
    214016,      2499,         0,   0.201,pymatching,c2cdab018f7049ed8016042f23354b26d89a1de4adfaa38f56ab62a1c45966f9,"{""config"":[""Z0"",""Z""],""d"":3,""p"":0.006802564102564103}",
    162816,      2705,         0,   0.173,pymatching,fa419ea54da6be8d4864583870aa24674a62513f6e7eba3b83091700ae5e2b57,"{""config"":[""Z0"",""Z""],""d"":3,""p"":0.008228205128205128}",
    260096,      1716,         0,   0.201,pymatching,d52855015c8bc70e2d29522c97a3e850b4852de731069d3f9fecbf1345c94ecc,"{""config"":[""Z0"",""Z""],""d"":3,""p"":0.00502051282051282}",
    281600,      1406,         0,   0.200,pymatching,d478e3fe7430328ab5677c8a21e651d874d5cd47c273bc9378ed09c85a03d8dc,"{""config"":[""Z0"",""Z""],""d"":3,""p"":0.0043076923076923075}",
    257024,      1905,         0,   0.201,pymatching,80803bbd4fbf1196b1900684e3d196102e7badc02af86683e042a64ea5e86013,"{""config"":[""Z0"",""Z""],""d"":3,""p"":0.005376923076923077}",
    194560,      2976,         0,   0.202,pymatching,f37279e97fdcde61d4462abd537ffcc7f2966d264a9327fc5f349ac6eeaa1a48,"{""config"":[""Z0"",""Z""],""d"":3,""p"":0.007871794871794872}",
      3345,         3,         0,   0.011,pymatching,20d026287936f946645efcbf9aaa612c888085ef02a99e1102caebf1178452a9,"{""config"":[""Z0"",""Z""],""d"":5,""p"":0.0028820512820512817}",
    201728,      2843,         0,   0.202,pymatching,5c7ea870a6c549136e3b6f8ddaeecac91106a8f6ab42142669b75ef3631ab64d,"{""config"":[""Z0"",""Z""],""d"":3,""p"":0.007515384615384615}",
    272384,      1561,         0,   0.200,pymatching,7d7a1b814fc2c0600ca870bb53a4557a04dc50137248d45d348cc987dd8fd551,"{""config"":[""Z0"",""Z""],""d"":3,""p"":0.004664102564102564}",
    215040,      2822,         0,   0.202,pymatching,9d16665837f4e0fd9bc3f2a4c20adfca0f72bbcf3e1d6129d2b054490a7066ac,"{""config"":[""Z0"",""Z""],""d"":3,""p"":0.007158974358974359}",
    173056,      3647,         0,   0.201,pymatching,7c2fe379cae2b83654089f1aca9fa20e995416fa881f361648fe86922908991e,"{""config"":[""Z0"",""Z""],""d"":3,""p"":0.009297435897435898}",
    130048,         0,         0,   0.205,pymatching,55d631a983676397dca6458b14b2050e779294910899f494138c11680d5a3a81,"{""config"":[""Z0"",""Z""],""d"":5,""p"":7.742636826811278e-05}",
      2321,         1,         0,   0.015,pymatching,415eeda5d230b505681e69ccce0cb0cbfa5ec1e573ea1824d65cd689d0872bde,"{""config"":[""Z0"",""Z""],""d"":5,""p"":0.0025256410256410257}",
      5120,         5,         0,   0.016,pymatching,20d026287936f946645efcbf9aaa612c888085ef02a99e1102caebf1178452a9,"{""config"":[""Z0"",""Z""],""d"":5,""p"":0.0028820512820512817}",
    129024,         0,         0,   0.204,pymatching,44745f4fd1c9d3c646efc4a75cfdb5edb60063d939292747153380d5589d708e,"{""config"":[""Z0"",""Z""],""d"":5,""p"":4.641588833612782e-05}",
    175104,      3364,         0,   0.198,pymatching,28f9f0eeed30822103a828000683266deec8eaedddd294d2f0308486537cc9cb,"{""config"":[""Z0"",""Z""],""d"":3,""p"":0.00894102564102564}",
     22528,       354,         0,   0.023,pymatching,f37279e97fdcde61d4462abd537ffcc7f2966d264a9327fc5f349ac6eeaa1a48,"{""config"":[""Z0"",""Z""],""d"":3,""p"":0.007871794871794872}",
    124928,         0,         0,   0.205,pymatching,96d644a6f0f9bc1a372546fe5decbd4422912531fe2bd04f2dd73740bca917d3,"{""config"":[""Z0"",""Z""],""d"":5,""p"":0.00021544346900318823}",
    312320,      1064,         0,   0.199,pymatching,ce279d9044a442162d7467d8690f5e135a4c8485e3ffe0f8ffc31e06961d1de6,"{""config"":[""Z0"",""Z""],""d"":3,""p"":0.0035948717948717946}",
    113664,         1,         0,   0.204,pymatching,b4b4fdfde03ca9ec68a840e823fa6e7481d6391d27eed57f2483af3dc02a25a8,"{""config"":[""Z0"",""Z""],""d"":5,""p"":0.0005994842503189409}",
    126976,         0,         0,   0.203,pymatching,a3a6b886a1c3cdaba8adda9c8ca4c2387efdf8e8ff8f54bd291abfb509f7a5e1,"{""config"":[""Z0"",""Z""],""d"":5,""p"":1e-05}",
    184320,      3243,         0,   0.202,pymatching,b69bca9aa72fc509923f4f967d8759f7d9c12a8dc13ff68077b3824252a83b13,"{""config"":[""Z0"",""Z""],""d"":3,""p"":0.008584615384615385}",
      3072,         1,         0,   0.015,pymatching,415eeda5d230b505681e69ccce0cb0cbfa5ec1e573ea1824d65cd689d0872bde,"{""config"":[""Z0"",""Z""],""d"":5,""p"":0.0025256410256410257}",
    128000,         0,         0,   0.204,pymatching,cb6032376f39cb453213ed9ecdc87787687a768cc871b3ea652302449497acf9,"{""config"":[""Z0"",""Z""],""d"":5,""p"":1.6681005372000593e-05}",
    119808,         0,         0,   0.204,pymatching,8e15c8693f48124b9ac3f87e9f3320dd83113e51c19fa8aa3538394a28ccaa95,"{""config"":[""Z0"",""Z""],""d"":5,""p"":0.00035938136638046257}",
      7168,         9,         0,   0.021,pymatching,20d026287936f946645efcbf9aaa612c888085ef02a99e1102caebf1178452a9,"{""config"":[""Z0"",""Z""],""d"":5,""p"":0.0028820512820512817}",
    230400,      2167,         0,   0.200,pymatching,3efce2e26921b385958e0b4dea9757001f3e4a02fe997d2c9c0fb8c12c9db369,"{""config"":[""Z0"",""Z""],""d"":3,""p"":0.00608974358974359}",
    130048,         0,         0,   0.204,pymatching,9805580b8e051a4265c8604318060372d751d1b656d0ca74ba2ce82fb46e46ec,"{""config"":[""Z0"",""Z""],""d"":5,""p"":2.782559402207126e-05}",
    299008,      1279,         0,   0.199,pymatching,df5e556483e9b5f897867f756caa5349fd248c9124489c29bd837337da9b8415,"{""config"":[""Z0"",""Z""],""d"":3,""p"":0.003951282051282051}",
     93184,        12,         0,   0.205,pymatching,95da8241892677a1febd902b9693f33a066978771f54fe810ea795a04054cdeb,"{""config"":[""Z0"",""Z""],""d"":5,""p"":0.0014564102564102565}",
      7168,         6,         0,   0.020,pymatching,415eeda5d230b505681e69ccce0cb0cbfa5ec1e573ea1824d65cd689d0872bde,"{""config"":[""Z0"",""Z""],""d"":5,""p"":0.0025256410256410257}",
     79872,        38,         0,   0.206,pymatching,e986d2b79b80be3cf24fe2bbee1a2f0b42e12ebfbf61e1177c6587a928a39bc1,"{""config"":[""Z0"",""Z""],""d"":5,""p"":0.002169230769230769}",
    126976,         0,         0,   0.205,pymatching,1195174d70b461e3b71898fd135bbe0c631acce029764a5a3bd90a4b3f212492,"{""config"":[""Z0"",""Z""],""d"":5,""p"":0.0001291549665014884}",
      9216,         7,         0,   0.027,pymatching,20d026287936f946645efcbf9aaa612c888085ef02a99e1102caebf1178452a9,"{""config"":[""Z0"",""Z""],""d"":5,""p"":0.0028820512820512817}",
     86016,        13,         0,   0.206,pymatching,505fc6c7e8177b0d62f81733b47439cc3b77726a592ba5600d7473e2465ef9e1,"{""config"":[""Z0"",""Z""],""d"":5,""p"":0.0018128205128205128}",
     10240,         6,         0,   0.028,pymatching,415eeda5d230b505681e69ccce0cb0cbfa5ec1e573ea1824d65cd689d0872bde,"{""config"":[""Z0"",""Z""],""d"":5,""p"":0.0025256410256410257}",
    283951,        20,         0,   0.113,pymatching,1787e04038e6f1ee06d40376b8b599c8792a6e2ca6aa4ced53cc966f0e28d55f,"{""config"":[""Z0"",""Z""],""d"":3,""p"":0.0005994842503189409}",
    125231,       578,         0,   0.086,pymatching,d478e3fe7430328ab5677c8a21e651d874d5cd47c273bc9378ed09c85a03d8dc,"{""config"":[""Z0"",""Z""],""d"":3,""p"":0.0043076923076923075}",
     56320,      1030,         0,   0.061,pymatching,b69bca9aa72fc509923f4f967d8759f7d9c12a8dc13ff68077b3824252a83b13,"{""config"":[""Z0"",""Z""],""d"":3,""p"":0.008584615384615385}",
      1297,         1,         0,   0.011,pymatching,678957444d919a21d096ed824e293816b12a8141ac6b226f34d79524e83e9ad5,"{""config"":[""Z0"",""Z""],""d"":5,""p"":0.003238461538461538}",
      1297,         2,         0,   0.012,pymatching,134340847ed9530aeb61aa7f4b4f644b1be4421982e46f98239fd7b0e394a4d7,"{""config"":[""Z0"",""Z""],""d"":5,""p"":0.0035948717948717946}",
      1297,         5,         0,   0.012,pymatching,e7e63a9be967615086d8ecc7576c4fad0c17b232da5cf7f7d78ff5ee460004a3,"{""config"":[""Z0"",""Z""],""d"":5,""p"":0.003951282051282051}",
      1297,         3,         0,   0.013,pymatching,61c82650e7dffb26f8e91ed4cb8706a75cbe08dedd26980f071b70573b020adb,"{""config"":[""Z0"",""Z""],""d"":5,""p"":0.0043076923076923075}",
     13312,        16,         0,   0.040,pymatching,20d026287936f946645efcbf9aaa612c888085ef02a99e1102caebf1178452a9,"{""config"":[""Z0"",""Z""],""d"":5,""p"":0.0028820512820512817}",
      3072,         6,         0,   0.018,pymatching,678957444d919a21d096ed824e293816b12a8141ac6b226f34d79524e83e9ad5,"{""config"":[""Z0"",""Z""],""d"":5,""p"":0.003238461538461538}",
    102400,      1348,         0,   0.100,pymatching,9d16665837f4e0fd9bc3f2a4c20adfca0f72bbcf3e1d6129d2b054490a7066ac,"{""config"":[""Z0"",""Z""],""d"":3,""p"":0.007158974358974359}",
      3072,         6,         0,   0.019,pymatching,134340847ed9530aeb61aa7f4b4f644b1be4421982e46f98239fd7b0e394a4d7,"{""config"":[""Z0"",""Z""],""d"":5,""p"":0.0035948717948717946}",
      2048,         5,         0,   0.015,pymatching,e7e63a9be967615086d8ecc7576c4fad0c17b232da5cf7f7d78ff5ee460004a3,"{""config"":[""Z0"",""Z""],""d"":5,""p"":0.003951282051282051}",
    142639,       490,         0,   0.090,pymatching,ce279d9044a442162d7467d8690f5e135a4c8485e3ffe0f8ffc31e06961d1de6,"{""config"":[""Z0"",""Z""],""d"":3,""p"":0.0035948717948717946}",
     14336,         7,         0,   0.040,pymatching,415eeda5d230b505681e69ccce0cb0cbfa5ec1e573ea1824d65cd689d0872bde,"{""config"":[""Z0"",""Z""],""d"":5,""p"":0.0025256410256410257}",
      2048,         6,         0,   0.016,pymatching,61c82650e7dffb26f8e91ed4cb8706a75cbe08dedd26980f071b70573b020adb,"{""config"":[""Z0"",""Z""],""d"":5,""p"":0.0043076923076923075}",
    121856,      1779,         0,   0.119,pymatching,5c7ea870a6c549136e3b6f8ddaeecac91106a8f6ab42142669b75ef3631ab64d,"{""config"":[""Z0"",""Z""],""d"":3,""p"":0.007515384615384615}",
      6144,         8,         0,   0.020,pymatching,678957444d919a21d096ed824e293816b12a8141ac6b226f34d79524e83e9ad5,"{""config"":[""Z0"",""Z""],""d"":5,""p"":0.003238461538461538}",
         1,         0,         0,   0.001,pymatching,e885ab55bb9257731d504f45c60a7927b0be113f52f8a1095bfa6ca46426372b,"{""config"":[""Z0"",""Z""],""d"":5,""p"":0.004664102564102564}",
      6144,        14,         0,   0.021,pymatching,134340847ed9530aeb61aa7f4b4f644b1be4421982e46f98239fd7b0e394a4d7,"{""config"":[""Z0"",""Z""],""d"":5,""p"":0.0035948717948717946}",
      5120,        12,         0,   0.020,pymatching,e7e63a9be967615086d8ecc7576c4fad0c17b232da5cf7f7d78ff5ee460004a3,"{""config"":[""Z0"",""Z""],""d"":5,""p"":0.003951282051282051}",
      5120,        21,         0,   0.022,pymatching,61c82650e7dffb26f8e91ed4cb8706a75cbe08dedd26980f071b70573b020adb,"{""config"":[""Z0"",""Z""],""d"":5,""p"":0.0043076923076923075}",
    184623,      1436,         0,   0.144,pymatching,80803bbd4fbf1196b1900684e3d196102e7badc02af86683e042a64ea5e86013,"{""config"":[""Z0"",""Z""],""d"":3,""p"":0.005376923076923077}",
    190464,      2286,         0,   0.174,pymatching,c2cdab018f7049ed8016042f23354b26d89a1de4adfaa38f56ab62a1c45966f9,"{""config"":[""Z0"",""Z""],""d"":3,""p"":0.006802564102564103}",
    203055,      1350,         0,   0.152,pymatching,d52855015c8bc70e2d29522c97a3e850b4852de731069d3f9fecbf1345c94ecc,"{""config"":[""Z0"",""Z""],""d"":3,""p"":0.00502051282051282}",
    188719,      1105,         0,   0.136,pymatching,7d7a1b814fc2c0600ca870bb53a4557a04dc50137248d45d348cc987dd8fd551,"{""config"":[""Z0"",""Z""],""d"":3,""p"":0.004664102564102564}",
      1297,         7,         0,   0.015,pymatching,4aa399119067a333f968868ed025e4b6606950afd6c887f61c25e26de1bd886e,"{""config"":[""Z0"",""Z""],""d"":5,""p"":0.005376923076923077}",
    242688,      2635,         0,   0.213,pymatching,6945d297547052498ef2fa1f24e434c00229d52d289f37ba2ae4b3e77662e772,"{""config"":[""Z0"",""Z""],""d"":3,""p"":0.006446153846153846}",
      1297,        11,         0,   0.014,pymatching,50edce6ab9cb0ce1e74fad5cf142be6595d568174b66aa2f37eba6b6bf8ea45b,"{""config"":[""Z0"",""Z""],""d"":5,""p"":0.00502051282051282}",
      1297,        16,         0,   0.016,pymatching,e4615fc35f9108f307fbb96eee8e4b9882d86b0790449d432e1e444cabcc2415,"{""config"":[""Z0"",""Z""],""d"":5,""p"":0.00608974358974359}",
      2320,        15,         0,   0.022,pymatching,e885ab55bb9257731d504f45c60a7927b0be113f52f8a1095bfa6ca46426372b,"{""config"":[""Z0"",""Z""],""d"":5,""p"":0.004664102564102564}",
     18432,        15,         0,   0.055,pymatching,20d026287936f946645efcbf9aaa612c888085ef02a99e1102caebf1178452a9,"{""config"":[""Z0"",""Z""],""d"":5,""p"":0.0028820512820512817}",
      9216,         9,         0,   0.029,pymatching,678957444d919a21d096ed824e293816b12a8141ac6b226f34d79524e83e9ad5,"{""config"":[""Z0"",""Z""],""d"":5,""p"":0.003238461538461538}",
      8192,        19,         0,   0.028,pymatching,134340847ed9530aeb61aa7f4b4f644b1be4421982e46f98239fd7b0e394a4d7,"{""config"":[""Z0"",""Z""],""d"":5,""p"":0.0035948717948717946}",
      8192,        19,         0,   0.030,pymatching,e7e63a9be967615086d8ecc7576c4fad0c17b232da5cf7f7d78ff5ee460004a3,"{""config"":[""Z0"",""Z""],""d"":5,""p"":0.003951282051282051}",
      7168,        19,         0,   0.028,pymatching,61c82650e7dffb26f8e91ed4cb8706a75cbe08dedd26980f071b70573b020adb,"{""config"":[""Z0"",""Z""],""d"":5,""p"":0.0043076923076923075}",
      2048,        11,         0,   0.016,pymatching,4aa399119067a333f968868ed025e4b6606950afd6c887f61c25e26de1bd886e,"{""config"":[""Z0"",""Z""],""d"":5,""p"":0.005376923076923077}",
     19456,        13,         0,   0.053,pymatching,415eeda5d230b505681e69ccce0cb0cbfa5ec1e573ea1824d65cd689d0872bde,"{""config"":[""Z0"",""Z""],""d"":5,""p"":0.0025256410256410257}",
      2048,         9,         0,   0.017,pymatching,50edce6ab9cb0ce1e74fad5cf142be6595d568174b66aa2f37eba6b6bf8ea45b,"{""config"":[""Z0"",""Z""],""d"":5,""p"":0.00502051282051282}",
      2048,        28,         0,   0.018,pymatching,e4615fc35f9108f307fbb96eee8e4b9882d86b0790449d432e1e444cabcc2415,"{""config"":[""Z0"",""Z""],""d"":5,""p"":0.00608974358974359}",
    265519,      2228,         0,   0.216,pymatching,33a9682eaedf8d40922d6e12250bb2d19ebf57dd0f19562563c4d15fb5ab3020,"{""config"":[""Z0"",""Z""],""d"":3,""p"":0.005733333333333333}",
    199983,       804,         0,   0.132,pymatching,df5e556483e9b5f897867f756caa5349fd248c9124489c29bd837337da9b8415,"{""config"":[""Z0"",""Z""],""d"":3,""p"":0.003951282051282051}",
      3072,        11,         0,   0.027,pymatching,e885ab55bb9257731d504f45c60a7927b0be113f52f8a1095bfa6ca46426372b,"{""config"":[""Z0"",""Z""],""d"":5,""p"":0.004664102564102564}",
      1297,        27,         0,   0.019,pymatching,5d9ee62b2282733551f46f4e35a09b7dd3c6e4c3da1f40c6f2e9236f62adb035,"{""config"":[""Z0"",""Z""],""d"":5,""p"":0.007515384615384615}",
      1297,        26,         0,   0.019,pymatching,93468351e0ebd3e34a0a3cac6051bbd93aeeecae20ca5222ed0c742c4c31f862,"{""config"":[""Z0"",""Z""],""d"":5,""p"":0.007871794871794872}",
      5120,        42,         0,   0.024,pymatching,4aa399119067a333f968868ed025e4b6606950afd6c887f61c25e26de1bd886e,"{""config"":[""Z0"",""Z""],""d"":5,""p"":0.005376923076923077}",
      1297,        21,         0,   0.017,pymatching,54e93256f3c4e741b4967bc2a1dde55dcf7eff104ab5b068c0f4cf3cad575a43,"{""config"":[""Z0"",""Z""],""d"":5,""p"":0.006802564102564103}",
      5120,        17,         0,   0.022,pymatching,50edce6ab9cb0ce1e74fad5cf142be6595d568174b66aa2f37eba6b6bf8ea45b,"{""config"":[""Z0"",""Z""],""d"":5,""p"":0.00502051282051282}",
      4096,        38,         0,   0.020,pymatching,e4615fc35f9108f307fbb96eee8e4b9882d86b0790449d432e1e444cabcc2415,"{""config"":[""Z0"",""Z""],""d"":5,""p"":0.00608974358974359}",
      1297,        27,         0,   0.021,pymatching,0a533e72da500b7722b085590cf7f70da878a6055d43272b348673d22563ef4a,"{""config"":[""Z0"",""Z""],""d"":5,""p"":0.008584615384615385}",
      1297,        17,         0,   0.016,pymatching,c9f50bfaec719ff64287cdffbda18d59e39f48ba3b01c10eb5aa999a27c9558a,"{""config"":[""Z0"",""Z""],""d"":5,""p"":0.006446153846153846}",
     12288,        13,         0,   0.040,pymatching,678957444d919a21d096ed824e293816b12a8141ac6b226f34d79524e83e9ad5,"{""config"":[""Z0"",""Z""],""d"":5,""p"":0.003238461538461538}",
     11264,        17,         0,   0.038,pymatching,134340847ed9530aeb61aa7f4b4f644b1be4421982e46f98239fd7b0e394a4d7,"{""config"":[""Z0"",""Z""],""d"":5,""p"":0.0035948717948717946}",
      1297,        29,         0,   0.020,pymatching,042d5bab02374b15388f9c56c49dfae62d63b1ac9baffd5b49ba531b90322a69,"{""config"":[""Z0"",""Z""],""d"":5,""p"":0.008228205128205128}",
     11264,        28,         0,   0.041,pymatching,e7e63a9be967615086d8ecc7576c4fad0c17b232da5cf7f7d78ff5ee460004a3,"{""config"":[""Z0"",""Z""],""d"":5,""p"":0.003951282051282051}",
      1297,        17,         0,   0.018,pymatching,eeebabfedb2a3123d26b34ded302d5207e14cbd5212359c654542b05335e542f,"{""config"":[""Z0"",""Z""],""d"":5,""p"":0.007158974358974359}",
     10240,        31,         0,   0.039,pymatching,61c82650e7dffb26f8e91ed4cb8706a75cbe08dedd26980f071b70573b020adb,"{""config"":[""Z0"",""Z""],""d"":5,""p"":0.0043076923076923075}",
      2048,        20,         0,   0.019,pymatching,5d9ee62b2282733551f46f4e35a09b7dd3c6e4c3da1f40c6f2e9236f62adb035,"{""config"":[""Z0"",""Z""],""d"":5,""p"":0.007515384615384615}",
      2048,        40,         0,   0.017,pymatching,93468351e0ebd3e34a0a3cac6051bbd93aeeecae20ca5222ed0c742c4c31f862,"{""config"":[""Z0"",""Z""],""d"":5,""p"":0.007871794871794872}",
      6144,        24,         0,   0.028,pymatching,e885ab55bb9257731d504f45c60a7927b0be113f52f8a1095bfa6ca46426372b,"{""config"":[""Z0"",""Z""],""d"":5,""p"":0.004664102564102564}",
      2048,        27,         0,   0.017,pymatching,54e93256f3c4e741b4967bc2a1dde55dcf7eff104ab5b068c0f4cf3cad575a43,"{""config"":[""Z0"",""Z""],""d"":5,""p"":0.006802564102564103}",
      2048,        21,         0,   0.017,pymatching,c9f50bfaec719ff64287cdffbda18d59e39f48ba3b01c10eb5aa999a27c9558a,"{""config"":[""Z0"",""Z""],""d"":5,""p"":0.006446153846153846}",
      2048,        47,         0,   0.020,pymatching,0a533e72da500b7722b085590cf7f70da878a6055d43272b348673d22563ef4a,"{""config"":[""Z0"",""Z""],""d"":5,""p"":0.008584615384615385}",
      6144,        39,         0,   0.028,pymatching,4aa399119067a333f968868ed025e4b6606950afd6c887f61c25e26de1bd886e,"{""config"":[""Z0"",""Z""],""d"":5,""p"":0.005376923076923077}",
      2048,        50,         0,   0.019,pymatching,042d5bab02374b15388f9c56c49dfae62d63b1ac9baffd5b49ba531b90322a69,"{""config"":[""Z0"",""Z""],""d"":5,""p"":0.008228205128205128}",
      2048,        27,         0,   0.019,pymatching,eeebabfedb2a3123d26b34ded302d5207e14cbd5212359c654542b05335e542f,"{""config"":[""Z0"",""Z""],""d"":5,""p"":0.007158974358974359}",
      7168,        48,         0,   0.032,pymatching,50edce6ab9cb0ce1e74fad5cf142be6595d568174b66aa2f37eba6b6bf8ea45b,"{""config"":[""Z0"",""Z""],""d"":5,""p"":0.00502051282051282}",
      6144,        56,         0,   0.032,pymatching,e4615fc35f9108f307fbb96eee8e4b9882d86b0790449d432e1e444cabcc2415,"{""config"":[""Z0"",""Z""],""d"":5,""p"":0.00608974358974359}",
      3072,        64,         0,   0.020,pymatching,93468351e0ebd3e34a0a3cac6051bbd93aeeecae20ca5222ed0c742c4c31f862,"{""config"":[""Z0"",""Z""],""d"":5,""p"":0.007871794871794872}",
      1297,        12,         0,   0.016,pymatching,f89bd0f5bf9de83125d37164e04a498bbd4a72c2cf8caf07b9d70440e492f73e,"{""config"":[""Z0"",""Z""],""d"":5,""p"":0.005733333333333333}",
      4096,        54,         0,   0.025,pymatching,5d9ee62b2282733551f46f4e35a09b7dd3c6e4c3da1f40c6f2e9236f62adb035,"{""config"":[""Z0"",""Z""],""d"":5,""p"":0.007515384615384615}",
      4096,        44,         0,   0.023,pymatching,54e93256f3c4e741b4967bc2a1dde55dcf7eff104ab5b068c0f4cf3cad575a43,"{""config"":[""Z0"",""Z""],""d"":5,""p"":0.006802564102564103}",
      4096,        42,         0,   0.022,pymatching,c9f50bfaec719ff64287cdffbda18d59e39f48ba3b01c10eb5aa999a27c9558a,"{""config"":[""Z0"",""Z""],""d"":5,""p"":0.006446153846153846}",
      3072,        90,         0,   0.021,pymatching,0a533e72da500b7722b085590cf7f70da878a6055d43272b348673d22563ef4a,"{""config"":[""Z0"",""Z""],""d"":5,""p"":0.008584615384615385}",
     25600,        24,         0,   0.077,pymatching,20d026287936f946645efcbf9aaa612c888085ef02a99e1102caebf1178452a9,"{""config"":[""Z0"",""Z""],""d"":5,""p"":0.0028820512820512817}",
      3072,        60,         0,   0.021,pymatching,042d5bab02374b15388f9c56c49dfae62d63b1ac9baffd5b49ba531b90322a69,"{""config"":[""Z0"",""Z""],""d"":5,""p"":0.008228205128205128}",
      2048,        14,         0,   0.016,pymatching,f89bd0f5bf9de83125d37164e04a498bbd4a72c2cf8caf07b9d70440e492f73e,"{""config"":[""Z0"",""Z""],""d"":5,""p"":0.005733333333333333}",
     27648,        18,         0,   0.076,pymatching,415eeda5d230b505681e69ccce0cb0cbfa5ec1e573ea1824d65cd689d0872bde,"{""config"":[""Z0"",""Z""],""d"":5,""p"":0.0025256410256410257}",
    141312,         3,         0,   0.286,pymatching,5b273f9ec8ea7b72530ef207045ef0aaa96f2aeaae8c030ce7ed7ea948aa74d4,"{""config"":[""Z0"",""Z""],""d"":5,""p"":0.0011}",
      4096,        62,         0,   0.024,pymatching,eeebabfedb2a3123d26b34ded302d5207e14cbd5212359c654542b05335e542f,"{""config"":[""Z0"",""Z""],""d"":5,""p"":0.007158974358974359}",
    145408,        11,         0,   0.286,pymatching,bd3b752bc833fe8bfdffde7fe510e095aa035d029c4a46fce9ac05636154e154,"{""config"":[""Z0"",""Z""],""d"":5,""p"":0.001}",
     10240,        45,         0,   0.042,pymatching,e885ab55bb9257731d504f45c60a7927b0be113f52f8a1095bfa6ca46426372b,"{""config"":[""Z0"",""Z""],""d"":5,""p"":0.004664102564102564}",
      1297,        35,         0,   0.017,pymatching,6f14bd7a86cf2b079bb8fdfef6afb63a73b9c0ef56c9eec99ed0ca01ea500326,"{""config"":[""Z0"",""Z""],""d"":5,""p"":0.009297435897435898}",
     17408,        21,         0,   0.056,pymatching,678957444d919a21d096ed824e293816b12a8141ac6b226f34d79524e83e9ad5,"{""config"":[""Z0"",""Z""],""d"":5,""p"":0.003238461538461538}",
     16384,        32,         0,   0.056,pymatching,134340847ed9530aeb61aa7f4b4f644b1be4421982e46f98239fd7b0e394a4d7,"{""config"":[""Z0"",""Z""],""d"":5,""p"":0.0035948717948717946}",
     15360,        27,         0,   0.055,pymatching,e7e63a9be967615086d8ecc7576c4fad0c17b232da5cf7f7d78ff5ee460004a3,"{""config"":[""Z0"",""Z""],""d"":5,""p"":0.003951282051282051}",
      5120,        74,         0,   0.029,pymatching,54e93256f3c4e741b4967bc2a1dde55dcf7eff104ab5b068c0f4cf3cad575a43,"{""config"":[""Z0"",""Z""],""d"":5,""p"":0.006802564102564103}",
      5120,        93,         0,   0.035,pymatching,93468351e0ebd3e34a0a3cac6051bbd93aeeecae20ca5222ed0c742c4c31f862,"{""config"":[""Z0"",""Z""],""d"":5,""p"":0.007871794871794872}",
     14336,        49,         0,   0.055,pymatching,61c82650e7dffb26f8e91ed4cb8706a75cbe08dedd26980f071b70573b020adb,"{""config"":[""Z0"",""Z""],""d"":5,""p"":0.0043076923076923075}",
      9216,        54,         0,   0.043,pymatching,4aa399119067a333f968868ed025e4b6606950afd6c887f61c25e26de1bd886e,"{""config"":[""Z0"",""Z""],""d"":5,""p"":0.005376923076923077}",
      4096,       113,         0,   0.029,pymatching,0a533e72da500b7722b085590cf7f70da878a6055d43272b348673d22563ef4a,"{""config"":[""Z0"",""Z""],""d"":5,""p"":0.008584615384615385}",
      4096,        32,         0,   0.020,pymatching,f89bd0f5bf9de83125d37164e04a498bbd4a72c2cf8caf07b9d70440e492f73e,"{""config"":[""Z0"",""Z""],""d"":5,""p"":0.005733333333333333}",
      5120,        69,         0,   0.032,pymatching,5d9ee62b2282733551f46f4e35a09b7dd3c6e4c3da1f40c6f2e9236f62adb035,"{""config"":[""Z0"",""Z""],""d"":5,""p"":0.007515384615384615}",
      9216,        45,         0,   0.040,pymatching,50edce6ab9cb0ce1e74fad5cf142be6595d568174b66aa2f37eba6b6bf8ea45b,"{""config"":[""Z0"",""Z""],""d"":5,""p"":0.00502051282051282}",
      6144,        66,         0,   0.033,pymatching,c9f50bfaec719ff64287cdffbda18d59e39f48ba3b01c10eb5aa999a27c9558a,"{""config"":[""Z0"",""Z""],""d"":5,""p"":0.006446153846153846}",
      1297,        37,         0,   0.022,pymatching,67ac4febed4903825391b6242a65ddce8166a4c64d536c840ae6682aafc43ca7,"{""config"":[""Z0"",""Z""],""d"":5,""p"":0.00894102564102564}",
      8192,        68,         0,   0.041,pymatching,e4615fc35f9108f307fbb96eee8e4b9882d86b0790449d432e1e444cabcc2415,"{""config"":[""Z0"",""Z""],""d"":5,""p"":0.00608974358974359}",
      1297,        55,         0,   0.024,pymatching,49ee80a93e4d9854578bd1e983cf99e4b05a7a96f1df1d295f0f0d2ca8fc243e,"{""config"":[""Z0"",""Z""],""d"":5,""p"":0.010010256410256409}",
      2048,        58,         0,   0.016,pymatching,6f14bd7a86cf2b079bb8fdfef6afb63a73b9c0ef56c9eec99ed0ca01ea500326,"{""config"":[""Z0"",""Z""],""d"":5,""p"":0.009297435897435898}",
      1297,        80,         0,   0.024,pymatching,8ba5ddafcdceb67e39bd0fe42ae0fa39bc0683eb5301c586cccab1ed794ff85e,"{""config"":[""Z0"",""Z""],""d"":5,""p"":0.011435897435897435}",
      4096,        69,         0,   0.027,pymatching,042d5bab02374b15388f9c56c49dfae62d63b1ac9baffd5b49ba531b90322a69,"{""config"":[""Z0"",""Z""],""d"":5,""p"":0.008228205128205128}",
      1297,        42,         0,   0.023,pymatching,ca4ec24f3e163511afac72e0ed01cea486d0989dab2ccf20b65427392b1fef2a,"{""config"":[""Z0"",""Z""],""d"":5,""p"":0.009653846153846153}",
      1297,        67,         0,   0.026,pymatching,5073607c9729d67e3a46599ed1c6127a66cd6f276b08a52dbebe4f39b475d796,"{""config"":[""Z0"",""Z""],""d"":5,""p"":0.01107948717948718}",
      5120,        78,         0,   0.030,pymatching,eeebabfedb2a3123d26b34ded302d5207e14cbd5212359c654542b05335e542f,"{""config"":[""Z0"",""Z""],""d"":5,""p"":0.007158974358974359}",
      2048,        56,         0,   0.019,pymatching,67ac4febed4903825391b6242a65ddce8166a4c64d536c840ae6682aafc43ca7,"{""config"":[""Z0"",""Z""],""d"":5,""p"":0.00894102564102564}",
      2048,        72,         0,   0.020,pymatching,49ee80a93e4d9854578bd1e983cf99e4b05a7a96f1df1d295f0f0d2ca8fc243e,"{""config"":[""Z0"",""Z""],""d"":5,""p"":0.010010256410256409}",
      2048,        99,         0,   0.020,pymatching,8ba5ddafcdceb67e39bd0fe42ae0fa39bc0683eb5301c586cccab1ed794ff85e,"{""config"":[""Z0"",""Z""],""d"":5,""p"":0.011435897435897435}",
      1297,        71,         0,   0.026,pymatching,504ef0a4a98fcd3662bb5846a0fe330ec09f07303d994aeacb9cefe45aa5d7b6,"{""config"":[""Z0"",""Z""],""d"":5,""p"":0.011792307692307692}",
      1297,        77,         0,   0.025,pymatching,20ee6a28f327ef6d168e0e458c2efb1b31466a2efd93d8844c1bf4a10e766028,"{""config"":[""Z0"",""Z""],""d"":5,""p"":0.012505128205128205}",
      3072,        93,         0,   0.024,pymatching,6f14bd7a86cf2b079bb8fdfef6afb63a73b9c0ef56c9eec99ed0ca01ea500326,"{""config"":[""Z0"",""Z""],""d"":5,""p"":0.009297435897435898}",
      6144,        43,         0,   0.029,pymatching,f89bd0f5bf9de83125d37164e04a498bbd4a72c2cf8caf07b9d70440e492f73e,"{""config"":[""Z0"",""Z""],""d"":5,""p"":0.005733333333333333}",
       273,        21,         0,   0.012,pymatching,a82745d88d15782cfed8e3ddd3f6ce25e7f35ac930e331f77e9659b9f37fdcd7,"{""config"":[""Z0"",""Z""],""d"":5,""p"":0.013574358974358974}",
      2048,        58,         0,   0.020,pymatching,ca4ec24f3e163511afac72e0ed01cea486d0989dab2ccf20b65427392b1fef2a,"{""config"":[""Z0"",""Z""],""d"":5,""p"":0.009653846153846153}",
      1297,        58,         0,   0.025,pymatching,60f3866b742cce666adb220654aa87f621863748e4c334e5be9267b56bb0f101,"{""config"":[""Z0"",""Z""],""d"":5,""p"":0.010366666666666666}",
      2048,        99,         0,   0.020,pymatching,5073607c9729d67e3a46599ed1c6127a66cd6f276b08a52dbebe4f39b475d796,"{""config"":[""Z0"",""Z""],""d"":5,""p"":0.01107948717948718}",
      1297,        54,         0,   0.024,pymatching,91ef4e4b74e872b7bcef471c6c28e3d53b658a122adb80213ef78ad0c5c7cd26,"{""config"":[""Z0"",""Z""],""d"":5,""p"":0.010723076923076922}",
    181248,         0,         0,   0.286,pymatching,55d631a983676397dca6458b14b2050e779294910899f494138c11680d5a3a81,"{""config"":[""Z0"",""Z""],""d"":5,""p"":7.742636826811278e-05}",
      7168,        94,         0,   0.040,pymatching,54e93256f3c4e741b4967bc2a1dde55dcf7eff104ab5b068c0f4cf3cad575a43,"{""config"":[""Z0"",""Z""],""d"":5,""p"":0.006802564102564103}",
      6144,       122,         0,   0.040,pymatching,93468351e0ebd3e34a0a3cac6051bbd93aeeecae20ca5222ed0c742c4c31f862,"{""config"":[""Z0"",""Z""],""d"":5,""p"":0.007871794871794872}",
    181248,         0,         0,   0.285,pymatching,44745f4fd1c9d3c646efc4a75cfdb5edb60063d939292747153380d5589d708e,"{""config"":[""Z0"",""Z""],""d"":5,""p"":4.641588833612782e-05}",
      1297,        77,         0,   0.029,pymatching,bfd9668843ae94dce59fa7b1fb7610f947ab7ea1f4ca65c69ce35b9c0f925216,"{""config"":[""Z0"",""Z""],""d"":5,""p"":0.012148717948717948}",
    303407,      2918,         0,   0.257,pymatching,3efce2e26921b385958e0b4dea9757001f3e4a02fe997d2c9c0fb8c12c9db369,"{""config"":[""Z0"",""Z""],""d"":3,""p"":0.00608974358974359}",
     13312,        53,         0,   0.054,pymatching,e885ab55bb9257731d504f45c60a7927b0be113f52f8a1095bfa6ca46426372b,"{""config"":[""Z0"",""Z""],""d"":5,""p"":0.004664102564102564}",
      1297,        85,         0,   0.030,pymatching,a5d5f6d56e2061bb70db97d58d33eb4c5445f0b90f50d5dad0ba6e38161aa520,"{""config"":[""Z0"",""Z""],""d"":5,""p"":0.012861538461538462}",
    174080,         0,         0,   0.285,pymatching,96d644a6f0f9bc1a372546fe5decbd4422912531fe2bd04f2dd73740bca917d3,"{""config"":[""Z0"",""Z""],""d"":5,""p"":0.00021544346900318823}",
      6144,       155,         0,   0.043,pymatching,0a533e72da500b7722b085590cf7f70da878a6055d43272b348673d22563ef4a,"{""config"":[""Z0"",""Z""],""d"":5,""p"":0.008584615384615385}",
      3072,        72,         0,   0.023,pymatching,67ac4febed4903825391b6242a65ddce8166a4c64d536c840ae6682aafc43ca7,"{""config"":[""Z0"",""Z""],""d"":5,""p"":0.00894102564102564}",
      7168,       123,         0,   0.045,pymatching,5d9ee62b2282733551f46f4e35a09b7dd3c6e4c3da1f40c6f2e9236f62adb035,"{""config"":[""Z0"",""Z""],""d"":5,""p"":0.007515384615384615}",
      8192,        89,         0,   0.043,pymatching,c9f50bfaec719ff64287cdffbda18d59e39f48ba3b01c10eb5aa999a27c9558a,"{""config"":[""Z0"",""Z""],""d"":5,""p"":0.006446153846153846}",
      2048,       112,         0,   0.020,pymatching,504ef0a4a98fcd3662bb5846a0fe330ec09f07303d994aeacb9cefe45aa5d7b6,"{""config"":[""Z0"",""Z""],""d"":5,""p"":0.011792307692307692}",
    158720,         1,         0,   0.286,pymatching,b4b4fdfde03ca9ec68a840e823fa6e7481d6391d27eed57f2483af3dc02a25a8,"{""config"":[""Z0"",""Z""],""d"":5,""p"":0.0005994842503189409}",
      6144,       151,         0,   0.041,pymatching,042d5bab02374b15388f9c56c49dfae62d63b1ac9baffd5b49ba531b90322a69,"{""config"":[""Z0"",""Z""],""d"":5,""p"":0.008228205128205128}",
      1297,        91,         0,   0.032,pymatching,f893c24a437b18f073c4fbff0b424d067ee3379d3b2f306fa3027e0f705226de,"{""config"":[""Z0"",""Z""],""d"":5,""p"":0.013217948717948718}",
      3072,       110,         0,   0.026,pymatching,49ee80a93e4d9854578bd1e983cf99e4b05a7a96f1df1d295f0f0d2ca8fc243e,"{""config"":[""Z0"",""Z""],""d"":5,""p"":0.010010256410256409}",
      2048,       124,         0,   0.022,pymatching,20ee6a28f327ef6d168e0e458c2efb1b31466a2efd93d8844c1bf4a10e766028,"{""config"":[""Z0"",""Z""],""d"":5,""p"":0.012505128205128205}",
    181248,         0,         0,   0.286,pymatching,a3a6b886a1c3cdaba8adda9c8ca4c2387efdf8e8ff8f54bd291abfb509f7a5e1,"{""config"":[""Z0"",""Z""],""d"":5,""p"":1e-05}",
      1297,       107,         0,   0.033,pymatching,ddd58b8e370e4a02dcc931c377c25041b0602523944625958b29a876ed59cc72,"{""config"":[""Z0"",""Z""],""d"":5,""p"":0.01393076923076923}",
      1024,        86,         0,   0.021,pymatching,a82745d88d15782cfed8e3ddd3f6ce25e7f35ac930e331f77e9659b9f37fdcd7,"{""config"":[""Z0"",""Z""],""d"":5,""p"":0.013574358974358974}",
      3072,       156,         0,   0.029,pymatching,8ba5ddafcdceb67e39bd0fe42ae0fa39bc0683eb5301c586cccab1ed794ff85e,"{""config"":[""Z0"",""Z""],""d"":5,""p"":0.011435897435897435}",
      2048,        65,         0,   0.021,pymatching,60f3866b742cce666adb220654aa87f621863748e4c334e5be9267b56bb0f101,"{""config"":[""Z0"",""Z""],""d"":5,""p"":0.010366666666666666}",
     12288,        59,         0,   0.053,pymatching,50edce6ab9cb0ce1e74fad5cf142be6595d568174b66aa2f37eba6b6bf8ea45b,"{""config"":[""Z0"",""Z""],""d"":5,""p"":0.00502051282051282}",
      2048,        71,         0,   0.019,pymatching,91ef4e4b74e872b7bcef471c6c28e3d53b658a122adb80213ef78ad0c5c7cd26,"{""config"":[""Z0"",""Z""],""d"":5,""p"":0.010723076923076922}",
     12288,        83,         0,   0.056,pymatching,4aa399119067a333f968868ed025e4b6606950afd6c887f61c25e26de1bd886e,"{""config"":[""Z0"",""Z""],""d"":5,""p"":0.005376923076923077}",
    181248,         0,         0,   0.285,pymatching,cb6032376f39cb453213ed9ecdc87787687a768cc871b3ea652302449497acf9,"{""config"":[""Z0"",""Z""],""d"":5,""p"":1.6681005372000593e-05}",
      3072,       103,         0,   0.025,pymatching,ca4ec24f3e163511afac72e0ed01cea486d0989dab2ccf20b65427392b1fef2a,"{""config"":[""Z0"",""Z""],""d"":5,""p"":0.009653846153846153}",
      7168,        84,         0,   0.042,pymatching,eeebabfedb2a3123d26b34ded302d5207e14cbd5212359c654542b05335e542f,"{""config"":[""Z0"",""Z""],""d"":5,""p"":0.007158974358974359}",
      1297,       103,         0,   0.034,pymatching,6f1295719717affaa880fd5058d04ec88d2b8fb05f9bf91ed2084d0e716e5632,"{""config"":[""Z0"",""Z""],""d"":5,""p"":0.014287179487179487}",
    169984,         0,         0,   0.286,pymatching,8e15c8693f48124b9ac3f87e9f3320dd83113e51c19fa8aa3538394a28ccaa95,"{""config"":[""Z0"",""Z""],""d"":5,""p"":0.00035938136638046257}",
      4096,       111,         0,   0.032,pymatching,6f14bd7a86cf2b079bb8fdfef6afb63a73b9c0ef56c9eec99ed0ca01ea500326,"{""config"":[""Z0"",""Z""],""d"":5,""p"":0.009297435897435898}",
     11264,       111,         0,   0.058,pymatching,e4615fc35f9108f307fbb96eee8e4b9882d86b0790449d432e1e444cabcc2415,"{""config"":[""Z0"",""Z""],""d"":5,""p"":0.00608974358974359}",
      3072,       154,         0,   0.028,pymatching,5073607c9729d67e3a46599ed1c6127a66cd6f276b08a52dbebe4f39b475d796,"{""config"":[""Z0"",""Z""],""d"":5,""p"":0.01107948717948718}",
      2048,       129,         0,   0.021,pymatching,bfd9668843ae94dce59fa7b1fb7610f947ab7ea1f4ca65c69ce35b9c0f925216,"{""config"":[""Z0"",""Z""],""d"":5,""p"":0.012148717948717948}",
      2048,       156,         0,   0.023,pymatching,a5d5f6d56e2061bb70db97d58d33eb4c5445f0b90f50d5dad0ba6e38161aa520,"{""config"":[""Z0"",""Z""],""d"":5,""p"":0.012861538461538462}",
      2048,       126,         0,   0.020,pymatching,504ef0a4a98fcd3662bb5846a0fe330ec09f07303d994aeacb9cefe45aa5d7b6,"{""config"":[""Z0"",""Z""],""d"":5,""p"":0.011792307692307692}",
      2321,         0,         0,   0.012,pymatching,b65d463368349fe7185a1b98546b30360d6fc664e64234f4bb889180b2328c05,"{""config"":[""Z0"",""Z""],""d"":7,""p"":1.6681005372000593e-05}",
     23552,        34,         0,   0.075,pymatching,678957444d919a21d096ed824e293816b12a8141ac6b226f34d79524e83e9ad5,"{""config"":[""Z0"",""Z""],""d"":5,""p"":0.003238461538461538}",
    183296,         0,         0,   0.286,pymatching,9805580b8e051a4265c8604318060372d751d1b656d0ca74ba2ce82fb46e46ec,"{""config"":[""Z0"",""Z""],""d"":5,""p"":2.782559402207126e-05}",
    130048,        16,         0,   0.286,pymatching,95da8241892677a1febd902b9693f33a066978771f54fe810ea795a04054cdeb,"{""config"":[""Z0"",""Z""],""d"":5,""p"":0.0014564102564102565}",
     22528,        53,         0,   0.076,pymatching,134340847ed9530aeb61aa7f4b4f644b1be4421982e46f98239fd7b0e394a4d7,"{""config"":[""Z0"",""Z""],""d"":5,""p"":0.0035948717948717946}",
      8192,        69,         0,   0.040,pymatching,f89bd0f5bf9de83125d37164e04a498bbd4a72c2cf8caf07b9d70440e492f73e,"{""config"":[""Z0"",""Z""],""d"":5,""p"":0.005733333333333333}",
      1297,       118,         0,   0.027,pymatching,45a0b114779f9261506e80fdd824eb6baf3ae998eab6dfc6843bc47285ebbe00,"{""config"":[""Z0"",""Z""],""d"":5,""p"":0.014643589743589744}",
      2048,       155,         0,   0.023,pymatching,f893c24a437b18f073c4fbff0b424d067ee3379d3b2f306fa3027e0f705226de,"{""config"":[""Z0"",""Z""],""d"":5,""p"":0.013217948717948718}",
      2048,       145,         0,   0.021,pymatching,20ee6a28f327ef6d168e0e458c2efb1b31466a2efd93d8844c1bf4a10e766028,"{""config"":[""Z0"",""Z""],""d"":5,""p"":0.012505128205128205}",
      1297,       122,         0,   0.031,pymatching,1f9edbee88d8d3ecfc637bd4e33f80e4b9b8a39f6f9a8b4dd0383fc455004c62,"{""config"":[""Z0"",""Z""],""d"":5,""p"":0.014999999999999998}",
    110592,        51,         0,   0.286,pymatching,e986d2b79b80be3cf24fe2bbee1a2f0b42e12ebfbf61e1177c6587a928a39bc1,"{""config"":[""Z0"",""Z""],""d"":5,""p"":0.002169230769230769}",
      4096,       103,         0,   0.030,pymatching,67ac4febed4903825391b6242a65ddce8166a4c64d536c840ae6682aafc43ca7,"{""config"":[""Z0"",""Z""],""d"":5,""p"":0.00894102564102564}",
     21504,        48,         0,   0.078,pymatching,e7e63a9be967615086d8ecc7576c4fad0c17b232da5cf7f7d78ff5ee460004a3,"{""config"":[""Z0"",""Z""],""d"":5,""p"":0.003951282051282051}",
      2048,       145,         0,   0.024,pymatching,ddd58b8e370e4a02dcc931c377c25041b0602523944625958b29a876ed59cc72,"{""config"":[""Z0"",""Z""],""d"":5,""p"":0.01393076923076923}",
      2048,       165,         0,   0.023,pymatching,a82745d88d15782cfed8e3ddd3f6ce25e7f35ac930e331f77e9659b9f37fdcd7,"{""config"":[""Z0"",""Z""],""d"":5,""p"":0.013574358974358974}",
     20480,        50,         0,   0.079,pymatching,61c82650e7dffb26f8e91ed4cb8706a75cbe08dedd26980f071b70573b020adb,"{""config"":[""Z0"",""Z""],""d"":5,""p"":0.0043076923076923075}",
     35840,        36,         0,   0.107,pymatching,20d026287936f946645efcbf9aaa612c888085ef02a99e1102caebf1178452a9,"{""config"":[""Z0"",""Z""],""d"":5,""p"":0.0028820512820512817}",
      3072,       136,         0,   0.026,pymatching,60f3866b742cce666adb220654aa87f621863748e4c334e5be9267b56bb0f101,"{""config"":[""Z0"",""Z""],""d"":5,""p"":0.010366666666666666}",
    178176,         0,         0,   0.285,pymatching,1195174d70b461e3b71898fd135bbe0c631acce029764a5a3bd90a4b3f212492,"{""config"":[""Z0"",""Z""],""d"":5,""p"":0.0001291549665014884}",
      2048,       114,         0,   0.021,pymatching,bfd9668843ae94dce59fa7b1fb7610f947ab7ea1f4ca65c69ce35b9c0f925216,"{""config"":[""Z0"",""Z""],""d"":5,""p"":0.012148717948717948}",
      3072,       120,         0,   0.027,pymatching,91ef4e4b74e872b7bcef471c6c28e3d53b658a122adb80213ef78ad0c5c7cd26,"{""config"":[""Z0"",""Z""],""d"":5,""p"":0.010723076923076922}",
      3072,       159,         0,   0.029,pymatching,8ba5ddafcdceb67e39bd0fe42ae0fa39bc0683eb5301c586cccab1ed794ff85e,"{""config"":[""Z0"",""Z""],""d"":5,""p"":0.011435897435897435}",
      4096,       135,         0,   0.034,pymatching,49ee80a93e4d9854578bd1e983cf99e4b05a7a96f1df1d295f0f0d2ca8fc243e,"{""config"":[""Z0"",""Z""],""d"":5,""p"":0.010010256410256409}",
      2048,       179,         0,   0.025,pymatching,6f1295719717affaa880fd5058d04ec88d2b8fb05f9bf91ed2084d0e716e5632,"{""config"":[""Z0"",""Z""],""d"":5,""p"":0.014287179487179487}",
      4096,         0,         0,   0.017,pymatching,b65d463368349fe7185a1b98546b30360d6fc664e64234f4bb889180b2328c05,"{""config"":[""Z0"",""Z""],""d"":7,""p"":1.6681005372000593e-05}",
      2048,       133,         0,   0.022,pymatching,a5d5f6d56e2061bb70db97d58d33eb4c5445f0b90f50d5dad0ba6e38161aa520,"{""config"":[""Z0"",""Z""],""d"":5,""p"":0.012861538461538462}",
      3072,       133,         0,   0.028,pymatching,5073607c9729d67e3a46599ed1c6127a66cd6f276b08a52dbebe4f39b475d796,"{""config"":[""Z0"",""Z""],""d"":5,""p"":0.01107948717948718}",
      4096,       137,         0,   0.032,pymatching,ca4ec24f3e163511afac72e0ed01cea486d0989dab2ccf20b65427392b1fef2a,"{""config"":[""Z0"",""Z""],""d"":5,""p"":0.009653846153846153}",
     38912,        26,         0,   0.107,pymatching,415eeda5d230b505681e69ccce0cb0cbfa5ec1e573ea1824d65cd689d0872bde,"{""config"":[""Z0"",""Z""],""d"":5,""p"":0.0025256410256410257}",
      2048,       137,         0,   0.023,pymatching,f893c24a437b18f073c4fbff0b424d067ee3379d3b2f306fa3027e0f705226de,"{""config"":[""Z0"",""Z""],""d"":5,""p"":0.013217948717948718}",
      2048,       172,         0,   0.025,pymatching,45a0b114779f9261506e80fdd824eb6baf3ae998eab6dfc6843bc47285ebbe00,"{""config"":[""Z0"",""Z""],""d"":5,""p"":0.014643589743589744}",
     10240,       139,         0,   0.057,pymatching,54e93256f3c4e741b4967bc2a1dde55dcf7eff104ab5b068c0f4cf3cad575a43,"{""config"":[""Z0"",""Z""],""d"":5,""p"":0.006802564102564103}",
      3072,       140,         0,   0.030,pymatching,504ef0a4a98fcd3662bb5846a0fe330ec09f07303d994aeacb9cefe45aa5d7b6,"{""config"":[""Z0"",""Z""],""d"":5,""p"":0.011792307692307692}",
    120832,        26,         0,   0.287,pymatching,505fc6c7e8177b0d62f81733b47439cc3b77726a592ba5600d7473e2465ef9e1,"{""config"":[""Z0"",""Z""],""d"":5,""p"":0.0018128205128205128}",
      9216,       173,         0,   0.060,pymatching,93468351e0ebd3e34a0a3cac6051bbd93aeeecae20ca5222ed0c742c4c31f862,"{""config"":[""Z0"",""Z""],""d"":5,""p"":0.007871794871794872}",
      2048,       211,         0,   0.026,pymatching,1f9edbee88d8d3ecfc637bd4e33f80e4b9b8a39f6f9a8b4dd0383fc455004c62,"{""config"":[""Z0"",""Z""],""d"":5,""p"":0.014999999999999998}",
      2048,       158,         0,   0.024,pymatching,ddd58b8e370e4a02dcc931c377c25041b0602523944625958b29a876ed59cc72,"{""config"":[""Z0"",""Z""],""d"":5,""p"":0.01393076923076923}",
     10240,       114,         0,   0.054,pymatching,c9f50bfaec719ff64287cdffbda18d59e39f48ba3b01c10eb5aa999a27c9558a,"{""config"":[""Z0"",""Z""],""d"":5,""p"":0.006446153846153846}",
      8192,       208,         0,   0.058,pymatching,0a533e72da500b7722b085590cf7f70da878a6055d43272b348673d22563ef4a,"{""config"":[""Z0"",""Z""],""d"":5,""p"":0.008584615384615385}",
      9216,       141,         0,   0.056,pymatching,5d9ee62b2282733551f46f4e35a09b7dd3c6e4c3da1f40c6f2e9236f62adb035,"{""config"":[""Z0"",""Z""],""d"":5,""p"":0.007515384615384615}",
      5120,       162,         0,   0.041,pymatching,6f14bd7a86cf2b079bb8fdfef6afb63a73b9c0ef56c9eec99ed0ca01ea500326,"{""config"":[""Z0"",""Z""],""d"":5,""p"":0.009297435897435898}",
      8192,       164,         0,   0.054,pymatching,042d5bab02374b15388f9c56c49dfae62d63b1ac9baffd5b49ba531b90322a69,"{""config"":[""Z0"",""Z""],""d"":5,""p"":0.008228205128205128}",
      3072,       193,         0,   0.033,pymatching,20ee6a28f327ef6d168e0e458c2efb1b31466a2efd93d8844c1bf4a10e766028,"{""config"":[""Z0"",""Z""],""d"":5,""p"":0.012505128205128205}",
      5120,         0,         0,   0.022,pymatching,b65d463368349fe7185a1b98546b30360d6fc664e64234f4bb889180b2328c05,"{""config"":[""Z0"",""Z""],""d"":7,""p"":1.6681005372000593e-05}",
      2048,       164,         0,   0.025,pymatching,6f1295719717affaa880fd5058d04ec88d2b8fb05f9bf91ed2084d0e716e5632,"{""config"":[""Z0"",""Z""],""d"":5,""p"":0.014287179487179487}",
      9216,       133,         0,   0.054,pymatching,eeebabfedb2a3123d26b34ded302d5207e14cbd5212359c654542b05335e542f,"{""config"":[""Z0"",""Z""],""d"":5,""p"":0.007158974358974359}",
      3072,       238,         0,   0.035,pymatching,a82745d88d15782cfed8e3ddd3f6ce25e7f35ac930e331f77e9659b9f37fdcd7,"{""config"":[""Z0"",""Z""],""d"":5,""p"":0.013574358974358974}",
      3072,       168,         0,   0.031,pymatching,bfd9668843ae94dce59fa7b1fb7610f947ab7ea1f4ca65c69ce35b9c0f925216,"{""config"":[""Z0"",""Z""],""d"":5,""p"":0.012148717948717948}",
      2321,         0,         0,   0.012,pymatching,40df5333218c9f1ad41e78dada9e208c9194c91b0d01d6e09ef3425702993856,"{""config"":[""Z0"",""Z""],""d"":7,""p"":2.782559402207126e-05}",
      4096,       142,         0,   0.035,pymatching,60f3866b742cce666adb220654aa87f621863748e4c334e5be9267b56bb0f101,"{""config"":[""Z0"",""Z""],""d"":5,""p"":0.010366666666666666}",
     18432,        73,         0,   0.075,pymatching,e885ab55bb9257731d504f45c60a7927b0be113f52f8a1095bfa6ca46426372b,"{""config"":[""Z0"",""Z""],""d"":5,""p"":0.004664102564102564}",
      4096,       178,         0,   0.036,pymatching,91ef4e4b74e872b7bcef471c6c28e3d53b658a122adb80213ef78ad0c5c7cd26,"{""config"":[""Z0"",""Z""],""d"":5,""p"":0.010723076923076922}",
      6144,       158,         0,   0.046,pymatching,67ac4febed4903825391b6242a65ddce8166a4c64d536c840ae6682aafc43ca7,"{""config"":[""Z0"",""Z""],""d"":5,""p"":0.00894102564102564}",
      2048,       192,         0,   0.026,pymatching,45a0b114779f9261506e80fdd824eb6baf3ae998eab6dfc6843bc47285ebbe00,"{""config"":[""Z0"",""Z""],""d"":5,""p"":0.014643589743589744}",
      2321,         0,         0,   0.012,pymatching,0781cd5b564db096361aa7b8ac626bab203611876dcef266baf5ec54047bf09e,"{""config"":[""Z0"",""Z""],""d"":7,""p"":1e-05}",
      3072,       220,         0,   0.033,pymatching,a5d5f6d56e2061bb70db97d58d33eb4c5445f0b90f50d5dad0ba6e38161aa520,"{""config"":[""Z0"",""Z""],""d"":5,""p"":0.012861538461538462}",
      4096,       189,         0,   0.039,pymatching,8ba5ddafcdceb67e39bd0fe42ae0fa39bc0683eb5301c586cccab1ed794ff85e,"{""config"":[""Z0"",""Z""],""d"":5,""p"":0.011435897435897435}",
      5120,       198,         0,   0.042,pymatching,49ee80a93e4d9854578bd1e983cf99e4b05a7a96f1df1d295f0f0d2ca8fc243e,"{""config"":[""Z0"",""Z""],""d"":5,""p"":0.010010256410256409}",
     11264,        81,         0,   0.056,pymatching,f89bd0f5bf9de83125d37164e04a498bbd4a72c2cf8caf07b9d70440e492f73e,"{""config"":[""Z0"",""Z""],""d"":5,""p"":0.005733333333333333}",
      2048,       177,         0,   0.026,pymatching,1f9edbee88d8d3ecfc637bd4e33f80e4b9b8a39f6f9a8b4dd0383fc455004c62,"{""config"":[""Z0"",""Z""],""d"":5,""p"":0.014999999999999998}",
      3072,       222,         0,   0.034,pymatching,f893c24a437b18f073c4fbff0b424d067ee3379d3b2f306fa3027e0f705226de,"{""config"":[""Z0"",""Z""],""d"":5,""p"":0.013217948717948718}",
      5120,       167,         0,   0.041,pymatching,ca4ec24f3e163511afac72e0ed01cea486d0989dab2ccf20b65427392b1fef2a,"{""config"":[""Z0"",""Z""],""d"":5,""p"":0.009653846153846153}",
     17408,        76,         0,   0.076,pymatching,50edce6ab9cb0ce1e74fad5cf142be6595d568174b66aa2f37eba6b6bf8ea45b,"{""config"":[""Z0"",""Z""],""d"":5,""p"":0.00502051282051282}",
     16384,        98,         0,   0.075,pymatching,4aa399119067a333f968868ed025e4b6606950afd6c887f61c25e26de1bd886e,"{""config"":[""Z0"",""Z""],""d"":5,""p"":0.005376923076923077}",
      4096,         0,         0,   0.018,pymatching,40df5333218c9f1ad41e78dada9e208c9194c91b0d01d6e09ef3425702993856,"{""config"":[""Z0"",""Z""],""d"":7,""p"":2.782559402207126e-05}",
      5120,       217,         0,   0.047,pymatching,5073607c9729d67e3a46599ed1c6127a66cd6f276b08a52dbebe4f39b475d796,"{""config"":[""Z0"",""Z""],""d"":5,""p"":0.01107948717948718}",
      3072,       262,         0,   0.037,pymatching,ddd58b8e370e4a02dcc931c377c25041b0602523944625958b29a876ed59cc72,"{""config"":[""Z0"",""Z""],""d"":5,""p"":0.01393076923076923}",
      7168,         0,         0,   0.031,pymatching,b65d463368349fe7185a1b98546b30360d6fc664e64234f4bb889180b2328c05,"{""config"":[""Z0"",""Z""],""d"":7,""p"":1.6681005372000593e-05}",
      4096,         0,         0,   0.018,pymatching,0781cd5b564db096361aa7b8ac626bab203611876dcef266baf5ec54047bf09e,"{""config"":[""Z0"",""Z""],""d"":7,""p"":1e-05}",
      4096,       225,         0,   0.042,pymatching,504ef0a4a98fcd3662bb5846a0fe330ec09f07303d994aeacb9cefe45aa5d7b6,"{""config"":[""Z0"",""Z""],""d"":5,""p"":0.011792307692307692}",
     15360,       153,         0,   0.079,pymatching,e4615fc35f9108f307fbb96eee8e4b9882d86b0790449d432e1e444cabcc2415,"{""config"":[""Z0"",""Z""],""d"":5,""p"":0.00608974358974359}",
      2321,         0,         0,   0.012,pymatching,0cb351d9710e12e7079219cbbddbad68b20292aa21ef63532ec15227c0380465,"{""config"":[""Z0"",""Z""],""d"":7,""p"":4.641588833612782e-05}",
      2321,         0,         0,   0.012,pymatching,c7f44a0ef0e93bac790826dd8100c3050c75aad57b2a233f25781d63ca452e85,"{""config"":[""Z0"",""Z""],""d"":7,""p"":7.742636826811278e-05}",
      3072,       283,         0,   0.038,pymatching,6f1295719717affaa880fd5058d04ec88d2b8fb05f9bf91ed2084d0e716e5632,"{""config"":[""Z0"",""Z""],""d"":5,""p"":0.014287179487179487}",
      2321,         0,         0,   0.012,pymatching,d8ef2f529c74c195dfc9a0e4cbf2da7eab499baa91a582643d631decf134f81e,"{""config"":[""Z0"",""Z""],""d"":7,""p"":0.0001291549665014884}",
      4096,       277,         0,   0.044,pymatching,20ee6a28f327ef6d168e0e458c2efb1b31466a2efd93d8844c1bf4a10e766028,"{""config"":[""Z0"",""Z""],""d"":5,""p"":0.012505128205128205}",
      4096,       263,         0,   0.041,pymatching,bfd9668843ae94dce59fa7b1fb7610f947ab7ea1f4ca65c69ce35b9c0f925216,"{""config"":[""Z0"",""Z""],""d"":5,""p"":0.012148717948717948}",
      5120,         0,         0,   0.023,pymatching,40df5333218c9f1ad41e78dada9e208c9194c91b0d01d6e09ef3425702993856,"{""config"":[""Z0"",""Z""],""d"":7,""p"":2.782559402207126e-05}",
      3072,         0,         0,   0.014,pymatching,0cb351d9710e12e7079219cbbddbad68b20292aa21ef63532ec15227c0380465,"{""config"":[""Z0"",""Z""],""d"":7,""p"":4.641588833612782e-05}",
      3072,         0,         0,   0.014,pymatching,c7f44a0ef0e93bac790826dd8100c3050c75aad57b2a233f25781d63ca452e85,"{""config"":[""Z0"",""Z""],""d"":7,""p"":7.742636826811278e-05}",
      5120,       205,         0,   0.043,pymatching,60f3866b742cce666adb220654aa87f621863748e4c334e5be9267b56bb0f101,"{""config"":[""Z0"",""Z""],""d"":5,""p"":0.010366666666666666}",
      7168,       198,         0,   0.056,pymatching,6f14bd7a86cf2b079bb8fdfef6afb63a73b9c0ef56c9eec99ed0ca01ea500326,"{""config"":[""Z0"",""Z""],""d"":5,""p"":0.009297435897435898}",
      3072,       271,         0,   0.038,pymatching,45a0b114779f9261506e80fdd824eb6baf3ae998eab6dfc6843bc47285ebbe00,"{""config"":[""Z0"",""Z""],""d"":5,""p"":0.014643589743589744}",
      4096,       310,         0,   0.047,pymatching,a82745d88d15782cfed8e3ddd3f6ce25e7f35ac930e331f77e9659b9f37fdcd7,"{""config"":[""Z0"",""Z""],""d"":5,""p"":0.013574358974358974}",
      2321,         0,         0,   0.013,pymatching,3febd854a65c23808c3d2b024e5b1f1ebd781309437b2c4d0f5a37de0175e6eb,"{""config"":[""Z0"",""Z""],""d"":7,""p"":0.00021544346900318823}",
      3072,         0,         0,   0.014,pymatching,d8ef2f529c74c195dfc9a0e4cbf2da7eab499baa91a582643d631decf134f81e,"{""config"":[""Z0"",""Z""],""d"":7,""p"":0.0001291549665014884}",
      5120,         0,         0,   0.023,pymatching,0781cd5b564db096361aa7b8ac626bab203611876dcef266baf5ec54047bf09e,"{""config"":[""Z0"",""Z""],""d"":7,""p"":1e-05}",
      2321,         0,         0,   0.013,pymatching,3c8f193bbb1e6140e27ac9e4403d659e0799049fa42ea0a1f286df7017b3868d,"{""config"":[""Z0"",""Z""],""d"":7,""p"":0.00035938136638046257}",
      5120,       221,         0,   0.047,pymatching,91ef4e4b74e872b7bcef471c6c28e3d53b658a122adb80213ef78ad0c5c7cd26,"{""config"":[""Z0"",""Z""],""d"":5,""p"":0.010723076923076922}",
      4096,       257,         0,   0.045,pymatching,a5d5f6d56e2061bb70db97d58d33eb4c5445f0b90f50d5dad0ba6e38161aa520,"{""config"":[""Z0"",""Z""],""d"":5,""p"":0.012861538461538462}",
      3072,       291,         0,   0.040,pymatching,1f9edbee88d8d3ecfc637bd4e33f80e4b9b8a39f6f9a8b4dd0383fc455004c62,"{""config"":[""Z0"",""Z""],""d"":5,""p"":0.014999999999999998}",
     13312,       172,         0,   0.077,pymatching,54e93256f3c4e741b4967bc2a1dde55dcf7eff104ab5b068c0f4cf3cad575a43,"{""config"":[""Z0"",""Z""],""d"":5,""p"":0.006802564102564103}",
      4096,       285,         0,   0.047,pymatching,f893c24a437b18f073c4fbff0b424d067ee3379d3b2f306fa3027e0f705226de,"{""config"":[""Z0"",""Z""],""d"":5,""p"":0.013217948717948718}",
      3072,         0,         0,   0.015,pymatching,3febd854a65c23808c3d2b024e5b1f1ebd781309437b2c4d0f5a37de0175e6eb,"{""config"":[""Z0"",""Z""],""d"":7,""p"":0.00021544346900318823}",
     33792,        46,         0,   0.108,pymatching,678957444d919a21d096ed824e293816b12a8141ac6b226f34d79524e83e9ad5,"{""config"":[""Z0"",""Z""],""d"":5,""p"":0.003238461538461538}",
     14336,       168,         0,   0.076,pymatching,c9f50bfaec719ff64287cdffbda18d59e39f48ba3b01c10eb5aa999a27c9558a,"{""config"":[""Z0"",""Z""],""d"":5,""p"":0.006446153846153846}",
     31744,        66,         0,   0.107,pymatching,134340847ed9530aeb61aa7f4b4f644b1be4421982e46f98239fd7b0e394a4d7,"{""config"":[""Z0"",""Z""],""d"":5,""p"":0.0035948717948717946}",
      9216,         0,         0,   0.040,pymatching,b65d463368349fe7185a1b98546b30360d6fc664e64234f4bb889180b2328c05,"{""config"":[""Z0"",""Z""],""d"":7,""p"":1.6681005372000593e-05}",
      5120,         0,         0,   0.023,pymatching,0cb351d9710e12e7079219cbbddbad68b20292aa21ef63532ec15227c0380465,"{""config"":[""Z0"",""Z""],""d"":7,""p"":4.641588833612782e-05}",
      8192,       207,         0,   0.059,pymatching,67ac4febed4903825391b6242a65ddce8166a4c64d536c840ae6682aafc43ca7,"{""config"":[""Z0"",""Z""],""d"":5,""p"":0.00894102564102564}",
     12288,       217,         0,   0.078,pymatching,5d9ee62b2282733551f46f4e35a09b7dd3c6e4c3da1f40c6f2e9236f62adb035,"{""config"":[""Z0"",""Z""],""d"":5,""p"":0.007515384615384615}",
     11264,       275,         0,   0.079,pymatching,0a533e72da500b7722b085590cf7f70da878a6055d43272b348673d22563ef4a,"{""config"":[""Z0"",""Z""],""d"":5,""p"":0.008584615384615385}",
      5120,         0,         0,   0.023,pymatching,c7f44a0ef0e93bac790826dd8100c3050c75aad57b2a233f25781d63ca452e85,"{""config"":[""Z0"",""Z""],""d"":7,""p"":7.742636826811278e-05}",
     11264,       214,         0,   0.078,pymatching,042d5bab02374b15388f9c56c49dfae62d63b1ac9baffd5b49ba531b90322a69,"{""config"":[""Z0"",""Z""],""d"":5,""p"":0.008228205128205128}",
      3072,         0,         0,   0.015,pymatching,3c8f193bbb1e6140e27ac9e4403d659e0799049fa42ea0a1f286df7017b3868d,"{""config"":[""Z0"",""Z""],""d"":7,""p"":0.00035938136638046257}",
     12288,       231,         0,   0.081,pymatching,93468351e0ebd3e34a0a3cac6051bbd93aeeecae20ca5222ed0c742c4c31f862,"{""config"":[""Z0"",""Z""],""d"":5,""p"":0.007871794871794872}",
      6144,       307,         0,   0.060,pymatching,8ba5ddafcdceb67e39bd0fe42ae0fa39bc0683eb5301c586cccab1ed794ff85e,"{""config"":[""Z0"",""Z""],""d"":5,""p"":0.011435897435897435}",
     28672,        63,         0,   0.106,pymatching,e7e63a9be967615086d8ecc7576c4fad0c17b232da5cf7f7d78ff5ee460004a3,"{""config"":[""Z0"",""Z""],""d"":5,""p"":0.003951282051282051}",
      6144,         0,         0,   0.028,pymatching,40df5333218c9f1ad41e78dada9e208c9194c91b0d01d6e09ef3425702993856,"{""config"":[""Z0"",""Z""],""d"":7,""p"":2.782559402207126e-05}",
     26624,        70,         0,   0.105,pymatching,61c82650e7dffb26f8e91ed4cb8706a75cbe08dedd26980f071b70573b020adb,"{""config"":[""Z0"",""Z""],""d"":5,""p"":0.0043076923076923075}",
      3072,       253,         0,   0.039,pymatching,6f1295719717affaa880fd5058d04ec88d2b8fb05f9bf91ed2084d0e716e5632,"{""config"":[""Z0"",""Z""],""d"":5,""p"":0.014287179487179487}",
      5120,         0,         0,   0.024,pymatching,d8ef2f529c74c195dfc9a0e4cbf2da7eab499baa91a582643d631decf134f81e,"{""config"":[""Z0"",""Z""],""d"":7,""p"":0.0001291549665014884}",
      7168,       235,         0,   0.061,pymatching,49ee80a93e4d9854578bd1e983cf99e4b05a7a96f1df1d295f0f0d2ca8fc243e,"{""config"":[""Z0"",""Z""],""d"":5,""p"":0.010010256410256409}",
      7168,       208,         0,   0.056,pymatching,ca4ec24f3e163511afac72e0ed01cea486d0989dab2ccf20b65427392b1fef2a,"{""config"":[""Z0"",""Z""],""d"":5,""p"":0.009653846153846153}",
      4096,       321,         0,   0.050,pymatching,ddd58b8e370e4a02dcc931c377c25041b0602523944625958b29a876ed59cc72,"{""config"":[""Z0"",""Z""],""d"":5,""p"":0.01393076923076923}",
     13312,       204,         0,   0.077,pymatching,eeebabfedb2a3123d26b34ded302d5207e14cbd5212359c654542b05335e542f,"{""config"":[""Z0"",""Z""],""d"":5,""p"":0.007158974358974359}",
      6144,         0,         0,   0.028,pymatching,0781cd5b564db096361aa7b8ac626bab203611876dcef266baf5ec54047bf09e,"{""config"":[""Z0"",""Z""],""d"":7,""p"":1e-05}",
      6144,       286,         0,   0.056,pymatching,5073607c9729d67e3a46599ed1c6127a66cd6f276b08a52dbebe4f39b475d796,"{""config"":[""Z0"",""Z""],""d"":5,""p"":0.01107948717948718}",
      4096,         0,         0,   0.020,pymatching,3febd854a65c23808c3d2b024e5b1f1ebd781309437b2c4d0f5a37de0175e6eb,"{""config"":[""Z0"",""Z""],""d"":7,""p"":0.00021544346900318823}",
      4096,         0,         0,   0.020,pymatching,3c8f193bbb1e6140e27ac9e4403d659e0799049fa42ea0a1f286df7017b3868d,"{""config"":[""Z0"",""Z""],""d"":7,""p"":0.00035938136638046257}",
      6144,       370,         0,   0.062,pymatching,504ef0a4a98fcd3662bb5846a0fe330ec09f07303d994aeacb9cefe45aa5d7b6,"{""config"":[""Z0"",""Z""],""d"":5,""p"":0.011792307692307692}",
     15360,       106,         0,   0.077,pymatching,f89bd0f5bf9de83125d37164e04a498bbd4a72c2cf8caf07b9d70440e492f73e,"{""config"":[""Z0"",""Z""],""d"":5,""p"":0.005733333333333333}",
      5120,       316,         0,   0.057,pymatching,20ee6a28f327ef6d168e0e458c2efb1b31466a2efd93d8844c1bf4a10e766028,"{""config"":[""Z0"",""Z""],""d"":5,""p"":0.012505128205128205}",
      6144,         0,         0,   0.028,pymatching,0cb351d9710e12e7079219cbbddbad68b20292aa21ef63532ec15227c0380465,"{""config"":[""Z0"",""Z""],""d"":7,""p"":4.641588833612782e-05}",
      3072,       300,         0,   0.041,pymatching,1f9edbee88d8d3ecfc637bd4e33f80e4b9b8a39f6f9a8b4dd0383fc455004c62,"{""config"":[""Z0"",""Z""],""d"":5,""p"":0.014999999999999998}",
      6144,         0,         0,   0.028,pymatching,c7f44a0ef0e93bac790826dd8100c3050c75aad57b2a233f25781d63ca452e85,"{""config"":[""Z0"",""Z""],""d"":7,""p"":7.742636826811278e-05}",
      4096,       387,         0,   0.051,pymatching,45a0b114779f9261506e80fdd824eb6baf3ae998eab6dfc6843bc47285ebbe00,"{""config"":[""Z0"",""Z""],""d"":5,""p"":0.014643589743589744}",
      6144,         0,         0,   0.029,pymatching,d8ef2f529c74c195dfc9a0e4cbf2da7eab499baa91a582643d631decf134f81e,"{""config"":[""Z0"",""Z""],""d"":7,""p"":0.0001291549665014884}",
      6144,       340,         0,   0.061,pymatching,bfd9668843ae94dce59fa7b1fb7610f947ab7ea1f4ca65c69ce35b9c0f925216,"{""config"":[""Z0"",""Z""],""d"":5,""p"":0.012148717948717948}",
      7168,       286,         0,   0.060,pymatching,60f3866b742cce666adb220654aa87f621863748e4c334e5be9267b56bb0f101,"{""config"":[""Z0"",""Z""],""d"":5,""p"":0.010366666666666666}",
      6144,       279,         0,   0.054,pymatching,91ef4e4b74e872b7bcef471c6c28e3d53b658a122adb80213ef78ad0c5c7cd26,"{""config"":[""Z0"",""Z""],""d"":5,""p"":0.010723076923076922}",
      5120,       371,         0,   0.061,pymatching,a82745d88d15782cfed8e3ddd3f6ce25e7f35ac930e331f77e9659b9f37fdcd7,"{""config"":[""Z0"",""Z""],""d"":5,""p"":0.013574358974358974}",
      2321,         0,         0,   0.013,pymatching,4e0e77f8c9a4965cd2ede03704cecf252ee50f04d1a4f0e67abd148293b8d961,"{""config"":[""Z0"",""Z""],""d"":7,""p"":0.0005994842503189409}",
      6144,         0,         0,   0.030,pymatching,3febd854a65c23808c3d2b024e5b1f1ebd781309437b2c4d0f5a37de0175e6eb,"{""config"":[""Z0"",""Z""],""d"":7,""p"":0.00021544346900318823}",
      5120,       383,         0,   0.058,pymatching,a5d5f6d56e2061bb70db97d58d33eb4c5445f0b90f50d5dad0ba6e38161aa520,"{""config"":[""Z0"",""Z""],""d"":5,""p"":0.012861538461538462}",
      9216,         0,         0,   0.043,pymatching,40df5333218c9f1ad41e78dada9e208c9194c91b0d01d6e09ef3425702993856,"{""config"":[""Z0"",""Z""],""d"":7,""p"":2.782559402207126e-05}",
     26624,       105,         0,   0.108,pymatching,e885ab55bb9257731d504f45c60a7927b0be113f52f8a1095bfa6ca46426372b,"{""config"":[""Z0"",""Z""],""d"":5,""p"":0.004664102564102564}",
     48128,        47,         0,   0.149,pymatching,20d026287936f946645efcbf9aaa612c888085ef02a99e1102caebf1178452a9,"{""config"":[""Z0"",""Z""],""d"":5,""p"":0.0028820512820512817}",
      2321,         0,         0,   0.016,pymatching,137fa8f27c0ccd4b52833709ca9476bb9df4682749e626b82b56fbd28cb63bbc,"{""config"":[""Z0"",""Z""],""d"":7,""p"":0.001}",
      6144,         0,         0,   0.031,pymatching,3c8f193bbb1e6140e27ac9e4403d659e0799049fa42ea0a1f286df7017b3868d,"{""config"":[""Z0"",""Z""],""d"":7,""p"":0.00035938136638046257}",
     11264,         0,         0,   0.054,pymatching,b65d463368349fe7185a1b98546b30360d6fc664e64234f4bb889180b2328c05,"{""config"":[""Z0"",""Z""],""d"":7,""p"":1.6681005372000593e-05}",
      9216,         0,         0,   0.043,pymatching,0781cd5b564db096361aa7b8ac626bab203611876dcef266baf5ec54047bf09e,"{""config"":[""Z0"",""Z""],""d"":7,""p"":1e-05}",
      5120,       332,         0,   0.060,pymatching,f893c24a437b18f073c4fbff0b424d067ee3379d3b2f306fa3027e0f705226de,"{""config"":[""Z0"",""Z""],""d"":5,""p"":0.013217948717948718}",
     10240,       268,         0,   0.078,pymatching,6f14bd7a86cf2b079bb8fdfef6afb63a73b9c0ef56c9eec99ed0ca01ea500326,"{""config"":[""Z0"",""Z""],""d"":5,""p"":0.009297435897435898}",
      3072,         0,         0,   0.015,pymatching,4e0e77f8c9a4965cd2ede03704cecf252ee50f04d1a4f0e67abd148293b8d961,"{""config"":[""Z0"",""Z""],""d"":7,""p"":0.0005994842503189409}",
     23552,       114,         0,   0.107,pymatching,50edce6ab9cb0ce1e74fad5cf142be6595d568174b66aa2f37eba6b6bf8ea45b,"{""config"":[""Z0"",""Z""],""d"":5,""p"":0.00502051282051282}",
     23552,       146,         0,   0.107,pymatching,4aa399119067a333f968868ed025e4b6606950afd6c887f61c25e26de1bd886e,"{""config"":[""Z0"",""Z""],""d"":5,""p"":0.005376923076923077}",
     53248,        30,         0,   0.147,pymatching,415eeda5d230b505681e69ccce0cb0cbfa5ec1e573ea1824d65cd689d0872bde,"{""config"":[""Z0"",""Z""],""d"":5,""p"":0.0025256410256410257}",
      1297,         0,         0,   0.011,pymatching,7ec97d24e19ccb534438f610bb1cea3b546eed81172c888f2fb573021bd8d282,"{""config"":[""Z0"",""Z""],""d"":7,""p"":0.0018128205128205128}",
     19456,       209,         0,   0.105,pymatching,e4615fc35f9108f307fbb96eee8e4b9882d86b0790449d432e1e444cabcc2415,"{""config"":[""Z0"",""Z""],""d"":5,""p"":0.00608974358974359}",
      1297,         0,         0,   0.010,pymatching,053cce4745c3ad44e4a9380f76e43713697aef6e48c857fb639253b1cd6a2822,"{""config"":[""Z0"",""Z""],""d"":7,""p"":0.0014564102564102565}",
      8192,         0,         0,   0.039,pymatching,0cb351d9710e12e7079219cbbddbad68b20292aa21ef63532ec15227c0380465,"{""config"":[""Z0"",""Z""],""d"":7,""p"":4.641588833612782e-05}",
      2321,         0,         0,   0.016,pymatching,377658d83ecf949fd3f24b91737ef46cdc375d0d2fd5187c0341fb3fe1aabb74,"{""config"":[""Z0"",""Z""],""d"":7,""p"":0.0011}",
      8192,         0,         0,   0.039,pymatching,c7f44a0ef0e93bac790826dd8100c3050c75aad57b2a233f25781d63ca452e85,"{""config"":[""Z0"",""Z""],""d"":7,""p"":7.742636826811278e-05}",
      3072,         0,         0,   0.019,pymatching,137fa8f27c0ccd4b52833709ca9476bb9df4682749e626b82b56fbd28cb63bbc,"{""config"":[""Z0"",""Z""],""d"":7,""p"":0.001}",
      5120,       415,         0,   0.067,pymatching,6f1295719717affaa880fd5058d04ec88d2b8fb05f9bf91ed2084d0e716e5632,"{""config"":[""Z0"",""Z""],""d"":5,""p"":0.014287179487179487}",
      5120,       419,         0,   0.064,pymatching,ddd58b8e370e4a02dcc931c377c25041b0602523944625958b29a876ed59cc72,"{""config"":[""Z0"",""Z""],""d"":5,""p"":0.01393076923076923}",
      8192,         0,         0,   0.039,pymatching,d8ef2f529c74c195dfc9a0e4cbf2da7eab499baa91a582643d631decf134f81e,"{""config"":[""Z0"",""Z""],""d"":7,""p"":0.0001291549665014884}",
      2048,         0,         0,   0.015,pymatching,7ec97d24e19ccb534438f610bb1cea3b546eed81172c888f2fb573021bd8d282,"{""config"":[""Z0"",""Z""],""d"":7,""p"":0.0018128205128205128}",
      4096,         0,         0,   0.020,pymatching,4e0e77f8c9a4965cd2ede03704cecf252ee50f04d1a4f0e67abd148293b8d961,"{""config"":[""Z0"",""Z""],""d"":7,""p"":0.0005994842503189409}",
     11264,       269,         0,   0.082,pymatching,67ac4febed4903825391b6242a65ddce8166a4c64d536c840ae6682aafc43ca7,"{""config"":[""Z0"",""Z""],""d"":5,""p"":0.00894102564102564}",
      8192,       373,         0,   0.082,pymatching,8ba5ddafcdceb67e39bd0fe42ae0fa39bc0683eb5301c586cccab1ed794ff85e,"{""config"":[""Z0"",""Z""],""d"":5,""p"":0.011435897435897435}",
      4096,       360,         0,   0.056,pymatching,1f9edbee88d8d3ecfc637bd4e33f80e4b9b8a39f6f9a8b4dd0383fc455004c62,"{""config"":[""Z0"",""Z""],""d"":5,""p"":0.014999999999999998}",
      8192,         0,         0,   0.040,pymatching,3febd854a65c23808c3d2b024e5b1f1ebd781309437b2c4d0f5a37de0175e6eb,"{""config"":[""Z0"",""Z""],""d"":7,""p"":0.00021544346900318823}",
     10240,       333,         0,   0.080,pymatching,ca4ec24f3e163511afac72e0ed01cea486d0989dab2ccf20b65427392b1fef2a,"{""config"":[""Z0"",""Z""],""d"":5,""p"":0.009653846153846153}",
      3072,         0,         0,   0.019,pymatching,377658d83ecf949fd3f24b91737ef46cdc375d0d2fd5187c0341fb3fe1aabb74,"{""config"":[""Z0"",""Z""],""d"":7,""p"":0.0011}",
      3072,         0,         0,   0.020,pymatching,053cce4745c3ad44e4a9380f76e43713697aef6e48c857fb639253b1cd6a2822,"{""config"":[""Z0"",""Z""],""d"":7,""p"":0.0014564102564102565}",
      9216,       328,         0,   0.081,pymatching,49ee80a93e4d9854578bd1e983cf99e4b05a7a96f1df1d295f0f0d2ca8fc243e,"{""config"":[""Z0"",""Z""],""d"":5,""p"":0.010010256410256409}",
      5120,       467,         0,   0.063,pymatching,45a0b114779f9261506e80fdd824eb6baf3ae998eab6dfc6843bc47285ebbe00,"{""config"":[""Z0"",""Z""],""d"":5,""p"":0.014643589743589744}",
      8192,         0,         0,   0.042,pymatching,3c8f193bbb1e6140e27ac9e4403d659e0799049fa42ea0a1f286df7017b3868d,"{""config"":[""Z0"",""Z""],""d"":7,""p"":0.00035938136638046257}",
      4096,         0,         0,   0.025,pymatching,137fa8f27c0ccd4b52833709ca9476bb9df4682749e626b82b56fbd28cb63bbc,"{""config"":[""Z0"",""Z""],""d"":7,""p"":0.001}",
      9216,       448,         0,   0.083,pymatching,5073607c9729d67e3a46599ed1c6127a66cd6f276b08a52dbebe4f39b475d796,"{""config"":[""Z0"",""Z""],""d"":5,""p"":0.01107948717948718}",
      7168,       380,         0,   0.076,pymatching,504ef0a4a98fcd3662bb5846a0fe330ec09f07303d994aeacb9cefe45aa5d7b6,"{""config"":[""Z0"",""Z""],""d"":5,""p"":0.011792307692307692}",
      3072,         0,         0,   0.022,pymatching,7ec97d24e19ccb534438f610bb1cea3b546eed81172c888f2fb573021bd8d282,"{""config"":[""Z0"",""Z""],""d"":7,""p"":0.0018128205128205128}",
     12288,         0,         0,   0.057,pymatching,40df5333218c9f1ad41e78dada9e208c9194c91b0d01d6e09ef3425702993856,"{""config"":[""Z0"",""Z""],""d"":7,""p"":2.782559402207126e-05}",
     18432,       253,         0,   0.111,pymatching,54e93256f3c4e741b4967bc2a1dde55dcf7eff104ab5b068c0f4cf3cad575a43,"{""config"":[""Z0"",""Z""],""d"":5,""p"":0.006802564102564103}",
     20480,       219,         0,   0.108,pymatching,c9f50bfaec719ff64287cdffbda18d59e39f48ba3b01c10eb5aa999a27c9558a,"{""config"":[""Z0"",""Z""],""d"":5,""p"":0.006446153846153846}",
     15360,       319,         0,   0.106,pymatching,93468351e0ebd3e34a0a3cac6051bbd93aeeecae20ca5222ed0c742c4c31f862,"{""config"":[""Z0"",""Z""],""d"":5,""p"":0.007871794871794872}",
      7168,       464,         0,   0.082,pymatching,20ee6a28f327ef6d168e0e458c2efb1b31466a2efd93d8844c1bf4a10e766028,"{""config"":[""Z0"",""Z""],""d"":5,""p"":0.012505128205128205}",
      3072,         0,         0,   0.021,pymatching,053cce4745c3ad44e4a9380f76e43713697aef6e48c857fb639253b1cd6a2822,"{""config"":[""Z0"",""Z""],""d"":7,""p"":0.0014564102564102565}",
     15360,       362,         0,   0.107,pymatching,0a533e72da500b7722b085590cf7f70da878a6055d43272b348673d22563ef4a,"{""config"":[""Z0"",""Z""],""d"":5,""p"":0.008584615384615385}",
      6144,         0,         0,   0.030,pymatching,4e0e77f8c9a4965cd2ede03704cecf252ee50f04d1a4f0e67abd148293b8d961,"{""config"":[""Z0"",""Z""],""d"":7,""p"":0.0005994842503189409}",
     16384,       277,         0,   0.108,pymatching,5d9ee62b2282733551f46f4e35a09b7dd3c6e4c3da1f40c6f2e9236f62adb035,"{""config"":[""Z0"",""Z""],""d"":5,""p"":0.007515384615384615}",
     12288,         0,         0,   0.057,pymatching,0781cd5b564db096361aa7b8ac626bab203611876dcef266baf5ec54047bf09e,"{""config"":[""Z0"",""Z""],""d"":7,""p"":1e-05}",
      4096,         0,         0,   0.025,pymatching,377658d83ecf949fd3f24b91737ef46cdc375d0d2fd5187c0341fb3fe1aabb74,"{""config"":[""Z0"",""Z""],""d"":7,""p"":0.0011}",
     15360,       328,         0,   0.111,pymatching,042d5bab02374b15388f9c56c49dfae62d63b1ac9baffd5b49ba531b90322a69,"{""config"":[""Z0"",""Z""],""d"":5,""p"":0.008228205128205128}",
      9216,       314,         0,   0.077,pymatching,60f3866b742cce666adb220654aa87f621863748e4c334e5be9267b56bb0f101,"{""config"":[""Z0"",""Z""],""d"":5,""p"":0.010366666666666666}",
     18432,       258,         0,   0.107,pymatching,eeebabfedb2a3123d26b34ded302d5207e14cbd5212359c654542b05335e542f,"{""config"":[""Z0"",""Z""],""d"":5,""p"":0.007158974358974359}",
      6144,       454,         0,   0.076,pymatching,a82745d88d15782cfed8e3ddd3f6ce25e7f35ac930e331f77e9659b9f37fdcd7,"{""config"":[""Z0"",""Z""],""d"":5,""p"":0.013574358974358974}",
      8192,       459,         0,   0.083,pymatching,bfd9668843ae94dce59fa7b1fb7610f947ab7ea1f4ca65c69ce35b9c0f925216,"{""config"":[""Z0"",""Z""],""d"":5,""p"":0.012148717948717948}",
      9216,       388,         0,   0.081,pymatching,91ef4e4b74e872b7bcef471c6c28e3d53b658a122adb80213ef78ad0c5c7cd26,"{""config"":[""Z0"",""Z""],""d"":5,""p"":0.010723076923076922}",
     12288,         0,         0,   0.058,pymatching,0cb351d9710e12e7079219cbbddbad68b20292aa21ef63532ec15227c0380465,"{""config"":[""Z0"",""Z""],""d"":7,""p"":4.641588833612782e-05}",
     12288,         0,         0,   0.058,pymatching,c7f44a0ef0e93bac790826dd8100c3050c75aad57b2a233f25781d63ca452e85,"{""config"":[""Z0"",""Z""],""d"":7,""p"":7.742636826811278e-05}",
      5120,         0,         0,   0.032,pymatching,137fa8f27c0ccd4b52833709ca9476bb9df4682749e626b82b56fbd28cb63bbc,"{""config"":[""Z0"",""Z""],""d"":7,""p"":0.001}",
     11264,         0,         0,   0.054,pymatching,d8ef2f529c74c195dfc9a0e4cbf2da7eab499baa91a582643d631decf134f81e,"{""config"":[""Z0"",""Z""],""d"":7,""p"":0.0001291549665014884}",
      7168,       496,         0,   0.082,pymatching,a5d5f6d56e2061bb70db97d58d33eb4c5445f0b90f50d5dad0ba6e38161aa520,"{""config"":[""Z0"",""Z""],""d"":5,""p"":0.012861538461538462}",
     17408,         0,         0,   0.076,pymatching,b65d463368349fe7185a1b98546b30360d6fc664e64234f4bb889180b2328c05,"{""config"":[""Z0"",""Z""],""d"":7,""p"":1.6681005372000593e-05}",
      4096,         1,         0,   0.030,pymatching,7ec97d24e19ccb534438f610bb1cea3b546eed81172c888f2fb573021bd8d282,"{""config"":[""Z0"",""Z""],""d"":7,""p"":0.0018128205128205128}",
     20480,       168,         0,   0.107,pymatching,f89bd0f5bf9de83125d37164e04a498bbd4a72c2cf8caf07b9d70440e492f73e,"{""config"":[""Z0"",""Z""],""d"":5,""p"":0.005733333333333333}",
      4096,         0,         0,   0.028,pymatching,053cce4745c3ad44e4a9380f76e43713697aef6e48c857fb639253b1cd6a2822,"{""config"":[""Z0"",""Z""],""d"":7,""p"":0.0014564102564102565}",
      7168,       562,         0,   0.086,pymatching,f893c24a437b18f073c4fbff0b424d067ee3379d3b2f306fa3027e0f705226de,"{""config"":[""Z0"",""Z""],""d"":5,""p"":0.013217948717948718}",
     11264,         0,         0,   0.056,pymatching,3febd854a65c23808c3d2b024e5b1f1ebd781309437b2c4d0f5a37de0175e6eb,"{""config"":[""Z0"",""Z""],""d"":7,""p"":0.00021544346900318823}",
     46080,        70,         0,   0.147,pymatching,678957444d919a21d096ed824e293816b12a8141ac6b226f34d79524e83e9ad5,"{""config"":[""Z0"",""Z""],""d"":5,""p"":0.003238461538461538}",
      5120,         0,         0,   0.032,pymatching,377658d83ecf949fd3f24b91737ef46cdc375d0d2fd5187c0341fb3fe1aabb74,"{""config"":[""Z0"",""Z""],""d"":7,""p"":0.0011}",
     44032,        97,         0,   0.149,pymatching,134340847ed9530aeb61aa7f4b4f644b1be4421982e46f98239fd7b0e394a4d7,"{""config"":[""Z0"",""Z""],""d"":5,""p"":0.0035948717948717946}",
      8192,         0,         0,   0.041,pymatching,4e0e77f8c9a4965cd2ede03704cecf252ee50f04d1a4f0e67abd148293b8d961,"{""config"":[""Z0"",""Z""],""d"":7,""p"":0.0005994842503189409}",
      6144,       490,         0,   0.079,pymatching,ddd58b8e370e4a02dcc931c377c25041b0602523944625958b29a876ed59cc72,"{""config"":[""Z0"",""Z""],""d"":5,""p"":0.01393076923076923}",
     37888,       106,         0,   0.148,pymatching,e7e63a9be967615086d8ecc7576c4fad0c17b232da5cf7f7d78ff5ee460004a3,"{""config"":[""Z0"",""Z""],""d"":5,""p"":0.003951282051282051}",
     11264,         0,         0,   0.058,pymatching,3c8f193bbb1e6140e27ac9e4403d659e0799049fa42ea0a1f286df7017b3868d,"{""config"":[""Z0"",""Z""],""d"":7,""p"":0.00035938136638046257}",
      6144,       557,         0,   0.081,pymatching,6f1295719717affaa880fd5058d04ec88d2b8fb05f9bf91ed2084d0e716e5632,"{""config"":[""Z0"",""Z""],""d"":5,""p"":0.014287179487179487}",
     35840,       125,         0,   0.149,pymatching,61c82650e7dffb26f8e91ed4cb8706a75cbe08dedd26980f071b70573b020adb,"{""config"":[""Z0"",""Z""],""d"":5,""p"":0.0043076923076923075}",
     14336,       428,         0,   0.108,pymatching,6f14bd7a86cf2b079bb8fdfef6afb63a73b9c0ef56c9eec99ed0ca01ea500326,"{""config"":[""Z0"",""Z""],""d"":5,""p"":0.009297435897435898}",
      6144,         0,         0,   0.039,pymatching,137fa8f27c0ccd4b52833709ca9476bb9df4682749e626b82b56fbd28cb63bbc,"{""config"":[""Z0"",""Z""],""d"":7,""p"":0.001}",
      6144,       593,         0,   0.077,pymatching,45a0b114779f9261506e80fdd824eb6baf3ae998eab6dfc6843bc47285ebbe00,"{""config"":[""Z0"",""Z""],""d"":5,""p"":0.014643589743589744}",
      6144,       605,         0,   0.086,pymatching,1f9edbee88d8d3ecfc637bd4e33f80e4b9b8a39f6f9a8b4dd0383fc455004c62,"{""config"":[""Z0"",""Z""],""d"":5,""p"":0.014999999999999998}",
      6144,         1,         0,   0.046,pymatching,7ec97d24e19ccb534438f610bb1cea3b546eed81172c888f2fb573021bd8d282,"{""config"":[""Z0"",""Z""],""d"":7,""p"":0.0018128205128205128}",
      6144,         0,         0,   0.042,pymatching,053cce4745c3ad44e4a9380f76e43713697aef6e48c857fb639253b1cd6a2822,"{""config"":[""Z0"",""Z""],""d"":7,""p"":0.0014564102564102565}",
     16384,         0,         0,   0.077,pymatching,40df5333218c9f1ad41e78dada9e208c9194c91b0d01d6e09ef3425702993856,"{""config"":[""Z0"",""Z""],""d"":7,""p"":2.782559402207126e-05}",
      6144,         0,         0,   0.039,pymatching,377658d83ecf949fd3f24b91737ef46cdc375d0d2fd5187c0341fb3fe1aabb74,"{""config"":[""Z0"",""Z""],""d"":7,""p"":0.0011}",
     16384,         0,         0,   0.078,pymatching,0781cd5b564db096361aa7b8ac626bab203611876dcef266baf5ec54047bf09e,"{""config"":[""Z0"",""Z""],""d"":7,""p"":1e-05}",
     15360,       375,         0,   0.111,pymatching,67ac4febed4903825391b6242a65ddce8166a4c64d536c840ae6682aafc43ca7,"{""config"":[""Z0"",""Z""],""d"":5,""p"":0.00894102564102564}",
     36864,       145,         0,   0.149,pymatching,e885ab55bb9257731d504f45c60a7927b0be113f52f8a1095bfa6ca46426372b,"{""config"":[""Z0"",""Z""],""d"":5,""p"":0.004664102564102564}",
     12288,       438,         0,   0.109,pymatching,49ee80a93e4d9854578bd1e983cf99e4b05a7a96f1df1d295f0f0d2ca8fc243e,"{""config"":[""Z0"",""Z""],""d"":5,""p"":0.010010256410256409}",
     14336,       456,         0,   0.112,pymatching,ca4ec24f3e163511afac72e0ed01cea486d0989dab2ccf20b65427392b1fef2a,"{""config"":[""Z0"",""Z""],""d"":5,""p"":0.009653846153846153}",
      1297,         0,         0,   0.012,pymatching,39e1294b78bbea49908c76c56ec9a6ba2fa3620e08fc122d3d3e0f360d5cc320,"{""config"":[""Z0"",""Z""],""d"":7,""p"":0.002169230769230769}",
     11264,       547,         0,   0.115,pymatching,8ba5ddafcdceb67e39bd0fe42ae0fa39bc0683eb5301c586cccab1ed794ff85e,"{""config"":[""Z0"",""Z""],""d"":5,""p"":0.011435897435897435}",
     16384,         0,         0,   0.078,pymatching,0cb351d9710e12e7079219cbbddbad68b20292aa21ef63532ec15227c0380465,"{""config"":[""Z0"",""Z""],""d"":7,""p"":4.641588833612782e-05}",
     16384,         0,         0,   0.078,pymatching,c7f44a0ef0e93bac790826dd8100c3050c75aad57b2a233f25781d63ca452e85,"{""config"":[""Z0"",""Z""],""d"":7,""p"":7.742636826811278e-05}",
     11264,         0,         0,   0.056,pymatching,4e0e77f8c9a4965cd2ede03704cecf252ee50f04d1a4f0e67abd148293b8d961,"{""config"":[""Z0"",""Z""],""d"":7,""p"":0.0005994842503189409}",
     16384,         0,         0,   0.079,pymatching,d8ef2f529c74c195dfc9a0e4cbf2da7eab499baa91a582643d631decf134f81e,"{""config"":[""Z0"",""Z""],""d"":7,""p"":0.0001291549665014884}",
     10240,       577,         0,   0.110,pymatching,504ef0a4a98fcd3662bb5846a0fe330ec09f07303d994aeacb9cefe45aa5d7b6,"{""config"":[""Z0"",""Z""],""d"":5,""p"":0.011792307692307692}",
     12288,       609,         0,   0.112,pymatching,5073607c9729d67e3a46599ed1c6127a66cd6f276b08a52dbebe4f39b475d796,"{""config"":[""Z0"",""Z""],""d"":5,""p"":0.01107948717948718}",
    183296,        11,         0,   0.401,pymatching,5b273f9ec8ea7b72530ef207045ef0aaa96f2aeaae8c030ce7ed7ea948aa74d4,"{""config"":[""Z0"",""Z""],""d"":5,""p"":0.0011}",
     31744,       159,         0,   0.149,pymatching,50edce6ab9cb0ce1e74fad5cf142be6595d568174b66aa2f37eba6b6bf8ea45b,"{""config"":[""Z0"",""Z""],""d"":5,""p"":0.00502051282051282}",
     32768,       213,         0,   0.149,pymatching,4aa399119067a333f968868ed025e4b6606950afd6c887f61c25e26de1bd886e,"{""config"":[""Z0"",""Z""],""d"":5,""p"":0.005376923076923077}",
    200704,         6,         0,   0.401,pymatching,bd3b752bc833fe8bfdffde7fe510e095aa035d029c4a46fce9ac05636154e154,"{""config"":[""Z0"",""Z""],""d"":5,""p"":0.001}",
      9216,       608,         0,   0.106,pymatching,20ee6a28f327ef6d168e0e458c2efb1b31466a2efd93d8844c1bf4a10e766028,"{""config"":[""Z0"",""Z""],""d"":5,""p"":0.012505128205128205}",
     26624,       223,         0,   0.149,pymatching,e4615fc35f9108f307fbb96eee8e4b9882d86b0790449d432e1e444cabcc2415,"{""config"":[""Z0"",""Z""],""d"":5,""p"":0.00608974358974359}",
      2048,         0,         0,   0.017,pymatching,39e1294b78bbea49908c76c56ec9a6ba2fa3620e08fc122d3d3e0f360d5cc320,"{""config"":[""Z0"",""Z""],""d"":7,""p"":0.002169230769230769}",
     15360,         0,         0,   0.076,pymatching,3febd854a65c23808c3d2b024e5b1f1ebd781309437b2c4d0f5a37de0175e6eb,"{""config"":[""Z0"",""Z""],""d"":7,""p"":0.00021544346900318823}",
      9216,         0,         0,   0.057,pymatching,137fa8f27c0ccd4b52833709ca9476bb9df4682749e626b82b56fbd28cb63bbc,"{""config"":[""Z0"",""Z""],""d"":7,""p"":0.001}",
     12288,       478,         0,   0.107,pymatching,91ef4e4b74e872b7bcef471c6c28e3d53b658a122adb80213ef78ad0c5c7cd26,"{""config"":[""Z0"",""Z""],""d"":5,""p"":0.010723076923076922}",
     13312,       523,         0,   0.113,pymatching,60f3866b742cce666adb220654aa87f621863748e4c334e5be9267b56bb0f101,"{""config"":[""Z0"",""Z""],""d"":5,""p"":0.010366666666666666}",
      9216,       719,         0,   0.113,pymatching,a82745d88d15782cfed8e3ddd3f6ce25e7f35ac930e331f77e9659b9f37fdcd7,"{""config"":[""Z0"",""Z""],""d"":5,""p"":0.013574358974358974}",
     15360,         0,         0,   0.079,pymatching,3c8f193bbb1e6140e27ac9e4403d659e0799049fa42ea0a1f286df7017b3868d,"{""config"":[""Z0"",""Z""],""d"":7,""p"":0.00035938136638046257}",
     11264,       635,         0,   0.112,pymatching,bfd9668843ae94dce59fa7b1fb7610f947ab7ea1f4ca65c69ce35b9c0f925216,"{""config"":[""Z0"",""Z""],""d"":5,""p"":0.012148717948717948}",
      7168,         2,         0,   0.056,pymatching,7ec97d24e19ccb534438f610bb1cea3b546eed81172c888f2fb573021bd8d282,"{""config"":[""Z0"",""Z""],""d"":7,""p"":0.0018128205128205128}",
      9216,       619,         0,   0.107,pymatching,a5d5f6d56e2061bb70db97d58d33eb4c5445f0b90f50d5dad0ba6e38161aa520,"{""config"":[""Z0"",""Z""],""d"":5,""p"":0.012861538461538462}",
      8192,         0,         0,   0.056,pymatching,053cce4745c3ad44e4a9380f76e43713697aef6e48c857fb639253b1cd6a2822,"{""config"":[""Z0"",""Z""],""d"":7,""p"":0.0014564102564102565}",
     24576,         0,         0,   0.105,pymatching,b65d463368349fe7185a1b98546b30360d6fc664e64234f4bb889180b2328c05,"{""config"":[""Z0"",""Z""],""d"":7,""p"":1.6681005372000593e-05}",
      3072,         0,         0,   0.025,pymatching,39e1294b78bbea49908c76c56ec9a6ba2fa3620e08fc122d3d3e0f360d5cc320,"{""config"":[""Z0"",""Z""],""d"":7,""p"":0.002169230769230769}",
      9216,         0,         0,   0.058,pymatching,377658d83ecf949fd3f24b91737ef46cdc375d0d2fd5187c0341fb3fe1aabb74,"{""config"":[""Z0"",""Z""],""d"":7,""p"":0.0011}",
      9216,       666,         0,   0.110,pymatching,f893c24a437b18f073c4fbff0b424d067ee3379d3b2f306fa3027e0f705226de,"{""config"":[""Z0"",""Z""],""d"":5,""p"":0.013217948717948718}",
     24576,       308,         0,   0.148,pymatching,54e93256f3c4e741b4967bc2a1dde55dcf7eff104ab5b068c0f4cf3cad575a43,"{""config"":[""Z0"",""Z""],""d"":5,""p"":0.006802564102564103}",
     63488,        64,         0,   0.205,pymatching,20d026287936f946645efcbf9aaa612c888085ef02a99e1102caebf1178452a9,"{""config"":[""Z0"",""Z""],""d"":5,""p"":0.0028820512820512817}",
     21504,       388,         0,   0.149,pymatching,93468351e0ebd3e34a0a3cac6051bbd93aeeecae20ca5222ed0c742c4c31f862,"{""config"":[""Z0"",""Z""],""d"":5,""p"":0.007871794871794872}",
     21504,       502,         0,   0.149,pymatching,0a533e72da500b7722b085590cf7f70da878a6055d43272b348673d22563ef4a,"{""config"":[""Z0"",""Z""],""d"":5,""p"":0.008584615384615385}",
     28672,       315,         0,   0.152,pymatching,c9f50bfaec719ff64287cdffbda18d59e39f48ba3b01c10eb5aa999a27c9558a,"{""config"":[""Z0"",""Z""],""d"":5,""p"":0.006446153846153846}",
      8192,       690,         0,   0.107,pymatching,6f1295719717affaa880fd5058d04ec88d2b8fb05f9bf91ed2084d0e716e5632,"{""config"":[""Z0"",""Z""],""d"":5,""p"":0.014287179487179487}",
     22528,       380,         0,   0.152,pymatching,5d9ee62b2282733551f46f4e35a09b7dd3c6e4c3da1f40c6f2e9236f62adb035,"{""config"":[""Z0"",""Z""],""d"":5,""p"":0.007515384615384615}",
     20480,       459,         0,   0.149,pymatching,042d5bab02374b15388f9c56c49dfae62d63b1ac9baffd5b49ba531b90322a69,"{""config"":[""Z0"",""Z""],""d"":5,""p"":0.008228205128205128}",
    253952,         0,         0,   0.399,pymatching,55d631a983676397dca6458b14b2050e779294910899f494138c11680d5a3a81,"{""config"":[""Z0"",""Z""],""d"":5,""p"":7.742636826811278e-05}",
    254976,         0,         0,   0.399,pymatching,44745f4fd1c9d3c646efc4a75cfdb5edb60063d939292747153380d5589d708e,"{""config"":[""Z0"",""Z""],""d"":5,""p"":4.641588833612782e-05}",
     25600,       346,         0,   0.150,pymatching,eeebabfedb2a3123d26b34ded302d5207e14cbd5212359c654542b05335e542f,"{""config"":[""Z0"",""Z""],""d"":5,""p"":0.007158974358974359}",
     74752,        60,         0,   0.206,pymatching,415eeda5d230b505681e69ccce0cb0cbfa5ec1e573ea1824d65cd689d0872bde,"{""config"":[""Z0"",""Z""],""d"":5,""p"":0.0025256410256410257}",
    244736,         0,         0,   0.399,pymatching,96d644a6f0f9bc1a372546fe5decbd4422912531fe2bd04f2dd73740bca917d3,"{""config"":[""Z0"",""Z""],""d"":5,""p"":0.00021544346900318823}",
      9216,       765,         0,   0.117,pymatching,ddd58b8e370e4a02dcc931c377c25041b0602523944625958b29a876ed59cc72,"{""config"":[""Z0"",""Z""],""d"":5,""p"":0.01393076923076923}",
    222208,         1,         0,   0.399,pymatching,b4b4fdfde03ca9ec68a840e823fa6e7481d6391d27eed57f2483af3dc02a25a8,"{""config"":[""Z0"",""Z""],""d"":5,""p"":0.0005994842503189409}",
      4096,         0,         0,   0.033,pymatching,39e1294b78bbea49908c76c56ec9a6ba2fa3620e08fc122d3d3e0f360d5cc320,"{""config"":[""Z0"",""Z""],""d"":7,""p"":0.002169230769230769}",
    240640,         0,         0,   0.400,pymatching,a3a6b886a1c3cdaba8adda9c8ca4c2387efdf8e8ff8f54bd291abfb509f7a5e1,"{""config"":[""Z0"",""Z""],""d"":5,""p"":1e-05}",
     28672,       235,         0,   0.149,pymatching,f89bd0f5bf9de83125d37164e04a498bbd4a72c2cf8caf07b9d70440e492f73e,"{""config"":[""Z0"",""Z""],""d"":5,""p"":0.005733333333333333}",
      8192,       783,         0,   0.112,pymatching,1f9edbee88d8d3ecfc637bd4e33f80e4b9b8a39f6f9a8b4dd0383fc455004c62,"{""config"":[""Z0"",""Z""],""d"":5,""p"":0.014999999999999998}",
    240640,         0,         0,   0.400,pymatching,cb6032376f39cb453213ed9ecdc87787687a768cc871b3ea652302449497acf9,"{""config"":[""Z0"",""Z""],""d"":5,""p"":1.6681005372000593e-05}",
      9216,       812,         0,   0.113,pymatching,45a0b114779f9261506e80fdd824eb6baf3ae998eab6dfc6843bc47285ebbe00,"{""config"":[""Z0"",""Z""],""d"":5,""p"":0.014643589743589744}",
    223232,         0,         0,   0.399,pymatching,8e15c8693f48124b9ac3f87e9f3320dd83113e51c19fa8aa3538394a28ccaa95,"{""config"":[""Z0"",""Z""],""d"":5,""p"":0.00035938136638046257}",
     15360,         0,         0,   0.079,pymatching,4e0e77f8c9a4965cd2ede03704cecf252ee50f04d1a4f0e67abd148293b8d961,"{""config"":[""Z0"",""Z""],""d"":7,""p"":0.0005994842503189409}",
     22528,         0,         0,   0.105,pymatching,40df5333218c9f1ad41e78dada9e208c9194c91b0d01d6e09ef3425702993856,"{""config"":[""Z0"",""Z""],""d"":7,""p"":2.782559402207126e-05}",
    257024,         0,         0,   0.400,pymatching,9805580b8e051a4265c8604318060372d751d1b656d0ca74ba2ce82fb46e46ec,"{""config"":[""Z0"",""Z""],""d"":5,""p"":2.782559402207126e-05}",
    183296,        25,         0,   0.402,pymatching,95da8241892677a1febd902b9693f33a066978771f54fe810ea795a04054cdeb,"{""config"":[""Z0"",""Z""],""d"":5,""p"":0.0014564102564102565}",
     22528,         0,         0,   0.106,pymatching,0781cd5b564db096361aa7b8ac626bab203611876dcef266baf5ec54047bf09e,"{""config"":[""Z0"",""Z""],""d"":7,""p"":1e-05}",
    156672,        60,         0,   0.402,pymatching,e986d2b79b80be3cf24fe2bbee1a2f0b42e12ebfbf61e1177c6587a928a39bc1,"{""config"":[""Z0"",""Z""],""d"":5,""p"":0.002169230769230769}",
     12288,         0,         0,   0.077,pymatching,137fa8f27c0ccd4b52833709ca9476bb9df4682749e626b82b56fbd28cb63bbc,"{""config"":[""Z0"",""Z""],""d"":7,""p"":0.001}",
    234496,         0,         0,   0.399,pymatching,1195174d70b461e3b71898fd135bbe0c631acce029764a5a3bd90a4b3f212492,"{""config"":[""Z0"",""Z""],""d"":5,""p"":0.0001291549665014884}",
     22528,         0,         0,   0.106,pymatching,0cb351d9710e12e7079219cbbddbad68b20292aa21ef63532ec15227c0380465,"{""config"":[""Z0"",""Z""],""d"":7,""p"":4.641588833612782e-05}",
     22528,         0,         0,   0.106,pymatching,c7f44a0ef0e93bac790826dd8100c3050c75aad57b2a233f25781d63ca452e85,"{""config"":[""Z0"",""Z""],""d"":7,""p"":7.742636826811278e-05}",
     11264,         0,         0,   0.076,pymatching,053cce4745c3ad44e4a9380f76e43713697aef6e48c857fb639253b1cd6a2822,"{""config"":[""Z0"",""Z""],""d"":7,""p"":0.0014564102564102565}",
     10240,         0,         0,   0.080,pymatching,7ec97d24e19ccb534438f610bb1cea3b546eed81172c888f2fb573021bd8d282,"{""config"":[""Z0"",""Z""],""d"":7,""p"":0.0018128205128205128}",
     19456,       550,         0,   0.148,pymatching,6f14bd7a86cf2b079bb8fdfef6afb63a73b9c0ef56c9eec99ed0ca01ea500326,"{""config"":[""Z0"",""Z""],""d"":5,""p"":0.009297435897435898}",
      5120,         0,         0,   0.041,pymatching,39e1294b78bbea49908c76c56ec9a6ba2fa3620e08fc122d3d3e0f360d5cc320,"{""config"":[""Z0"",""Z""],""d"":7,""p"":0.002169230769230769}",
     22528,         0,         0,   0.108,pymatching,d8ef2f529c74c195dfc9a0e4cbf2da7eab499baa91a582643d631decf134f81e,"{""config"":[""Z0"",""Z""],""d"":7,""p"":0.0001291549665014884}",
     12288,         0,         0,   0.076,pymatching,377658d83ecf949fd3f24b91737ef46cdc375d0d2fd5187c0341fb3fe1aabb74,"{""config"":[""Z0"",""Z""],""d"":7,""p"":0.0011}",
    158720,        37,         0,   0.403,pymatching,505fc6c7e8177b0d62f81733b47439cc3b77726a592ba5600d7473e2465ef9e1,"{""config"":[""Z0"",""Z""],""d"":5,""p"":0.0018128205128205128}",
     21504,         0,         0,   0.106,pymatching,3febd854a65c23808c3d2b024e5b1f1ebd781309437b2c4d0f5a37de0175e6eb,"{""config"":[""Z0"",""Z""],""d"":7,""p"":0.00021544346900318823}",
     21504,         0,         0,   0.110,pymatching,3c8f193bbb1e6140e27ac9e4403d659e0799049fa42ea0a1f286df7017b3868d,"{""config"":[""Z0"",""Z""],""d"":7,""p"":0.00035938136638046257}",
     20480,       583,         0,   0.151,pymatching,67ac4febed4903825391b6242a65ddce8166a4c64d536c840ae6682aafc43ca7,"{""config"":[""Z0"",""Z""],""d"":5,""p"":0.00894102564102564}",
     64512,        93,         0,   0.205,pymatching,678957444d919a21d096ed824e293816b12a8141ac6b226f34d79524e83e9ad5,"{""config"":[""Z0"",""Z""],""d"":5,""p"":0.003238461538461538}",
     17408,       620,         0,   0.154,pymatching,49ee80a93e4d9854578bd1e983cf99e4b05a7a96f1df1d295f0f0d2ca8fc243e,"{""config"":[""Z0"",""Z""],""d"":5,""p"":0.010010256410256409}",
     19456,       607,         0,   0.154,pymatching,ca4ec24f3e163511afac72e0ed01cea486d0989dab2ccf20b65427392b1fef2a,"{""config"":[""Z0"",""Z""],""d"":5,""p"":0.009653846153846153}",
     61440,       115,         0,   0.207,pymatching,134340847ed9530aeb61aa7f4b4f644b1be4421982e46f98239fd7b0e394a4d7,"{""config"":[""Z0"",""Z""],""d"":5,""p"":0.0035948717948717946}",
     15360,       723,         0,   0.156,pymatching,8ba5ddafcdceb67e39bd0fe42ae0fa39bc0683eb5301c586cccab1ed794ff85e,"{""config"":[""Z0"",""Z""],""d"":5,""p"":0.011435897435897435}",
     16384,       747,         0,   0.148,pymatching,5073607c9729d67e3a46599ed1c6127a66cd6f276b08a52dbebe4f39b475d796,"{""config"":[""Z0"",""Z""],""d"":5,""p"":0.01107948717948718}",
     14336,       787,         0,   0.152,pymatching,504ef0a4a98fcd3662bb5846a0fe330ec09f07303d994aeacb9cefe45aa5d7b6,"{""config"":[""Z0"",""Z""],""d"":5,""p"":0.011792307692307692}",
     53248,       126,         0,   0.207,pymatching,e7e63a9be967615086d8ecc7576c4fad0c17b232da5cf7f7d78ff5ee460004a3,"{""config"":[""Z0"",""Z""],""d"":5,""p"":0.003951282051282051}",
     50176,       175,         0,   0.208,pymatching,61c82650e7dffb26f8e91ed4cb8706a75cbe08dedd26980f071b70573b020adb,"{""config"":[""Z0"",""Z""],""d"":5,""p"":0.0043076923076923075}",
     13312,       796,         0,   0.151,pymatching,20ee6a28f327ef6d168e0e458c2efb1b31466a2efd93d8844c1bf4a10e766028,"{""config"":[""Z0"",""Z""],""d"":5,""p"":0.012505128205128205}",
      7168,         0,         0,   0.058,pymatching,39e1294b78bbea49908c76c56ec9a6ba2fa3620e08fc122d3d3e0f360d5cc320,"{""config"":[""Z0"",""Z""],""d"":7,""p"":0.002169230769230769}",
     17408,       691,         0,   0.147,pymatching,60f3866b742cce666adb220654aa87f621863748e4c334e5be9267b56bb0f101,"{""config"":[""Z0"",""Z""],""d"":5,""p"":0.010366666666666666}",
     17408,       707,         0,   0.151,pymatching,91ef4e4b74e872b7bcef471c6c28e3d53b658a122adb80213ef78ad0c5c7cd26,"{""config"":[""Z0"",""Z""],""d"":5,""p"":0.010723076923076922}",
     12288,       957,         0,   0.152,pymatching,a82745d88d15782cfed8e3ddd3f6ce25e7f35ac930e331f77e9659b9f37fdcd7,"{""config"":[""Z0"",""Z""],""d"":5,""p"":0.013574358974358974}",
     34816,         0,         0,   0.151,pymatching,b65d463368349fe7185a1b98546b30360d6fc664e64234f4bb889180b2328c05,"{""config"":[""Z0"",""Z""],""d"":7,""p"":1.6681005372000593e-05}",
     15360,       897,         0,   0.154,pymatching,bfd9668843ae94dce59fa7b1fb7610f947ab7ea1f4ca65c69ce35b9c0f925216,"{""config"":[""Z0"",""Z""],""d"":5,""p"":0.012148717948717948}",
     13312,       929,         0,   0.154,pymatching,a5d5f6d56e2061bb70db97d58d33eb4c5445f0b90f50d5dad0ba6e38161aa520,"{""config"":[""Z0"",""Z""],""d"":5,""p"":0.012861538461538462}",
     21504,         0,         0,   0.108,pymatching,4e0e77f8c9a4965cd2ede03704cecf252ee50f04d1a4f0e67abd148293b8d961,"{""config"":[""Z0"",""Z""],""d"":7,""p"":0.0005994842503189409}",
     51200,       199,         0,   0.207,pymatching,e885ab55bb9257731d504f45c60a7927b0be113f52f8a1095bfa6ca46426372b,"{""config"":[""Z0"",""Z""],""d"":5,""p"":0.004664102564102564}",
     11264,       981,         0,   0.148,pymatching,6f1295719717affaa880fd5058d04ec88d2b8fb05f9bf91ed2084d0e716e5632,"{""config"":[""Z0"",""Z""],""d"":5,""p"":0.014287179487179487}",
     13312,       944,         0,   0.158,pymatching,f893c24a437b18f073c4fbff0b424d067ee3379d3b2f306fa3027e0f705226de,"{""config"":[""Z0"",""Z""],""d"":5,""p"":0.013217948717948718}",
     17408,         0,         0,   0.110,pymatching,137fa8f27c0ccd4b52833709ca9476bb9df4682749e626b82b56fbd28cb63bbc,"{""config"":[""Z0"",""Z""],""d"":7,""p"":0.001}",
     44032,       226,         0,   0.206,pymatching,50edce6ab9cb0ce1e74fad5cf142be6595d568174b66aa2f37eba6b6bf8ea45b,"{""config"":[""Z0"",""Z""],""d"":5,""p"":0.00502051282051282}",
     15360,         1,         0,   0.105,pymatching,053cce4745c3ad44e4a9380f76e43713697aef6e48c857fb639253b1cd6a2822,"{""config"":[""Z0"",""Z""],""d"":7,""p"":0.0014564102564102565}",
     46080,       291,         0,   0.209,pymatching,4aa399119067a333f968868ed025e4b6606950afd6c887f61c25e26de1bd886e,"{""config"":[""Z0"",""Z""],""d"":5,""p"":0.005376923076923077}",
     14336,         0,         0,   0.107,pymatching,7ec97d24e19ccb534438f610bb1cea3b546eed81172c888f2fb573021bd8d282,"{""config"":[""Z0"",""Z""],""d"":7,""p"":0.0018128205128205128}",
     37888,       386,         0,   0.207,pymatching,e4615fc35f9108f307fbb96eee8e4b9882d86b0790449d432e1e444cabcc2415,"{""config"":[""Z0"",""Z""],""d"":5,""p"":0.00608974358974359}",
     12288,       970,         0,   0.156,pymatching,ddd58b8e370e4a02dcc931c377c25041b0602523944625958b29a876ed59cc72,"{""config"":[""Z0"",""Z""],""d"":5,""p"":0.01393076923076923}",
     17408,         0,         0,   0.109,pymatching,377658d83ecf949fd3f24b91737ef46cdc375d0d2fd5187c0341fb3fe1aabb74,"{""config"":[""Z0"",""Z""],""d"":7,""p"":0.0011}",
     12288,      1099,         0,   0.154,pymatching,45a0b114779f9261506e80fdd824eb6baf3ae998eab6dfc6843bc47285ebbe00,"{""config"":[""Z0"",""Z""],""d"":5,""p"":0.014643589743589744}",
     31744,         0,         0,   0.150,pymatching,40df5333218c9f1ad41e78dada9e208c9194c91b0d01d6e09ef3425702993856,"{""config"":[""Z0"",""Z""],""d"":7,""p"":2.782559402207126e-05}",
     11264,      1054,         0,   0.156,pymatching,1f9edbee88d8d3ecfc637bd4e33f80e4b9b8a39f6f9a8b4dd0383fc455004c62,"{""config"":[""Z0"",""Z""],""d"":5,""p"":0.014999999999999998}",
     31744,         0,         0,   0.151,pymatching,0781cd5b564db096361aa7b8ac626bab203611876dcef266baf5ec54047bf09e,"{""config"":[""Z0"",""Z""],""d"":7,""p"":1e-05}",
     10240,         1,         0,   0.082,pymatching,39e1294b78bbea49908c76c56ec9a6ba2fa3620e08fc122d3d3e0f360d5cc320,"{""config"":[""Z0"",""Z""],""d"":7,""p"":0.002169230769230769}",
     31744,         0,         0,   0.150,pymatching,0cb351d9710e12e7079219cbbddbad68b20292aa21ef63532ec15227c0380465,"{""config"":[""Z0"",""Z""],""d"":7,""p"":4.641588833612782e-05}",
     31744,         0,         0,   0.150,pymatching,c7f44a0ef0e93bac790826dd8100c3050c75aad57b2a233f25781d63ca452e85,"{""config"":[""Z0"",""Z""],""d"":7,""p"":7.742636826811278e-05}",
     29696,       542,         0,   0.207,pymatching,93468351e0ebd3e34a0a3cac6051bbd93aeeecae20ca5222ed0c742c4c31f862,"{""config"":[""Z0"",""Z""],""d"":5,""p"":0.007871794871794872}",
     29696,       678,         0,   0.206,pymatching,0a533e72da500b7722b085590cf7f70da878a6055d43272b348673d22563ef4a,"{""config"":[""Z0"",""Z""],""d"":5,""p"":0.008584615384615385}",
     34816,       446,         0,   0.210,pymatching,54e93256f3c4e741b4967bc2a1dde55dcf7eff104ab5b068c0f4cf3cad575a43,"{""config"":[""Z0"",""Z""],""d"":5,""p"":0.006802564102564103}",
     30720,         0,         0,   0.148,pymatching,d8ef2f529c74c195dfc9a0e4cbf2da7eab499baa91a582643d631decf134f81e,"{""config"":[""Z0"",""Z""],""d"":7,""p"":0.0001291549665014884}",
     28672,       584,         0,   0.206,pymatching,042d5bab02374b15388f9c56c49dfae62d63b1ac9baffd5b49ba531b90322a69,"{""config"":[""Z0"",""Z""],""d"":5,""p"":0.008228205128205128}",
     39936,       445,         0,   0.210,pymatching,c9f50bfaec719ff64287cdffbda18d59e39f48ba3b01c10eb5aa999a27c9558a,"{""config"":[""Z0"",""Z""],""d"":5,""p"":0.006446153846153846}",
     31744,       529,         0,   0.210,pymatching,5d9ee62b2282733551f46f4e35a09b7dd3c6e4c3da1f40c6f2e9236f62adb035,"{""config"":[""Z0"",""Z""],""d"":5,""p"":0.007515384615384615}",
     30720,         0,         0,   0.151,pymatching,3febd854a65c23808c3d2b024e5b1f1ebd781309437b2c4d0f5a37de0175e6eb,"{""config"":[""Z0"",""Z""],""d"":7,""p"":0.00021544346900318823}",
     35840,       511,         0,   0.210,pymatching,eeebabfedb2a3123d26b34ded302d5207e14cbd5212359c654542b05335e542f,"{""config"":[""Z0"",""Z""],""d"":5,""p"":0.007158974358974359}",
     38912,       320,         0,   0.210,pymatching,f89bd0f5bf9de83125d37164e04a498bbd4a72c2cf8caf07b9d70440e492f73e,"{""config"":[""Z0"",""Z""],""d"":5,""p"":0.005733333333333333}",
     29696,         0,         0,   0.151,pymatching,3c8f193bbb1e6140e27ac9e4403d659e0799049fa42ea0a1f286df7017b3868d,"{""config"":[""Z0"",""Z""],""d"":7,""p"":0.00035938136638046257}",
     27648,       763,         0,   0.211,pymatching,6f14bd7a86cf2b079bb8fdfef6afb63a73b9c0ef56c9eec99ed0ca01ea500326,"{""config"":[""Z0"",""Z""],""d"":5,""p"":0.009297435897435898}",
    175407,         0,         0,   0.276,pymatching,55d631a983676397dca6458b14b2050e779294910899f494138c11680d5a3a81,"{""config"":[""Z0"",""Z""],""d"":5,""p"":7.742636826811278e-05}",
     29696,         0,         0,   0.149,pymatching,4e0e77f8c9a4965cd2ede03704cecf252ee50f04d1a4f0e67abd148293b8d961,"{""config"":[""Z0"",""Z""],""d"":7,""p"":0.0005994842503189409}",
     89088,        76,         0,   0.288,pymatching,20d026287936f946645efcbf9aaa612c888085ef02a99e1102caebf1178452a9,"{""config"":[""Z0"",""Z""],""d"":5,""p"":0.0028820512820512817}",
     28672,       814,         0,   0.209,pymatching,67ac4febed4903825391b6242a65ddce8166a4c64d536c840ae6682aafc43ca7,"{""config"":[""Z0"",""Z""],""d"":5,""p"":0.00894102564102564}",
    105472,        61,         0,   0.289,pymatching,415eeda5d230b505681e69ccce0cb0cbfa5ec1e573ea1824d65cd689d0872bde,"{""config"":[""Z0"",""Z""],""d"":5,""p"":0.0025256410256410257}",
    167215,         0,         0,   0.262,pymatching,9805580b8e051a4265c8604318060372d751d1b656d0ca74ba2ce82fb46e46ec,"{""config"":[""Z0"",""Z""],""d"":5,""p"":2.782559402207126e-05}",
     23552,         0,         0,   0.148,pymatching,137fa8f27c0ccd4b52833709ca9476bb9df4682749e626b82b56fbd28cb63bbc,"{""config"":[""Z0"",""Z""],""d"":7,""p"":0.001}",
     23552,       880,         0,   0.209,pymatching,49ee80a93e4d9854578bd1e983cf99e4b05a7a96f1df1d295f0f0d2ca8fc243e,"{""config"":[""Z0"",""Z""],""d"":5,""p"":0.010010256410256409}",
     13312,         3,         0,   0.107,pymatching,39e1294b78bbea49908c76c56ec9a6ba2fa3620e08fc122d3d3e0f360d5cc320,"{""config"":[""Z0"",""Z""],""d"":7,""p"":0.002169230769230769}",
     26624,       901,         0,   0.210,pymatching,ca4ec24f3e163511afac72e0ed01cea486d0989dab2ccf20b65427392b1fef2a,"{""config"":[""Z0"",""Z""],""d"":5,""p"":0.009653846153846153}",
     20480,       997,         0,   0.208,pymatching,8ba5ddafcdceb67e39bd0fe42ae0fa39bc0683eb5301c586cccab1ed794ff85e,"{""config"":[""Z0"",""Z""],""d"":5,""p"":0.011435897435897435}",
     19456,      1005,         0,   0.206,pymatching,504ef0a4a98fcd3662bb5846a0fe330ec09f07303d994aeacb9cefe45aa5d7b6,"{""config"":[""Z0"",""Z""],""d"":5,""p"":0.011792307692307692}",
     21504,         0,         0,   0.149,pymatching,053cce4745c3ad44e4a9380f76e43713697aef6e48c857fb639253b1cd6a2822,"{""config"":[""Z0"",""Z""],""d"":7,""p"":0.0014564102564102565}",
     23552,      1111,         0,   0.212,pymatching,5073607c9729d67e3a46599ed1c6127a66cd6f276b08a52dbebe4f39b475d796,"{""config"":[""Z0"",""Z""],""d"":5,""p"":0.01107948717948718}",
     20480,         1,         0,   0.152,pymatching,7ec97d24e19ccb534438f610bb1cea3b546eed81172c888f2fb573021bd8d282,"{""config"":[""Z0"",""Z""],""d"":7,""p"":0.0018128205128205128}",
     23552,         0,         0,   0.147,pymatching,377658d83ecf949fd3f24b91737ef46cdc375d0d2fd5187c0341fb3fe1aabb74,"{""config"":[""Z0"",""Z""],""d"":7,""p"":0.0011}",
     18432,      1116,         0,   0.210,pymatching,20ee6a28f327ef6d168e0e458c2efb1b31466a2efd93d8844c1bf4a10e766028,"{""config"":[""Z0"",""Z""],""d"":5,""p"":0.012505128205128205}",
    199983,         0,         0,   0.314,pymatching,44745f4fd1c9d3c646efc4a75cfdb5edb60063d939292747153380d5589d708e,"{""config"":[""Z0"",""Z""],""d"":5,""p"":4.641588833612782e-05}",
     24576,       991,         0,   0.208,pymatching,60f3866b742cce666adb220654aa87f621863748e4c334e5be9267b56bb0f101,"{""config"":[""Z0"",""Z""],""d"":5,""p"":0.010366666666666666}",
     24576,      1025,         0,   0.213,pymatching,91ef4e4b74e872b7bcef471c6c28e3d53b658a122adb80213ef78ad0c5c7cd26,"{""config"":[""Z0"",""Z""],""d"":5,""p"":0.010723076923076922}",
     48128,         0,         0,   0.208,pymatching,b65d463368349fe7185a1b98546b30360d6fc664e64234f4bb889180b2328c05,"{""config"":[""Z0"",""Z""],""d"":7,""p"":1.6681005372000593e-05}",
     17408,      1335,         0,   0.215,pymatching,a82745d88d15782cfed8e3ddd3f6ce25e7f35ac930e331f77e9659b9f37fdcd7,"{""config"":[""Z0"",""Z""],""d"":5,""p"":0.013574358974358974}",
     18432,      1225,         0,   0.213,pymatching,a5d5f6d56e2061bb70db97d58d33eb4c5445f0b90f50d5dad0ba6e38161aa520,"{""config"":[""Z0"",""Z""],""d"":5,""p"":0.012861538461538462}",
     21504,      1271,         0,   0.216,pymatching,bfd9668843ae94dce59fa7b1fb7610f947ab7ea1f4ca65c69ce35b9c0f925216,"{""config"":[""Z0"",""Z""],""d"":5,""p"":0.012148717948717948}",
    211247,         0,         0,   0.343,pymatching,96d644a6f0f9bc1a372546fe5decbd4422912531fe2bd04f2dd73740bca917d3,"{""config"":[""Z0"",""Z""],""d"":5,""p"":0.00021544346900318823}",
     17408,      1240,         0,   0.208,pymatching,f893c24a437b18f073c4fbff0b424d067ee3379d3b2f306fa3027e0f705226de,"{""config"":[""Z0"",""Z""],""d"":5,""p"":0.013217948717948718}",
     16384,      1370,         0,   0.214,pymatching,6f1295719717affaa880fd5058d04ec88d2b8fb05f9bf91ed2084d0e716e5632,"{""config"":[""Z0"",""Z""],""d"":5,""p"":0.014287179487179487}",
     16384,      1257,         0,   0.210,pymatching,ddd58b8e370e4a02dcc931c377c25041b0602523944625958b29a876ed59cc72,"{""config"":[""Z0"",""Z""],""d"":5,""p"":0.01393076923076923}",
     91136,       122,         0,   0.289,pymatching,678957444d919a21d096ed824e293816b12a8141ac6b226f34d79524e83e9ad5,"{""config"":[""Z0"",""Z""],""d"":5,""p"":0.003238461538461538}",
     84992,       167,         0,   0.288,pymatching,134340847ed9530aeb61aa7f4b4f644b1be4421982e46f98239fd7b0e394a4d7,"{""config"":[""Z0"",""Z""],""d"":5,""p"":0.0035948717948717946}",
     43008,         0,         0,   0.208,pymatching,40df5333218c9f1ad41e78dada9e208c9194c91b0d01d6e09ef3425702993856,"{""config"":[""Z0"",""Z""],""d"":7,""p"":2.782559402207126e-05}",
     73728,       176,         0,   0.290,pymatching,e7e63a9be967615086d8ecc7576c4fad0c17b232da5cf7f7d78ff5ee460004a3,"{""config"":[""Z0"",""Z""],""d"":5,""p"":0.003951282051282051}",
     67584,       232,         0,   0.287,pymatching,61c82650e7dffb26f8e91ed4cb8706a75cbe08dedd26980f071b70573b020adb,"{""config"":[""Z0"",""Z""],""d"":5,""p"":0.0043076923076923075}",
     17408,      1639,         0,   0.219,pymatching,45a0b114779f9261506e80fdd824eb6baf3ae998eab6dfc6843bc47285ebbe00,"{""config"":[""Z0"",""Z""],""d"":5,""p"":0.014643589743589744}",
     43008,         0,         0,   0.208,pymatching,0781cd5b564db096361aa7b8ac626bab203611876dcef266baf5ec54047bf09e,"{""config"":[""Z0"",""Z""],""d"":7,""p"":1e-05}",
     15360,      1482,         0,   0.219,pymatching,1f9edbee88d8d3ecfc637bd4e33f80e4b9b8a39f6f9a8b4dd0383fc455004c62,"{""config"":[""Z0"",""Z""],""d"":5,""p"":0.014999999999999998}",
    216367,         0,         0,   0.372,pymatching,cb6032376f39cb453213ed9ecdc87787687a768cc871b3ea652302449497acf9,"{""config"":[""Z0"",""Z""],""d"":5,""p"":1.6681005372000593e-05}",
     43008,         0,         0,   0.206,pymatching,0cb351d9710e12e7079219cbbddbad68b20292aa21ef63532ec15227c0380465,"{""config"":[""Z0"",""Z""],""d"":7,""p"":4.641588833612782e-05}",
     43008,         0,         0,   0.206,pymatching,c7f44a0ef0e93bac790826dd8100c3050c75aad57b2a233f25781d63ca452e85,"{""config"":[""Z0"",""Z""],""d"":7,""p"":7.742636826811278e-05}",
     43008,         0,         0,   0.210,pymatching,d8ef2f529c74c195dfc9a0e4cbf2da7eab499baa91a582643d631decf134f81e,"{""config"":[""Z0"",""Z""],""d"":7,""p"":0.0001291549665014884}",
    230703,         0,         0,   0.396,pymatching,a3a6b886a1c3cdaba8adda9c8ca4c2387efdf8e8ff8f54bd291abfb509f7a5e1,"{""config"":[""Z0"",""Z""],""d"":5,""p"":1e-05}",
     41984,         0,         0,   0.209,pymatching,3febd854a65c23808c3d2b024e5b1f1ebd781309437b2c4d0f5a37de0175e6eb,"{""config"":[""Z0"",""Z""],""d"":7,""p"":0.00021544346900318823}",
     71680,       305,         0,   0.290,pymatching,e885ab55bb9257731d504f45c60a7927b0be113f52f8a1095bfa6ca46426372b,"{""config"":[""Z0"",""Z""],""d"":5,""p"":0.004664102564102564}",
     39936,         0,         0,   0.208,pymatching,3c8f193bbb1e6140e27ac9e4403d659e0799049fa42ea0a1f286df7017b3868d,"{""config"":[""Z0"",""Z""],""d"":7,""p"":0.00035938136638046257}",
     61440,       335,         0,   0.290,pymatching,50edce6ab9cb0ce1e74fad5cf142be6595d568174b66aa2f37eba6b6bf8ea45b,"{""config"":[""Z0"",""Z""],""d"":5,""p"":0.00502051282051282}",
     63488,       373,         0,   0.292,pymatching,4aa399119067a333f968868ed025e4b6606950afd6c887f61c25e26de1bd886e,"{""config"":[""Z0"",""Z""],""d"":5,""p"":0.005376923076923077}",
     18432,         0,         0,   0.151,pymatching,39e1294b78bbea49908c76c56ec9a6ba2fa3620e08fc122d3d3e0f360d5cc320,"{""config"":[""Z0"",""Z""],""d"":7,""p"":0.002169230769230769}",
     52224,       489,         0,   0.291,pymatching,e4615fc35f9108f307fbb96eee8e4b9882d86b0790449d432e1e444cabcc2415,"{""config"":[""Z0"",""Z""],""d"":5,""p"":0.00608974358974359}",
      1297,         0,         0,   0.012,pymatching,7e34e313d7d0a19f32f2f59fc833c88a063c1c3c866df6582028368578df4d81,"{""config"":[""Z0"",""Z""],""d"":7,""p"":0.0025256410256410257}",
     39936,         0,         0,   0.207,pymatching,4e0e77f8c9a4965cd2ede03704cecf252ee50f04d1a4f0e67abd148293b8d961,"{""config"":[""Z0"",""Z""],""d"":7,""p"":0.0005994842503189409}",
     40960,       748,         0,   0.291,pymatching,93468351e0ebd3e34a0a3cac6051bbd93aeeecae20ca5222ed0c742c4c31f862,"{""config"":[""Z0"",""Z""],""d"":5,""p"":0.007871794871794872}",
     47104,       604,         0,   0.291,pymatching,54e93256f3c4e741b4967bc2a1dde55dcf7eff104ab5b068c0f4cf3cad575a43,"{""config"":[""Z0"",""Z""],""d"":5,""p"":0.006802564102564103}",
     41984,       990,         0,   0.292,pymatching,0a533e72da500b7722b085590cf7f70da878a6055d43272b348673d22563ef4a,"{""config"":[""Z0"",""Z""],""d"":5,""p"":0.008584615384615385}",
      2048,         0,         0,   0.016,pymatching,7e34e313d7d0a19f32f2f59fc833c88a063c1c3c866df6582028368578df4d81,"{""config"":[""Z0"",""Z""],""d"":7,""p"":0.0025256410256410257}",
     54272,       576,         0,   0.293,pymatching,c9f50bfaec719ff64287cdffbda18d59e39f48ba3b01c10eb5aa999a27c9558a,"{""config"":[""Z0"",""Z""],""d"":5,""p"":0.006446153846153846}",
     39936,       834,         0,   0.295,pymatching,042d5bab02374b15388f9c56c49dfae62d63b1ac9baffd5b49ba531b90322a69,"{""config"":[""Z0"",""Z""],""d"":5,""p"":0.008228205128205128}",
     43008,       703,         0,   0.293,pymatching,5d9ee62b2282733551f46f4e35a09b7dd3c6e4c3da1f40c6f2e9236f62adb035,"{""config"":[""Z0"",""Z""],""d"":5,""p"":0.007515384615384615}",
     32768,         0,         0,   0.209,pymatching,137fa8f27c0ccd4b52833709ca9476bb9df4682749e626b82b56fbd28cb63bbc,"{""config"":[""Z0"",""Z""],""d"":7,""p"":0.001}",
    261423,         1,         0,   0.479,pymatching,8e15c8693f48124b9ac3f87e9f3320dd83113e51c19fa8aa3538394a28ccaa95,"{""config"":[""Z0"",""Z""],""d"":5,""p"":0.00035938136638046257}",
     49152,       704,         0,   0.293,pymatching,eeebabfedb2a3123d26b34ded302d5207e14cbd5212359c654542b05335e542f,"{""config"":[""Z0"",""Z""],""d"":5,""p"":0.007158974358974359}",
    263471,         0,         0,   0.460,pymatching,1195174d70b461e3b71898fd135bbe0c631acce029764a5a3bd90a4b3f212492,"{""config"":[""Z0"",""Z""],""d"":5,""p"":0.0001291549665014884}",
     29696,         0,         0,   0.208,pymatching,053cce4745c3ad44e4a9380f76e43713697aef6e48c857fb639253b1cd6a2822,"{""config"":[""Z0"",""Z""],""d"":7,""p"":0.0014564102564102565}",
    178176,        12,         0,   0.562,pymatching,5b273f9ec8ea7b72530ef207045ef0aaa96f2aeaae8c030ce7ed7ea948aa74d4,"{""config"":[""Z0"",""Z""],""d"":5,""p"":0.0011}",
    286720,        15,         0,   0.562,pymatching,bd3b752bc833fe8bfdffde7fe510e095aa035d029c4a46fce9ac05636154e154,"{""config"":[""Z0"",""Z""],""d"":5,""p"":0.001}",
     27648,         1,         0,   0.208,pymatching,7ec97d24e19ccb534438f610bb1cea3b546eed81172c888f2fb573021bd8d282,"{""config"":[""Z0"",""Z""],""d"":7,""p"":0.0018128205128205128}",
    279855,         3,         0,   0.503,pymatching,b4b4fdfde03ca9ec68a840e823fa6e7481d6391d27eed57f2483af3dc02a25a8,"{""config"":[""Z0"",""Z""],""d"":5,""p"":0.0005994842503189409}",
     54272,       411,         0,   0.291,pymatching,f89bd0f5bf9de83125d37164e04a498bbd4a72c2cf8caf07b9d70440e492f73e,"{""config"":[""Z0"",""Z""],""d"":5,""p"":0.005733333333333333}",
     32768,         0,         0,   0.210,pymatching,377658d83ecf949fd3f24b91737ef46cdc375d0d2fd5187c0341fb3fe1aabb74,"{""config"":[""Z0"",""Z""],""d"":7,""p"":0.0011}",
      3072,         0,         0,   0.025,pymatching,7e34e313d7d0a19f32f2f59fc833c88a063c1c3c866df6582028368578df4d81,"{""config"":[""Z0"",""Z""],""d"":7,""p"":0.0025256410256410257}",
      1297,         0,         0,   0.014,pymatching,b90e12e33080801c22852919a15e138265ce11a1817b8557974984987efe3bc1,"{""config"":[""Z0"",""Z""],""d"":7,""p"":0.003238461538461538}",
      1297,         0,         0,   0.013,pymatching,e45c4abd947e5226abf9ae8ee679469545253010d6ff118e307ca31a8814db17,"{""config"":[""Z0"",""Z""],""d"":7,""p"":0.0028820512820512817}",
      1297,         0,         0,   0.014,pymatching,13d8d445806d333773aca5059c26fdda03046097cfa2cd356cccd33c23de85c3,"{""config"":[""Z0"",""Z""],""d"":7,""p"":0.0035948717948717946}",
      1297,         1,         0,   0.018,pymatching,5891a0a3ba08325c916de00da2b1efae68943d7c4d1c41a9a748c9079ffbce15,"{""config"":[""Z0"",""Z""],""d"":7,""p"":0.0043076923076923075}",
     37888,      1171,         0,   0.291,pymatching,6f14bd7a86cf2b079bb8fdfef6afb63a73b9c0ef56c9eec99ed0ca01ea500326,"{""config"":[""Z0"",""Z""],""d"":5,""p"":0.009297435897435898}",
      4096,         1,         0,   0.033,pymatching,7e34e313d7d0a19f32f2f59fc833c88a063c1c3c866df6582028368578df4d81,"{""config"":[""Z0"",""Z""],""d"":7,""p"":0.0025256410256410257}",
      2048,         3,         0,   0.019,pymatching,b90e12e33080801c22852919a15e138265ce11a1817b8557974984987efe3bc1,"{""config"":[""Z0"",""Z""],""d"":7,""p"":0.003238461538461538}",
      2048,         0,         0,   0.020,pymatching,e45c4abd947e5226abf9ae8ee679469545253010d6ff118e307ca31a8814db17,"{""config"":[""Z0"",""Z""],""d"":7,""p"":0.0028820512820512817}",
      2048,         2,         0,   0.020,pymatching,13d8d445806d333773aca5059c26fdda03046097cfa2cd356cccd33c23de85c3,"{""config"":[""Z0"",""Z""],""d"":7,""p"":0.0035948717948717946}",
      1297,         4,         0,   0.017,pymatching,bd24bbfba499721b19d74cd52585386f74b6e0939bb1d2080bf1fd9187563a46,"{""config"":[""Z0"",""Z""],""d"":7,""p"":0.003951282051282051}",
      2048,         0,         0,   0.020,pymatching,b90e12e33080801c22852919a15e138265ce11a1817b8557974984987efe3bc1,"{""config"":[""Z0"",""Z""],""d"":7,""p"":0.003238461538461538}",
      2048,         2,         0,   0.026,pymatching,5891a0a3ba08325c916de00da2b1efae68943d7c4d1c41a9a748c9079ffbce15,"{""config"":[""Z0"",""Z""],""d"":7,""p"":0.0043076923076923075}",
     38912,      1005,         0,   0.289,pymatching,67ac4febed4903825391b6242a65ddce8166a4c64d536c840ae6682aafc43ca7,"{""config"":[""Z0"",""Z""],""d"":5,""p"":0.00894102564102564}",
      2048,         2,         0,   0.020,pymatching,e45c4abd947e5226abf9ae8ee679469545253010d6ff118e307ca31a8814db17,"{""config"":[""Z0"",""Z""],""d"":7,""p"":0.0028820512820512817}",
      2048,         4,         0,   0.021,pymatching,13d8d445806d333773aca5059c26fdda03046097cfa2cd356cccd33c23de85c3,"{""config"":[""Z0"",""Z""],""d"":7,""p"":0.0035948717948717946}",
     36864,      1236,         0,   0.289,pymatching,ca4ec24f3e163511afac72e0ed01cea486d0989dab2ccf20b65427392b1fef2a,"{""config"":[""Z0"",""Z""],""d"":5,""p"":0.009653846153846153}",
     33792,      1182,         0,   0.292,pymatching,49ee80a93e4d9854578bd1e983cf99e4b05a7a96f1df1d295f0f0d2ca8fc243e,"{""config"":[""Z0"",""Z""],""d"":5,""p"":0.010010256410256409}",
      5120,         3,         0,   0.041,pymatching,7e34e313d7d0a19f32f2f59fc833c88a063c1c3c866df6582028368578df4d81,"{""config"":[""Z0"",""Z""],""d"":7,""p"":0.0025256410256410257}",
      2048,         1,         0,   0.025,pymatching,bd24bbfba499721b19d74cd52585386f74b6e0939bb1d2080bf1fd9187563a46,"{""config"":[""Z0"",""Z""],""d"":7,""p"":0.003951282051282051}",
     28672,      1456,         0,   0.295,pymatching,8ba5ddafcdceb67e39bd0fe42ae0fa39bc0683eb5301c586cccab1ed794ff85e,"{""config"":[""Z0"",""Z""],""d"":5,""p"":0.011435897435897435}",
     31744,      1469,         0,   0.291,pymatching,5073607c9729d67e3a46599ed1c6127a66cd6f276b08a52dbebe4f39b475d796,"{""config"":[""Z0"",""Z""],""d"":5,""p"":0.01107948717948718}",
      1297,         6,         0,   0.020,pymatching,eaece8d5a9575002560e0706d987ea298ea25470193c1b6dbb2a675e32a96376,"{""config"":[""Z0"",""Z""],""d"":7,""p"":0.00502051282051282}",
     27648,      1487,         0,   0.296,pymatching,504ef0a4a98fcd3662bb5846a0fe330ec09f07303d994aeacb9cefe45aa5d7b6,"{""config"":[""Z0"",""Z""],""d"":5,""p"":0.011792307692307692}",
    254976,        36,         0,   0.562,pymatching,95da8241892677a1febd902b9693f33a066978771f54fe810ea795a04054cdeb,"{""config"":[""Z0"",""Z""],""d"":5,""p"":0.0014564102564102565}",
      1297,         1,         0,   0.018,pymatching,17aa56354c3b8ef37ef6707903c6c7bd939c711b208deb498b5b3d226eb2c0df,"{""config"":[""Z0"",""Z""],""d"":7,""p"":0.004664102564102564}",
      2048,         7,         0,   0.025,pymatching,5891a0a3ba08325c916de00da2b1efae68943d7c4d1c41a9a748c9079ffbce15,"{""config"":[""Z0"",""Z""],""d"":7,""p"":0.0043076923076923075}",
      3072,         2,         0,   0.028,pymatching,b90e12e33080801c22852919a15e138265ce11a1817b8557974984987efe3bc1,"{""config"":[""Z0"",""Z""],""d"":7,""p"":0.003238461538461538}",
    217088,        84,         0,   0.563,pymatching,e986d2b79b80be3cf24fe2bbee1a2f0b42e12ebfbf61e1177c6587a928a39bc1,"{""config"":[""Z0"",""Z""],""d"":5,""p"":0.002169230769230769}",
     25600,      1642,         0,   0.295,pymatching,20ee6a28f327ef6d168e0e458c2efb1b31466a2efd93d8844c1bf4a10e766028,"{""config"":[""Z0"",""Z""],""d"":5,""p"":0.012505128205128205}",
      3072,         2,         0,   0.027,pymatching,e45c4abd947e5226abf9ae8ee679469545253010d6ff118e307ca31a8814db17,"{""config"":[""Z0"",""Z""],""d"":7,""p"":0.0028820512820512817}",
      1024,         3,         0,   0.014,pymatching,eaece8d5a9575002560e0706d987ea298ea25470193c1b6dbb2a675e32a96376,"{""config"":[""Z0"",""Z""],""d"":7,""p"":0.00502051282051282}",
     34816,      1340,         0,   0.296,pymatching,60f3866b742cce666adb220654aa87f621863748e4c334e5be9267b56bb0f101,"{""config"":[""Z0"",""Z""],""d"":5,""p"":0.010366666666666666}",
      3072,         3,         0,   0.031,pymatching,13d8d445806d333773aca5059c26fdda03046097cfa2cd356cccd33c23de85c3,"{""config"":[""Z0"",""Z""],""d"":7,""p"":0.0035948717948717946}",
      2048,         2,         0,   0.023,pymatching,bd24bbfba499721b19d74cd52585386f74b6e0939bb1d2080bf1fd9187563a46,"{""config"":[""Z0"",""Z""],""d"":7,""p"":0.003951282051282051}",
     52527,         2,         0,   0.103,pymatching,bd3b752bc833fe8bfdffde7fe510e095aa035d029c4a46fce9ac05636154e154,"{""config"":[""Z0"",""Z""],""d"":5,""p"":0.001}",
     32768,      1402,         0,   0.290,pymatching,91ef4e4b74e872b7bcef471c6c28e3d53b658a122adb80213ef78ad0c5c7cd26,"{""config"":[""Z0"",""Z""],""d"":5,""p"":0.010723076923076922}",
     66560,         0,         0,   0.290,pymatching,b65d463368349fe7185a1b98546b30360d6fc664e64234f4bb889180b2328c05,"{""config"":[""Z0"",""Z""],""d"":7,""p"":1.6681005372000593e-05}",
     24576,      1661,         0,   0.289,pymatching,a5d5f6d56e2061bb70db97d58d33eb4c5445f0b90f50d5dad0ba6e38161aa520,"{""config"":[""Z0"",""Z""],""d"":5,""p"":0.012861538461538462}",
    217088,        68,         0,   0.562,pymatching,505fc6c7e8177b0d62f81733b47439cc3b77726a592ba5600d7473e2465ef9e1,"{""config"":[""Z0"",""Z""],""d"":5,""p"":0.0018128205128205128}",
     23552,      1766,         0,   0.293,pymatching,a82745d88d15782cfed8e3ddd3f6ce25e7f35ac930e331f77e9659b9f37fdcd7,"{""config"":[""Z0"",""Z""],""d"":5,""p"":0.013574358974358974}",
      2048,         5,         0,   0.027,pymatching,17aa56354c3b8ef37ef6707903c6c7bd939c711b208deb498b5b3d226eb2c0df,"{""config"":[""Z0"",""Z""],""d"":7,""p"":0.004664102564102564}",
      1297,         4,         0,   0.029,pymatching,eca9617815f52c439b2b6ca9c5616b3c4d8fd31d7d46d963cff4e595c6436dc0,"{""config"":[""Z0"",""Z""],""d"":7,""p"":0.005376923076923077}",
     28672,      1670,         0,   0.294,pymatching,bfd9668843ae94dce59fa7b1fb7610f947ab7ea1f4ca65c69ce35b9c0f925216,"{""config"":[""Z0"",""Z""],""d"":5,""p"":0.012148717948717948}",
      3072,         6,         0,   0.037,pymatching,5891a0a3ba08325c916de00da2b1efae68943d7c4d1c41a9a748c9079ffbce15,"{""config"":[""Z0"",""Z""],""d"":7,""p"":0.0043076923076923075}",
      2048,         7,         0,   0.029,pymatching,eaece8d5a9575002560e0706d987ea298ea25470193c1b6dbb2a675e32a96376,"{""config"":[""Z0"",""Z""],""d"":7,""p"":0.00502051282051282}",
      1024,         6,         0,   0.014,pymatching,eca9617815f52c439b2b6ca9c5616b3c4d8fd31d7d46d963cff4e595c6436dc0,"{""config"":[""Z0"",""Z""],""d"":7,""p"":0.005376923076923077}",
     24576,      1861,         0,   0.295,pymatching,f893c24a437b18f073c4fbff0b424d067ee3379d3b2f306fa3027e0f705226de,"{""config"":[""Z0"",""Z""],""d"":5,""p"":0.013217948717948718}",
      5120,         0,         0,   0.047,pymatching,b90e12e33080801c22852919a15e138265ce11a1817b8557974984987efe3bc1,"{""config"":[""Z0"",""Z""],""d"":7,""p"":0.003238461538461538}",
      7168,         1,         0,   0.058,pymatching,7e34e313d7d0a19f32f2f59fc833c88a063c1c3c866df6582028368578df4d81,"{""config"":[""Z0"",""Z""],""d"":7,""p"":0.0025256410256410257}",
      3072,         4,         0,   0.035,pymatching,bd24bbfba499721b19d74cd52585386f74b6e0939bb1d2080bf1fd9187563a46,"{""config"":[""Z0"",""Z""],""d"":7,""p"":0.003951282051282051}",
     22528,      1855,         0,   0.296,pymatching,6f1295719717affaa880fd5058d04ec88d2b8fb05f9bf91ed2084d0e716e5632,"{""config"":[""Z0"",""Z""],""d"":5,""p"":0.014287179487179487}",
      2048,         4,         0,   0.027,pymatching,17aa56354c3b8ef37ef6707903c6c7bd939c711b208deb498b5b3d226eb2c0df,"{""config"":[""Z0"",""Z""],""d"":7,""p"":0.004664102564102564}",
      4096,         2,         0,   0.040,pymatching,13d8d445806d333773aca5059c26fdda03046097cfa2cd356cccd33c23de85c3,"{""config"":[""Z0"",""Z""],""d"":7,""p"":0.0035948717948717946}",
      4096,         1,         0,   0.049,pymatching,e45c4abd947e5226abf9ae8ee679469545253010d6ff118e307ca31a8814db17,"{""config"":[""Z0"",""Z""],""d"":7,""p"":0.0028820512820512817}",
     22528,      1732,         0,   0.290,pymatching,ddd58b8e370e4a02dcc931c377c25041b0602523944625958b29a876ed59cc72,"{""config"":[""Z0"",""Z""],""d"":5,""p"":0.01393076923076923}",
     26624,         3,         0,   0.214,pymatching,39e1294b78bbea49908c76c56ec9a6ba2fa3620e08fc122d3d3e0f360d5cc320,"{""config"":[""Z0"",""Z""],""d"":7,""p"":0.002169230769230769}",
      2048,         9,         0,   0.030,pymatching,eaece8d5a9575002560e0706d987ea298ea25470193c1b6dbb2a675e32a96376,"{""config"":[""Z0"",""Z""],""d"":7,""p"":0.00502051282051282}",
      2048,         3,         0,   0.031,pymatching,eca9617815f52c439b2b6ca9c5616b3c4d8fd31d7d46d963cff4e595c6436dc0,"{""config"":[""Z0"",""Z""],""d"":7,""p"":0.005376923076923077}",
     61440,         0,         0,   0.294,pymatching,40df5333218c9f1ad41e78dada9e208c9194c91b0d01d6e09ef3425702993856,"{""config"":[""Z0"",""Z""],""d"":7,""p"":2.782559402207126e-05}",
     59392,         0,         0,   0.291,pymatching,0781cd5b564db096361aa7b8ac626bab203611876dcef266baf5ec54047bf09e,"{""config"":[""Z0"",""Z""],""d"":7,""p"":1e-05}",
      3072,         3,         0,   0.049,pymatching,5891a0a3ba08325c916de00da2b1efae68943d7c4d1c41a9a748c9079ffbce15,"{""config"":[""Z0"",""Z""],""d"":7,""p"":0.0043076923076923075}",
    121856,       131,         0,   0.405,pymatching,20d026287936f946645efcbf9aaa612c888085ef02a99e1102caebf1178452a9,"{""config"":[""Z0"",""Z""],""d"":5,""p"":0.0028820512820512817}",
      2048,         6,         0,   0.036,pymatching,17aa56354c3b8ef37ef6707903c6c7bd939c711b208deb498b5b3d226eb2c0df,"{""config"":[""Z0"",""Z""],""d"":7,""p"":0.004664102564102564}",
     23552,      2059,         0,   0.299,pymatching,45a0b114779f9261506e80fdd824eb6baf3ae998eab6dfc6843bc47285ebbe00,"{""config"":[""Z0"",""Z""],""d"":5,""p"":0.014643589743589744}",
     60416,         0,         0,   0.288,pymatching,c7f44a0ef0e93bac790826dd8100c3050c75aad57b2a233f25781d63ca452e85,"{""config"":[""Z0"",""Z""],""d"":7,""p"":7.742636826811278e-05}",
     60416,         0,         0,   0.289,pymatching,0cb351d9710e12e7079219cbbddbad68b20292aa21ef63532ec15227c0380465,"{""config"":[""Z0"",""Z""],""d"":7,""p"":4.641588833612782e-05}",
     20480,      1911,         0,   0.302,pymatching,1f9edbee88d8d3ecfc637bd4e33f80e4b9b8a39f6f9a8b4dd0383fc455004c62,"{""config"":[""Z0"",""Z""],""d"":5,""p"":0.014999999999999998}",
    139264,        90,         0,   0.403,pymatching,415eeda5d230b505681e69ccce0cb0cbfa5ec1e573ea1824d65cd689d0872bde,"{""config"":[""Z0"",""Z""],""d"":5,""p"":0.0025256410256410257}",
     57344,         0,         0,   0.291,pymatching,d8ef2f529c74c195dfc9a0e4cbf2da7eab499baa91a582643d631decf134f81e,"{""config"":[""Z0"",""Z""],""d"":7,""p"":0.0001291549665014884}",
      5120,         2,         0,   0.054,pymatching,b90e12e33080801c22852919a15e138265ce11a1817b8557974984987efe3bc1,"{""config"":[""Z0"",""Z""],""d"":7,""p"":0.003238461538461538}",
      3072,         1,         0,   0.054,pymatching,bd24bbfba499721b19d74cd52585386f74b6e0939bb1d2080bf1fd9187563a46,"{""config"":[""Z0"",""Z""],""d"":7,""p"":0.003951282051282051}",
      2048,         4,         0,   0.033,pymatching,eca9617815f52c439b2b6ca9c5616b3c4d8fd31d7d46d963cff4e595c6436dc0,"{""config"":[""Z0"",""Z""],""d"":7,""p"":0.005376923076923077}",
     55296,         0,         0,   0.289,pymatching,3febd854a65c23808c3d2b024e5b1f1ebd781309437b2c4d0f5a37de0175e6eb,"{""config"":[""Z0"",""Z""],""d"":7,""p"":0.00021544346900318823}",
      5120,         2,         0,   0.054,pymatching,e45c4abd947e5226abf9ae8ee679469545253010d6ff118e307ca31a8814db17,"{""config"":[""Z0"",""Z""],""d"":7,""p"":0.0028820512820512817}",
      5120,         3,         0,   0.061,pymatching,13d8d445806d333773aca5059c26fdda03046097cfa2cd356cccd33c23de85c3,"{""config"":[""Z0"",""Z""],""d"":7,""p"":0.0035948717948717946}",
      3072,        18,         0,   0.050,pymatching,eaece8d5a9575002560e0706d987ea298ea25470193c1b6dbb2a675e32a96376,"{""config"":[""Z0"",""Z""],""d"":7,""p"":0.00502051282051282}",
      2048,         3,         0,   0.039,pymatching,17aa56354c3b8ef37ef6707903c6c7bd939c711b208deb498b5b3d226eb2c0df,"{""config"":[""Z0"",""Z""],""d"":7,""p"":0.004664102564102564}",
     54272,         0,         0,   0.292,pymatching,3c8f193bbb1e6140e27ac9e4403d659e0799049fa42ea0a1f286df7017b3868d,"{""config"":[""Z0"",""Z""],""d"":7,""p"":0.00035938136638046257}",
      7168,         2,         0,   0.080,pymatching,7e34e313d7d0a19f32f2f59fc833c88a063c1c3c866df6582028368578df4d81,"{""config"":[""Z0"",""Z""],""d"":7,""p"":0.0025256410256410257}",
      1297,         7,         0,   0.025,pymatching,92a7abdf4c8e6971e7de69c7aca3790c3892e94df6498b04b16cecd04e71a269,"{""config"":[""Z0"",""Z""],""d"":7,""p"":0.005733333333333333}",
      3072,        14,         0,   0.048,pymatching,eca9617815f52c439b2b6ca9c5616b3c4d8fd31d7d46d963cff4e595c6436dc0,"{""config"":[""Z0"",""Z""],""d"":7,""p"":0.005376923076923077}",
      4096,         9,         0,   0.070,pymatching,5891a0a3ba08325c916de00da2b1efae68943d7c4d1c41a9a748c9079ffbce15,"{""config"":[""Z0"",""Z""],""d"":7,""p"":0.0043076923076923075}",
      1024,         8,         0,   0.019,pymatching,92a7abdf4c8e6971e7de69c7aca3790c3892e94df6498b04b16cecd04e71a269,"{""config"":[""Z0"",""Z""],""d"":7,""p"":0.005733333333333333}",
      4096,         5,         0,   0.062,pymatching,bd24bbfba499721b19d74cd52585386f74b6e0939bb1d2080bf1fd9187563a46,"{""config"":[""Z0"",""Z""],""d"":7,""p"":0.003951282051282051}",
     53248,         0,         0,   0.289,pymatching,4e0e77f8c9a4965cd2ede03704cecf252ee50f04d1a4f0e67abd148293b8d961,"{""config"":[""Z0"",""Z""],""d"":7,""p"":0.0005994842503189409}",
    120832,       167,         0,   0.402,pymatching,678957444d919a21d096ed824e293816b12a8141ac6b226f34d79524e83e9ad5,"{""config"":[""Z0"",""Z""],""d"":5,""p"":0.003238461538461538}",
      4096,        15,         0,   0.066,pymatching,eaece8d5a9575002560e0706d987ea298ea25470193c1b6dbb2a675e32a96376,"{""config"":[""Z0"",""Z""],""d"":7,""p"":0.00502051282051282}",
      1024,        10,         0,   0.020,pymatching,92a7abdf4c8e6971e7de69c7aca3790c3892e94df6498b04b16cecd04e71a269,"{""config"":[""Z0"",""Z""],""d"":7,""p"":0.005733333333333333}",
      8192,         3,         0,   0.085,pymatching,b90e12e33080801c22852919a15e138265ce11a1817b8557974984987efe3bc1,"{""config"":[""Z0"",""Z""],""d"":7,""p"":0.003238461538461538}",
    107520,       219,         0,   0.407,pymatching,134340847ed9530aeb61aa7f4b4f644b1be4421982e46f98239fd7b0e394a4d7,"{""config"":[""Z0"",""Z""],""d"":5,""p"":0.0035948717948717946}",
      3072,         6,         0,   0.062,pymatching,17aa56354c3b8ef37ef6707903c6c7bd939c711b208deb498b5b3d226eb2c0df,"{""config"":[""Z0"",""Z""],""d"":7,""p"":0.004664102564102564}",
      8192,         2,         0,   0.081,pymatching,e45c4abd947e5226abf9ae8ee679469545253010d6ff118e307ca31a8814db17,"{""config"":[""Z0"",""Z""],""d"":7,""p"":0.0028820512820512817}",
     99328,       242,         0,   0.404,pymatching,e7e63a9be967615086d8ecc7576c4fad0c17b232da5cf7f7d78ff5ee460004a3,"{""config"":[""Z0"",""Z""],""d"":5,""p"":0.003951282051282051}",
     88064,       296,         0,   0.404,pymatching,61c82650e7dffb26f8e91ed4cb8706a75cbe08dedd26980f071b70573b020adb,"{""config"":[""Z0"",""Z""],""d"":5,""p"":0.0043076923076923075}",
      7168,         8,         0,   0.082,pymatching,13d8d445806d333773aca5059c26fdda03046097cfa2cd356cccd33c23de85c3,"{""config"":[""Z0"",""Z""],""d"":7,""p"":0.0035948717948717946}",
     34816,         0,         0,   0.289,pymatching,053cce4745c3ad44e4a9380f76e43713697aef6e48c857fb639253b1cd6a2822,"{""config"":[""Z0"",""Z""],""d"":7,""p"":0.0014564102564102565}",
     39936,         0,         0,   0.296,pymatching,137fa8f27c0ccd4b52833709ca9476bb9df4682749e626b82b56fbd28cb63bbc,"{""config"":[""Z0"",""Z""],""d"":7,""p"":0.001}",
     36864,         2,         0,   0.290,pymatching,7ec97d24e19ccb534438f610bb1cea3b546eed81172c888f2fb573021bd8d282,"{""config"":[""Z0"",""Z""],""d"":7,""p"":0.0018128205128205128}",
     38912,         0,         0,   0.287,pymatching,377658d83ecf949fd3f24b91737ef46cdc375d0d2fd5187c0341fb3fe1aabb74,"{""config"":[""Z0"",""Z""],""d"":7,""p"":0.0011}",
      1024,         4,         0,   0.031,pymatching,92a7abdf4c8e6971e7de69c7aca3790c3892e94df6498b04b16cecd04e71a269,"{""config"":[""Z0"",""Z""],""d"":7,""p"":0.005733333333333333}",
      4096,        14,         0,   0.068,pymatching,eca9617815f52c439b2b6ca9c5616b3c4d8fd31d7d46d963cff4e595c6436dc0,"{""config"":[""Z0"",""Z""],""d"":7,""p"":0.005376923076923077}",
     86016,       356,         0,   0.405,pymatching,e885ab55bb9257731d504f45c60a7927b0be113f52f8a1095bfa6ca46426372b,"{""config"":[""Z0"",""Z""],""d"":5,""p"":0.004664102564102564}",
      4096,         7,         0,   0.084,pymatching,5891a0a3ba08325c916de00da2b1efae68943d7c4d1c41a9a748c9079ffbce15,"{""config"":[""Z0"",""Z""],""d"":7,""p"":0.0043076923076923075}",
      9216,         2,         0,   0.111,pymatching,7e34e313d7d0a19f32f2f59fc833c88a063c1c3c866df6582028368578df4d81,"{""config"":[""Z0"",""Z""],""d"":7,""p"":0.0025256410256410257}",
     80896,       412,         0,   0.403,pymatching,50edce6ab9cb0ce1e74fad5cf142be6595d568174b66aa2f37eba6b6bf8ea45b,"{""config"":[""Z0"",""Z""],""d"":5,""p"":0.00502051282051282}",
     77824,       488,         0,   0.402,pymatching,4aa399119067a333f968868ed025e4b6606950afd6c887f61c25e26de1bd886e,"{""config"":[""Z0"",""Z""],""d"":5,""p"":0.005376923076923077}",
     63488,       595,         0,   0.403,pymatching,e4615fc35f9108f307fbb96eee8e4b9882d86b0790449d432e1e444cabcc2415,"{""config"":[""Z0"",""Z""],""d"":5,""p"":0.00608974358974359}",
      6144,        11,         0,   0.087,pymatching,bd24bbfba499721b19d74cd52585386f74b6e0939bb1d2080bf1fd9187563a46,"{""config"":[""Z0"",""Z""],""d"":7,""p"":0.003951282051282051}",
      2048,        10,         0,   0.045,pymatching,92a7abdf4c8e6971e7de69c7aca3790c3892e94df6498b04b16cecd04e71a269,"{""config"":[""Z0"",""Z""],""d"":7,""p"":0.005733333333333333}",
      5120,        18,         0,   0.087,pymatching,eaece8d5a9575002560e0706d987ea298ea25470193c1b6dbb2a675e32a96376,"{""config"":[""Z0"",""Z""],""d"":7,""p"":0.00502051282051282}",
      5120,         8,         0,   0.081,pymatching,17aa56354c3b8ef37ef6707903c6c7bd939c711b208deb498b5b3d226eb2c0df,"{""config"":[""Z0"",""Z""],""d"":7,""p"":0.004664102564102564}",
     46080,      1023,         0,   0.404,pymatching,0a533e72da500b7722b085590cf7f70da878a6055d43272b348673d22563ef4a,"{""config"":[""Z0"",""Z""],""d"":5,""p"":0.008584615384615385}",
     56320,       709,         0,   0.406,pymatching,54e93256f3c4e741b4967bc2a1dde55dcf7eff104ab5b068c0f4cf3cad575a43,"{""config"":[""Z0"",""Z""],""d"":5,""p"":0.006802564102564103}",
     10240,         3,         0,   0.105,pymatching,e45c4abd947e5226abf9ae8ee679469545253010d6ff118e307ca31a8814db17,"{""config"":[""Z0"",""Z""],""d"":7,""p"":0.0028820512820512817}",
     50176,       915,         0,   0.408,pymatching,93468351e0ebd3e34a0a3cac6051bbd93aeeecae20ca5222ed0c742c4c31f862,"{""config"":[""Z0"",""Z""],""d"":5,""p"":0.007871794871794872}",
     10240,         5,         0,   0.112,pymatching,b90e12e33080801c22852919a15e138265ce11a1817b8557974984987efe3bc1,"{""config"":[""Z0"",""Z""],""d"":7,""p"":0.003238461538461538}",
      5120,        21,         0,   0.083,pymatching,eca9617815f52c439b2b6ca9c5616b3c4d8fd31d7d46d963cff4e595c6436dc0,"{""config"":[""Z0"",""Z""],""d"":7,""p"":0.005376923076923077}",
     50176,       834,         0,   0.407,pymatching,5d9ee62b2282733551f46f4e35a09b7dd3c6e4c3da1f40c6f2e9236f62adb035,"{""config"":[""Z0"",""Z""],""d"":5,""p"":0.007515384615384615}",
     64512,       718,         0,   0.409,pymatching,c9f50bfaec719ff64287cdffbda18d59e39f48ba3b01c10eb5aa999a27c9558a,"{""config"":[""Z0"",""Z""],""d"":5,""p"":0.006446153846153846}",
      9216,         7,         0,   0.109,pymatching,13d8d445806d333773aca5059c26fdda03046097cfa2cd356cccd33c23de85c3,"{""config"":[""Z0"",""Z""],""d"":7,""p"":0.0035948717948717946}",
     51200,      1081,         0,   0.412,pymatching,042d5bab02374b15388f9c56c49dfae62d63b1ac9baffd5b49ba531b90322a69,"{""config"":[""Z0"",""Z""],""d"":5,""p"":0.008228205128205128}",
     51200,       727,         0,   0.410,pymatching,eeebabfedb2a3123d26b34ded302d5207e14cbd5212359c654542b05335e542f,"{""config"":[""Z0"",""Z""],""d"":5,""p"":0.007158974358974359}",
     66560,       477,         0,   0.404,pymatching,f89bd0f5bf9de83125d37164e04a498bbd4a72c2cf8caf07b9d70440e492f73e,"{""config"":[""Z0"",""Z""],""d"":5,""p"":0.005733333333333333}",
      3072,        15,         0,   0.064,pymatching,92a7abdf4c8e6971e7de69c7aca3790c3892e94df6498b04b16cecd04e71a269,"{""config"":[""Z0"",""Z""],""d"":7,""p"":0.005733333333333333}",
     30720,         4,         0,   0.288,pymatching,39e1294b78bbea49908c76c56ec9a6ba2fa3620e08fc122d3d3e0f360d5cc320,"{""config"":[""Z0"",""Z""],""d"":7,""p"":0.002169230769230769}",
     40960,      1262,         0,   0.403,pymatching,6f14bd7a86cf2b079bb8fdfef6afb63a73b9c0ef56c9eec99ed0ca01ea500326,"{""config"":[""Z0"",""Z""],""d"":5,""p"":0.009297435897435898}",
      7168,         8,         0,   0.114,pymatching,5891a0a3ba08325c916de00da2b1efae68943d7c4d1c41a9a748c9079ffbce15,"{""config"":[""Z0"",""Z""],""d"":7,""p"":0.0043076923076923075}",
      8192,         9,         0,   0.112,pymatching,bd24bbfba499721b19d74cd52585386f74b6e0939bb1d2080bf1fd9187563a46,"{""config"":[""Z0"",""Z""],""d"":7,""p"":0.003951282051282051}",
      7168,        11,         0,   0.113,pymatching,17aa56354c3b8ef37ef6707903c6c7bd939c711b208deb498b5b3d226eb2c0df,"{""config"":[""Z0"",""Z""],""d"":7,""p"":0.004664102564102564}",
     45056,      1225,         0,   0.407,pymatching,67ac4febed4903825391b6242a65ddce8166a4c64d536c840ae6682aafc43ca7,"{""config"":[""Z0"",""Z""],""d"":5,""p"":0.00894102564102564}",
      7168,        26,         0,   0.119,pymatching,eaece8d5a9575002560e0706d987ea298ea25470193c1b6dbb2a675e32a96376,"{""config"":[""Z0"",""Z""],""d"":7,""p"":0.00502051282051282}",
     46080,      1469,         0,   0.404,pymatching,ca4ec24f3e163511afac72e0ed01cea486d0989dab2ccf20b65427392b1fef2a,"{""config"":[""Z0"",""Z""],""d"":5,""p"":0.009653846153846153}",
     39936,      1405,         0,   0.404,pymatching,49ee80a93e4d9854578bd1e983cf99e4b05a7a96f1df1d295f0f0d2ca8fc243e,"{""config"":[""Z0"",""Z""],""d"":5,""p"":0.010010256410256409}",
     34816,      1785,         0,   0.404,pymatching,8ba5ddafcdceb67e39bd0fe42ae0fa39bc0683eb5301c586cccab1ed794ff85e,"{""config"":[""Z0"",""Z""],""d"":5,""p"":0.011435897435897435}",
     15360,         4,         0,   0.157,pymatching,7e34e313d7d0a19f32f2f59fc833c88a063c1c3c866df6582028368578df4d81,"{""config"":[""Z0"",""Z""],""d"":7,""p"":0.0025256410256410257}",
      4096,        17,         0,   0.076,pymatching,92a7abdf4c8e6971e7de69c7aca3790c3892e94df6498b04b16cecd04e71a269,"{""config"":[""Z0"",""Z""],""d"":7,""p"":0.005733333333333333}",
     33792,      1851,         0,   0.406,pymatching,504ef0a4a98fcd3662bb5846a0fe330ec09f07303d994aeacb9cefe45aa5d7b6,"{""config"":[""Z0"",""Z""],""d"":5,""p"":0.011792307692307692}",
     34816,      1548,         0,   0.411,pymatching,5073607c9729d67e3a46599ed1c6127a66cd6f276b08a52dbebe4f39b475d796,"{""config"":[""Z0"",""Z""],""d"":5,""p"":0.01107948717948718}",
      7168,        38,         0,   0.110,pymatching,eca9617815f52c439b2b6ca9c5616b3c4d8fd31d7d46d963cff4e595c6436dc0,"{""config"":[""Z0"",""Z""],""d"":7,""p"":0.005376923076923077}",
     27648,      1659,         0,   0.413,pymatching,20ee6a28f327ef6d168e0e458c2efb1b31466a2efd93d8844c1bf4a10e766028,"{""config"":[""Z0"",""Z""],""d"":5,""p"":0.012505128205128205}",
     39936,      1642,         0,   0.404,pymatching,91ef4e4b74e872b7bcef471c6c28e3d53b658a122adb80213ef78ad0c5c7cd26,"{""config"":[""Z0"",""Z""],""d"":5,""p"":0.010723076923076922}",
     38912,      1466,         0,   0.406,pymatching,60f3866b742cce666adb220654aa87f621863748e4c334e5be9267b56bb0f101,"{""config"":[""Z0"",""Z""],""d"":5,""p"":0.010366666666666666}",
     73728,         0,         0,   0.407,pymatching,b65d463368349fe7185a1b98546b30360d6fc664e64234f4bb889180b2328c05,"{""config"":[""Z0"",""Z""],""d"":7,""p"":1.6681005372000593e-05}",
     28672,      1849,         0,   0.410,pymatching,a5d5f6d56e2061bb70db97d58d33eb4c5445f0b90f50d5dad0ba6e38161aa520,"{""config"":[""Z0"",""Z""],""d"":5,""p"":0.012861538461538462}",
     26624,      2014,         0,   0.415,pymatching,a82745d88d15782cfed8e3ddd3f6ce25e7f35ac930e331f77e9659b9f37fdcd7,"{""config"":[""Z0"",""Z""],""d"":5,""p"":0.013574358974358974}",
     35840,      2071,         0,   0.411,pymatching,bfd9668843ae94dce59fa7b1fb7610f947ab7ea1f4ca65c69ce35b9c0f925216,"{""config"":[""Z0"",""Z""],""d"":5,""p"":0.012148717948717948}",
     15360,         3,         0,   0.147,pymatching,e45c4abd947e5226abf9ae8ee679469545253010d6ff118e307ca31a8814db17,"{""config"":[""Z0"",""Z""],""d"":7,""p"":0.0028820512820512817}",
     15360,        12,         0,   0.152,pymatching,b90e12e33080801c22852919a15e138265ce11a1817b8557974984987efe3bc1,"{""config"":[""Z0"",""Z""],""d"":7,""p"":0.003238461538461538}",
     29696,      2146,         0,   0.408,pymatching,f893c24a437b18f073c4fbff0b424d067ee3379d3b2f306fa3027e0f705226de,"{""config"":[""Z0"",""Z""],""d"":5,""p"":0.013217948717948718}",
    193839,        11,         0,   0.541,pymatching,5b273f9ec8ea7b72530ef207045ef0aaa96f2aeaae8c030ce7ed7ea948aa74d4,"{""config"":[""Z0"",""Z""],""d"":5,""p"":0.0011}",
     14336,        17,         0,   0.154,pymatching,13d8d445806d333773aca5059c26fdda03046097cfa2cd356cccd33c23de85c3,"{""config"":[""Z0"",""Z""],""d"":7,""p"":0.0035948717948717946}",
     27648,      2218,         0,   0.405,pymatching,ddd58b8e370e4a02dcc931c377c25041b0602523944625958b29a876ed59cc72,"{""config"":[""Z0"",""Z""],""d"":5,""p"":0.01393076923076923}",
     23552,      2008,         0,   0.415,pymatching,6f1295719717affaa880fd5058d04ec88d2b8fb05f9bf91ed2084d0e716e5632,"{""config"":[""Z0"",""Z""],""d"":5,""p"":0.014287179487179487}",
    174383,        22,         0,   0.469,pymatching,95da8241892677a1febd902b9693f33a066978771f54fe810ea795a04054cdeb,"{""config"":[""Z0"",""Z""],""d"":5,""p"":0.0014564102564102565}",
     24576,      2252,         0,   0.391,pymatching,45a0b114779f9261506e80fdd824eb6baf3ae998eab6dfc6843bc47285ebbe00,"{""config"":[""Z0"",""Z""],""d"":5,""p"":0.014643589743589744}",
     72704,         0,         0,   0.406,pymatching,40df5333218c9f1ad41e78dada9e208c9194c91b0d01d6e09ef3425702993856,"{""config"":[""Z0"",""Z""],""d"":7,""p"":2.782559402207126e-05}",
     73728,         0,         0,   0.407,pymatching,0781cd5b564db096361aa7b8ac626bab203611876dcef266baf5ec54047bf09e,"{""config"":[""Z0"",""Z""],""d"":7,""p"":1e-05}",
     74752,         0,         0,   0.406,pymatching,0cb351d9710e12e7079219cbbddbad68b20292aa21ef63532ec15227c0380465,"{""config"":[""Z0"",""Z""],""d"":7,""p"":4.641588833612782e-05}",
     74752,         0,         0,   0.407,pymatching,c7f44a0ef0e93bac790826dd8100c3050c75aad57b2a233f25781d63ca452e85,"{""config"":[""Z0"",""Z""],""d"":7,""p"":7.742636826811278e-05}",
     68608,         0,         0,   0.402,pymatching,d8ef2f529c74c195dfc9a0e4cbf2da7eab499baa91a582643d631decf134f81e,"{""config"":[""Z0"",""Z""],""d"":7,""p"":0.0001291549665014884}",
     11264,        18,         0,   0.154,pymatching,5891a0a3ba08325c916de00da2b1efae68943d7c4d1c41a9a748c9079ffbce15,"{""config"":[""Z0"",""Z""],""d"":7,""p"":0.0043076923076923075}",
     22528,      2214,         0,   0.416,pymatching,1f9edbee88d8d3ecfc637bd4e33f80e4b9b8a39f6f9a8b4dd0383fc455004c62,"{""config"":[""Z0"",""Z""],""d"":5,""p"":0.014999999999999998}",
      6144,        48,         0,   0.115,pymatching,92a7abdf4c8e6971e7de69c7aca3790c3892e94df6498b04b16cecd04e71a269,"{""config"":[""Z0"",""Z""],""d"":7,""p"":0.005733333333333333}",
     71680,         0,         0,   0.406,pymatching,3febd854a65c23808c3d2b024e5b1f1ebd781309437b2c4d0f5a37de0175e6eb,"{""config"":[""Z0"",""Z""],""d"":7,""p"":0.00021544346900318823}",
     12288,        12,         0,   0.156,pymatching,bd24bbfba499721b19d74cd52585386f74b6e0939bb1d2080bf1fd9187563a46,"{""config"":[""Z0"",""Z""],""d"":7,""p"":0.003951282051282051}",
     67584,         0,         0,   0.403,pymatching,3c8f193bbb1e6140e27ac9e4403d659e0799049fa42ea0a1f286df7017b3868d,"{""config"":[""Z0"",""Z""],""d"":7,""p"":0.00035938136638046257}",
     11264,        24,         0,   0.161,pymatching,17aa56354c3b8ef37ef6707903c6c7bd939c711b208deb498b5b3d226eb2c0df,"{""config"":[""Z0"",""Z""],""d"":7,""p"":0.004664102564102564}",
     10240,        41,         0,   0.155,pymatching,eaece8d5a9575002560e0706d987ea298ea25470193c1b6dbb2a675e32a96376,"{""config"":[""Z0"",""Z""],""d"":7,""p"":0.00502051282051282}",
      1297,        11,         0,   0.025,pymatching,5b429b6d29d719034a3de26ecfd980c276ddca64727f400fe73971740676519a,"{""config"":[""Z0"",""Z""],""d"":7,""p"":0.00608974358974359}",
      1297,         8,         0,   0.023,pymatching,d300e6d1ba983bae4e939af9fabd4c25b1a11b2fb3b999b0407884475d3fac3a,"{""config"":[""Z0"",""Z""],""d"":7,""p"":0.006446153846153846}",
     11264,        51,         0,   0.156,pymatching,eca9617815f52c439b2b6ca9c5616b3c4d8fd31d7d46d963cff4e595c6436dc0,"{""config"":[""Z0"",""Z""],""d"":7,""p"":0.005376923076923077}",
      1024,        14,         0,   0.018,pymatching,5b429b6d29d719034a3de26ecfd980c276ddca64727f400fe73971740676519a,"{""config"":[""Z0"",""Z""],""d"":7,""p"":0.00608974358974359}",
      1024,         9,         0,   0.018,pymatching,d300e6d1ba983bae4e939af9fabd4c25b1a11b2fb3b999b0407884475d3fac3a,"{""config"":[""Z0"",""Z""],""d"":7,""p"":0.006446153846153846}",
     74752,         0,         0,   0.406,pymatching,4e0e77f8c9a4965cd2ede03704cecf252ee50f04d1a4f0e67abd148293b8d961,"{""config"":[""Z0"",""Z""],""d"":7,""p"":0.0005994842503189409}",
      5120,       513,         0,   0.074,pymatching,1f9edbee88d8d3ecfc637bd4e33f80e4b9b8a39f6f9a8b4dd0383fc455004c62,"{""config"":[""Z0"",""Z""],""d"":5,""p"":0.014999999999999998}",
      1297,         8,         0,   0.028,pymatching,b769d13792f27d381b5f4dab20ab238652929843e762191bb21789b3077246b7,"{""config"":[""Z0"",""Z""],""d"":7,""p"":0.006802564102564103}",
     50176,         3,         0,   0.403,pymatching,053cce4745c3ad44e4a9380f76e43713697aef6e48c857fb639253b1cd6a2822,"{""config"":[""Z0"",""Z""],""d"":7,""p"":0.0014564102564102565}",
      1024,        11,         0,   0.020,pymatching,b769d13792f27d381b5f4dab20ab238652929843e762191bb21789b3077246b7,"{""config"":[""Z0"",""Z""],""d"":7,""p"":0.006802564102564103}",
      2048,        18,         0,   0.036,pymatching,5b429b6d29d719034a3de26ecfd980c276ddca64727f400fe73971740676519a,"{""config"":[""Z0"",""Z""],""d"":7,""p"":0.00608974358974359}",
     51200,         0,         0,   0.408,pymatching,137fa8f27c0ccd4b52833709ca9476bb9df4682749e626b82b56fbd28cb63bbc,"{""config"":[""Z0"",""Z""],""d"":7,""p"":0.001}",
     57344,         0,         0,   0.403,pymatching,377658d83ecf949fd3f24b91737ef46cdc375d0d2fd5187c0341fb3fe1aabb74,"{""config"":[""Z0"",""Z""],""d"":7,""p"":0.0011}",
     49152,         1,         0,   0.406,pymatching,7ec97d24e19ccb534438f610bb1cea3b546eed81172c888f2fb573021bd8d282,"{""config"":[""Z0"",""Z""],""d"":7,""p"":0.0018128205128205128}",
      2048,        17,         0,   0.034,pymatching,d300e6d1ba983bae4e939af9fabd4c25b1a11b2fb3b999b0407884475d3fac3a,"{""config"":[""Z0"",""Z""],""d"":7,""p"":0.006446153846153846}",
     23552,         5,         0,   0.215,pymatching,7e34e313d7d0a19f32f2f59fc833c88a063c1c3c866df6582028368578df4d81,"{""config"":[""Z0"",""Z""],""d"":7,""p"":0.0025256410256410257}",
      1024,        15,         0,   0.020,pymatching,b769d13792f27d381b5f4dab20ab238652929843e762191bb21789b3077246b7,"{""config"":[""Z0"",""Z""],""d"":7,""p"":0.006802564102564103}",
      2048,        20,         0,   0.036,pymatching,5b429b6d29d719034a3de26ecfd980c276ddca64727f400fe73971740676519a,"{""config"":[""Z0"",""Z""],""d"":7,""p"":0.00608974358974359}",
     13312,      1146,         0,   0.182,pymatching,6f1295719717affaa880fd5058d04ec88d2b8fb05f9bf91ed2084d0e716e5632,"{""config"":[""Z0"",""Z""],""d"":5,""p"":0.014287179487179487}",
     23552,         6,         0,   0.206,pymatching,e45c4abd947e5226abf9ae8ee679469545253010d6ff118e307ca31a8814db17,"{""config"":[""Z0"",""Z""],""d"":7,""p"":0.0028820512820512817}",
    153600,       161,         0,   0.563,pymatching,20d026287936f946645efcbf9aaa612c888085ef02a99e1102caebf1178452a9,"{""config"":[""Z0"",""Z""],""d"":5,""p"":0.0028820512820512817}",
      2048,        21,         0,   0.040,pymatching,d300e6d1ba983bae4e939af9fabd4c25b1a11b2fb3b999b0407884475d3fac3a,"{""config"":[""Z0"",""Z""],""d"":7,""p"":0.006446153846153846}",
     22528,        15,         0,   0.209,pymatching,b90e12e33080801c22852919a15e138265ce11a1817b8557974984987efe3bc1,"{""config"":[""Z0"",""Z""],""d"":7,""p"":0.003238461538461538}",
    154624,       114,         0,   0.564,pymatching,415eeda5d230b505681e69ccce0cb0cbfa5ec1e573ea1824d65cd689d0872bde,"{""config"":[""Z0"",""Z""],""d"":5,""p"":0.0025256410256410257}",
     15360,      1213,         0,   0.204,pymatching,ddd58b8e370e4a02dcc931c377c25041b0602523944625958b29a876ed59cc72,"{""config"":[""Z0"",""Z""],""d"":5,""p"":0.01393076923076923}",
      2048,        15,         0,   0.041,pymatching,b769d13792f27d381b5f4dab20ab238652929843e762191bb21789b3077246b7,"{""config"":[""Z0"",""Z""],""d"":7,""p"":0.006802564102564103}",
     10240,        67,         0,   0.161,pymatching,92a7abdf4c8e6971e7de69c7aca3790c3892e94df6498b04b16cecd04e71a269,"{""config"":[""Z0"",""Z""],""d"":7,""p"":0.005733333333333333}",
     21504,        23,         0,   0.216,pymatching,13d8d445806d333773aca5059c26fdda03046097cfa2cd356cccd33c23de85c3,"{""config"":[""Z0"",""Z""],""d"":7,""p"":0.0035948717948717946}",
     19456,      1442,         0,   0.243,pymatching,f893c24a437b18f073c4fbff0b424d067ee3379d3b2f306fa3027e0f705226de,"{""config"":[""Z0"",""Z""],""d"":5,""p"":0.013217948717948718}",
      3072,        18,         0,   0.054,pymatching,5b429b6d29d719034a3de26ecfd980c276ddca64727f400fe73971740676519a,"{""config"":[""Z0"",""Z""],""d"":7,""p"":0.00608974358974359}",
      3072,        21,         0,   0.051,pymatching,d300e6d1ba983bae4e939af9fabd4c25b1a11b2fb3b999b0407884475d3fac3a,"{""config"":[""Z0"",""Z""],""d"":7,""p"":0.006446153846153846}",
      2048,        17,         0,   0.041,pymatching,b769d13792f27d381b5f4dab20ab238652929843e762191bb21789b3077246b7,"{""config"":[""Z0"",""Z""],""d"":7,""p"":0.006802564102564103}",
      1297,        16,         0,   0.033,pymatching,d23ec93a9511dfcfad5423fbfdff24e737a6d95f98b4a1c82f4675def9472084,"{""config"":[""Z0"",""Z""],""d"":7,""p"":0.007158974358974359}",
     16384,        38,         0,   0.211,pymatching,5891a0a3ba08325c916de00da2b1efae68943d7c4d1c41a9a748c9079ffbce15,"{""config"":[""Z0"",""Z""],""d"":7,""p"":0.0043076923076923075}",
     21504,      1624,         0,   0.282,pymatching,a82745d88d15782cfed8e3ddd3f6ce25e7f35ac930e331f77e9659b9f37fdcd7,"{""config"":[""Z0"",""Z""],""d"":5,""p"":0.013574358974358974}",
     17408,        19,         0,   0.211,pymatching,bd24bbfba499721b19d74cd52585386f74b6e0939bb1d2080bf1fd9187563a46,"{""config"":[""Z0"",""Z""],""d"":7,""p"":0.003951282051282051}",
      1024,        12,         0,   0.024,pymatching,d23ec93a9511dfcfad5423fbfdff24e737a6d95f98b4a1c82f4675def9472084,"{""config"":[""Z0"",""Z""],""d"":7,""p"":0.007158974358974359}",
    163840,       239,         0,   0.563,pymatching,678957444d919a21d096ed824e293816b12a8141ac6b226f34d79524e83e9ad5,"{""config"":[""Z0"",""Z""],""d"":5,""p"":0.003238461538461538}",
    152576,       249,         0,   0.562,pymatching,134340847ed9530aeb61aa7f4b4f644b1be4421982e46f98239fd7b0e394a4d7,"{""config"":[""Z0"",""Z""],""d"":5,""p"":0.0035948717948717946}",
     14336,        52,         0,   0.208,pymatching,eaece8d5a9575002560e0706d987ea298ea25470193c1b6dbb2a675e32a96376,"{""config"":[""Z0"",""Z""],""d"":7,""p"":0.00502051282051282}",
     15360,        34,         0,   0.210,pymatching,17aa56354c3b8ef37ef6707903c6c7bd939c711b208deb498b5b3d226eb2c0df,"{""config"":[""Z0"",""Z""],""d"":7,""p"":0.004664102564102564}",
    115712,       375,         0,   0.563,pymatching,61c82650e7dffb26f8e91ed4cb8706a75cbe08dedd26980f071b70573b020adb,"{""config"":[""Z0"",""Z""],""d"":5,""p"":0.0043076923076923075}",
    132096,       387,         0,   0.566,pymatching,e7e63a9be967615086d8ecc7576c4fad0c17b232da5cf7f7d78ff5ee460004a3,"{""config"":[""Z0"",""Z""],""d"":5,""p"":0.003951282051282051}",
      1297,        14,         0,   0.030,pymatching,8a9cb5f3d9bf0e4e9eeda9a663943885691e500addf044617ef06028f6001878,"{""config"":[""Z0"",""Z""],""d"":7,""p"":0.007515384615384615}",
     48128,         3,         0,   0.411,pymatching,39e1294b78bbea49908c76c56ec9a6ba2fa3620e08fc122d3d3e0f360d5cc320,"{""config"":[""Z0"",""Z""],""d"":7,""p"":0.002169230769230769}",
      3072,        40,         0,   0.060,pymatching,b769d13792f27d381b5f4dab20ab238652929843e762191bb21789b3077246b7,"{""config"":[""Z0"",""Z""],""d"":7,""p"":0.006802564102564103}",
      4096,        28,         0,   0.071,pymatching,5b429b6d29d719034a3de26ecfd980c276ddca64727f400fe73971740676519a,"{""config"":[""Z0"",""Z""],""d"":7,""p"":0.00608974358974359}",
     32768,      1921,         0,   0.331,pymatching,bfd9668843ae94dce59fa7b1fb7610f947ab7ea1f4ca65c69ce35b9c0f925216,"{""config"":[""Z0"",""Z""],""d"":5,""p"":0.012148717948717948}",
      4096,        26,         0,   0.068,pymatching,d300e6d1ba983bae4e939af9fabd4c25b1a11b2fb3b999b0407884475d3fac3a,"{""config"":[""Z0"",""Z""],""d"":7,""p"":0.006446153846153846}",
      1024,        11,         0,   0.032,pymatching,d23ec93a9511dfcfad5423fbfdff24e737a6d95f98b4a1c82f4675def9472084,"{""config"":[""Z0"",""Z""],""d"":7,""p"":0.007158974358974359}",
      1297,        18,         0,   0.033,pymatching,3fa8637fd37c7bcc5d791dfc60540e834a556ab838715db7a66d404b022b1c87,"{""config"":[""Z0"",""Z""],""d"":7,""p"":0.007871794871794872}",
    253231,        85,         0,   0.750,pymatching,505fc6c7e8177b0d62f81733b47439cc3b77726a592ba5600d7473e2465ef9e1,"{""config"":[""Z0"",""Z""],""d"":5,""p"":0.0018128205128205128}",
      1024,        18,         0,   0.022,pymatching,8a9cb5f3d9bf0e4e9eeda9a663943885691e500addf044617ef06028f6001878,"{""config"":[""Z0"",""Z""],""d"":7,""p"":0.007515384615384615}",
     15360,        75,         0,   0.215,pymatching,eca9617815f52c439b2b6ca9c5616b3c4d8fd31d7d46d963cff4e595c6436dc0,"{""config"":[""Z0"",""Z""],""d"":7,""p"":0.005376923076923077}",
    242688,       124,         0,   0.785,pymatching,e986d2b79b80be3cf24fe2bbee1a2f0b42e12ebfbf61e1177c6587a928a39bc1,"{""config"":[""Z0"",""Z""],""d"":5,""p"":0.002169230769230769}",
    133120,       547,         0,   0.563,pymatching,e885ab55bb9257731d504f45c60a7927b0be113f52f8a1095bfa6ca46426372b,"{""config"":[""Z0"",""Z""],""d"":5,""p"":0.004664102564102564}",
      1024,        19,         0,   0.024,pymatching,3fa8637fd37c7bcc5d791dfc60540e834a556ab838715db7a66d404b022b1c87,"{""config"":[""Z0"",""Z""],""d"":7,""p"":0.007871794871794872}",
      1024,        13,         0,   0.030,pymatching,d23ec93a9511dfcfad5423fbfdff24e737a6d95f98b4a1c82f4675def9472084,"{""config"":[""Z0"",""Z""],""d"":7,""p"":0.007158974358974359}",
      1024,        17,         0,   0.022,pymatching,8a9cb5f3d9bf0e4e9eeda9a663943885691e500addf044617ef06028f6001878,"{""config"":[""Z0"",""Z""],""d"":7,""p"":0.007515384615384615}",
     30720,      2024,         0,   0.375,pymatching,a5d5f6d56e2061bb70db97d58d33eb4c5445f0b90f50d5dad0ba6e38161aa520,"{""config"":[""Z0"",""Z""],""d"":5,""p"":0.012861538461538462}",
      1297,        28,         0,   0.033,pymatching,c2ee0fe2e0d594c6fb473479ca807579717f258a5cf736d0bc98fdd0f44bf536,"{""config"":[""Z0"",""Z""],""d"":7,""p"":0.008228205128205128}",
    112640,       550,         0,   0.568,pymatching,50edce6ab9cb0ce1e74fad5cf142be6595d568174b66aa2f37eba6b6bf8ea45b,"{""config"":[""Z0"",""Z""],""d"":5,""p"":0.00502051282051282}",
     93184,       846,         0,   0.564,pymatching,e4615fc35f9108f307fbb96eee8e4b9882d86b0790449d432e1e444cabcc2415,"{""config"":[""Z0"",""Z""],""d"":5,""p"":0.00608974358974359}",
    118784,       726,         0,   0.569,pymatching,4aa399119067a333f968868ed025e4b6606950afd6c887f61c25e26de1bd886e,"{""config"":[""Z0"",""Z""],""d"":5,""p"":0.005376923076923077}",
      1024,        27,         0,   0.024,pymatching,3fa8637fd37c7bcc5d791dfc60540e834a556ab838715db7a66d404b022b1c87,"{""config"":[""Z0"",""Z""],""d"":7,""p"":0.007871794871794872}",
      1024,        21,         0,   0.025,pymatching,c2ee0fe2e0d594c6fb473479ca807579717f258a5cf736d0bc98fdd0f44bf536,"{""config"":[""Z0"",""Z""],""d"":7,""p"":0.008228205128205128}",
      1297,        23,         0,   0.035,pymatching,8c657773fb86778a82655c06bf4ef0a8aea038a056e4f9622cb57e38e9e0dc26,"{""config"":[""Z0"",""Z""],""d"":7,""p"":0.008584615384615385}",
      2048,        21,         0,   0.043,pymatching,d23ec93a9511dfcfad5423fbfdff24e737a6d95f98b4a1c82f4675def9472084,"{""config"":[""Z0"",""Z""],""d"":7,""p"":0.007158974358974359}",
      2048,        34,         0,   0.045,pymatching,8a9cb5f3d9bf0e4e9eeda9a663943885691e500addf044617ef06028f6001878,"{""config"":[""Z0"",""Z""],""d"":7,""p"":0.007515384615384615}",
      4096,        44,         0,   0.080,pymatching,b769d13792f27d381b5f4dab20ab238652929843e762191bb21789b3077246b7,"{""config"":[""Z0"",""Z""],""d"":7,""p"":0.006802564102564103}",
      5120,        32,         0,   0.084,pymatching,d300e6d1ba983bae4e939af9fabd4c25b1a11b2fb3b999b0407884475d3fac3a,"{""config"":[""Z0"",""Z""],""d"":7,""p"":0.006446153846153846}",
      1024,        20,         0,   0.025,pymatching,c2ee0fe2e0d594c6fb473479ca807579717f258a5cf736d0bc98fdd0f44bf536,"{""config"":[""Z0"",""Z""],""d"":7,""p"":0.008228205128205128}",
      5120,        34,         0,   0.091,pymatching,5b429b6d29d719034a3de26ecfd980c276ddca64727f400fe73971740676519a,"{""config"":[""Z0"",""Z""],""d"":7,""p"":0.00608974358974359}",
     84992,      1045,         0,   0.566,pymatching,54e93256f3c4e741b4967bc2a1dde55dcf7eff104ab5b068c0f4cf3cad575a43,"{""config"":[""Z0"",""Z""],""d"":5,""p"":0.006802564102564103}",
      1024,        14,         0,   0.026,pymatching,8c657773fb86778a82655c06bf4ef0a8aea038a056e4f9622cb57e38e9e0dc26,"{""config"":[""Z0"",""Z""],""d"":7,""p"":0.008584615384615385}",
     79872,      1888,         0,   0.571,pymatching,0a533e72da500b7722b085590cf7f70da878a6055d43272b348673d22563ef4a,"{""config"":[""Z0"",""Z""],""d"":5,""p"":0.008584615384615385}",
     76800,      1440,         0,   0.570,pymatching,93468351e0ebd3e34a0a3cac6051bbd93aeeecae20ca5222ed0c742c4c31f862,"{""config"":[""Z0"",""Z""],""d"":5,""p"":0.007871794871794872}",
      2048,        34,         0,   0.048,pymatching,3fa8637fd37c7bcc5d791dfc60540e834a556ab838715db7a66d404b022b1c87,"{""config"":[""Z0"",""Z""],""d"":7,""p"":0.007871794871794872}",
     78848,      1314,         0,   0.567,pymatching,5d9ee62b2282733551f46f4e35a09b7dd3c6e4c3da1f40c6f2e9236f62adb035,"{""config"":[""Z0"",""Z""],""d"":5,""p"":0.007515384615384615}",
    104448,      1116,         0,   0.569,pymatching,c9f50bfaec719ff64287cdffbda18d59e39f48ba3b01c10eb5aa999a27c9558a,"{""config"":[""Z0"",""Z""],""d"":5,""p"":0.006446153846153846}",
     73728,      1540,         0,   0.571,pymatching,042d5bab02374b15388f9c56c49dfae62d63b1ac9baffd5b49ba531b90322a69,"{""config"":[""Z0"",""Z""],""d"":5,""p"":0.008228205128205128}",
      1297,        35,         0,   0.035,pymatching,36548df23069c47b0f0e90af7827eee32aec02a920dab3317e6237c73fbcdc05,"{""config"":[""Z0"",""Z""],""d"":7,""p"":0.009297435897435898}",
     79872,      1162,         0,   0.569,pymatching,eeebabfedb2a3123d26b34ded302d5207e14cbd5212359c654542b05335e542f,"{""config"":[""Z0"",""Z""],""d"":5,""p"":0.007158974358974359}",
     14336,        82,         0,   0.209,pymatching,92a7abdf4c8e6971e7de69c7aca3790c3892e94df6498b04b16cecd04e71a269,"{""config"":[""Z0"",""Z""],""d"":7,""p"":0.005733333333333333}",
      1297,        32,         0,   0.038,pymatching,99407154c5efdc35a031196b6c833f608cfe5adee0f4054b9acb0881815a045b,"{""config"":[""Z0"",""Z""],""d"":7,""p"":0.00894102564102564}",
      1024,        36,         0,   0.027,pymatching,8c657773fb86778a82655c06bf4ef0a8aea038a056e4f9622cb57e38e9e0dc26,"{""config"":[""Z0"",""Z""],""d"":7,""p"":0.008584615384615385}",
      2048,        40,         0,   0.045,pymatching,8a9cb5f3d9bf0e4e9eeda9a663943885691e500addf044617ef06028f6001878,"{""config"":[""Z0"",""Z""],""d"":7,""p"":0.007515384615384615}",
     99328,       757,         0,   0.568,pymatching,f89bd0f5bf9de83125d37164e04a498bbd4a72c2cf8caf07b9d70440e492f73e,"{""config"":[""Z0"",""Z""],""d"":5,""p"":0.005733333333333333}",
     32768,         5,         0,   0.294,pymatching,7e34e313d7d0a19f32f2f59fc833c88a063c1c3c866df6582028368578df4d81,"{""config"":[""Z0"",""Z""],""d"":7,""p"":0.0025256410256410257}",
      2048,        35,         0,   0.049,pymatching,c2ee0fe2e0d594c6fb473479ca807579717f258a5cf736d0bc98fdd0f44bf536,"{""config"":[""Z0"",""Z""],""d"":7,""p"":0.008228205128205128}",
      1024,        36,         0,   0.026,pymatching,36548df23069c47b0f0e90af7827eee32aec02a920dab3317e6237c73fbcdc05,"{""config"":[""Z0"",""Z""],""d"":7,""p"":0.009297435897435898}",
     41984,      2614,         0,   0.492,pymatching,20ee6a28f327ef6d168e0e458c2efb1b31466a2efd93d8844c1bf4a10e766028,"{""config"":[""Z0"",""Z""],""d"":5,""p"":0.012505128205128205}",
      3072,        43,         0,   0.065,pymatching,d23ec93a9511dfcfad5423fbfdff24e737a6d95f98b4a1c82f4675def9472084,"{""config"":[""Z0"",""Z""],""d"":7,""p"":0.007158974358974359}",
      1024,        20,         0,   0.027,pymatching,99407154c5efdc35a031196b6c833f608cfe5adee0f4054b9acb0881815a045b,"{""config"":[""Z0"",""Z""],""d"":7,""p"":0.00894102564102564}",
     70656,      2006,         0,   0.566,pymatching,6f14bd7a86cf2b079bb8fdfef6afb63a73b9c0ef56c9eec99ed0ca01ea500326,"{""config"":[""Z0"",""Z""],""d"":5,""p"":0.009297435897435898}",
      1024,        28,         0,   0.028,pymatching,8c657773fb86778a82655c06bf4ef0a8aea038a056e4f9622cb57e38e9e0dc26,"{""config"":[""Z0"",""Z""],""d"":7,""p"":0.008584615384615385}",
      2048,        30,         0,   0.047,pymatching,3fa8637fd37c7bcc5d791dfc60540e834a556ab838715db7a66d404b022b1c87,"{""config"":[""Z0"",""Z""],""d"":7,""p"":0.007871794871794872}",
     46383,        17,         0,   0.134,pymatching,e986d2b79b80be3cf24fe2bbee1a2f0b42e12ebfbf61e1177c6587a928a39bc1,"{""config"":[""Z0"",""Z""],""d"":5,""p"":0.002169230769230769}",
       273,        11,         0,   0.015,pymatching,6d88ad3a43ed5d85daf29bde13b8514815cec070fad8d42320c1385d82c9d087,"{""config"":[""Z0"",""Z""],""d"":7,""p"":0.009653846153846153}",
      1024,        28,         0,   0.025,pymatching,36548df23069c47b0f0e90af7827eee32aec02a920dab3317e6237c73fbcdc05,"{""config"":[""Z0"",""Z""],""d"":7,""p"":0.009297435897435898}",
     33792,        14,         0,   0.293,pymatching,e45c4abd947e5226abf9ae8ee679469545253010d6ff118e307ca31a8814db17,"{""config"":[""Z0"",""Z""],""d"":7,""p"":0.0028820512820512817}",
      1024,        19,         0,   0.027,pymatching,99407154c5efdc35a031196b6c833f608cfe5adee0f4054b9acb0881815a045b,"{""config"":[""Z0"",""Z""],""d"":7,""p"":0.00894102564102564}",
     77824,      2025,         0,   0.567,pymatching,67ac4febed4903825391b6242a65ddce8166a4c64d536c840ae6682aafc43ca7,"{""config"":[""Z0"",""Z""],""d"":5,""p"":0.00894102564102564}",
     31744,        23,         0,   0.293,pymatching,b90e12e33080801c22852919a15e138265ce11a1817b8557974984987efe3bc1,"{""config"":[""Z0"",""Z""],""d"":7,""p"":0.003238461538461538}",
      2048,        42,         0,   0.049,pymatching,c2ee0fe2e0d594c6fb473479ca807579717f258a5cf736d0bc98fdd0f44bf536,"{""config"":[""Z0"",""Z""],""d"":7,""p"":0.008228205128205128}",
      3072,        49,         0,   0.066,pymatching,8a9cb5f3d9bf0e4e9eeda9a663943885691e500addf044617ef06028f6001878,"{""config"":[""Z0"",""Z""],""d"":7,""p"":0.007515384615384615}",
     72704,      2261,         0,   0.570,pymatching,ca4ec24f3e163511afac72e0ed01cea486d0989dab2ccf20b65427392b1fef2a,"{""config"":[""Z0"",""Z""],""d"":5,""p"":0.009653846153846153}",
     69632,      2377,         0,   0.571,pymatching,49ee80a93e4d9854578bd1e983cf99e4b05a7a96f1df1d295f0f0d2ca8fc243e,"{""config"":[""Z0"",""Z""],""d"":5,""p"":0.010010256410256409}",
     53248,      2687,         0,   0.569,pymatching,8ba5ddafcdceb67e39bd0fe42ae0fa39bc0683eb5301c586cccab1ed794ff85e,"{""config"":[""Z0"",""Z""],""d"":5,""p"":0.011435897435897435}",
     51200,      2828,         0,   0.568,pymatching,504ef0a4a98fcd3662bb5846a0fe330ec09f07303d994aeacb9cefe45aa5d7b6,"{""config"":[""Z0"",""Z""],""d"":5,""p"":0.011792307692307692}",
      6144,        47,         0,   0.108,pymatching,5b429b6d29d719034a3de26ecfd980c276ddca64727f400fe73971740676519a,"{""config"":[""Z0"",""Z""],""d"":7,""p"":0.00608974358974359}",
      6144,        77,         0,   0.121,pymatching,b769d13792f27d381b5f4dab20ab238652929843e762191bb21789b3077246b7,"{""config"":[""Z0"",""Z""],""d"":7,""p"":0.006802564102564103}",
     29696,        26,         0,   0.295,pymatching,13d8d445806d333773aca5059c26fdda03046097cfa2cd356cccd33c23de85c3,"{""config"":[""Z0"",""Z""],""d"":7,""p"":0.0035948717948717946}",
      1024,        37,         0,   0.028,pymatching,99407154c5efdc35a031196b6c833f608cfe5adee0f4054b9acb0881815a045b,"{""config"":[""Z0"",""Z""],""d"":7,""p"":0.00894102564102564}",
      2048,        49,         0,   0.052,pymatching,8c657773fb86778a82655c06bf4ef0a8aea038a056e4f9622cb57e38e9e0dc26,"{""config"":[""Z0"",""Z""],""d"":7,""p"":0.008584615384615385}",
     62464,      2874,         0,   0.567,pymatching,5073607c9729d67e3a46599ed1c6127a66cd6f276b08a52dbebe4f39b475d796,"{""config"":[""Z0"",""Z""],""d"":5,""p"":0.01107948717948718}",
      1024,        40,         0,   0.041,pymatching,6d88ad3a43ed5d85daf29bde13b8514815cec070fad8d42320c1385d82c9d087,"{""config"":[""Z0"",""Z""],""d"":7,""p"":0.009653846153846153}",
      7168,        61,         0,   0.120,pymatching,d300e6d1ba983bae4e939af9fabd4c25b1a11b2fb3b999b0407884475d3fac3a,"{""config"":[""Z0"",""Z""],""d"":7,""p"":0.006446153846153846}",
      1024,        57,         0,   0.012,pymatching,504ef0a4a98fcd3662bb5846a0fe330ec09f07303d994aeacb9cefe45aa5d7b6,"{""config"":[""Z0"",""Z""],""d"":5,""p"":0.011792307692307692}",
      2048,        58,         0,   0.051,pymatching,36548df23069c47b0f0e90af7827eee32aec02a920dab3317e6237c73fbcdc05,"{""config"":[""Z0"",""Z""],""d"":7,""p"":0.009297435897435898}",
     64512,      2652,         0,   0.567,pymatching,91ef4e4b74e872b7bcef471c6c28e3d53b658a122adb80213ef78ad0c5c7cd26,"{""config"":[""Z0"",""Z""],""d"":5,""p"":0.010723076923076922}",
      3072,        52,         0,   0.071,pymatching,3fa8637fd37c7bcc5d791dfc60540e834a556ab838715db7a66d404b022b1c87,"{""config"":[""Z0"",""Z""],""d"":7,""p"":0.007871794871794872}",
    114688,         0,         0,   0.565,pymatching,b65d463368349fe7185a1b98546b30360d6fc664e64234f4bb889180b2328c05,"{""config"":[""Z0"",""Z""],""d"":7,""p"":1.6681005372000593e-05}",
     67584,      2702,         0,   0.572,pymatching,60f3866b742cce666adb220654aa87f621863748e4c334e5be9267b56bb0f101,"{""config"":[""Z0"",""Z""],""d"":5,""p"":0.010366666666666666}",
      4096,        50,         0,   0.085,pymatching,d23ec93a9511dfcfad5423fbfdff24e737a6d95f98b4a1c82f4675def9472084,"{""config"":[""Z0"",""Z""],""d"":7,""p"":0.007158974358974359}",
       273,        10,         0,   0.010,pymatching,9b434397c66a66fc41b04f18c697e8ea60adbc546da04687ce10f9b464b84c17,"{""config"":[""Z0"",""Z""],""d"":7,""p"":0.010010256410256409}",
      1024,        28,         0,   0.030,pymatching,6d88ad3a43ed5d85daf29bde13b8514815cec070fad8d42320c1385d82c9d087,"{""config"":[""Z0"",""Z""],""d"":7,""p"":0.009653846153846153}",
     22528,        27,         0,   0.289,pymatching,5891a0a3ba08325c916de00da2b1efae68943d7c4d1c41a9a748c9079ffbce15,"{""config"":[""Z0"",""Z""],""d"":7,""p"":0.0043076923076923075}",
       273,        15,         0,   0.011,pymatching,e7700ccc6b5e85238edb03484213be2f2324536bcffcf5510f63c95752d4f48e,"{""config"":[""Z0"",""Z""],""d"":7,""p"":0.010366666666666666}",
      5120,       260,         0,   0.047,pymatching,5073607c9729d67e3a46599ed1c6127a66cd6f276b08a52dbebe4f39b475d796,"{""config"":[""Z0"",""Z""],""d"":5,""p"":0.01107948717948718}",
      2048,        65,         0,   0.057,pymatching,99407154c5efdc35a031196b6c833f608cfe5adee0f4054b9acb0881815a045b,"{""config"":[""Z0"",""Z""],""d"":7,""p"":0.00894102564102564}",
      3072,        80,         0,   0.074,pymatching,c2ee0fe2e0d594c6fb473479ca807579717f258a5cf736d0bc98fdd0f44bf536,"{""config"":[""Z0"",""Z""],""d"":7,""p"":0.008228205128205128}",
      1024,        46,         0,   0.031,pymatching,9b434397c66a66fc41b04f18c697e8ea60adbc546da04687ce10f9b464b84c17,"{""config"":[""Z0"",""Z""],""d"":7,""p"":0.010010256410256409}",
     24576,        23,         0,   0.298,pymatching,bd24bbfba499721b19d74cd52585386f74b6e0939bb1d2080bf1fd9187563a46,"{""config"":[""Z0"",""Z""],""d"":7,""p"":0.003951282051282051}",
      1024,        35,         0,   0.029,pymatching,6d88ad3a43ed5d85daf29bde13b8514815cec070fad8d42320c1385d82c9d087,"{""config"":[""Z0"",""Z""],""d"":7,""p"":0.009653846153846153}",
      2048,        59,         0,   0.051,pymatching,36548df23069c47b0f0e90af7827eee32aec02a920dab3317e6237c73fbcdc05,"{""config"":[""Z0"",""Z""],""d"":7,""p"":0.009297435897435898}",
    115712,         0,         0,   0.564,pymatching,40df5333218c9f1ad41e78dada9e208c9194c91b0d01d6e09ef3425702993856,"{""config"":[""Z0"",""Z""],""d"":7,""p"":2.782559402207126e-05}",
      1024,        38,         0,   0.035,pymatching,e7700ccc6b5e85238edb03484213be2f2324536bcffcf5510f63c95752d4f48e,"{""config"":[""Z0"",""Z""],""d"":7,""p"":0.010366666666666666}",
     21504,        46,         0,   0.294,pymatching,17aa56354c3b8ef37ef6707903c6c7bd939c711b208deb498b5b3d226eb2c0df,"{""config"":[""Z0"",""Z""],""d"":7,""p"":0.004664102564102564}",
      4096,        65,         0,   0.090,pymatching,8a9cb5f3d9bf0e4e9eeda9a663943885691e500addf044617ef06028f6001878,"{""config"":[""Z0"",""Z""],""d"":7,""p"":0.007515384615384615}",
      3072,        81,         0,   0.078,pymatching,8c657773fb86778a82655c06bf4ef0a8aea038a056e4f9622cb57e38e9e0dc26,"{""config"":[""Z0"",""Z""],""d"":7,""p"":0.008584615384615385}",
     20480,        69,         0,   0.300,pymatching,eaece8d5a9575002560e0706d987ea298ea25470193c1b6dbb2a675e32a96376,"{""config"":[""Z0"",""Z""],""d"":7,""p"":0.00502051282051282}",
    116736,         0,         0,   0.569,pymatching,0781cd5b564db096361aa7b8ac626bab203611876dcef266baf5ec54047bf09e,"{""config"":[""Z0"",""Z""],""d"":7,""p"":1e-05}",
      1024,        44,         0,   0.031,pymatching,9b434397c66a66fc41b04f18c697e8ea60adbc546da04687ce10f9b464b84c17,"{""config"":[""Z0"",""Z""],""d"":7,""p"":0.010010256410256409}",
    115712,         0,         0,   0.567,pymatching,0cb351d9710e12e7079219cbbddbad68b20292aa21ef63532ec15227c0380465,"{""config"":[""Z0"",""Z""],""d"":7,""p"":4.641588833612782e-05}",
    115712,         0,         0,   0.566,pymatching,c7f44a0ef0e93bac790826dd8100c3050c75aad57b2a233f25781d63ca452e85,"{""config"":[""Z0"",""Z""],""d"":7,""p"":7.742636826811278e-05}",
      9216,       494,         0,   0.100,pymatching,8ba5ddafcdceb67e39bd0fe42ae0fa39bc0683eb5301c586cccab1ed794ff85e,"{""config"":[""Z0"",""Z""],""d"":5,""p"":0.011435897435897435}",
    112640,         0,         0,   0.566,pymatching,d8ef2f529c74c195dfc9a0e4cbf2da7eab499baa91a582643d631decf134f81e,"{""config"":[""Z0"",""Z""],""d"":7,""p"":0.0001291549665014884}",
       273,        13,         0,   0.011,pymatching,da98e8cd9418feeb39b2eef8b4009cb1917b214eb94bc6403232d0554554ad7f,"{""config"":[""Z0"",""Z""],""d"":7,""p"":0.010723076923076922}",
      1024,        44,         0,   0.033,pymatching,e7700ccc6b5e85238edb03484213be2f2324536bcffcf5510f63c95752d4f48e,"{""config"":[""Z0"",""Z""],""d"":7,""p"":0.010366666666666666}",
      2048,        45,         0,   0.054,pymatching,99407154c5efdc35a031196b6c833f608cfe5adee0f4054b9acb0881815a045b,"{""config"":[""Z0"",""Z""],""d"":7,""p"":0.00894102564102564}",
    110592,         0,         0,   0.566,pymatching,3febd854a65c23808c3d2b024e5b1f1ebd781309437b2c4d0f5a37de0175e6eb,"{""config"":[""Z0"",""Z""],""d"":7,""p"":0.00021544346900318823}",
      4096,        80,         0,   0.094,pymatching,3fa8637fd37c7bcc5d791dfc60540e834a556ab838715db7a66d404b022b1c87,"{""config"":[""Z0"",""Z""],""d"":7,""p"":0.007871794871794872}",
     21504,        83,         0,   0.301,pymatching,eca9617815f52c439b2b6ca9c5616b3c4d8fd31d7d46d963cff4e595c6436dc0,"{""config"":[""Z0"",""Z""],""d"":7,""p"":0.005376923076923077}",
      2048,        91,         0,   0.059,pymatching,6d88ad3a43ed5d85daf29bde13b8514815cec070fad8d42320c1385d82c9d087,"{""config"":[""Z0"",""Z""],""d"":7,""p"":0.009653846153846153}",
      1024,        50,         0,   0.032,pymatching,9b434397c66a66fc41b04f18c697e8ea60adbc546da04687ce10f9b464b84c17,"{""config"":[""Z0"",""Z""],""d"":7,""p"":0.010010256410256409}",
      5120,        67,         0,   0.106,pymatching,d23ec93a9511dfcfad5423fbfdff24e737a6d95f98b4a1c82f4675def9472084,"{""config"":[""Z0"",""Z""],""d"":7,""p"":0.007158974358974359}",
    105472,         0,         0,   0.567,pymatching,3c8f193bbb1e6140e27ac9e4403d659e0799049fa42ea0a1f286df7017b3868d,"{""config"":[""Z0"",""Z""],""d"":7,""p"":0.00035938136638046257}",
      1024,        53,         0,   0.034,pymatching,da98e8cd9418feeb39b2eef8b4009cb1917b214eb94bc6403232d0554554ad7f,"{""config"":[""Z0"",""Z""],""d"":7,""p"":0.010723076923076922}",
      3072,       100,         0,   0.077,pymatching,36548df23069c47b0f0e90af7827eee32aec02a920dab3317e6237c73fbcdc05,"{""config"":[""Z0"",""Z""],""d"":7,""p"":0.009297435897435898}",
      1024,        49,         0,   0.034,pymatching,e7700ccc6b5e85238edb03484213be2f2324536bcffcf5510f63c95752d4f48e,"{""config"":[""Z0"",""Z""],""d"":7,""p"":0.010366666666666666}",
       273,        21,         0,   0.013,pymatching,b6d3694e834850dac9ee7c8f2d7002a6846b99ca8f4a69cace9dbe15e20daffb,"{""config"":[""Z0"",""Z""],""d"":7,""p"":0.01107948717948718}",
      3072,        86,         0,   0.078,pymatching,8c657773fb86778a82655c06bf4ef0a8aea038a056e4f9622cb57e38e9e0dc26,"{""config"":[""Z0"",""Z""],""d"":7,""p"":0.008584615384615385}",
      9216,        47,         0,   0.159,pymatching,5b429b6d29d719034a3de26ecfd980c276ddca64727f400fe73971740676519a,"{""config"":[""Z0"",""Z""],""d"":7,""p"":0.00608974358974359}",
      4096,        93,         0,   0.097,pymatching,c2ee0fe2e0d594c6fb473479ca807579717f258a5cf736d0bc98fdd0f44bf536,"{""config"":[""Z0"",""Z""],""d"":7,""p"":0.008228205128205128}",
      9216,        57,         0,   0.153,pymatching,d300e6d1ba983bae4e939af9fabd4c25b1a11b2fb3b999b0407884475d3fac3a,"{""config"":[""Z0"",""Z""],""d"":7,""p"":0.006446153846153846}",
      8192,        66,         0,   0.161,pymatching,b769d13792f27d381b5f4dab20ab238652929843e762191bb21789b3077246b7,"{""config"":[""Z0"",""Z""],""d"":7,""p"":0.006802564102564103}",
      1024,        47,         0,   0.034,pymatching,da98e8cd9418feeb39b2eef8b4009cb1917b214eb94bc6403232d0554554ad7f,"{""config"":[""Z0"",""Z""],""d"":7,""p"":0.010723076923076922}",
    110592,         0,         0,   0.565,pymatching,4e0e77f8c9a4965cd2ede03704cecf252ee50f04d1a4f0e67abd148293b8d961,"{""config"":[""Z0"",""Z""],""d"":7,""p"":0.0005994842503189409}",
      2048,        85,         0,   0.061,pymatching,6d88ad3a43ed5d85daf29bde13b8514815cec070fad8d42320c1385d82c9d087,"{""config"":[""Z0"",""Z""],""d"":7,""p"":0.009653846153846153}",
      2048,        80,         0,   0.063,pymatching,9b434397c66a66fc41b04f18c697e8ea60adbc546da04687ce10f9b464b84c17,"{""config"":[""Z0"",""Z""],""d"":7,""p"":0.010010256410256409}",
       273,        26,         0,   0.012,pymatching,52ae0e84c1b2f08ad771443a768ea177b4282b167a661a2127e9ef552d2f9bfb,"{""config"":[""Z0"",""Z""],""d"":7,""p"":0.011435897435897435}",
      5120,        88,         0,   0.111,pymatching,8a9cb5f3d9bf0e4e9eeda9a663943885691e500addf044617ef06028f6001878,"{""config"":[""Z0"",""Z""],""d"":7,""p"":0.007515384615384615}",
     19456,       809,         0,   0.172,pymatching,91ef4e4b74e872b7bcef471c6c28e3d53b658a122adb80213ef78ad0c5c7cd26,"{""config"":[""Z0"",""Z""],""d"":5,""p"":0.010723076923076922}",
      3072,        84,         0,   0.082,pymatching,99407154c5efdc35a031196b6c833f608cfe5adee0f4054b9acb0881815a045b,"{""config"":[""Z0"",""Z""],""d"":7,""p"":0.00894102564102564}",
      1024,        58,         0,   0.041,pymatching,b6d3694e834850dac9ee7c8f2d7002a6846b99ca8f4a69cace9dbe15e20daffb,"{""config"":[""Z0"",""Z""],""d"":7,""p"":0.01107948717948718}",
     80896,         3,         0,   0.570,pymatching,053cce4745c3ad44e4a9380f76e43713697aef6e48c857fb639253b1cd6a2822,"{""config"":[""Z0"",""Z""],""d"":7,""p"":0.0014564102564102565}",
     89088,         1,         0,   0.566,pymatching,137fa8f27c0ccd4b52833709ca9476bb9df4682749e626b82b56fbd28cb63bbc,"{""config"":[""Z0"",""Z""],""d"":7,""p"":0.001}",
     73728,         5,         0,   0.566,pymatching,7ec97d24e19ccb534438f610bb1cea3b546eed81172c888f2fb573021bd8d282,"{""config"":[""Z0"",""Z""],""d"":7,""p"":0.0018128205128205128}",
      1024,        53,         0,   0.034,pymatching,da98e8cd9418feeb39b2eef8b4009cb1917b214eb94bc6403232d0554554ad7f,"{""config"":[""Z0"",""Z""],""d"":7,""p"":0.010723076923076922}",
     88064,         0,         0,   0.568,pymatching,377658d83ecf949fd3f24b91737ef46cdc375d0d2fd5187c0341fb3fe1aabb74,"{""config"":[""Z0"",""Z""],""d"":7,""p"":0.0011}",
      2048,       106,         0,   0.067,pymatching,e7700ccc6b5e85238edb03484213be2f2324536bcffcf5510f63c95752d4f48e,"{""config"":[""Z0"",""Z""],""d"":7,""p"":0.010366666666666666}",
     20480,        99,         0,   0.299,pymatching,92a7abdf4c8e6971e7de69c7aca3790c3892e94df6498b04b16cecd04e71a269,"{""config"":[""Z0"",""Z""],""d"":7,""p"":0.005733333333333333}",
      3072,       113,         0,   0.076,pymatching,36548df23069c47b0f0e90af7827eee32aec02a920dab3317e6237c73fbcdc05,"{""config"":[""Z0"",""Z""],""d"":7,""p"":0.009297435897435898}",
      1024,        70,         0,   0.038,pymatching,52ae0e84c1b2f08ad771443a768ea177b4282b167a661a2127e9ef552d2f9bfb,"{""config"":[""Z0"",""Z""],""d"":7,""p"":0.011435897435897435}",
      5120,       106,         0,   0.118,pymatching,3fa8637fd37c7bcc5d791dfc60540e834a556ab838715db7a66d404b022b1c87,"{""config"":[""Z0"",""Z""],""d"":7,""p"":0.007871794871794872}",
      1024,        77,         0,   0.041,pymatching,b6d3694e834850dac9ee7c8f2d7002a6846b99ca8f4a69cace9dbe15e20daffb,"{""config"":[""Z0"",""Z""],""d"":7,""p"":0.01107948717948718}",
      2048,        71,         0,   0.062,pymatching,9b434397c66a66fc41b04f18c697e8ea60adbc546da04687ce10f9b464b84c17,"{""config"":[""Z0"",""Z""],""d"":7,""p"":0.010010256410256409}",
      1024,        51,         0,   0.036,pymatching,52ae0e84c1b2f08ad771443a768ea177b4282b167a661a2127e9ef552d2f9bfb,"{""config"":[""Z0"",""Z""],""d"":7,""p"":0.011435897435897435}",
      4096,       105,         0,   0.106,pymatching,8c657773fb86778a82655c06bf4ef0a8aea038a056e4f9622cb57e38e9e0dc26,"{""config"":[""Z0"",""Z""],""d"":7,""p"":0.008584615384615385}",
     28672,      1115,         0,   0.243,pymatching,60f3866b742cce666adb220654aa87f621863748e4c334e5be9267b56bb0f101,"{""config"":[""Z0"",""Z""],""d"":5,""p"":0.010366666666666666}",
      1024,        64,         0,   0.035,pymatching,b6d3694e834850dac9ee7c8f2d7002a6846b99ca8f4a69cace9dbe15e20daffb,"{""config"":[""Z0"",""Z""],""d"":7,""p"":0.01107948717948718}",
      3072,       113,         0,   0.090,pymatching,6d88ad3a43ed5d85daf29bde13b8514815cec070fad8d42320c1385d82c9d087,"{""config"":[""Z0"",""Z""],""d"":7,""p"":0.009653846153846153}",
      2048,        83,         0,   0.068,pymatching,da98e8cd9418feeb39b2eef8b4009cb1917b214eb94bc6403232d0554554ad7f,"{""config"":[""Z0"",""Z""],""d"":7,""p"":0.010723076923076922}",
       273,        24,         0,   0.011,pymatching,ba40fb2f212c26616136c2a7e0488d440fcc4df4d5ce3f7952d7e915b7885490,"{""config"":[""Z0"",""Z""],""d"":7,""p"":0.011792307692307692}",
      7168,        90,         0,   0.147,pymatching,d23ec93a9511dfcfad5423fbfdff24e737a6d95f98b4a1c82f4675def9472084,"{""config"":[""Z0"",""Z""],""d"":7,""p"":0.007158974358974359}",
      2048,       100,         0,   0.068,pymatching,e7700ccc6b5e85238edb03484213be2f2324536bcffcf5510f63c95752d4f48e,"{""config"":[""Z0"",""Z""],""d"":7,""p"":0.010366666666666666}",
      5120,       132,         0,   0.123,pymatching,c2ee0fe2e0d594c6fb473479ca807579717f258a5cf736d0bc98fdd0f44bf536,"{""config"":[""Z0"",""Z""],""d"":7,""p"":0.008228205128205128}",
      1024,        67,         0,   0.036,pymatching,52ae0e84c1b2f08ad771443a768ea177b4282b167a661a2127e9ef552d2f9bfb,"{""config"":[""Z0"",""Z""],""d"":7,""p"":0.011435897435897435}",
      4096,       111,         0,   0.110,pymatching,99407154c5efdc35a031196b6c833f608cfe5adee0f4054b9acb0881815a045b,"{""config"":[""Z0"",""Z""],""d"":7,""p"":0.00894102564102564}",
      1024,        66,         0,   0.034,pymatching,ba40fb2f212c26616136c2a7e0488d440fcc4df4d5ce3f7952d7e915b7885490,"{""config"":[""Z0"",""Z""],""d"":7,""p"":0.011792307692307692}",
      2048,       130,         0,   0.063,pymatching,b6d3694e834850dac9ee7c8f2d7002a6846b99ca8f4a69cace9dbe15e20daffb,"{""config"":[""Z0"",""Z""],""d"":7,""p"":0.01107948717948718}",
      3072,       107,         0,   0.093,pymatching,9b434397c66a66fc41b04f18c697e8ea60adbc546da04687ce10f9b464b84c17,"{""config"":[""Z0"",""Z""],""d"":7,""p"":0.010010256410256409}",
      2048,       100,         0,   0.069,pymatching,da98e8cd9418feeb39b2eef8b4009cb1917b214eb94bc6403232d0554554ad7f,"{""config"":[""Z0"",""Z""],""d"":7,""p"":0.010723076923076922}",
      1024,        87,         0,   0.034,pymatching,ba40fb2f212c26616136c2a7e0488d440fcc4df4d5ce3f7952d7e915b7885490,"{""config"":[""Z0"",""Z""],""d"":7,""p"":0.011792307692307692}",
      5120,       158,         0,   0.127,pymatching,36548df23069c47b0f0e90af7827eee32aec02a920dab3317e6237c73fbcdc05,"{""config"":[""Z0"",""Z""],""d"":7,""p"":0.009297435897435898}",
      7168,       105,         0,   0.156,pymatching,8a9cb5f3d9bf0e4e9eeda9a663943885691e500addf044617ef06028f6001878,"{""config"":[""Z0"",""Z""],""d"":7,""p"":0.007515384615384615}",
     46080,         8,         0,   0.412,pymatching,7e34e313d7d0a19f32f2f59fc833c88a063c1c3c866df6582028368578df4d81,"{""config"":[""Z0"",""Z""],""d"":7,""p"":0.0025256410256410257}",
     68608,        11,         0,   0.571,pymatching,39e1294b78bbea49908c76c56ec9a6ba2fa3620e08fc122d3d3e0f360d5cc320,"{""config"":[""Z0"",""Z""],""d"":7,""p"":0.002169230769230769}",
       273,        22,         0,   0.014,pymatching,a750422041c31f314c456e0d2c44aa688b9c84ad226061a7d5c212080e58f7f9,"{""config"":[""Z0"",""Z""],""d"":7,""p"":0.012148717948717948}",
     12288,        91,         0,   0.215,pymatching,5b429b6d29d719034a3de26ecfd980c276ddca64727f400fe73971740676519a,"{""config"":[""Z0"",""Z""],""d"":7,""p"":0.00608974358974359}",
      2048,       130,         0,   0.075,pymatching,52ae0e84c1b2f08ad771443a768ea177b4282b167a661a2127e9ef552d2f9bfb,"{""config"":[""Z0"",""Z""],""d"":7,""p"":0.011435897435897435}",
      3072,       144,         0,   0.097,pymatching,e7700ccc6b5e85238edb03484213be2f2324536bcffcf5510f63c95752d4f48e,"{""config"":[""Z0"",""Z""],""d"":7,""p"":0.010366666666666666}",
     47104,        12,         0,   0.404,pymatching,e45c4abd947e5226abf9ae8ee679469545253010d6ff118e307ca31a8814db17,"{""config"":[""Z0"",""Z""],""d"":7,""p"":0.0028820512820512817}",
      1024,        75,         0,   0.033,pymatching,ba40fb2f212c26616136c2a7e0488d440fcc4df4d5ce3f7952d7e915b7885490,"{""config"":[""Z0"",""Z""],""d"":7,""p"":0.011792307692307692}",
     13312,       101,         0,   0.220,pymatching,d300e6d1ba983bae4e939af9fabd4c25b1a11b2fb3b999b0407884475d3fac3a,"{""config"":[""Z0"",""Z""],""d"":7,""p"":0.006446153846153846}",
     11264,       130,         0,   0.221,pymatching,b769d13792f27d381b5f4dab20ab238652929843e762191bb21789b3077246b7,"{""config"":[""Z0"",""Z""],""d"":7,""p"":0.006802564102564103}",
     44032,        23,         0,   0.408,pymatching,b90e12e33080801c22852919a15e138265ce11a1817b8557974984987efe3bc1,"{""config"":[""Z0"",""Z""],""d"":7,""p"":0.003238461538461538}",
      4096,       162,         0,   0.120,pymatching,6d88ad3a43ed5d85daf29bde13b8514815cec070fad8d42320c1385d82c9d087,"{""config"":[""Z0"",""Z""],""d"":7,""p"":0.009653846153846153}",
      7168,       117,         0,   0.163,pymatching,3fa8637fd37c7bcc5d791dfc60540e834a556ab838715db7a66d404b022b1c87,"{""config"":[""Z0"",""Z""],""d"":7,""p"":0.007871794871794872}",
      2048,       117,         0,   0.064,pymatching,b6d3694e834850dac9ee7c8f2d7002a6846b99ca8f4a69cace9dbe15e20daffb,"{""config"":[""Z0"",""Z""],""d"":7,""p"":0.01107948717948718}",
      1024,        81,         0,   0.045,pymatching,a750422041c31f314c456e0d2c44aa688b9c84ad226061a7d5c212080e58f7f9,"{""config"":[""Z0"",""Z""],""d"":7,""p"":0.012148717948717948}",
     40960,        35,         0,   0.408,pymatching,13d8d445806d333773aca5059c26fdda03046097cfa2cd356cccd33c23de85c3,"{""config"":[""Z0"",""Z""],""d"":7,""p"":0.0035948717948717946}",
      6144,       149,         0,   0.154,pymatching,8c657773fb86778a82655c06bf4ef0a8aea038a056e4f9622cb57e38e9e0dc26,"{""config"":[""Z0"",""Z""],""d"":7,""p"":0.008584615384615385}",
      1024,        74,         0,   0.037,pymatching,a750422041c31f314c456e0d2c44aa688b9c84ad226061a7d5c212080e58f7f9,"{""config"":[""Z0"",""Z""],""d"":7,""p"":0.012148717948717948}",
      3072,       172,         0,   0.103,pymatching,da98e8cd9418feeb39b2eef8b4009cb1917b214eb94bc6403232d0554554ad7f,"{""config"":[""Z0"",""Z""],""d"":7,""p"":0.010723076923076922}",
      2048,       132,         0,   0.073,pymatching,52ae0e84c1b2f08ad771443a768ea177b4282b167a661a2127e9ef552d2f9bfb,"{""config"":[""Z0"",""Z""],""d"":7,""p"":0.011435897435897435}",
      7168,       138,         0,   0.171,pymatching,c2ee0fe2e0d594c6fb473479ca807579717f258a5cf736d0bc98fdd0f44bf536,"{""config"":[""Z0"",""Z""],""d"":7,""p"":0.008228205128205128}",
      2048,       153,         0,   0.075,pymatching,ba40fb2f212c26616136c2a7e0488d440fcc4df4d5ce3f7952d7e915b7885490,"{""config"":[""Z0"",""Z""],""d"":7,""p"":0.011792307692307692}",
     56320,      1995,         0,   0.460,pymatching,49ee80a93e4d9854578bd1e983cf99e4b05a7a96f1df1d295f0f0d2ca8fc243e,"{""config"":[""Z0"",""Z""],""d"":5,""p"":0.010010256410256409}",
     32768,        46,         0,   0.417,pymatching,5891a0a3ba08325c916de00da2b1efae68943d7c4d1c41a9a748c9079ffbce15,"{""config"":[""Z0"",""Z""],""d"":7,""p"":0.0043076923076923075}",
      4096,       200,         0,   0.124,pymatching,9b434397c66a66fc41b04f18c697e8ea60adbc546da04687ce10f9b464b84c17,"{""config"":[""Z0"",""Z""],""d"":7,""p"":0.010010256410256409}",
      6144,       195,         0,   0.164,pymatching,99407154c5efdc35a031196b6c833f608cfe5adee0f4054b9acb0881815a045b,"{""config"":[""Z0"",""Z""],""d"":7,""p"":0.00894102564102564}",
    237568,       246,         0,   0.790,pymatching,20d026287936f946645efcbf9aaa612c888085ef02a99e1102caebf1178452a9,"{""config"":[""Z0"",""Z""],""d"":5,""p"":0.0028820512820512817}",
     34816,        42,         0,   0.415,pymatching,bd24bbfba499721b19d74cd52585386f74b6e0939bb1d2080bf1fd9187563a46,"{""config"":[""Z0"",""Z""],""d"":7,""p"":0.003951282051282051}",
      1024,        76,         0,   0.037,pymatching,a750422041c31f314c456e0d2c44aa688b9c84ad226061a7d5c212080e58f7f9,"{""config"":[""Z0"",""Z""],""d"":7,""p"":0.012148717948717948}",
    254976,       179,         0,   0.787,pymatching,415eeda5d230b505681e69ccce0cb0cbfa5ec1e573ea1824d65cd689d0872bde,"{""config"":[""Z0"",""Z""],""d"":5,""p"":0.0025256410256410257}",
     10240,       109,         0,   0.210,pymatching,d23ec93a9511dfcfad5423fbfdff24e737a6d95f98b4a1c82f4675def9472084,"{""config"":[""Z0"",""Z""],""d"":7,""p"":0.007158974358974359}",
      3072,       171,         0,   0.095,pymatching,b6d3694e834850dac9ee7c8f2d7002a6846b99ca8f4a69cace9dbe15e20daffb,"{""config"":[""Z0"",""Z""],""d"":7,""p"":0.01107948717948718}",
     28672,        96,         0,   0.414,pymatching,eaece8d5a9575002560e0706d987ea298ea25470193c1b6dbb2a675e32a96376,"{""config"":[""Z0"",""Z""],""d"":7,""p"":0.00502051282051282}",
     30720,       100,         0,   0.418,pymatching,17aa56354c3b8ef37ef6707903c6c7bd939c711b208deb498b5b3d226eb2c0df,"{""config"":[""Z0"",""Z""],""d"":7,""p"":0.004664102564102564}",
      6144,       181,         0,   0.153,pymatching,36548df23069c47b0f0e90af7827eee32aec02a920dab3317e6237c73fbcdc05,"{""config"":[""Z0"",""Z""],""d"":7,""p"":0.009297435897435898}",
      4096,       190,         0,   0.131,pymatching,e7700ccc6b5e85238edb03484213be2f2324536bcffcf5510f63c95752d4f48e,"{""config"":[""Z0"",""Z""],""d"":7,""p"":0.010366666666666666}",
     66560,      2046,         0,   0.521,pymatching,ca4ec24f3e163511afac72e0ed01cea486d0989dab2ccf20b65427392b1fef2a,"{""config"":[""Z0"",""Z""],""d"":5,""p"":0.009653846153846153}",
      2048,       147,         0,   0.071,pymatching,ba40fb2f212c26616136c2a7e0488d440fcc4df4d5ce3f7952d7e915b7885490,"{""config"":[""Z0"",""Z""],""d"":7,""p"":0.011792307692307692}",
     29696,       107,         0,   0.415,pymatching,eca9617815f52c439b2b6ca9c5616b3c4d8fd31d7d46d963cff4e595c6436dc0,"{""config"":[""Z0"",""Z""],""d"":7,""p"":0.005376923076923077}",
      5120,       188,         0,   0.149,pymatching,6d88ad3a43ed5d85daf29bde13b8514815cec070fad8d42320c1385d82c9d087,"{""config"":[""Z0"",""Z""],""d"":7,""p"":0.009653846153846153}",
       273,        17,         0,   0.012,pymatching,e5d47abd8cc483832b6aa9e19ca45f970ff9e13e753453bed5b9bf2bbbc9f411,"{""config"":[""Z0"",""Z""],""d"":7,""p"":0.012505128205128205}",
      2048,       175,         0,   0.070,pymatching,a750422041c31f314c456e0d2c44aa688b9c84ad226061a7d5c212080e58f7f9,"{""config"":[""Z0"",""Z""],""d"":7,""p"":0.012148717948717948}",
      3072,       219,         0,   0.110,pymatching,52ae0e84c1b2f08ad771443a768ea177b4282b167a661a2127e9ef552d2f9bfb,"{""config"":[""Z0"",""Z""],""d"":7,""p"":0.011435897435897435}",
     10240,       166,         0,   0.222,pymatching,8a9cb5f3d9bf0e4e9eeda9a663943885691e500addf044617ef06028f6001878,"{""config"":[""Z0"",""Z""],""d"":7,""p"":0.007515384615384615}",
    247808,       342,         0,   0.789,pymatching,678957444d919a21d096ed824e293816b12a8141ac6b226f34d79524e83e9ad5,"{""config"":[""Z0"",""Z""],""d"":5,""p"":0.003238461538461538}",
    233472,       477,         0,   0.789,pymatching,134340847ed9530aeb61aa7f4b4f644b1be4421982e46f98239fd7b0e394a4d7,"{""config"":[""Z0"",""Z""],""d"":5,""p"":0.0035948717948717946}",
    195584,       472,         0,   0.789,pymatching,e7e63a9be967615086d8ecc7576c4fad0c17b232da5cf7f7d78ff5ee460004a3,"{""config"":[""Z0"",""Z""],""d"":5,""p"":0.003951282051282051}",
    181248,       584,         0,   0.791,pymatching,61c82650e7dffb26f8e91ed4cb8706a75cbe08dedd26980f071b70573b020adb,"{""config"":[""Z0"",""Z""],""d"":5,""p"":0.0043076923076923075}",
      4096,       243,         0,   0.139,pymatching,da98e8cd9418feeb39b2eef8b4009cb1917b214eb94bc6403232d0554554ad7f,"{""config"":[""Z0"",""Z""],""d"":7,""p"":0.010723076923076922}",
      1024,        73,         0,   0.042,pymatching,e5d47abd8cc483832b6aa9e19ca45f970ff9e13e753453bed5b9bf2bbbc9f411,"{""config"":[""Z0"",""Z""],""d"":7,""p"":0.012505128205128205}",
       273,        11,         0,   0.011,pymatching,366d6399ca873ec9ea33c0ac3857822b7c479f7427ba737e86587f0bedb9cb8a,"{""config"":[""Z0"",""Z""],""d"":7,""p"":0.012861538461538462}",
      9216,       171,         0,   0.210,pymatching,3fa8637fd37c7bcc5d791dfc60540e834a556ab838715db7a66d404b022b1c87,"{""config"":[""Z0"",""Z""],""d"":7,""p"":0.007871794871794872}",
      4096,       249,         0,   0.125,pymatching,b6d3694e834850dac9ee7c8f2d7002a6846b99ca8f4a69cace9dbe15e20daffb,"{""config"":[""Z0"",""Z""],""d"":7,""p"":0.01107948717948718}",
      2048,       158,         0,   0.070,pymatching,a750422041c31f314c456e0d2c44aa688b9c84ad226061a7d5c212080e58f7f9,"{""config"":[""Z0"",""Z""],""d"":7,""p"":0.012148717948717948}",
      5120,       217,         0,   0.156,pymatching,9b434397c66a66fc41b04f18c697e8ea60adbc546da04687ce10f9b464b84c17,"{""config"":[""Z0"",""Z""],""d"":7,""p"":0.010010256410256409}",
    193536,       812,         0,   0.789,pymatching,e885ab55bb9257731d504f45c60a7927b0be113f52f8a1095bfa6ca46426372b,"{""config"":[""Z0"",""Z""],""d"":5,""p"":0.004664102564102564}",
      8192,       180,         0,   0.208,pymatching,8c657773fb86778a82655c06bf4ef0a8aea038a056e4f9622cb57e38e9e0dc26,"{""config"":[""Z0"",""Z""],""d"":7,""p"":0.008584615384615385}",
      3072,       217,         0,   0.102,pymatching,ba40fb2f212c26616136c2a7e0488d440fcc4df4d5ce3f7952d7e915b7885490,"{""config"":[""Z0"",""Z""],""d"":7,""p"":0.011792307692307692}",
     28672,       175,         0,   0.418,pymatching,92a7abdf4c8e6971e7de69c7aca3790c3892e94df6498b04b16cecd04e71a269,"{""config"":[""Z0"",""Z""],""d"":7,""p"":0.005733333333333333}",
      1024,       106,         0,   0.038,pymatching,366d6399ca873ec9ea33c0ac3857822b7c479f7427ba737e86587f0bedb9cb8a,"{""config"":[""Z0"",""Z""],""d"":7,""p"":0.012861538461538462}",
    163840,       849,         0,   0.790,pymatching,50edce6ab9cb0ce1e74fad5cf142be6595d568174b66aa2f37eba6b6bf8ea45b,"{""config"":[""Z0"",""Z""],""d"":5,""p"":0.00502051282051282}",
      1024,        74,         0,   0.046,pymatching,e5d47abd8cc483832b6aa9e19ca45f970ff9e13e753453bed5b9bf2bbbc9f411,"{""config"":[""Z0"",""Z""],""d"":7,""p"":0.012505128205128205}",
    139264,      1286,         0,   0.790,pymatching,e4615fc35f9108f307fbb96eee8e4b9882d86b0790449d432e1e444cabcc2415,"{""config"":[""Z0"",""Z""],""d"":5,""p"":0.00608974358974359}",
    174080,      1133,         0,   0.791,pymatching,4aa399119067a333f968868ed025e4b6606950afd6c887f61c25e26de1bd886e,"{""config"":[""Z0"",""Z""],""d"":5,""p"":0.005376923076923077}",
      3072,       210,         0,   0.111,pymatching,52ae0e84c1b2f08ad771443a768ea177b4282b167a661a2127e9ef552d2f9bfb,"{""config"":[""Z0"",""Z""],""d"":7,""p"":0.011435897435897435}",
      5120,       240,         0,   0.165,pymatching,e7700ccc6b5e85238edb03484213be2f2324536bcffcf5510f63c95752d4f48e,"{""config"":[""Z0"",""Z""],""d"":7,""p"":0.010366666666666666}",
      9216,       193,         0,   0.221,pymatching,c2ee0fe2e0d594c6fb473479ca807579717f258a5cf736d0bc98fdd0f44bf536,"{""config"":[""Z0"",""Z""],""d"":7,""p"":0.008228205128205128}",
      1024,        86,         0,   0.038,pymatching,366d6399ca873ec9ea33c0ac3857822b7c479f7427ba737e86587f0bedb9cb8a,"{""config"":[""Z0"",""Z""],""d"":7,""p"":0.012861538461538462}",
     17408,       119,         0,   0.302,pymatching,5b429b6d29d719034a3de26ecfd980c276ddca64727f400fe73971740676519a,"{""config"":[""Z0"",""Z""],""d"":7,""p"":0.00608974358974359}",
     18432,       139,         0,   0.301,pymatching,d300e6d1ba983bae4e939af9fabd4c25b1a11b2fb3b999b0407884475d3fac3a,"{""config"":[""Z0"",""Z""],""d"":7,""p"":0.006446153846153846}",
     15360,       153,         0,   0.299,pymatching,b769d13792f27d381b5f4dab20ab238652929843e762191bb21789b3077246b7,"{""config"":[""Z0"",""Z""],""d"":7,""p"":0.006802564102564103}",
      8192,       243,         0,   0.216,pymatching,99407154c5efdc35a031196b6c833f608cfe5adee0f4054b9acb0881815a045b,"{""config"":[""Z0"",""Z""],""d"":7,""p"":0.00894102564102564}",
    125952,      1530,         0,   0.790,pymatching,54e93256f3c4e741b4967bc2a1dde55dcf7eff104ab5b068c0f4cf3cad575a43,"{""config"":[""Z0"",""Z""],""d"":5,""p"":0.006802564102564103}",
      1024,       102,         0,   0.045,pymatching,e5d47abd8cc483832b6aa9e19ca45f970ff9e13e753453bed5b9bf2bbbc9f411,"{""config"":[""Z0"",""Z""],""d"":7,""p"":0.012505128205128205}",
    113664,      2700,         0,   0.791,pymatching,0a533e72da500b7722b085590cf7f70da878a6055d43272b348673d22563ef4a,"{""config"":[""Z0"",""Z""],""d"":5,""p"":0.008584615384615385}",
    110592,      2083,         0,   0.792,pymatching,93468351e0ebd3e34a0a3cac6051bbd93aeeecae20ca5222ed0c742c4c31f862,"{""config"":[""Z0"",""Z""],""d"":5,""p"":0.007871794871794872}",
    147456,      1535,         0,   0.791,pymatching,c9f50bfaec719ff64287cdffbda18d59e39f48ba3b01c10eb5aa999a27c9558a,"{""config"":[""Z0"",""Z""],""d"":5,""p"":0.006446153846153846}",
    115712,      1797,         0,   0.795,pymatching,5d9ee62b2282733551f46f4e35a09b7dd3c6e4c3da1f40c6f2e9236f62adb035,"{""config"":[""Z0"",""Z""],""d"":5,""p"":0.007515384615384615}",
    120832,      1699,         0,   0.790,pymatching,eeebabfedb2a3123d26b34ded302d5207e14cbd5212359c654542b05335e542f,"{""config"":[""Z0"",""Z""],""d"":5,""p"":0.007158974358974359}",
    106496,      2243,         0,   0.798,pymatching,042d5bab02374b15388f9c56c49dfae62d63b1ac9baffd5b49ba531b90322a69,"{""config"":[""Z0"",""Z""],""d"":5,""p"":0.008228205128205128}",
     98304,      2896,         0,   0.760,pymatching,6f14bd7a86cf2b079bb8fdfef6afb63a73b9c0ef56c9eec99ed0ca01ea500326,"{""config"":[""Z0"",""Z""],""d"":5,""p"":0.009297435897435898}",
      1024,       104,         0,   0.039,pymatching,366d6399ca873ec9ea33c0ac3857822b7c479f7427ba737e86587f0bedb9cb8a,"{""config"":[""Z0"",""Z""],""d"":7,""p"":0.012861538461538462}",
    144384,      1072,         0,   0.792,pymatching,f89bd0f5bf9de83125d37164e04a498bbd4a72c2cf8caf07b9d70440e492f73e,"{""config"":[""Z0"",""Z""],""d"":5,""p"":0.005733333333333333}",
      9216,       296,         0,   0.230,pymatching,36548df23069c47b0f0e90af7827eee32aec02a920dab3317e6237c73fbcdc05,"{""config"":[""Z0"",""Z""],""d"":7,""p"":0.009297435897435898}",
      3072,       244,         0,   0.107,pymatching,a750422041c31f314c456e0d2c44aa688b9c84ad226061a7d5c212080e58f7f9,"{""config"":[""Z0"",""Z""],""d"":7,""p"":0.012148717948717948}",
      1024,        67,         0,   0.047,pymatching,e5d47abd8cc483832b6aa9e19ca45f970ff9e13e753453bed5b9bf2bbbc9f411,"{""config"":[""Z0"",""Z""],""d"":7,""p"":0.012505128205128205}",
      7168,       273,         0,   0.208,pymatching,6d88ad3a43ed5d85daf29bde13b8514815cec070fad8d42320c1385d82c9d087,"{""config"":[""Z0"",""Z""],""d"":7,""p"":0.009653846153846153}",
      1024,        90,         0,   0.039,pymatching,366d6399ca873ec9ea33c0ac3857822b7c479f7427ba737e86587f0bedb9cb8a,"{""config"":[""Z0"",""Z""],""d"":7,""p"":0.012861538461538462}",
      5120,       268,         0,   0.169,pymatching,da98e8cd9418feeb39b2eef8b4009cb1917b214eb94bc6403232d0554554ad7f,"{""config"":[""Z0"",""Z""],""d"":7,""p"":0.010723076923076922}",
      4096,       312,         0,   0.138,pymatching,ba40fb2f212c26616136c2a7e0488d440fcc4df4d5ce3f7952d7e915b7885490,"{""config"":[""Z0"",""Z""],""d"":7,""p"":0.011792307692307692}",
      5120,       290,         0,   0.158,pymatching,b6d3694e834850dac9ee7c8f2d7002a6846b99ca8f4a69cace9dbe15e20daffb,"{""config"":[""Z0"",""Z""],""d"":7,""p"":0.01107948717948718}",
    109568,      2874,         0,   0.796,pymatching,67ac4febed4903825391b6242a65ddce8166a4c64d536c840ae6682aafc43ca7,"{""config"":[""Z0"",""Z""],""d"":5,""p"":0.00894102564102564}",
     94511,        62,         0,   0.291,pymatching,415eeda5d230b505681e69ccce0cb0cbfa5ec1e573ea1824d65cd689d0872bde,"{""config"":[""Z0"",""Z""],""d"":5,""p"":0.0025256410256410257}",
     14336,       159,         0,   0.295,pymatching,d23ec93a9511dfcfad5423fbfdff24e737a6d95f98b4a1c82f4675def9472084,"{""config"":[""Z0"",""Z""],""d"":7,""p"":0.007158974358974359}",
       273,        33,         0,   0.013,pymatching,73234c9d40b5856e37c3e6370cfe24f0758803a1e193dc5f1385f23fd21b97a0,"{""config"":[""Z0"",""Z""],""d"":7,""p"":0.013217948717948718}",
      2048,       160,         0,   0.077,pymatching,e5d47abd8cc483832b6aa9e19ca45f970ff9e13e753453bed5b9bf2bbbc9f411,"{""config"":[""Z0"",""Z""],""d"":7,""p"":0.012505128205128205}",
    183296,         0,         0,   0.792,pymatching,b65d463368349fe7185a1b98546b30360d6fc664e64234f4bb889180b2328c05,"{""config"":[""Z0"",""Z""],""d"":7,""p"":1.6681005372000593e-05}",
      2048,       197,         0,   0.076,pymatching,366d6399ca873ec9ea33c0ac3857822b7c479f7427ba737e86587f0bedb9cb8a,"{""config"":[""Z0"",""Z""],""d"":7,""p"":0.012861538461538462}",
      3072,       227,         0,   0.106,pymatching,a750422041c31f314c456e0d2c44aa688b9c84ad226061a7d5c212080e58f7f9,"{""config"":[""Z0"",""Z""],""d"":7,""p"":0.012148717948717948}",
      8192,       217,         0,   0.060,pymatching,67ac4febed4903825391b6242a65ddce8166a4c64d536c840ae6682aafc43ca7,"{""config"":[""Z0"",""Z""],""d"":5,""p"":0.00894102564102564}",
      1024,        97,         0,   0.040,pymatching,73234c9d40b5856e37c3e6370cfe24f0758803a1e193dc5f1385f23fd21b97a0,"{""config"":[""Z0"",""Z""],""d"":7,""p"":0.013217948717948718}",
      7168,       308,         0,   0.218,pymatching,9b434397c66a66fc41b04f18c697e8ea60adbc546da04687ce10f9b464b84c17,"{""config"":[""Z0"",""Z""],""d"":7,""p"":0.010010256410256409}",
      5120,       323,         0,   0.183,pymatching,52ae0e84c1b2f08ad771443a768ea177b4282b167a661a2127e9ef552d2f9bfb,"{""config"":[""Z0"",""Z""],""d"":7,""p"":0.011435897435897435}",
    163840,         0,         0,   0.793,pymatching,40df5333218c9f1ad41e78dada9e208c9194c91b0d01d6e09ef3425702993856,"{""config"":[""Z0"",""Z""],""d"":7,""p"":2.782559402207126e-05}",
     14336,       213,         0,   0.308,pymatching,8a9cb5f3d9bf0e4e9eeda9a663943885691e500addf044617ef06028f6001878,"{""config"":[""Z0"",""Z""],""d"":7,""p"":0.007515384615384615}",
       273,        29,         0,   0.016,pymatching,47cf5c0afd8236401ccac4d6997b810ef32a75c41497e12003c61a934190ced5,"{""config"":[""Z0"",""Z""],""d"":7,""p"":0.013574358974358974}",
      1024,        98,         0,   0.043,pymatching,73234c9d40b5856e37c3e6370cfe24f0758803a1e193dc5f1385f23fd21b97a0,"{""config"":[""Z0"",""Z""],""d"":7,""p"":0.013217948717948718}",
    163840,         0,         0,   0.793,pymatching,0781cd5b564db096361aa7b8ac626bab203611876dcef266baf5ec54047bf09e,"{""config"":[""Z0"",""Z""],""d"":7,""p"":1e-05}",
    162816,         0,         0,   0.790,pymatching,c7f44a0ef0e93bac790826dd8100c3050c75aad57b2a233f25781d63ca452e85,"{""config"":[""Z0"",""Z""],""d"":7,""p"":7.742636826811278e-05}",
    163840,         0,         0,   0.794,pymatching,0cb351d9710e12e7079219cbbddbad68b20292aa21ef63532ec15227c0380465,"{""config"":[""Z0"",""Z""],""d"":7,""p"":4.641588833612782e-05}",
    159744,         0,         0,   0.790,pymatching,d8ef2f529c74c195dfc9a0e4cbf2da7eab499baa91a582643d631decf134f81e,"{""config"":[""Z0"",""Z""],""d"":7,""p"":0.0001291549665014884}",
      7168,       331,         0,   0.228,pymatching,e7700ccc6b5e85238edb03484213be2f2324536bcffcf5510f63c95752d4f48e,"{""config"":[""Z0"",""Z""],""d"":7,""p"":0.010366666666666666}",
      2048,       206,         0,   0.078,pymatching,366d6399ca873ec9ea33c0ac3857822b7c479f7427ba737e86587f0bedb9cb8a,"{""config"":[""Z0"",""Z""],""d"":7,""p"":0.012861538461538462}",
    155648,         0,         0,   0.791,pymatching,3febd854a65c23808c3d2b024e5b1f1ebd781309437b2c4d0f5a37de0175e6eb,"{""config"":[""Z0"",""Z""],""d"":7,""p"":0.00021544346900318823}",
     13312,       218,         0,   0.305,pymatching,3fa8637fd37c7bcc5d791dfc60540e834a556ab838715db7a66d404b022b1c87,"{""config"":[""Z0"",""Z""],""d"":7,""p"":0.007871794871794872}",
      3072,       264,         0,   0.109,pymatching,e5d47abd8cc483832b6aa9e19ca45f970ff9e13e753453bed5b9bf2bbbc9f411,"{""config"":[""Z0"",""Z""],""d"":7,""p"":0.012505128205128205}",
     64512,         7,         0,   0.571,pymatching,7e34e313d7d0a19f32f2f59fc833c88a063c1c3c866df6582028368578df4d81,"{""config"":[""Z0"",""Z""],""d"":7,""p"":0.0025256410256410257}",
      1024,       105,         0,   0.041,pymatching,73234c9d40b5856e37c3e6370cfe24f0758803a1e193dc5f1385f23fd21b97a0,"{""config"":[""Z0"",""Z""],""d"":7,""p"":0.013217948717948718}",
    148480,         0,         0,   0.790,pymatching,3c8f193bbb1e6140e27ac9e4403d659e0799049fa42ea0a1f286df7017b3868d,"{""config"":[""Z0"",""Z""],""d"":7,""p"":0.00035938136638046257}",
       273,        30,         0,   0.014,pymatching,858c04a15543d84184d5b0e9df1033310e7ed5d29635a1465c02a2dc5d263427,"{""config"":[""Z0"",""Z""],""d"":7,""p"":0.01393076923076923}",
      5120,       352,         0,   0.170,pymatching,ba40fb2f212c26616136c2a7e0488d440fcc4df4d5ce3f7952d7e915b7885490,"{""config"":[""Z0"",""Z""],""d"":7,""p"":0.011792307692307692}",
      1024,        98,         0,   0.059,pymatching,47cf5c0afd8236401ccac4d6997b810ef32a75c41497e12003c61a934190ced5,"{""config"":[""Z0"",""Z""],""d"":7,""p"":0.013574358974358974}",
     12288,       318,         0,   0.314,pymatching,8c657773fb86778a82655c06bf4ef0a8aea038a056e4f9622cb57e38e9e0dc26,"{""config"":[""Z0"",""Z""],""d"":7,""p"":0.008584615384615385}",
     66560,        18,         0,   0.572,pymatching,e45c4abd947e5226abf9ae8ee679469545253010d6ff118e307ca31a8814db17,"{""config"":[""Z0"",""Z""],""d"":7,""p"":0.0028820512820512817}",
     61440,        36,         0,   0.570,pymatching,b90e12e33080801c22852919a15e138265ce11a1817b8557974984987efe3bc1,"{""config"":[""Z0"",""Z""],""d"":7,""p"":0.003238461538461538}",
      1024,       128,         0,   0.040,pymatching,73234c9d40b5856e37c3e6370cfe24f0758803a1e193dc5f1385f23fd21b97a0,"{""config"":[""Z0"",""Z""],""d"":7,""p"":0.013217948717948718}",
     12288,       284,         0,   0.294,pymatching,c2ee0fe2e0d594c6fb473479ca807579717f258a5cf736d0bc98fdd0f44bf536,"{""config"":[""Z0"",""Z""],""d"":7,""p"":0.008228205128205128}",
      1024,       126,         0,   0.046,pymatching,858c04a15543d84184d5b0e9df1033310e7ed5d29635a1465c02a2dc5d263427,"{""config"":[""Z0"",""Z""],""d"":7,""p"":0.01393076923076923}",
    157696,         0,         0,   0.794,pymatching,4e0e77f8c9a4965cd2ede03704cecf252ee50f04d1a4f0e67abd148293b8d961,"{""config"":[""Z0"",""Z""],""d"":7,""p"":0.0005994842503189409}",
     57344,        53,         0,   0.569,pymatching,13d8d445806d333773aca5059c26fdda03046097cfa2cd356cccd33c23de85c3,"{""config"":[""Z0"",""Z""],""d"":7,""p"":0.0035948717948717946}",
     11264,       346,         0,   0.295,pymatching,99407154c5efdc35a031196b6c833f608cfe5adee0f4054b9acb0881815a045b,"{""config"":[""Z0"",""Z""],""d"":7,""p"":0.00894102564102564}",
     41984,       953,         0,   0.292,pymatching,0a533e72da500b7722b085590cf7f70da878a6055d43272b348673d22563ef4a,"{""config"":[""Z0"",""Z""],""d"":5,""p"":0.008584615384615385}",
      1024,       122,         0,   0.052,pymatching,47cf5c0afd8236401ccac4d6997b810ef32a75c41497e12003c61a934190ced5,"{""config"":[""Z0"",""Z""],""d"":7,""p"":0.013574358974358974}",
      7168,       401,         0,   0.237,pymatching,da98e8cd9418feeb39b2eef8b4009cb1917b214eb94bc6403232d0554554ad7f,"{""config"":[""Z0"",""Z""],""d"":7,""p"":0.010723076923076922}",
      7168,       392,         0,   0.219,pymatching,b6d3694e834850dac9ee7c8f2d7002a6846b99ca8f4a69cace9dbe15e20daffb,"{""config"":[""Z0"",""Z""],""d"":7,""p"":0.01107948717948718}",
    104448,        10,         0,   0.792,pymatching,7ec97d24e19ccb534438f610bb1cea3b546eed81172c888f2fb573021bd8d282,"{""config"":[""Z0"",""Z""],""d"":7,""p"":0.0018128205128205128}",
    126976,         1,         0,   0.793,pymatching,137fa8f27c0ccd4b52833709ca9476bb9df4682749e626b82b56fbd28cb63bbc,"{""config"":[""Z0"",""Z""],""d"":7,""p"":0.001}",
    113664,         4,         0,   0.796,pymatching,053cce4745c3ad44e4a9380f76e43713697aef6e48c857fb639253b1cd6a2822,"{""config"":[""Z0"",""Z""],""d"":7,""p"":0.0014564102564102565}",
    123904,         0,         0,   0.791,pymatching,377658d83ecf949fd3f24b91737ef46cdc375d0d2fd5187c0341fb3fe1aabb74,"{""config"":[""Z0"",""Z""],""d"":7,""p"":0.0011}",
      5120,       404,         0,   0.177,pymatching,a750422041c31f314c456e0d2c44aa688b9c84ad226061a7d5c212080e58f7f9,"{""config"":[""Z0"",""Z""],""d"":7,""p"":0.012148717948717948}",
      1024,       121,         0,   0.042,pymatching,858c04a15543d84184d5b0e9df1033310e7ed5d29635a1465c02a2dc5d263427,"{""config"":[""Z0"",""Z""],""d"":7,""p"":0.01393076923076923}",
      3072,       258,         0,   0.113,pymatching,366d6399ca873ec9ea33c0ac3857822b7c479f7427ba737e86587f0bedb9cb8a,"{""config"":[""Z0"",""Z""],""d"":7,""p"":0.012861538461538462}",
     45056,        79,         0,   0.572,pymatching,5891a0a3ba08325c916de00da2b1efae68943d7c4d1c41a9a748c9079ffbce15,"{""config"":[""Z0"",""Z""],""d"":7,""p"":0.0043076923076923075}",
      3072,       269,         0,   0.109,pymatching,e5d47abd8cc483832b6aa9e19ca45f970ff9e13e753453bed5b9bf2bbbc9f411,"{""config"":[""Z0"",""Z""],""d"":7,""p"":0.012505128205128205}",
     12288,       398,         0,   0.304,pymatching,36548df23069c47b0f0e90af7827eee32aec02a920dab3317e6237c73fbcdc05,"{""config"":[""Z0"",""Z""],""d"":7,""p"":0.009297435897435898}",
      1024,       116,         0,   0.046,pymatching,47cf5c0afd8236401ccac4d6997b810ef32a75c41497e12003c61a934190ced5,"{""config"":[""Z0"",""Z""],""d"":7,""p"":0.013574358974358974}",
    168239,       142,         0,   0.555,pymatching,20d026287936f946645efcbf9aaa612c888085ef02a99e1102caebf1178452a9,"{""config"":[""Z0"",""Z""],""d"":5,""p"":0.0028820512820512817}",
      2048,       196,         0,   0.079,pymatching,73234c9d40b5856e37c3e6370cfe24f0758803a1e193dc5f1385f23fd21b97a0,"{""config"":[""Z0"",""Z""],""d"":7,""p"":0.013217948717948718}",
     10240,       386,         0,   0.294,pymatching,6d88ad3a43ed5d85daf29bde13b8514815cec070fad8d42320c1385d82c9d087,"{""config"":[""Z0"",""Z""],""d"":7,""p"":0.009653846153846153}",
     48128,        62,         0,   0.574,pymatching,bd24bbfba499721b19d74cd52585386f74b6e0939bb1d2080bf1fd9187563a46,"{""config"":[""Z0"",""Z""],""d"":7,""p"":0.003951282051282051}",
      1024,       134,         0,   0.042,pymatching,858c04a15543d84184d5b0e9df1033310e7ed5d29635a1465c02a2dc5d263427,"{""config"":[""Z0"",""Z""],""d"":7,""p"":0.01393076923076923}",
     41984,       101,         0,   0.568,pymatching,17aa56354c3b8ef37ef6707903c6c7bd939c711b208deb498b5b3d226eb2c0df,"{""config"":[""Z0"",""Z""],""d"":7,""p"":0.004664102564102564}",
      6144,       363,         0,   0.218,pymatching,52ae0e84c1b2f08ad771443a768ea177b4282b167a661a2127e9ef552d2f9bfb,"{""config"":[""Z0"",""Z""],""d"":7,""p"":0.011435897435897435}",
     39936,       113,         0,   0.573,pymatching,eaece8d5a9575002560e0706d987ea298ea25470193c1b6dbb2a675e32a96376,"{""config"":[""Z0"",""Z""],""d"":7,""p"":0.00502051282051282}",
      1024,       103,         0,   0.044,pymatching,47cf5c0afd8236401ccac4d6997b810ef32a75c41497e12003c61a934190ced5,"{""config"":[""Z0"",""Z""],""d"":7,""p"":0.013574358974358974}",
     23552,       161,         0,   0.407,pymatching,5b429b6d29d719034a3de26ecfd980c276ddca64727f400fe73971740676519a,"{""config"":[""Z0"",""Z""],""d"":7,""p"":0.00608974358974359}",
     24576,       190,         0,   0.404,pymatching,d300e6d1ba983bae4e939af9fabd4c25b1a11b2fb3b999b0407884475d3fac3a,"{""config"":[""Z0"",""Z""],""d"":7,""p"":0.006446153846153846}",
       273,        28,         0,   0.017,pymatching,3e021381bcb0ebc2fc623d32203c3d72345b30d814c557c06d28f2abed845f9c,"{""config"":[""Z0"",""Z""],""d"":7,""p"":0.014287179487179487}",
     21504,       224,         0,   0.415,pymatching,b769d13792f27d381b5f4dab20ab238652929843e762191bb21789b3077246b7,"{""config"":[""Z0"",""Z""],""d"":7,""p"":0.006802564102564103}",
    159023,       234,         0,   0.527,pymatching,678957444d919a21d096ed824e293816b12a8141ac6b226f34d79524e83e9ad5,"{""config"":[""Z0"",""Z""],""d"":5,""p"":0.003238461538461538}",
     40960,       179,         0,   0.568,pymatching,eca9617815f52c439b2b6ca9c5616b3c4d8fd31d7d46d963cff4e595c6436dc0,"{""config"":[""Z0"",""Z""],""d"":7,""p"":0.005376923076923077}",
      1024,       114,         0,   0.042,pymatching,858c04a15543d84184d5b0e9df1033310e7ed5d29635a1465c02a2dc5d263427,"{""config"":[""Z0"",""Z""],""d"":7,""p"":0.01393076923076923}",
       273,        38,         0,   0.015,pymatching,60b86795a2c6fdf4c38a7b26840c0d477e93ea358a396c278f29ca08bd4f9abb,"{""config"":[""Z0"",""Z""],""d"":7,""p"":0.014643589743589744}",
      2048,       209,         0,   0.081,pymatching,73234c9d40b5856e37c3e6370cfe24f0758803a1e193dc5f1385f23fd21b97a0,"{""config"":[""Z0"",""Z""],""d"":7,""p"":0.013217948717948718}",
      1024,       129,         0,   0.045,pymatching,3e021381bcb0ebc2fc623d32203c3d72345b30d814c557c06d28f2abed845f9c,"{""config"":[""Z0"",""Z""],""d"":7,""p"":0.014287179487179487}",
     10240,       416,         0,   0.304,pymatching,9b434397c66a66fc41b04f18c697e8ea60adbc546da04687ce10f9b464b84c17,"{""config"":[""Z0"",""Z""],""d"":7,""p"":0.010010256410256409}",
     96256,        12,         0,   0.792,pymatching,39e1294b78bbea49908c76c56ec9a6ba2fa3620e08fc122d3d3e0f360d5cc320,"{""config"":[""Z0"",""Z""],""d"":7,""p"":0.002169230769230769}",
      2048,       222,         0,   0.090,pymatching,47cf5c0afd8236401ccac4d6997b810ef32a75c41497e12003c61a934190ced5,"{""config"":[""Z0"",""Z""],""d"":7,""p"":0.013574358974358974}",
      7168,       494,         0,   0.237,pymatching,ba40fb2f212c26616136c2a7e0488d440fcc4df4d5ce3f7952d7e915b7885490,"{""config"":[""Z0"",""Z""],""d"":7,""p"":0.011792307692307692}",
      4096,       402,         0,   0.152,pymatching,366d6399ca873ec9ea33c0ac3857822b7c479f7427ba737e86587f0bedb9cb8a,"{""config"":[""Z0"",""Z""],""d"":7,""p"":0.012861538461538462}",
      1024,       123,         0,   0.051,pymatching,60b86795a2c6fdf4c38a7b26840c0d477e93ea358a396c278f29ca08bd4f9abb,"{""config"":[""Z0"",""Z""],""d"":7,""p"":0.014643589743589744}",
      1024,       127,         0,   0.044,pymatching,3e021381bcb0ebc2fc623d32203c3d72345b30d814c557c06d28f2abed845f9c,"{""config"":[""Z0"",""Z""],""d"":7,""p"":0.014287179487179487}",
      2048,       243,         0,   0.086,pymatching,858c04a15543d84184d5b0e9df1033310e7ed5d29635a1465c02a2dc5d263427,"{""config"":[""Z0"",""Z""],""d"":7,""p"":0.01393076923076923}",
       273,        40,         0,   0.018,pymatching,98f5036ad6e5f9766eff47248c8feb8f1a4d42ae140157683b189cfc951c6f50,"{""config"":[""Z0"",""Z""],""d"":7,""p"":0.014999999999999998}",
     20480,       243,         0,   0.414,pymatching,d23ec93a9511dfcfad5423fbfdff24e737a6d95f98b4a1c82f4675def9472084,"{""config"":[""Z0"",""Z""],""d"":7,""p"":0.007158974358974359}",
     38912,       207,         0,   0.567,pymatching,92a7abdf4c8e6971e7de69c7aca3790c3892e94df6498b04b16cecd04e71a269,"{""config"":[""Z0"",""Z""],""d"":7,""p"":0.005733333333333333}",
      5120,       477,         0,   0.183,pymatching,e5d47abd8cc483832b6aa9e19ca45f970ff9e13e753453bed5b9bf2bbbc9f411,"{""config"":[""Z0"",""Z""],""d"":7,""p"":0.012505128205128205}",
     10240,       453,         0,   0.319,pymatching,e7700ccc6b5e85238edb03484213be2f2324536bcffcf5510f63c95752d4f48e,"{""config"":[""Z0"",""Z""],""d"":7,""p"":0.010366666666666666}",
      1024,       133,         0,   0.044,pymatching,3e021381bcb0ebc2fc623d32203c3d72345b30d814c557c06d28f2abed845f9c,"{""config"":[""Z0"",""Z""],""d"":7,""p"":0.014287179487179487}",
      1024,       139,         0,   0.050,pymatching,60b86795a2c6fdf4c38a7b26840c0d477e93ea358a396c278f29ca08bd4f9abb,"{""config"":[""Z0"",""Z""],""d"":7,""p"":0.014643589743589744}",
      6144,       478,         0,   0.213,pymatching,a750422041c31f314c456e0d2c44aa688b9c84ad226061a7d5c212080e58f7f9,"{""config"":[""Z0"",""Z""],""d"":7,""p"":0.012148717948717948}",
      3072,       312,         0,   0.121,pymatching,73234c9d40b5856e37c3e6370cfe24f0758803a1e193dc5f1385f23fd21b97a0,"{""config"":[""Z0"",""Z""],""d"":7,""p"":0.013217948717948718}",
      1024,       148,         0,   0.058,pymatching,98f5036ad6e5f9766eff47248c8feb8f1a4d42ae140157683b189cfc951c6f50,"{""config"":[""Z0"",""Z""],""d"":7,""p"":0.014999999999999998}",
      1024,       132,         0,   0.044,pymatching,3e021381bcb0ebc2fc623d32203c3d72345b30d814c557c06d28f2abed845f9c,"{""config"":[""Z0"",""Z""],""d"":7,""p"":0.014287179487179487}",
      2048,       250,         0,   0.101,pymatching,47cf5c0afd8236401ccac4d6997b810ef32a75c41497e12003c61a934190ced5,"{""config"":[""Z0"",""Z""],""d"":7,""p"":0.013574358974358974}",
      2048,       231,         0,   0.086,pymatching,858c04a15543d84184d5b0e9df1033310e7ed5d29635a1465c02a2dc5d263427,"{""config"":[""Z0"",""Z""],""d"":7,""p"":0.01393076923076923}",
      1024,       151,         0,   0.051,pymatching,60b86795a2c6fdf4c38a7b26840c0d477e93ea358a396c278f29ca08bd4f9abb,"{""config"":[""Z0"",""Z""],""d"":7,""p"":0.014643589743589744}",
     19456,       294,         0,   0.414,pymatching,8a9cb5f3d9bf0e4e9eeda9a663943885691e500addf044617ef06028f6001878,"{""config"":[""Z0"",""Z""],""d"":7,""p"":0.007515384615384615}",
      9216,       497,         0,   0.299,pymatching,da98e8cd9418feeb39b2eef8b4009cb1917b214eb94bc6403232d0554554ad7f,"{""config"":[""Z0"",""Z""],""d"":7,""p"":0.010723076923076922}",
      1024,       136,         0,   0.055,pymatching,98f5036ad6e5f9766eff47248c8feb8f1a4d42ae140157683b189cfc951c6f50,"{""config"":[""Z0"",""Z""],""d"":7,""p"":0.014999999999999998}",
    215343,       434,         0,   0.729,pymatching,134340847ed9530aeb61aa7f4b4f644b1be4421982e46f98239fd7b0e394a4d7,"{""config"":[""Z0"",""Z""],""d"":5,""p"":0.0035948717948717946}",
     10240,       576,         0,   0.315,pymatching,b6d3694e834850dac9ee7c8f2d7002a6846b99ca8f4a69cace9dbe15e20daffb,"{""config"":[""Z0"",""Z""],""d"":7,""p"":0.01107948717948718}",
    183296,       521,         0,   0.729,pymatching,e7e63a9be967615086d8ecc7576c4fad0c17b232da5cf7f7d78ff5ee460004a3,"{""config"":[""Z0"",""Z""],""d"":5,""p"":0.003951282051282051}",
      1024,       138,         0,   0.050,pymatching,60b86795a2c6fdf4c38a7b26840c0d477e93ea358a396c278f29ca08bd4f9abb,"{""config"":[""Z0"",""Z""],""d"":7,""p"":0.014643589743589744}",
     18432,       331,         0,   0.415,pymatching,3fa8637fd37c7bcc5d791dfc60540e834a556ab838715db7a66d404b022b1c87,"{""config"":[""Z0"",""Z""],""d"":7,""p"":0.007871794871794872}",
     16384,       403,         0,   0.409,pymatching,8c657773fb86778a82655c06bf4ef0a8aea038a056e4f9622cb57e38e9e0dc26,"{""config"":[""Z0"",""Z""],""d"":7,""p"":0.008584615384615385}",
      3345,         7,         0,   0.014,pymatching,e7e63a9be967615086d8ecc7576c4fad0c17b232da5cf7f7d78ff5ee460004a3,"{""config"":[""Z0"",""Z""],""d"":5,""p"":0.003951282051282051}",
      2048,       262,         0,   0.087,pymatching,3e021381bcb0ebc2fc623d32203c3d72345b30d814c557c06d28f2abed845f9c,"{""config"":[""Z0"",""Z""],""d"":7,""p"":0.014287179487179487}",
      8192,       535,         0,   0.289,pymatching,52ae0e84c1b2f08ad771443a768ea177b4282b167a661a2127e9ef552d2f9bfb,"{""config"":[""Z0"",""Z""],""d"":7,""p"":0.011435897435897435}",
      1024,       162,         0,   0.053,pymatching,98f5036ad6e5f9766eff47248c8feb8f1a4d42ae140157683b189cfc951c6f50,"{""config"":[""Z0"",""Z""],""d"":7,""p"":0.014999999999999998}",
      4096,        10,         0,   0.015,pymatching,e7e63a9be967615086d8ecc7576c4fad0c17b232da5cf7f7d78ff5ee460004a3,"{""config"":[""Z0"",""Z""],""d"":5,""p"":0.003951282051282051}",
     17408,       391,         0,   0.410,pymatching,c2ee0fe2e0d594c6fb473479ca807579717f258a5cf736d0bc98fdd0f44bf536,"{""config"":[""Z0"",""Z""],""d"":7,""p"":0.008228205128205128}",
      6144,        15,         0,   0.023,pymatching,e7e63a9be967615086d8ecc7576c4fad0c17b232da5cf7f7d78ff5ee460004a3,"{""config"":[""Z0"",""Z""],""d"":5,""p"":0.003951282051282051}",
      6144,       595,         0,   0.227,pymatching,366d6399ca873ec9ea33c0ac3857822b7c479f7427ba737e86587f0bedb9cb8a,"{""config"":[""Z0"",""Z""],""d"":7,""p"":0.012861538461538462}",
      3072,       340,         0,   0.130,pymatching,858c04a15543d84184d5b0e9df1033310e7ed5d29635a1465c02a2dc5d263427,"{""config"":[""Z0"",""Z""],""d"":7,""p"":0.01393076923076923}",
      3072,       311,         0,   0.137,pymatching,47cf5c0afd8236401ccac4d6997b810ef32a75c41497e12003c61a934190ced5,"{""config"":[""Z0"",""Z""],""d"":7,""p"":0.013574358974358974}",
     16384,       467,         0,   0.426,pymatching,99407154c5efdc35a031196b6c833f608cfe5adee0f4054b9acb0881815a045b,"{""config"":[""Z0"",""Z""],""d"":7,""p"":0.00894102564102564}",
      4096,       456,         0,   0.161,pymatching,73234c9d40b5856e37c3e6370cfe24f0758803a1e193dc5f1385f23fd21b97a0,"{""config"":[""Z0"",""Z""],""d"":7,""p"":0.013217948717948718}",
      1024,       147,         0,   0.050,pymatching,98f5036ad6e5f9766eff47248c8feb8f1a4d42ae140157683b189cfc951c6f50,"{""config"":[""Z0"",""Z""],""d"":7,""p"":0.014999999999999998}",
      7168,        18,         0,   0.027,pymatching,e7e63a9be967615086d8ecc7576c4fad0c17b232da5cf7f7d78ff5ee460004a3,"{""config"":[""Z0"",""Z""],""d"":5,""p"":0.003951282051282051}",
      2048,       278,         0,   0.103,pymatching,60b86795a2c6fdf4c38a7b26840c0d477e93ea358a396c278f29ca08bd4f9abb,"{""config"":[""Z0"",""Z""],""d"":7,""p"":0.014643589743589744}",
      6144,       544,         0,   0.219,pymatching,e5d47abd8cc483832b6aa9e19ca45f970ff9e13e753453bed5b9bf2bbbc9f411,"{""config"":[""Z0"",""Z""],""d"":7,""p"":0.012505128205128205}",
     16384,       559,         0,   0.407,pymatching,36548df23069c47b0f0e90af7827eee32aec02a920dab3317e6237c73fbcdc05,"{""config"":[""Z0"",""Z""],""d"":7,""p"":0.009297435897435898}",
      2048,       259,         0,   0.088,pymatching,3e021381bcb0ebc2fc623d32203c3d72345b30d814c557c06d28f2abed845f9c,"{""config"":[""Z0"",""Z""],""d"":7,""p"":0.014287179487179487}",
     14336,       504,         0,   0.406,pymatching,6d88ad3a43ed5d85daf29bde13b8514815cec070fad8d42320c1385d82c9d087,"{""config"":[""Z0"",""Z""],""d"":7,""p"":0.009653846153846153}",
     11264,        40,         0,   0.041,pymatching,e7e63a9be967615086d8ecc7576c4fad0c17b232da5cf7f7d78ff5ee460004a3,"{""config"":[""Z0"",""Z""],""d"":5,""p"":0.003951282051282051}",
      9216,       657,         0,   0.306,pymatching,ba40fb2f212c26616136c2a7e0488d440fcc4df4d5ce3f7952d7e915b7885490,"{""config"":[""Z0"",""Z""],""d"":7,""p"":0.011792307692307692}",
    104448,      2214,         0,   0.771,pymatching,042d5bab02374b15388f9c56c49dfae62d63b1ac9baffd5b49ba531b90322a69,"{""config"":[""Z0"",""Z""],""d"":5,""p"":0.008228205128205128}",
    215040,       688,         0,   0.912,pymatching,61c82650e7dffb26f8e91ed4cb8706a75cbe08dedd26980f071b70573b020adb,"{""config"":[""Z0"",""Z""],""d"":5,""p"":0.0043076923076923075}",
     14336,        34,         0,   0.054,pymatching,e7e63a9be967615086d8ecc7576c4fad0c17b232da5cf7f7d78ff5ee460004a3,"{""config"":[""Z0"",""Z""],""d"":5,""p"":0.003951282051282051}",
      2048,       314,         0,   0.102,pymatching,98f5036ad6e5f9766eff47248c8feb8f1a4d42ae140157683b189cfc951c6f50,"{""config"":[""Z0"",""Z""],""d"":7,""p"":0.014999999999999998}",
      2048,       265,         0,   0.100,pymatching,60b86795a2c6fdf4c38a7b26840c0d477e93ea358a396c278f29ca08bd4f9abb,"{""config"":[""Z0"",""Z""],""d"":7,""p"":0.014643589743589744}",
      2321,        10,         0,   0.012,pymatching,61c82650e7dffb26f8e91ed4cb8706a75cbe08dedd26980f071b70573b020adb,"{""config"":[""Z0"",""Z""],""d"":5,""p"":0.0043076923076923075}",
      9216,       755,         0,   0.319,pymatching,a750422041c31f314c456e0d2c44aa688b9c84ad226061a7d5c212080e58f7f9,"{""config"":[""Z0"",""Z""],""d"":7,""p"":0.012148717948717948}",
      4096,        15,         0,   0.017,pymatching,61c82650e7dffb26f8e91ed4cb8706a75cbe08dedd26980f071b70573b020adb,"{""config"":[""Z0"",""Z""],""d"":5,""p"":0.0043076923076923075}",
      4096,       468,         0,   0.168,pymatching,858c04a15543d84184d5b0e9df1033310e7ed5d29635a1465c02a2dc5d263427,"{""config"":[""Z0"",""Z""],""d"":7,""p"":0.01393076923076923}",
      3072,       371,         0,   0.132,pymatching,3e021381bcb0ebc2fc623d32203c3d72345b30d814c557c06d28f2abed845f9c,"{""config"":[""Z0"",""Z""],""d"":7,""p"":0.014287179487179487}",
     14336,       603,         0,   0.429,pymatching,9b434397c66a66fc41b04f18c697e8ea60adbc546da04687ce10f9b464b84c17,"{""config"":[""Z0"",""Z""],""d"":7,""p"":0.010010256410256409}",
      5120,        17,         0,   0.022,pymatching,61c82650e7dffb26f8e91ed4cb8706a75cbe08dedd26980f071b70573b020adb,"{""config"":[""Z0"",""Z""],""d"":5,""p"":0.0043076923076923075}",
     19334,        42,         0,   0.070,pymatching,e7e63a9be967615086d8ecc7576c4fad0c17b232da5cf7f7d78ff5ee460004a3,"{""config"":[""Z0"",""Z""],""d"":5,""p"":0.003951282051282051}",
      4096,       441,         0,   0.178,pymatching,47cf5c0afd8236401ccac4d6997b810ef32a75c41497e12003c61a934190ced5,"{""config"":[""Z0"",""Z""],""d"":7,""p"":0.013574358974358974}",
     58368,       176,         0,   0.260,pymatching,e7e63a9be967615086d8ecc7576c4fad0c17b232da5cf7f7d78ff5ee460004a3,"{""config"":[""Z0"",""Z""],""d"":5,""p"":0.003951282051282051}",
      3660,         8,         0,   0.013,pymatching,e7e63a9be967615086d8ecc7576c4fad0c17b232da5cf7f7d78ff5ee460004a3,"{""config"":[""Z0"",""Z""],""d"":5,""p"":0.003951282051282051}",
      2048,         4,         0,   0.009,pymatching,e7e63a9be967615086d8ecc7576c4fad0c17b232da5cf7f7d78ff5ee460004a3,"{""config"":[""Z0"",""Z""],""d"":5,""p"":0.003951282051282051}",
      7168,        24,         0,   0.032,pymatching,61c82650e7dffb26f8e91ed4cb8706a75cbe08dedd26980f071b70573b020adb,"{""config"":[""Z0"",""Z""],""d"":5,""p"":0.0043076923076923075}",
      2048,       281,         0,   0.101,pymatching,98f5036ad6e5f9766eff47248c8feb8f1a4d42ae140157683b189cfc951c6f50,"{""config"":[""Z0"",""Z""],""d"":7,""p"":0.014999999999999998}",
       806,         0,         0,   0.003,pymatching,e7e63a9be967615086d8ecc7576c4fad0c17b232da5cf7f7d78ff5ee460004a3,"{""config"":[""Z0"",""Z""],""d"":5,""p"":0.003951282051282051}",
       806,         3,         0,   0.003,pymatching,e7e63a9be967615086d8ecc7576c4fad0c17b232da5cf7f7d78ff5ee460004a3,"{""config"":[""Z0"",""Z""],""d"":5,""p"":0.003951282051282051}",
     13312,       628,         0,   0.415,pymatching,e7700ccc6b5e85238edb03484213be2f2324536bcffcf5510f63c95752d4f48e,"{""config"":[""Z0"",""Z""],""d"":7,""p"":0.010366666666666666}",
    247808,       985,         0,    1.01,pymatching,e885ab55bb9257731d504f45c60a7927b0be113f52f8a1095bfa6ca46426372b,"{""config"":[""Z0"",""Z""],""d"":5,""p"":0.004664102564102564}",
      9216,        30,         0,   0.039,pymatching,61c82650e7dffb26f8e91ed4cb8706a75cbe08dedd26980f071b70573b020adb,"{""config"":[""Z0"",""Z""],""d"":5,""p"":0.0043076923076923075}",
      6144,       645,         0,   0.240,pymatching,73234c9d40b5856e37c3e6370cfe24f0758803a1e193dc5f1385f23fd21b97a0,"{""config"":[""Z0"",""Z""],""d"":7,""p"":0.013217948717948718}",
    213656,      1090,         0,    1.01,pymatching,50edce6ab9cb0ce1e74fad5cf142be6595d568174b66aa2f37eba6b6bf8ea45b,"{""config"":[""Z0"",""Z""],""d"":5,""p"":0.00502051282051282}",
     33792,       234,         0,   0.571,pymatching,5b429b6d29d719034a3de26ecfd980c276ddca64727f400fe73971740676519a,"{""config"":[""Z0"",""Z""],""d"":7,""p"":0.00608974358974359}",
     34816,       314,         0,   0.573,pymatching,d300e6d1ba983bae4e939af9fabd4c25b1a11b2fb3b999b0407884475d3fac3a,"{""config"":[""Z0"",""Z""],""d"":7,""p"":0.006446153846153846}",
     29696,       314,         0,   0.574,pymatching,b769d13792f27d381b5f4dab20ab238652929843e762191bb21789b3077246b7,"{""config"":[""Z0"",""Z""],""d"":7,""p"":0.006802564102564103}",
      2321,        10,         0,   0.012,pymatching,e885ab55bb9257731d504f45c60a7927b0be113f52f8a1095bfa6ca46426372b,"{""config"":[""Z0"",""Z""],""d"":5,""p"":0.004664102564102564}",
      2321,        17,         0,   0.011,pymatching,50edce6ab9cb0ce1e74fad5cf142be6595d568174b66aa2f37eba6b6bf8ea45b,"{""config"":[""Z0"",""Z""],""d"":5,""p"":0.00502051282051282}",
      3072,       404,         0,   0.152,pymatching,60b86795a2c6fdf4c38a7b26840c0d477e93ea358a396c278f29ca08bd4f9abb,"{""config"":[""Z0"",""Z""],""d"":7,""p"":0.014643589743589744}",
      3072,        16,         0,   0.015,pymatching,e885ab55bb9257731d504f45c60a7927b0be113f52f8a1095bfa6ca46426372b,"{""config"":[""Z0"",""Z""],""d"":5,""p"":0.004664102564102564}",
      4096,        22,         0,   0.018,pymatching,50edce6ab9cb0ce1e74fad5cf142be6595d568174b66aa2f37eba6b6bf8ea45b,"{""config"":[""Z0"",""Z""],""d"":5,""p"":0.00502051282051282}",
     13312,        44,         0,   0.056,pymatching,61c82650e7dffb26f8e91ed4cb8706a75cbe08dedd26980f071b70573b020adb,"{""config"":[""Z0"",""Z""],""d"":5,""p"":0.0043076923076923075}",
      8192,       775,         0,   0.307,pymatching,366d6399ca873ec9ea33c0ac3857822b7c479f7427ba737e86587f0bedb9cb8a,"{""config"":[""Z0"",""Z""],""d"":7,""p"":0.012861538461538462}",
      4096,        21,         0,   0.021,pymatching,e885ab55bb9257731d504f45c60a7927b0be113f52f8a1095bfa6ca46426372b,"{""config"":[""Z0"",""Z""],""d"":5,""p"":0.004664102564102564}",
     98304,        18,         0,   0.797,pymatching,7e34e313d7d0a19f32f2f59fc833c88a063c1c3c866df6582028368578df4d81,"{""config"":[""Z0"",""Z""],""d"":7,""p"":0.0025256410256410257}",
     13312,       672,         0,   0.431,pymatching,da98e8cd9418feeb39b2eef8b4009cb1917b214eb94bc6403232d0554554ad7f,"{""config"":[""Z0"",""Z""],""d"":7,""p"":0.010723076923076922}",
     13312,       809,         0,   0.412,pymatching,b6d3694e834850dac9ee7c8f2d7002a6846b99ca8f4a69cace9dbe15e20daffb,"{""config"":[""Z0"",""Z""],""d"":7,""p"":0.01107948717948718}",
      5120,        33,         0,   0.024,pymatching,50edce6ab9cb0ce1e74fad5cf142be6595d568174b66aa2f37eba6b6bf8ea45b,"{""config"":[""Z0"",""Z""],""d"":5,""p"":0.00502051282051282}",
      8192,       715,         0,   0.297,pymatching,e5d47abd8cc483832b6aa9e19ca45f970ff9e13e753453bed5b9bf2bbbc9f411,"{""config"":[""Z0"",""Z""],""d"":7,""p"":0.012505128205128205}",
      6144,        32,         0,   0.031,pymatching,e885ab55bb9257731d504f45c60a7927b0be113f52f8a1095bfa6ca46426372b,"{""config"":[""Z0"",""Z""],""d"":5,""p"":0.004664102564102564}",
      4096,       523,         0,   0.175,pymatching,3e021381bcb0ebc2fc623d32203c3d72345b30d814c557c06d28f2abed845f9c,"{""config"":[""Z0"",""Z""],""d"":7,""p"":0.014287179487179487}",
     93184,        37,         0,   0.798,pymatching,e45c4abd947e5226abf9ae8ee679469545253010d6ff118e307ca31a8814db17,"{""config"":[""Z0"",""Z""],""d"":7,""p"":0.0028820512820512817}",
      7168,        37,         0,   0.030,pymatching,50edce6ab9cb0ce1e74fad5cf142be6595d568174b66aa2f37eba6b6bf8ea45b,"{""config"":[""Z0"",""Z""],""d"":5,""p"":0.00502051282051282}",
    198656,      1785,         0,    1.11,pymatching,e4615fc35f9108f307fbb96eee8e4b9882d86b0790449d432e1e444cabcc2415,"{""config"":[""Z0"",""Z""],""d"":5,""p"":0.00608974358974359}",
    243712,      1514,         0,    1.11,pymatching,4aa399119067a333f968868ed025e4b6606950afd6c887f61c25e26de1bd886e,"{""config"":[""Z0"",""Z""],""d"":5,""p"":0.005376923076923077}",
     86016,        41,         0,   0.795,pymatching,b90e12e33080801c22852919a15e138265ce11a1817b8557974984987efe3bc1,"{""config"":[""Z0"",""Z""],""d"":7,""p"":0.003238461538461538}",
      3072,       469,         0,   0.154,pymatching,98f5036ad6e5f9766eff47248c8feb8f1a4d42ae140157683b189cfc951c6f50,"{""config"":[""Z0"",""Z""],""d"":7,""p"":0.014999999999999998}",
     79872,        58,         0,   0.793,pymatching,13d8d445806d333773aca5059c26fdda03046097cfa2cd356cccd33c23de85c3,"{""config"":[""Z0"",""Z""],""d"":7,""p"":0.0035948717948717946}",
    153600,      2824,         0,    1.08,pymatching,93468351e0ebd3e34a0a3cac6051bbd93aeeecae20ca5222ed0c742c4c31f862,"{""config"":[""Z0"",""Z""],""d"":5,""p"":0.007871794871794872}",
     28672,       374,         0,   0.579,pymatching,d23ec93a9511dfcfad5423fbfdff24e737a6d95f98b4a1c82f4675def9472084,"{""config"":[""Z0"",""Z""],""d"":7,""p"":0.007158974358974359}",
     18432,        41,         0,   0.077,pymatching,61c82650e7dffb26f8e91ed4cb8706a75cbe08dedd26980f071b70573b020adb,"{""config"":[""Z0"",""Z""],""d"":5,""p"":0.0043076923076923075}",
      5120,       553,         0,   0.212,pymatching,858c04a15543d84184d5b0e9df1033310e7ed5d29635a1465c02a2dc5d263427,"{""config"":[""Z0"",""Z""],""d"":7,""p"":0.01393076923076923}",
      7168,        34,         0,   0.041,pymatching,e885ab55bb9257731d504f45c60a7927b0be113f52f8a1095bfa6ca46426372b,"{""config"":[""Z0"",""Z""],""d"":5,""p"":0.004664102564102564}",
     12288,       802,         0,   0.432,pymatching,52ae0e84c1b2f08ad771443a768ea177b4282b167a661a2127e9ef552d2f9bfb,"{""config"":[""Z0"",""Z""],""d"":7,""p"":0.011435897435897435}",
      8192,        42,         0,   0.038,pymatching,50edce6ab9cb0ce1e74fad5cf142be6595d568174b66aa2f37eba6b6bf8ea45b,"{""config"":[""Z0"",""Z""],""d"":5,""p"":0.00502051282051282}",
    180224,      2251,         0,    1.11,pymatching,54e93256f3c4e741b4967bc2a1dde55dcf7eff104ab5b068c0f4cf3cad575a43,"{""config"":[""Z0"",""Z""],""d"":5,""p"":0.006802564102564103}",
      5120,       541,         0,   0.224,pymatching,47cf5c0afd8236401ccac4d6997b810ef32a75c41497e12003c61a934190ced5,"{""config"":[""Z0"",""Z""],""d"":7,""p"":0.013574358974358974}",
    209920,      2185,         0,    1.11,pymatching,c9f50bfaec719ff64287cdffbda18d59e39f48ba3b01c10eb5aa999a27c9558a,"{""config"":[""Z0"",""Z""],""d"":5,""p"":0.006446153846153846}",
    164864,      2833,         0,    1.11,pymatching,5d9ee62b2282733551f46f4e35a09b7dd3c6e4c3da1f40c6f2e9236f62adb035,"{""config"":[""Z0"",""Z""],""d"":5,""p"":0.007515384615384615}",
    172032,      2495,         0,    1.11,pymatching,eeebabfedb2a3123d26b34ded302d5207e14cbd5212359c654542b05335e542f,"{""config"":[""Z0"",""Z""],""d"":5,""p"":0.007158974358974359}",
     63488,       120,         0,   0.792,pymatching,5891a0a3ba08325c916de00da2b1efae68943d7c4d1c41a9a748c9079ffbce15,"{""config"":[""Z0"",""Z""],""d"":7,""p"":0.0043076923076923075}",
      2321,        18,         0,   0.013,pymatching,4aa399119067a333f968868ed025e4b6606950afd6c887f61c25e26de1bd886e,"{""config"":[""Z0"",""Z""],""d"":5,""p"":0.005376923076923077}",
    208896,      1552,         0,    1.11,pymatching,f89bd0f5bf9de83125d37164e04a498bbd4a72c2cf8caf07b9d70440e492f73e,"{""config"":[""Z0"",""Z""],""d"":5,""p"":0.005733333333333333}",
      3072,       433,         0,   0.152,pymatching,60b86795a2c6fdf4c38a7b26840c0d477e93ea358a396c278f29ca08bd4f9abb,"{""config"":[""Z0"",""Z""],""d"":7,""p"":0.014643589743589744}",
      3072,        29,         0,   0.016,pymatching,4aa399119067a333f968868ed025e4b6606950afd6c887f61c25e26de1bd886e,"{""config"":[""Z0"",""Z""],""d"":5,""p"":0.005376923076923077}",
     10240,        50,         0,   0.055,pymatching,e885ab55bb9257731d504f45c60a7927b0be113f52f8a1095bfa6ca46426372b,"{""config"":[""Z0"",""Z""],""d"":5,""p"":0.004664102564102564}",
     12288,        66,         0,   0.054,pymatching,50edce6ab9cb0ce1e74fad5cf142be6595d568174b66aa2f37eba6b6bf8ea45b,"{""config"":[""Z0"",""Z""],""d"":5,""p"":0.00502051282051282}",
     79512,       252,         0,   0.336,pymatching,61c82650e7dffb26f8e91ed4cb8706a75cbe08dedd26980f071b70573b020adb,"{""config"":[""Z0"",""Z""],""d"":5,""p"":0.0043076923076923075}",
     67584,        85,         0,   0.794,pymatching,bd24bbfba499721b19d74cd52585386f74b6e0939bb1d2080bf1fd9187563a46,"{""config"":[""Z0"",""Z""],""d"":7,""p"":0.003951282051282051}",
     49816,       207,         0,   0.203,pymatching,e885ab55bb9257731d504f45c60a7927b0be113f52f8a1095bfa6ca46426372b,"{""config"":[""Z0"",""Z""],""d"":5,""p"":0.004664102564102564}",
     17408,        50,         0,   0.075,pymatching,61c82650e7dffb26f8e91ed4cb8706a75cbe08dedd26980f071b70573b020adb,"{""config"":[""Z0"",""Z""],""d"":5,""p"":0.0043076923076923075}",
     26624,       414,         0,   0.568,pymatching,8a9cb5f3d9bf0e4e9eeda9a663943885691e500addf044617ef06028f6001878,"{""config"":[""Z0"",""Z""],""d"":7,""p"":0.007515384615384615}",
      1219,         2,         0,   0.005,pymatching,61c82650e7dffb26f8e91ed4cb8706a75cbe08dedd26980f071b70573b020adb,"{""config"":[""Z0"",""Z""],""d"":5,""p"":0.0043076923076923075}",
      4096,        19,         0,   0.021,pymatching,4aa399119067a333f968868ed025e4b6606950afd6c887f61c25e26de1bd886e,"{""config"":[""Z0"",""Z""],""d"":5,""p"":0.005376923076923077}",
       610,         4,         0,   0.003,pymatching,61c82650e7dffb26f8e91ed4cb8706a75cbe08dedd26980f071b70573b020adb,"{""config"":[""Z0"",""Z""],""d"":5,""p"":0.0043076923076923075}",
     60416,       145,         0,   0.804,pymatching,17aa56354c3b8ef37ef6707903c6c7bd939c711b208deb498b5b3d226eb2c0df,"{""config"":[""Z0"",""Z""],""d"":7,""p"":0.004664102564102564}",
     56320,       191,         0,   0.802,pymatching,eaece8d5a9575002560e0706d987ea298ea25470193c1b6dbb2a675e32a96376,"{""config"":[""Z0"",""Z""],""d"":7,""p"":0.00502051282051282}",
       305,         0,         0,   0.001,pymatching,61c82650e7dffb26f8e91ed4cb8706a75cbe08dedd26980f071b70573b020adb,"{""config"":[""Z0"",""Z""],""d"":5,""p"":0.0043076923076923075}",
       152,         0,         0,   0.001,pymatching,61c82650e7dffb26f8e91ed4cb8706a75cbe08dedd26980f071b70573b020adb,"{""config"":[""Z0"",""Z""],""d"":5,""p"":0.0043076923076923075}",
     12288,       871,         0,   0.407,pymatching,ba40fb2f212c26616136c2a7e0488d440fcc4df4d5ce3f7952d7e915b7885490,"{""config"":[""Z0"",""Z""],""d"":7,""p"":0.011792307692307692}",
        76,         0,         0,   0.000,pymatching,61c82650e7dffb26f8e91ed4cb8706a75cbe08dedd26980f071b70573b020adb,"{""config"":[""Z0"",""Z""],""d"":5,""p"":0.0043076923076923075}",
        38,         1,         0,   0.000,pymatching,61c82650e7dffb26f8e91ed4cb8706a75cbe08dedd26980f071b70573b020adb,"{""config"":[""Z0"",""Z""],""d"":5,""p"":0.0043076923076923075}",
      8387,        25,         0,   0.047,pymatching,e885ab55bb9257731d504f45c60a7927b0be113f52f8a1095bfa6ca46426372b,"{""config"":[""Z0"",""Z""],""d"":5,""p"":0.004664102564102564}",
        19,         0,         0,   0.000,pymatching,61c82650e7dffb26f8e91ed4cb8706a75cbe08dedd26980f071b70573b020adb,"{""config"":[""Z0"",""Z""],""d"":5,""p"":0.0043076923076923075}",
      6144,        29,         0,   0.025,pymatching,e885ab55bb9257731d504f45c60a7927b0be113f52f8a1095bfa6ca46426372b,"{""config"":[""Z0"",""Z""],""d"":5,""p"":0.004664102564102564}",
      6144,        42,         0,   0.031,pymatching,4aa399119067a333f968868ed025e4b6606950afd6c887f61c25e26de1bd886e,"{""config"":[""Z0"",""Z""],""d"":5,""p"":0.005376923076923077}",
     57344,       257,         0,   0.799,pymatching,eca9617815f52c439b2b6ca9c5616b3c4d8fd31d7d46d963cff4e595c6436dc0,"{""config"":[""Z0"",""Z""],""d"":7,""p"":0.005376923076923077}",
     25600,       459,         0,   0.574,pymatching,3fa8637fd37c7bcc5d791dfc60540e834a556ab838715db7a66d404b022b1c87,"{""config"":[""Z0"",""Z""],""d"":7,""p"":0.007871794871794872}",
        10,         0,         0,   0.000,pymatching,61c82650e7dffb26f8e91ed4cb8706a75cbe08dedd26980f071b70573b020adb,"{""config"":[""Z0"",""Z""],""d"":5,""p"":0.0043076923076923075}",
         5,         0,         0,   0.000,pymatching,61c82650e7dffb26f8e91ed4cb8706a75cbe08dedd26980f071b70573b020adb,"{""config"":[""Z0"",""Z""],""d"":5,""p"":0.0043076923076923075}",
      1121,         6,         0,   0.005,pymatching,e885ab55bb9257731d504f45c60a7927b0be113f52f8a1095bfa6ca46426372b,"{""config"":[""Z0"",""Z""],""d"":5,""p"":0.004664102564102564}",
      1024,         2,         0,   0.004,pymatching,e885ab55bb9257731d504f45c60a7927b0be113f52f8a1095bfa6ca46426372b,"{""config"":[""Z0"",""Z""],""d"":5,""p"":0.004664102564102564}",
         2,         0,         0,   0.000,pymatching,61c82650e7dffb26f8e91ed4cb8706a75cbe08dedd26980f071b70573b020adb,"{""config"":[""Z0"",""Z""],""d"":5,""p"":0.0043076923076923075}",
         1,         0,         0,   0.000,pymatching,61c82650e7dffb26f8e91ed4cb8706a75cbe08dedd26980f071b70573b020adb,"{""config"":[""Z0"",""Z""],""d"":5,""p"":0.0043076923076923075}",
        49,         0,         0,   0.000,pymatching,e885ab55bb9257731d504f45c60a7927b0be113f52f8a1095bfa6ca46426372b,"{""config"":[""Z0"",""Z""],""d"":5,""p"":0.004664102564102564}",
        25,         0,         0,   0.000,pymatching,e885ab55bb9257731d504f45c60a7927b0be113f52f8a1095bfa6ca46426372b,"{""config"":[""Z0"",""Z""],""d"":5,""p"":0.004664102564102564}",
         1,         0,         0,   0.000,pymatching,61c82650e7dffb26f8e91ed4cb8706a75cbe08dedd26980f071b70573b020adb,"{""config"":[""Z0"",""Z""],""d"":5,""p"":0.0043076923076923075}",
      3072,       399,         0,   0.154,pymatching,98f5036ad6e5f9766eff47248c8feb8f1a4d42ae140157683b189cfc951c6f50,"{""config"":[""Z0"",""Z""],""d"":7,""p"":0.014999999999999998}",
     17408,       106,         0,   0.078,pymatching,50edce6ab9cb0ce1e74fad5cf142be6595d568174b66aa2f37eba6b6bf8ea45b,"{""config"":[""Z0"",""Z""],""d"":5,""p"":0.00502051282051282}",
        12,         0,         0,   0.000,pymatching,e885ab55bb9257731d504f45c60a7927b0be113f52f8a1095bfa6ca46426372b,"{""config"":[""Z0"",""Z""],""d"":5,""p"":0.004664102564102564}",
    256000,         0,         0,    1.11,pymatching,b65d463368349fe7185a1b98546b30360d6fc664e64234f4bb889180b2328c05,"{""config"":[""Z0"",""Z""],""d"":7,""p"":1.6681005372000593e-05}",
         6,         0,         0,   0.000,pymatching,e885ab55bb9257731d504f45c60a7927b0be113f52f8a1095bfa6ca46426372b,"{""config"":[""Z0"",""Z""],""d"":5,""p"":0.004664102564102564}",
      8192,        48,         0,   0.041,pymatching,4aa399119067a333f968868ed025e4b6606950afd6c887f61c25e26de1bd886e,"{""config"":[""Z0"",""Z""],""d"":5,""p"":0.005376923076923077}",
     23552,       576,         0,   0.589,pymatching,8c657773fb86778a82655c06bf4ef0a8aea038a056e4f9622cb57e38e9e0dc26,"{""config"":[""Z0"",""Z""],""d"":7,""p"":0.008584615384615385}",
         3,         0,         0,   0.000,pymatching,e885ab55bb9257731d504f45c60a7927b0be113f52f8a1095bfa6ca46426372b,"{""config"":[""Z0"",""Z""],""d"":5,""p"":0.004664102564102564}",
         2,         0,         0,   0.000,pymatching,e885ab55bb9257731d504f45c60a7927b0be113f52f8a1095bfa6ca46426372b,"{""config"":[""Z0"",""Z""],""d"":5,""p"":0.004664102564102564}",
     24576,       539,         0,   0.576,pymatching,c2ee0fe2e0d594c6fb473479ca807579717f258a5cf736d0bc98fdd0f44bf536,"{""config"":[""Z0"",""Z""],""d"":7,""p"":0.008228205128205128}",
         1,         0,         0,   0.000,pymatching,e885ab55bb9257731d504f45c60a7927b0be113f52f8a1095bfa6ca46426372b,"{""config"":[""Z0"",""Z""],""d"":5,""p"":0.004664102564102564}",
      8192,       859,         0,   0.318,pymatching,73234c9d40b5856e37c3e6370cfe24f0758803a1e193dc5f1385f23fd21b97a0,"{""config"":[""Z0"",""Z""],""d"":7,""p"":0.013217948717948718}",
      5120,       619,         0,   0.219,pymatching,3e021381bcb0ebc2fc623d32203c3d72345b30d814c557c06d28f2abed845f9c,"{""config"":[""Z0"",""Z""],""d"":7,""p"":0.014287179487179487}",
     12288,       996,         0,   0.426,pymatching,a750422041c31f314c456e0d2c44aa688b9c84ad226061a7d5c212080e58f7f9,"{""config"":[""Z0"",""Z""],""d"":7,""p"":0.012148717948717948}",
      1297,        14,         0,   0.011,pymatching,f89bd0f5bf9de83125d37164e04a498bbd4a72c2cf8caf07b9d70440e492f73e,"{""config"":[""Z0"",""Z""],""d"":5,""p"":0.005733333333333333}",
    233472,         0,         0,    1.11,pymatching,40df5333218c9f1ad41e78dada9e208c9194c91b0d01d6e09ef3425702993856,"{""config"":[""Z0"",""Z""],""d"":7,""p"":2.782559402207126e-05}",
      3072,        21,         0,   0.017,pymatching,f89bd0f5bf9de83125d37164e04a498bbd4a72c2cf8caf07b9d70440e492f73e,"{""config"":[""Z0"",""Z""],""d"":5,""p"":0.005733333333333333}",
      2321,        21,         0,   0.015,pymatching,e4615fc35f9108f307fbb96eee8e4b9882d86b0790449d432e1e444cabcc2415,"{""config"":[""Z0"",""Z""],""d"":5,""p"":0.00608974358974359}",
     11264,        79,         0,   0.056,pymatching,4aa399119067a333f968868ed025e4b6606950afd6c887f61c25e26de1bd886e,"{""config"":[""Z0"",""Z""],""d"":5,""p"":0.005376923076923077}",
     22528,       639,         0,   0.588,pymatching,99407154c5efdc35a031196b6c833f608cfe5adee0f4054b9acb0881815a045b,"{""config"":[""Z0"",""Z""],""d"":7,""p"":0.00894102564102564}",
     54272,       293,         0,   0.793,pymatching,92a7abdf4c8e6971e7de69c7aca3790c3892e94df6498b04b16cecd04e71a269,"{""config"":[""Z0"",""Z""],""d"":7,""p"":0.005733333333333333}",
    232448,         0,         0,    1.11,pymatching,0781cd5b564db096361aa7b8ac626bab203611876dcef266baf5ec54047bf09e,"{""config"":[""Z0"",""Z""],""d"":7,""p"":1e-05}",
    231424,         0,         0,    1.11,pymatching,c7f44a0ef0e93bac790826dd8100c3050c75aad57b2a233f25781d63ca452e85,"{""config"":[""Z0"",""Z""],""d"":7,""p"":7.742636826811278e-05}",
    232448,         0,         0,    1.11,pymatching,0cb351d9710e12e7079219cbbddbad68b20292aa21ef63532ec15227c0380465,"{""config"":[""Z0"",""Z""],""d"":7,""p"":4.641588833612782e-05}",
    227328,         0,         0,    1.11,pymatching,d8ef2f529c74c195dfc9a0e4cbf2da7eab499baa91a582643d631decf134f81e,"{""config"":[""Z0"",""Z""],""d"":7,""p"":0.0001291549665014884}",
      3072,        29,         0,   0.017,pymatching,e4615fc35f9108f307fbb96eee8e4b9882d86b0790449d432e1e444cabcc2415,"{""config"":[""Z0"",""Z""],""d"":5,""p"":0.00608974358974359}",
      3072,        28,         0,   0.025,pymatching,f89bd0f5bf9de83125d37164e04a498bbd4a72c2cf8caf07b9d70440e492f73e,"{""config"":[""Z0"",""Z""],""d"":5,""p"":0.005733333333333333}",
    221184,         0,         0,    1.10,pymatching,3febd854a65c23808c3d2b024e5b1f1ebd781309437b2c4d0f5a37de0175e6eb,"{""config"":[""Z0"",""Z""],""d"":7,""p"":0.00021544346900318823}",
      1297,        17,         0,   0.014,pymatching,c9f50bfaec719ff64287cdffbda18d59e39f48ba3b01c10eb5aa999a27c9558a,"{""config"":[""Z0"",""Z""],""d"":5,""p"":0.006446153846153846}",
     23552,       768,         0,   0.588,pymatching,36548df23069c47b0f0e90af7827eee32aec02a920dab3317e6237c73fbcdc05,"{""config"":[""Z0"",""Z""],""d"":7,""p"":0.009297435897435898}",
      3072,        30,         0,   0.021,pymatching,e4615fc35f9108f307fbb96eee8e4b9882d86b0790449d432e1e444cabcc2415,"{""config"":[""Z0"",""Z""],""d"":5,""p"":0.00608974358974359}",
      1297,        11,         0,   0.016,pymatching,54e93256f3c4e741b4967bc2a1dde55dcf7eff104ab5b068c0f4cf3cad575a43,"{""config"":[""Z0"",""Z""],""d"":5,""p"":0.006802564102564103}",
     24576,       132,         0,   0.105,pymatching,50edce6ab9cb0ce1e74fad5cf142be6595d568174b66aa2f37eba6b6bf8ea45b,"{""config"":[""Z0"",""Z""],""d"":5,""p"":0.00502051282051282}",
     20480,       766,         0,   0.583,pymatching,6d88ad3a43ed5d85daf29bde13b8514815cec070fad8d42320c1385d82c9d087,"{""config"":[""Z0"",""Z""],""d"":7,""p"":0.009653846153846153}",
    211968,         0,         0,    1.11,pymatching,3c8f193bbb1e6140e27ac9e4403d659e0799049fa42ea0a1f286df7017b3868d,"{""config"":[""Z0"",""Z""],""d"":7,""p"":0.00035938136638046257}",
      4096,        33,         0,   0.028,pymatching,f89bd0f5bf9de83125d37164e04a498bbd4a72c2cf8caf07b9d70440e492f73e,"{""config"":[""Z0"",""Z""],""d"":5,""p"":0.005733333333333333}",
      3072,        36,         0,   0.018,pymatching,c9f50bfaec719ff64287cdffbda18d59e39f48ba3b01c10eb5aa999a27c9558a,"{""config"":[""Z0"",""Z""],""d"":5,""p"":0.006446153846153846}",
      3072,        40,         0,   0.017,pymatching,54e93256f3c4e741b4967bc2a1dde55dcf7eff104ab5b068c0f4cf3cad575a43,"{""config"":[""Z0"",""Z""],""d"":5,""p"":0.006802564102564103}",
      5120,        48,         0,   0.028,pymatching,e4615fc35f9108f307fbb96eee8e4b9882d86b0790449d432e1e444cabcc2415,"{""config"":[""Z0"",""Z""],""d"":5,""p"":0.00608974358974359}",
      4096,        38,         0,   0.024,pymatching,c9f50bfaec719ff64287cdffbda18d59e39f48ba3b01c10eb5aa999a27c9558a,"{""config"":[""Z0"",""Z""],""d"":5,""p"":0.006446153846153846}",
      4096,        39,         0,   0.023,pymatching,54e93256f3c4e741b4967bc2a1dde55dcf7eff104ab5b068c0f4cf3cad575a43,"{""config"":[""Z0"",""Z""],""d"":5,""p"":0.006802564102564103}",
     15360,        98,         0,   0.077,pymatching,4aa399119067a333f968868ed025e4b6606950afd6c887f61c25e26de1bd886e,"{""config"":[""Z0"",""Z""],""d"":5,""p"":0.005376923076923077}",
      7168,       839,         0,   0.297,pymatching,858c04a15543d84184d5b0e9df1033310e7ed5d29635a1465c02a2dc5d263427,"{""config"":[""Z0"",""Z""],""d"":7,""p"":0.01393076923076923}",
      6144,        41,         0,   0.039,pymatching,f89bd0f5bf9de83125d37164e04a498bbd4a72c2cf8caf07b9d70440e492f73e,"{""config"":[""Z0"",""Z""],""d"":5,""p"":0.005733333333333333}",
      5120,       674,         0,   0.251,pymatching,60b86795a2c6fdf4c38a7b26840c0d477e93ea358a396c278f29ca08bd4f9abb,"{""config"":[""Z0"",""Z""],""d"":7,""p"":0.014643589743589744}",
    220160,         1,         0,    1.11,pymatching,4e0e77f8c9a4965cd2ede03704cecf252ee50f04d1a4f0e67abd148293b8d961,"{""config"":[""Z0"",""Z""],""d"":7,""p"":0.0005994842503189409}",
      5120,        57,         0,   0.030,pymatching,c9f50bfaec719ff64287cdffbda18d59e39f48ba3b01c10eb5aa999a27c9558a,"{""config"":[""Z0"",""Z""],""d"":5,""p"":0.006446153846153846}",
      7168,        52,         0,   0.040,pymatching,e4615fc35f9108f307fbb96eee8e4b9882d86b0790449d432e1e444cabcc2415,"{""config"":[""Z0"",""Z""],""d"":5,""p"":0.00608974358974359}",
      5120,        72,         0,   0.029,pymatching,54e93256f3c4e741b4967bc2a1dde55dcf7eff104ab5b068c0f4cf3cad575a43,"{""config"":[""Z0"",""Z""],""d"":5,""p"":0.006802564102564103}",
     41984,       689,         0,   0.285,pymatching,5d9ee62b2282733551f46f4e35a09b7dd3c6e4c3da1f40c6f2e9236f62adb035,"{""config"":[""Z0"",""Z""],""d"":5,""p"":0.007515384615384615}",
    175104,         1,         0,    1.11,pymatching,377658d83ecf949fd3f24b91737ef46cdc375d0d2fd5187c0341fb3fe1aabb74,"{""config"":[""Z0"",""Z""],""d"":7,""p"":0.0011}",
    180224,         2,         0,    1.11,pymatching,137fa8f27c0ccd4b52833709ca9476bb9df4682749e626b82b56fbd28cb63bbc,"{""config"":[""Z0"",""Z""],""d"":7,""p"":0.001}",
    148480,        15,         0,    1.11,pymatching,7ec97d24e19ccb534438f610bb1cea3b546eed81172c888f2fb573021bd8d282,"{""config"":[""Z0"",""Z""],""d"":7,""p"":0.0018128205128205128}",
    161792,         1,         0,    1.11,pymatching,053cce4745c3ad44e4a9380f76e43713697aef6e48c857fb639253b1cd6a2822,"{""config"":[""Z0"",""Z""],""d"":7,""p"":0.0014564102564102565}",
      7168,       809,         0,   0.313,pymatching,47cf5c0afd8236401ccac4d6997b810ef32a75c41497e12003c61a934190ced5,"{""config"":[""Z0"",""Z""],""d"":7,""p"":0.013574358974358974}",
     11264,      1063,         0,   0.424,pymatching,366d6399ca873ec9ea33c0ac3857822b7c479f7427ba737e86587f0bedb9cb8a,"{""config"":[""Z0"",""Z""],""d"":7,""p"":0.012861538461538462}",
     11264,       943,         0,   0.406,pymatching,e5d47abd8cc483832b6aa9e19ca45f970ff9e13e753453bed5b9bf2bbbc9f411,"{""config"":[""Z0"",""Z""],""d"":7,""p"":0.012505128205128205}",
     83608,       469,         0,   0.379,pymatching,4aa399119067a333f968868ed025e4b6606950afd6c887f61c25e26de1bd886e,"{""config"":[""Z0"",""Z""],""d"":5,""p"":0.005376923076923077}",
      8192,        59,         0,   0.054,pymatching,f89bd0f5bf9de83125d37164e04a498bbd4a72c2cf8caf07b9d70440e492f73e,"{""config"":[""Z0"",""Z""],""d"":5,""p"":0.005733333333333333}",
      7168,        81,         0,   0.041,pymatching,54e93256f3c4e741b4967bc2a1dde55dcf7eff104ab5b068c0f4cf3cad575a43,"{""config"":[""Z0"",""Z""],""d"":5,""p"":0.006802564102564103}",
      7168,        75,         0,   0.043,pymatching,c9f50bfaec719ff64287cdffbda18d59e39f48ba3b01c10eb5aa999a27c9558a,"{""config"":[""Z0"",""Z""],""d"":5,""p"":0.006446153846153846}",
     25659,       127,         0,   0.111,pymatching,50edce6ab9cb0ce1e74fad5cf142be6595d568174b66aa2f37eba6b6bf8ea45b,"{""config"":[""Z0"",""Z""],""d"":5,""p"":0.00502051282051282}",
    103424,       536,         0,   0.470,pymatching,50edce6ab9cb0ce1e74fad5cf142be6595d568174b66aa2f37eba6b6bf8ea45b,"{""config"":[""Z0"",""Z""],""d"":5,""p"":0.00502051282051282}",
     16579,       106,         0,   0.083,pymatching,4aa399119067a333f968868ed025e4b6606950afd6c887f61c25e26de1bd886e,"{""config"":[""Z0"",""Z""],""d"":5,""p"":0.005376923076923077}",
     10240,        94,         0,   0.059,pymatching,e4615fc35f9108f307fbb96eee8e4b9882d86b0790449d432e1e444cabcc2415,"{""config"":[""Z0"",""Z""],""d"":5,""p"":0.00608974358974359}",
      1701,         8,         0,   0.008,pymatching,50edce6ab9cb0ce1e74fad5cf142be6595d568174b66aa2f37eba6b6bf8ea45b,"{""config"":[""Z0"",""Z""],""d"":5,""p"":0.00502051282051282}",
      2321,        39,         0,   0.016,pymatching,eeebabfedb2a3123d26b34ded302d5207e14cbd5212359c654542b05335e542f,"{""config"":[""Z0"",""Z""],""d"":5,""p"":0.007158974358974359}",
     19456,       819,         0,   0.588,pymatching,9b434397c66a66fc41b04f18c697e8ea60adbc546da04687ce10f9b464b84c17,"{""config"":[""Z0"",""Z""],""d"":7,""p"":0.010010256410256409}",
      1702,         5,         0,   0.007,pymatching,50edce6ab9cb0ce1e74fad5cf142be6595d568174b66aa2f37eba6b6bf8ea45b,"{""config"":[""Z0"",""Z""],""d"":5,""p"":0.00502051282051282}",
      3072,        52,         0,   0.020,pymatching,eeebabfedb2a3123d26b34ded302d5207e14cbd5212359c654542b05335e542f,"{""config"":[""Z0"",""Z""],""d"":5,""p"":0.007158974358974359}",
      5120,       734,         0,   0.257,pymatching,98f5036ad6e5f9766eff47248c8feb8f1a4d42ae140157683b189cfc951c6f50,"{""config"":[""Z0"",""Z""],""d"":7,""p"":0.014999999999999998}",
      8290,        46,         0,   0.038,pymatching,4aa399119067a333f968868ed025e4b6606950afd6c887f61c25e26de1bd886e,"{""config"":[""Z0"",""Z""],""d"":5,""p"":0.005376923076923077}",
      5120,        34,         0,   0.025,pymatching,4aa399119067a333f968868ed025e4b6606950afd6c887f61c25e26de1bd886e,"{""config"":[""Z0"",""Z""],""d"":5,""p"":0.005376923076923077}",
     10240,       122,         0,   0.058,pymatching,54e93256f3c4e741b4967bc2a1dde55dcf7eff104ab5b068c0f4cf3cad575a43,"{""config"":[""Z0"",""Z""],""d"":5,""p"":0.006802564102564103}",
     10240,       114,         0,   0.059,pymatching,c9f50bfaec719ff64287cdffbda18d59e39f48ba3b01c10eb5aa999a27c9558a,"{""config"":[""Z0"",""Z""],""d"":5,""p"":0.006446153846153846}",
      3072,        56,         0,   0.020,pymatching,eeebabfedb2a3123d26b34ded302d5207e14cbd5212359c654542b05335e542f,"{""config"":[""Z0"",""Z""],""d"":5,""p"":0.007158974358974359}",
      1585,         9,         0,   0.007,pymatching,4aa399119067a333f968868ed025e4b6606950afd6c887f61c25e26de1bd886e,"{""config"":[""Z0"",""Z""],""d"":5,""p"":0.005376923076923077}",
     18432,       877,         0,   0.572,pymatching,e7700ccc6b5e85238edb03484213be2f2324536bcffcf5510f63c95752d4f48e,"{""config"":[""Z0"",""Z""],""d"":7,""p"":0.010366666666666666}",
      1584,        14,         0,   0.008,pymatching,4aa399119067a333f968868ed025e4b6606950afd6c887f61c25e26de1bd886e,"{""config"":[""Z0"",""Z""],""d"":5,""p"":0.005376923076923077}",
     11264,        85,         0,   0.076,pymatching,f89bd0f5bf9de83125d37164e04a498bbd4a72c2cf8caf07b9d70440e492f73e,"{""config"":[""Z0"",""Z""],""d"":5,""p"":0.005733333333333333}",
      5120,        64,         0,   0.033,pymatching,eeebabfedb2a3123d26b34ded302d5207e14cbd5212359c654542b05335e542f,"{""config"":[""Z0"",""Z""],""d"":5,""p"":0.007158974358974359}",
     13312,       125,         0,   0.076,pymatching,e4615fc35f9108f307fbb96eee8e4b9882d86b0790449d432e1e444cabcc2415,"{""config"":[""Z0"",""Z""],""d"":5,""p"":0.00608974358974359}",
     70808,         0,         0,   0.307,pymatching,b65d463368349fe7185a1b98546b30360d6fc664e64234f4bb889180b2328c05,"{""config"":[""Z0"",""Z""],""d"":7,""p"":1.6681005372000593e-05}",
      2321,         0,         0,   0.012,pymatching,b65d463368349fe7185a1b98546b30360d6fc664e64234f4bb889180b2328c05,"{""config"":[""Z0"",""Z""],""d"":7,""p"":1.6681005372000593e-05}",
      2321,         0,         0,   0.012,pymatching,0781cd5b564db096361aa7b8ac626bab203611876dcef266baf5ec54047bf09e,"{""config"":[""Z0"",""Z""],""d"":7,""p"":1e-05}",
      4096,         0,         0,   0.018,pymatching,b65d463368349fe7185a1b98546b30360d6fc664e64234f4bb889180b2328c05,"{""config"":[""Z0"",""Z""],""d"":7,""p"":1.6681005372000593e-05}",
      4096,         0,         0,   0.017,pymatching,0781cd5b564db096361aa7b8ac626bab203611876dcef266baf5ec54047bf09e,"{""config"":[""Z0"",""Z""],""d"":7,""p"":1e-05}",
    137216,        17,         0,    1.11,pymatching,39e1294b78bbea49908c76c56ec9a6ba2fa3620e08fc122d3d3e0f360d5cc320,"{""config"":[""Z0"",""Z""],""d"":7,""p"":0.002169230769230769}",
      6144,        99,         0,   0.039,pymatching,eeebabfedb2a3123d26b34ded302d5207e14cbd5212359c654542b05335e542f,"{""config"":[""Z0"",""Z""],""d"":5,""p"":0.007158974358974359}",
     13312,       168,         0,   0.076,pymatching,54e93256f3c4e741b4967bc2a1dde55dcf7eff104ab5b068c0f4cf3cad575a43,"{""config"":[""Z0"",""Z""],""d"":5,""p"":0.006802564102564103}",
      7168,       923,         0,   0.308,pymatching,3e021381bcb0ebc2fc623d32203c3d72345b30d814c557c06d28f2abed845f9c,"{""config"":[""Z0"",""Z""],""d"":7,""p"":0.014287179487179487}",
     13312,       123,         0,   0.078,pymatching,c9f50bfaec719ff64287cdffbda18d59e39f48ba3b01c10eb5aa999a27c9558a,"{""config"":[""Z0"",""Z""],""d"":5,""p"":0.006446153846153846}",
      5120,         0,         0,   0.023,pymatching,b65d463368349fe7185a1b98546b30360d6fc664e64234f4bb889180b2328c05,"{""config"":[""Z0"",""Z""],""d"":7,""p"":1.6681005372000593e-05}",
      5120,         0,         0,   0.022,pymatching,0781cd5b564db096361aa7b8ac626bab203611876dcef266baf5ec54047bf09e,"{""config"":[""Z0"",""Z""],""d"":7,""p"":1e-05}",
      2321,         0,         0,   0.011,pymatching,40df5333218c9f1ad41e78dada9e208c9194c91b0d01d6e09ef3425702993856,"{""config"":[""Z0"",""Z""],""d"":7,""p"":2.782559402207126e-05}",
      2321,         0,         0,   0.013,pymatching,0cb351d9710e12e7079219cbbddbad68b20292aa21ef63532ec15227c0380465,"{""config"":[""Z0"",""Z""],""d"":7,""p"":4.641588833612782e-05}",
      3072,         0,         0,   0.015,pymatching,0cb351d9710e12e7079219cbbddbad68b20292aa21ef63532ec15227c0380465,"{""config"":[""Z0"",""Z""],""d"":7,""p"":4.641588833612782e-05}",
      4096,         0,         0,   0.018,pymatching,40df5333218c9f1ad41e78dada9e208c9194c91b0d01d6e09ef3425702993856,"{""config"":[""Z0"",""Z""],""d"":7,""p"":2.782559402207126e-05}",
      6144,         0,         0,   0.028,pymatching,b65d463368349fe7185a1b98546b30360d6fc664e64234f4bb889180b2328c05,"{""config"":[""Z0"",""Z""],""d"":7,""p"":1.6681005372000593e-05}",
      7168,         0,         0,   0.031,pymatching,0781cd5b564db096361aa7b8ac626bab203611876dcef266baf5ec54047bf09e,"{""config"":[""Z0"",""Z""],""d"":7,""p"":1e-05}",
     18432,       960,         0,   0.598,pymatching,da98e8cd9418feeb39b2eef8b4009cb1917b214eb94bc6403232d0554554ad7f,"{""config"":[""Z0"",""Z""],""d"":7,""p"":0.010723076923076922}",
     19456,      1183,         0,   0.597,pymatching,b6d3694e834850dac9ee7c8f2d7002a6846b99ca8f4a69cace9dbe15e20daffb,"{""config"":[""Z0"",""Z""],""d"":7,""p"":0.01107948717948718}",
     18432,       124,         0,   0.106,pymatching,f89bd0f5bf9de83125d37164e04a498bbd4a72c2cf8caf07b9d70440e492f73e,"{""config"":[""Z0"",""Z""],""d"":5,""p"":0.005733333333333333}",
      4096,         0,         0,   0.020,pymatching,0cb351d9710e12e7079219cbbddbad68b20292aa21ef63532ec15227c0380465,"{""config"":[""Z0"",""Z""],""d"":7,""p"":4.641588833612782e-05}",
      5120,         0,         0,   0.022,pymatching,40df5333218c9f1ad41e78dada9e208c9194c91b0d01d6e09ef3425702993856,"{""config"":[""Z0"",""Z""],""d"":7,""p"":2.782559402207126e-05}",
      9216,       129,         0,   0.059,pymatching,eeebabfedb2a3123d26b34ded302d5207e14cbd5212359c654542b05335e542f,"{""config"":[""Z0"",""Z""],""d"":5,""p"":0.007158974358974359}",
     19456,       161,         0,   0.110,pymatching,e4615fc35f9108f307fbb96eee8e4b9882d86b0790449d432e1e444cabcc2415,"{""config"":[""Z0"",""Z""],""d"":5,""p"":0.00608974358974359}",
      9216,         0,         0,   0.040,pymatching,b65d463368349fe7185a1b98546b30360d6fc664e64234f4bb889180b2328c05,"{""config"":[""Z0"",""Z""],""d"":7,""p"":1.6681005372000593e-05}",
      9216,         0,         0,   0.040,pymatching,0781cd5b564db096361aa7b8ac626bab203611876dcef266baf5ec54047bf09e,"{""config"":[""Z0"",""Z""],""d"":7,""p"":1e-05}",
      6144,         0,         0,   0.029,pymatching,0cb351d9710e12e7079219cbbddbad68b20292aa21ef63532ec15227c0380465,"{""config"":[""Z0"",""Z""],""d"":7,""p"":4.641588833612782e-05}",
      7168,         0,         0,   0.031,pymatching,40df5333218c9f1ad41e78dada9e208c9194c91b0d01d6e09ef3425702993856,"{""config"":[""Z0"",""Z""],""d"":7,""p"":2.782559402207126e-05}",
     16384,      1043,         0,   0.574,pymatching,52ae0e84c1b2f08ad771443a768ea177b4282b167a661a2127e9ef552d2f9bfb,"{""config"":[""Z0"",""Z""],""d"":7,""p"":0.011435897435897435}",
     19456,       223,         0,   0.108,pymatching,54e93256f3c4e741b4967bc2a1dde55dcf7eff104ab5b068c0f4cf3cad575a43,"{""config"":[""Z0"",""Z""],""d"":5,""p"":0.006802564102564103}",
      6144,       841,         0,   0.299,pymatching,60b86795a2c6fdf4c38a7b26840c0d477e93ea358a396c278f29ca08bd4f9abb,"{""config"":[""Z0"",""Z""],""d"":7,""p"":0.014643589743589744}",
     18432,       198,         0,   0.108,pymatching,c9f50bfaec719ff64287cdffbda18d59e39f48ba3b01c10eb5aa999a27c9558a,"{""config"":[""Z0"",""Z""],""d"":5,""p"":0.006446153846153846}",
      9667,         0,         0,   0.042,pymatching,b65d463368349fe7185a1b98546b30360d6fc664e64234f4bb889180b2328c05,"{""config"":[""Z0"",""Z""],""d"":7,""p"":1.6681005372000593e-05}",
     33792,         0,         0,   0.146,pymatching,b65d463368349fe7185a1b98546b30360d6fc664e64234f4bb889180b2328c05,"{""config"":[""Z0"",""Z""],""d"":7,""p"":1.6681005372000593e-05}",
      8192,         0,         0,   0.039,pymatching,0cb351d9710e12e7079219cbbddbad68b20292aa21ef63532ec15227c0380465,"{""config"":[""Z0"",""Z""],""d"":7,""p"":4.641588833612782e-05}",
      9216,         0,         0,   0.040,pymatching,40df5333218c9f1ad41e78dada9e208c9194c91b0d01d6e09ef3425702993856,"{""config"":[""Z0"",""Z""],""d"":7,""p"":2.782559402207126e-05}",
     11264,      1149,         0,   0.437,pymatching,73234c9d40b5856e37c3e6370cfe24f0758803a1e193dc5f1385f23fd21b97a0,"{""config"":[""Z0"",""Z""],""d"":7,""p"":0.013217948717948718}",
       225,         0,         0,   0.001,pymatching,b65d463368349fe7185a1b98546b30360d6fc664e64234f4bb889180b2328c05,"{""config"":[""Z0"",""Z""],""d"":7,""p"":1.6681005372000593e-05}",
       226,         0,         0,   0.001,pymatching,b65d463368349fe7185a1b98546b30360d6fc664e64234f4bb889180b2328c05,"{""config"":[""Z0"",""Z""],""d"":7,""p"":1.6681005372000593e-05}",
     12288,       186,         0,   0.080,pymatching,eeebabfedb2a3123d26b34ded302d5207e14cbd5212359c654542b05335e542f,"{""config"":[""Z0"",""Z""],""d"":5,""p"":0.007158974358974359}",
     13312,         0,         0,   0.059,pymatching,0781cd5b564db096361aa7b8ac626bab203611876dcef266baf5ec54047bf09e,"{""config"":[""Z0"",""Z""],""d"":7,""p"":1e-05}",
     11264,         0,         0,   0.056,pymatching,0cb351d9710e12e7079219cbbddbad68b20292aa21ef63532ec15227c0380465,"{""config"":[""Z0"",""Z""],""d"":7,""p"":4.641588833612782e-05}",
     47104,       326,         0,   0.800,pymatching,5b429b6d29d719034a3de26ecfd980c276ddca64727f400fe73971740676519a,"{""config"":[""Z0"",""Z""],""d"":7,""p"":0.00608974358974359}",
     48128,       411,         0,   0.798,pymatching,d300e6d1ba983bae4e939af9fabd4c25b1a11b2fb3b999b0407884475d3fac3a,"{""config"":[""Z0"",""Z""],""d"":7,""p"":0.006446153846153846}",
     13312,         0,         0,   0.057,pymatching,40df5333218c9f1ad41e78dada9e208c9194c91b0d01d6e09ef3425702993856,"{""config"":[""Z0"",""Z""],""d"":7,""p"":2.782559402207126e-05}",
     99992,         0,         0,   0.476,pymatching,40df5333218c9f1ad41e78dada9e208c9194c91b0d01d6e09ef3425702993856,"{""config"":[""Z0"",""Z""],""d"":7,""p"":2.782559402207126e-05}",
     17408,      1281,         0,   0.583,pymatching,ba40fb2f212c26616136c2a7e0488d440fcc4df4d5ce3f7952d7e915b7885490,"{""config"":[""Z0"",""Z""],""d"":7,""p"":0.011792307692307692}",
     44032,       475,         0,   0.796,pymatching,b769d13792f27d381b5f4dab20ab238652929843e762191bb21789b3077246b7,"{""config"":[""Z0"",""Z""],""d"":7,""p"":0.006802564102564103}",
     27648,       196,         0,   0.149,pymatching,f89bd0f5bf9de83125d37164e04a498bbd4a72c2cf8caf07b9d70440e492f73e,"{""config"":[""Z0"",""Z""],""d"":5,""p"":0.005733333333333333}",
    100504,         0,         0,   0.477,pymatching,0781cd5b564db096361aa7b8ac626bab203611876dcef266baf5ec54047bf09e,"{""config"":[""Z0"",""Z""],""d"":7,""p"":1e-05}",
      2321,         0,         0,   0.012,pymatching,c7f44a0ef0e93bac790826dd8100c3050c75aad57b2a233f25781d63ca452e85,"{""config"":[""Z0"",""Z""],""d"":7,""p"":7.742636826811278e-05}",
      2321,         0,         0,   0.012,pymatching,d8ef2f529c74c195dfc9a0e4cbf2da7eab499baa91a582643d631decf134f81e,"{""config"":[""Z0"",""Z""],""d"":7,""p"":0.0001291549665014884}",
      6144,       898,         0,   0.307,pymatching,98f5036ad6e5f9766eff47248c8feb8f1a4d42ae140157683b189cfc951c6f50,"{""config"":[""Z0"",""Z""],""d"":7,""p"":0.014999999999999998}",
    101016,         0,         0,   0.482,pymatching,0cb351d9710e12e7079219cbbddbad68b20292aa21ef63532ec15227c0380465,"{""config"":[""Z0"",""Z""],""d"":7,""p"":4.641588833612782e-05}",
     17408,         0,         0,   0.075,pymatching,0781cd5b564db096361aa7b8ac626bab203611876dcef266baf5ec54047bf09e,"{""config"":[""Z0"",""Z""],""d"":7,""p"":1e-05}",
    103424,      1493,         0,   0.665,pymatching,eeebabfedb2a3123d26b34ded302d5207e14cbd5212359c654542b05335e542f,"{""config"":[""Z0"",""Z""],""d"":5,""p"":0.007158974358974359}",
    102040,         0,         0,   0.488,pymatching,c7f44a0ef0e93bac790826dd8100c3050c75aad57b2a233f25781d63ca452e85,"{""config"":[""Z0"",""Z""],""d"":7,""p"":7.742636826811278e-05}",
     26624,       242,         0,   0.150,pymatching,e4615fc35f9108f307fbb96eee8e4b9882d86b0790449d432e1e444cabcc2415,"{""config"":[""Z0"",""Z""],""d"":5,""p"":0.00608974358974359}",
      4096,         0,         0,   0.018,pymatching,c7f44a0ef0e93bac790826dd8100c3050c75aad57b2a233f25781d63ca452e85,"{""config"":[""Z0"",""Z""],""d"":7,""p"":7.742636826811278e-05}",
     13312,       183,         0,   0.085,pymatching,eeebabfedb2a3123d26b34ded302d5207e14cbd5212359c654542b05335e542f,"{""config"":[""Z0"",""Z""],""d"":5,""p"":0.007158974358974359}",
      4096,         0,         0,   0.018,pymatching,d8ef2f529c74c195dfc9a0e4cbf2da7eab499baa91a582643d631decf134f81e,"{""config"":[""Z0"",""Z""],""d"":7,""p"":0.0001291549665014884}",
     10240,      1179,         0,   0.428,pymatching,858c04a15543d84184d5b0e9df1033310e7ed5d29635a1465c02a2dc5d263427,"{""config"":[""Z0"",""Z""],""d"":7,""p"":0.01393076923076923}",
      5120,         0,         0,   0.022,pymatching,c7f44a0ef0e93bac790826dd8100c3050c75aad57b2a233f25781d63ca452e85,"{""config"":[""Z0"",""Z""],""d"":7,""p"":7.742636826811278e-05}",
      5120,         0,         0,   0.023,pymatching,d8ef2f529c74c195dfc9a0e4cbf2da7eab499baa91a582643d631decf134f81e,"{""config"":[""Z0"",""Z""],""d"":7,""p"":0.0001291549665014884}",
     16384,         0,         0,   0.078,pymatching,0cb351d9710e12e7079219cbbddbad68b20292aa21ef63532ec15227c0380465,"{""config"":[""Z0"",""Z""],""d"":7,""p"":4.641588833612782e-05}",
     26624,       310,         0,   0.149,pymatching,54e93256f3c4e741b4967bc2a1dde55dcf7eff104ab5b068c0f4cf3cad575a43,"{""config"":[""Z0"",""Z""],""d"":5,""p"":0.006802564102564103}",
     17408,         0,         0,   0.075,pymatching,40df5333218c9f1ad41e78dada9e208c9194c91b0d01d6e09ef3425702993856,"{""config"":[""Z0"",""Z""],""d"":7,""p"":2.782559402207126e-05}",
     25600,       257,         0,   0.148,pymatching,c9f50bfaec719ff64287cdffbda18d59e39f48ba3b01c10eb5aa999a27c9558a,"{""config"":[""Z0"",""Z""],""d"":5,""p"":0.006446153846153846}",
     12227,         0,         0,   0.053,pymatching,0781cd5b564db096361aa7b8ac626bab203611876dcef266baf5ec54047bf09e,"{""config"":[""Z0"",""Z""],""d"":7,""p"":1e-05}",
     16384,      1298,         0,   0.572,pymatching,a750422041c31f314c456e0d2c44aa688b9c84ad226061a7d5c212080e58f7f9,"{""config"":[""Z0"",""Z""],""d"":7,""p"":0.012148717948717948}",
      6144,         0,         0,   0.029,pymatching,c7f44a0ef0e93bac790826dd8100c3050c75aad57b2a233f25781d63ca452e85,"{""config"":[""Z0"",""Z""],""d"":7,""p"":7.742636826811278e-05}",
      6144,         0,         0,   0.027,pymatching,d8ef2f529c74c195dfc9a0e4cbf2da7eab499baa91a582643d631decf134f81e,"{""config"":[""Z0"",""Z""],""d"":7,""p"":0.0001291549665014884}",
     14818,         0,         0,   0.071,pymatching,0781cd5b564db096361aa7b8ac626bab203611876dcef266baf5ec54047bf09e,"{""config"":[""Z0"",""Z""],""d"":7,""p"":1e-05}",
    112792,         0,         0,   0.550,pymatching,d8ef2f529c74c195dfc9a0e4cbf2da7eab499baa91a582643d631decf134f81e,"{""config"":[""Z0"",""Z""],""d"":7,""p"":0.0001291549665014884}",
     10240,      1135,         0,   0.449,pymatching,47cf5c0afd8236401ccac4d6997b810ef32a75c41497e12003c61a934190ced5,"{""config"":[""Z0"",""Z""],""d"":7,""p"":0.013574358974358974}",
     38912,       495,         0,   0.793,pymatching,d23ec93a9511dfcfad5423fbfdff24e737a6d95f98b4a1c82f4675def9472084,"{""config"":[""Z0"",""Z""],""d"":7,""p"":0.007158974358974359}",
      2321,         0,         0,   0.013,pymatching,3febd854a65c23808c3d2b024e5b1f1ebd781309437b2c4d0f5a37de0175e6eb,"{""config"":[""Z0"",""Z""],""d"":7,""p"":0.00021544346900318823}",
    141976,      1507,         0,   0.766,pymatching,c9f50bfaec719ff64287cdffbda18d59e39f48ba3b01c10eb5aa999a27c9558a,"{""config"":[""Z0"",""Z""],""d"":5,""p"":0.006446153846153846}",
      7409,         0,         0,   0.032,pymatching,0781cd5b564db096361aa7b8ac626bab203611876dcef266baf5ec54047bf09e,"{""config"":[""Z0"",""Z""],""d"":7,""p"":1e-05}",
     11971,         0,         0,   0.052,pymatching,40df5333218c9f1ad41e78dada9e208c9194c91b0d01d6e09ef3425702993856,"{""config"":[""Z0"",""Z""],""d"":7,""p"":2.782559402207126e-05}",
      9216,       100,         0,   0.054,pymatching,c9f50bfaec719ff64287cdffbda18d59e39f48ba3b01c10eb5aa999a27c9558a,"{""config"":[""Z0"",""Z""],""d"":5,""p"":0.006446153846153846}",
      9216,         0,         0,   0.042,pymatching,c7f44a0ef0e93bac790826dd8100c3050c75aad57b2a233f25781d63ca452e85,"{""config"":[""Z0"",""Z""],""d"":7,""p"":7.742636826811278e-05}",
      5120,         0,         0,   0.024,pymatching,0781cd5b564db096361aa7b8ac626bab203611876dcef266baf5ec54047bf09e,"{""config"":[""Z0"",""Z""],""d"":7,""p"":1e-05}",
     24576,         0,         0,   0.118,pymatching,40df5333218c9f1ad41e78dada9e208c9194c91b0d01d6e09ef3425702993856,"{""config"":[""Z0"",""Z""],""d"":7,""p"":2.782559402207126e-05}",
      9216,         0,         0,   0.041,pymatching,d8ef2f529c74c195dfc9a0e4cbf2da7eab499baa91a582643d631decf134f81e,"{""config"":[""Z0"",""Z""],""d"":7,""p"":0.0001291549665014884}",
      3072,         0,         0,   0.015,pymatching,3febd854a65c23808c3d2b024e5b1f1ebd781309437b2c4d0f5a37de0175e6eb,"{""config"":[""Z0"",""Z""],""d"":7,""p"":0.00021544346900318823}",
      2321,         0,         0,   0.014,pymatching,3c8f193bbb1e6140e27ac9e4403d659e0799049fa42ea0a1f286df7017b3868d,"{""config"":[""Z0"",""Z""],""d"":7,""p"":0.00035938136638046257}",
    145048,      1101,         0,   0.770,pymatching,f89bd0f5bf9de83125d37164e04a498bbd4a72c2cf8caf07b9d70440e492f73e,"{""config"":[""Z0"",""Z""],""d"":5,""p"":0.005733333333333333}",
      1144,         0,         0,   0.005,pymatching,0781cd5b564db096361aa7b8ac626bab203611876dcef266baf5ec54047bf09e,"{""config"":[""Z0"",""Z""],""d"":7,""p"":1e-05}",
     16579,         0,         0,   0.078,pymatching,0cb351d9710e12e7079219cbbddbad68b20292aa21ef63532ec15227c0380465,"{""config"":[""Z0"",""Z""],""d"":7,""p"":4.641588833612782e-05}",
      2401,         0,         0,   0.012,pymatching,40df5333218c9f1ad41e78dada9e208c9194c91b0d01d6e09ef3425702993856,"{""config"":[""Z0"",""Z""],""d"":7,""p"":2.782559402207126e-05}",
      1144,         0,         0,   0.005,pymatching,0781cd5b564db096361aa7b8ac626bab203611876dcef266baf5ec54047bf09e,"{""config"":[""Z0"",""Z""],""d"":7,""p"":1e-05}",
     23552,         0,         0,   0.112,pymatching,0cb351d9710e12e7079219cbbddbad68b20292aa21ef63532ec15227c0380465,"{""config"":[""Z0"",""Z""],""d"":7,""p"":4.641588833612782e-05}",
      3072,         0,         0,   0.016,pymatching,3c8f193bbb1e6140e27ac9e4403d659e0799049fa42ea0a1f286df7017b3868d,"{""config"":[""Z0"",""Z""],""d"":7,""p"":0.00035938136638046257}",
      2048,         0,         0,   0.010,pymatching,40df5333218c9f1ad41e78dada9e208c9194c91b0d01d6e09ef3425702993856,"{""config"":[""Z0"",""Z""],""d"":7,""p"":2.782559402207126e-05}",
      4096,         0,         0,   0.020,pymatching,3febd854a65c23808c3d2b024e5b1f1ebd781309437b2c4d0f5a37de0175e6eb,"{""config"":[""Z0"",""Z""],""d"":7,""p"":0.00021544346900318823}",
    120472,         0,         0,   0.600,pymatching,3febd854a65c23808c3d2b024e5b1f1ebd781309437b2c4d0f5a37de0175e6eb,"{""config"":[""Z0"",""Z""],""d"":7,""p"":0.00021544346900318823}",
       177,         0,         0,   0.001,pymatching,40df5333218c9f1ad41e78dada9e208c9194c91b0d01d6e09ef3425702993856,"{""config"":[""Z0"",""Z""],""d"":7,""p"":2.782559402207126e-05}",
      4096,         0,         0,   0.021,pymatching,3c8f193bbb1e6140e27ac9e4403d659e0799049fa42ea0a1f286df7017b3868d,"{""config"":[""Z0"",""Z""],""d"":7,""p"":0.00035938136638046257}",
        89,         0,         0,   0.001,pymatching,40df5333218c9f1ad41e78dada9e208c9194c91b0d01d6e09ef3425702993856,"{""config"":[""Z0"",""Z""],""d"":7,""p"":2.782559402207126e-05}",
     30915,       223,         0,   0.163,pymatching,f89bd0f5bf9de83125d37164e04a498bbd4a72c2cf8caf07b9d70440e492f73e,"{""config"":[""Z0"",""Z""],""d"":5,""p"":0.005733333333333333}",
        44,         0,         0,   0.001,pymatching,40df5333218c9f1ad41e78dada9e208c9194c91b0d01d6e09ef3425702993856,"{""config"":[""Z0"",""Z""],""d"":7,""p"":2.782559402207126e-05}",
        22,         0,         0,   0.000,pymatching,40df5333218c9f1ad41e78dada9e208c9194c91b0d01d6e09ef3425702993856,"{""config"":[""Z0"",""Z""],""d"":7,""p"":2.782559402207126e-05}",
      4706,         0,         0,   0.022,pymatching,0cb351d9710e12e7079219cbbddbad68b20292aa21ef63532ec15227c0380465,"{""config"":[""Z0"",""Z""],""d"":7,""p"":4.641588833612782e-05}",
      6144,         0,         0,   0.030,pymatching,3febd854a65c23808c3d2b024e5b1f1ebd781309437b2c4d0f5a37de0175e6eb,"{""config"":[""Z0"",""Z""],""d"":7,""p"":0.00021544346900318823}",
    160408,      1480,         0,   0.889,pymatching,e4615fc35f9108f307fbb96eee8e4b9882d86b0790449d432e1e444cabcc2415,"{""config"":[""Z0"",""Z""],""d"":5,""p"":0.00608974358974359}",
     12288,         0,         0,   0.056,pymatching,c7f44a0ef0e93bac790826dd8100c3050c75aad57b2a233f25781d63ca452e85,"{""config"":[""Z0"",""Z""],""d"":7,""p"":7.742636826811278e-05}",
      4096,         0,         0,   0.020,pymatching,0cb351d9710e12e7079219cbbddbad68b20292aa21ef63532ec15227c0380465,"{""config"":[""Z0"",""Z""],""d"":7,""p"":4.641588833612782e-05}",
     12288,         0,         0,   0.055,pymatching,d8ef2f529c74c195dfc9a0e4cbf2da7eab499baa91a582643d631decf134f81e,"{""config"":[""Z0"",""Z""],""d"":7,""p"":0.0001291549665014884}",
        11,         0,         0,   0.000,pymatching,40df5333218c9f1ad41e78dada9e208c9194c91b0d01d6e09ef3425702993856,"{""config"":[""Z0"",""Z""],""d"":7,""p"":2.782559402207126e-05}",
       304,         0,         0,   0.002,pymatching,0cb351d9710e12e7079219cbbddbad68b20292aa21ef63532ec15227c0380465,"{""config"":[""Z0"",""Z""],""d"":7,""p"":4.641588833612782e-05}",
     37888,       571,         0,   0.804,pymatching,8a9cb5f3d9bf0e4e9eeda9a663943885691e500addf044617ef06028f6001878,"{""config"":[""Z0"",""Z""],""d"":7,""p"":0.007515384615384615}",
         6,         0,         0,   0.000,pymatching,40df5333218c9f1ad41e78dada9e208c9194c91b0d01d6e09ef3425702993856,"{""config"":[""Z0"",""Z""],""d"":7,""p"":2.782559402207126e-05}",
      6144,         0,         0,   0.031,pymatching,3c8f193bbb1e6140e27ac9e4403d659e0799049fa42ea0a1f286df7017b3868d,"{""config"":[""Z0"",""Z""],""d"":7,""p"":0.00035938136638046257}",
       153,         0,         0,   0.001,pymatching,0cb351d9710e12e7079219cbbddbad68b20292aa21ef63532ec15227c0380465,"{""config"":[""Z0"",""Z""],""d"":7,""p"":4.641588833612782e-05}",
      2321,         0,         0,   0.015,pymatching,137fa8f27c0ccd4b52833709ca9476bb9df4682749e626b82b56fbd28cb63bbc,"{""config"":[""Z0"",""Z""],""d"":7,""p"":0.001}",
         3,         0,         0,   0.000,pymatching,40df5333218c9f1ad41e78dada9e208c9194c91b0d01d6e09ef3425702993856,"{""config"":[""Z0"",""Z""],""d"":7,""p"":2.782559402207126e-05}",
      2321,         0,         0,   0.014,pymatching,4e0e77f8c9a4965cd2ede03704cecf252ee50f04d1a4f0e67abd148293b8d961,"{""config"":[""Z0"",""Z""],""d"":7,""p"":0.0005994842503189409}",
         1,         0,         0,   0.000,pymatching,40df5333218c9f1ad41e78dada9e208c9194c91b0d01d6e09ef3425702993856,"{""config"":[""Z0"",""Z""],""d"":7,""p"":2.782559402207126e-05}",
        76,         0,         0,   0.000,pymatching,0cb351d9710e12e7079219cbbddbad68b20292aa21ef63532ec15227c0380465,"{""config"":[""Z0"",""Z""],""d"":7,""p"":4.641588833612782e-05}",
         1,         0,         0,   0.000,pymatching,40df5333218c9f1ad41e78dada9e208c9194c91b0d01d6e09ef3425702993856,"{""config"":[""Z0"",""Z""],""d"":7,""p"":2.782559402207126e-05}",
        38,         0,         0,   0.001,pymatching,0cb351d9710e12e7079219cbbddbad68b20292aa21ef63532ec15227c0380465,"{""config"":[""Z0"",""Z""],""d"":7,""p"":4.641588833612782e-05}",
      8192,         0,         0,   0.040,pymatching,3febd854a65c23808c3d2b024e5b1f1ebd781309437b2c4d0f5a37de0175e6eb,"{""config"":[""Z0"",""Z""],""d"":7,""p"":0.00021544346900318823}",
      1297,         0,         0,   0.010,pymatching,053cce4745c3ad44e4a9380f76e43713697aef6e48c857fb639253b1cd6a2822,"{""config"":[""Z0"",""Z""],""d"":7,""p"":0.0014564102564102565}",
      3072,         0,         0,   0.017,pymatching,137fa8f27c0ccd4b52833709ca9476bb9df4682749e626b82b56fbd28cb63bbc,"{""config"":[""Z0"",""Z""],""d"":7,""p"":0.001}",
      3072,         0,         0,   0.017,pymatching,4e0e77f8c9a4965cd2ede03704cecf252ee50f04d1a4f0e67abd148293b8d961,"{""config"":[""Z0"",""Z""],""d"":7,""p"":0.0005994842503189409}",
     35011,       321,         0,   0.196,pymatching,e4615fc35f9108f307fbb96eee8e4b9882d86b0790449d432e1e444cabcc2415,"{""config"":[""Z0"",""Z""],""d"":5,""p"":0.00608974358974359}",
      2321,         0,         0,   0.015,pymatching,377658d83ecf949fd3f24b91737ef46cdc375d0d2fd5187c0341fb3fe1aabb74,"{""config"":[""Z0"",""Z""],""d"":7,""p"":0.0011}",
        19,         0,         0,   0.000,pymatching,0cb351d9710e12e7079219cbbddbad68b20292aa21ef63532ec15227c0380465,"{""config"":[""Z0"",""Z""],""d"":7,""p"":4.641588833612782e-05}",
    120984,         0,         0,   0.614,pymatching,4e0e77f8c9a4965cd2ede03704cecf252ee50f04d1a4f0e67abd148293b8d961,"{""config"":[""Z0"",""Z""],""d"":7,""p"":0.0005994842503189409}",
     35840,       657,         0,   0.801,pymatching,3fa8637fd37c7bcc5d791dfc60540e834a556ab838715db7a66d404b022b1c87,"{""config"":[""Z0"",""Z""],""d"":7,""p"":0.007871794871794872}",
      8192,         0,         0,   0.041,pymatching,3c8f193bbb1e6140e27ac9e4403d659e0799049fa42ea0a1f286df7017b3868d,"{""config"":[""Z0"",""Z""],""d"":7,""p"":0.00035938136638046257}",
     15360,      1468,         0,   0.577,pymatching,366d6399ca873ec9ea33c0ac3857822b7c479f7427ba737e86587f0bedb9cb8a,"{""config"":[""Z0"",""Z""],""d"":7,""p"":0.012861538461538462}",
        10,         0,         0,   0.000,pymatching,0cb351d9710e12e7079219cbbddbad68b20292aa21ef63532ec15227c0380465,"{""config"":[""Z0"",""Z""],""d"":7,""p"":4.641588833612782e-05}",
      3072,         0,         0,   0.021,pymatching,053cce4745c3ad44e4a9380f76e43713697aef6e48c857fb639253b1cd6a2822,"{""config"":[""Z0"",""Z""],""d"":7,""p"":0.0014564102564102565}",
      3072,         0,         0,   0.021,pymatching,137fa8f27c0ccd4b52833709ca9476bb9df4682749e626b82b56fbd28cb63bbc,"{""config"":[""Z0"",""Z""],""d"":7,""p"":0.001}",
         5,         0,         0,   0.000,pymatching,0cb351d9710e12e7079219cbbddbad68b20292aa21ef63532ec15227c0380465,"{""config"":[""Z0"",""Z""],""d"":7,""p"":4.641588833612782e-05}",
      4096,         0,         0,   0.022,pymatching,4e0e77f8c9a4965cd2ede03704cecf252ee50f04d1a4f0e67abd148293b8d961,"{""config"":[""Z0"",""Z""],""d"":7,""p"":0.0005994842503189409}",
     15458,       111,         0,   0.084,pymatching,f89bd0f5bf9de83125d37164e04a498bbd4a72c2cf8caf07b9d70440e492f73e,"{""config"":[""Z0"",""Z""],""d"":5,""p"":0.005733333333333333}",
     15043,         0,         0,   0.066,pymatching,c7f44a0ef0e93bac790826dd8100c3050c75aad57b2a233f25781d63ca452e85,"{""config"":[""Z0"",""Z""],""d"":7,""p"":7.742636826811278e-05}",
     10240,      1347,         0,   0.442,pymatching,3e021381bcb0ebc2fc623d32203c3d72345b30d814c557c06d28f2abed845f9c,"{""config"":[""Z0"",""Z""],""d"":7,""p"":0.014287179487179487}",
      3072,         0,         0,   0.018,pymatching,377658d83ecf949fd3f24b91737ef46cdc375d0d2fd5187c0341fb3fe1aabb74,"{""config"":[""Z0"",""Z""],""d"":7,""p"":0.0011}",
         2,         0,         0,   0.000,pymatching,0cb351d9710e12e7079219cbbddbad68b20292aa21ef63532ec15227c0380465,"{""config"":[""Z0"",""Z""],""d"":7,""p"":4.641588833612782e-05}",
     46080,         0,         0,   0.216,pymatching,c7f44a0ef0e93bac790826dd8100c3050c75aad57b2a233f25781d63ca452e85,"{""config"":[""Z0"",""Z""],""d"":7,""p"":7.742636826811278e-05}",
     14336,       104,         0,   0.074,pymatching,f89bd0f5bf9de83125d37164e04a498bbd4a72c2cf8caf07b9d70440e492f73e,"{""config"":[""Z0"",""Z""],""d"":5,""p"":0.005733333333333333}",
     16384,      1358,         0,   0.587,pymatching,e5d47abd8cc483832b6aa9e19ca45f970ff9e13e753453bed5b9bf2bbbc9f411,"{""config"":[""Z0"",""Z""],""d"":7,""p"":0.012505128205128205}",
         1,         0,         0,   0.000,pymatching,0cb351d9710e12e7079219cbbddbad68b20292aa21ef63532ec15227c0380465,"{""config"":[""Z0"",""Z""],""d"":7,""p"":4.641588833612782e-05}",
     17408,         0,         0,   0.078,pymatching,d8ef2f529c74c195dfc9a0e4cbf2da7eab499baa91a582643d631decf134f81e,"{""config"":[""Z0"",""Z""],""d"":7,""p"":0.0001291549665014884}",
      3072,         0,         0,   0.020,pymatching,053cce4745c3ad44e4a9380f76e43713697aef6e48c857fb639253b1cd6a2822,"{""config"":[""Z0"",""Z""],""d"":7,""p"":0.0014564102564102565}",
         1,         0,         0,   0.000,pymatching,0cb351d9710e12e7079219cbbddbad68b20292aa21ef63532ec15227c0380465,"{""config"":[""Z0"",""Z""],""d"":7,""p"":4.641588833612782e-05}",
       866,         0,         0,   0.004,pymatching,c7f44a0ef0e93bac790826dd8100c3050c75aad57b2a233f25781d63ca452e85,"{""config"":[""Z0"",""Z""],""d"":7,""p"":7.742636826811278e-05}",
       560,         5,         0,   0.003,pymatching,f89bd0f5bf9de83125d37164e04a498bbd4a72c2cf8caf07b9d70440e492f73e,"{""config"":[""Z0"",""Z""],""d"":5,""p"":0.005733333333333333}",
       561,         2,         0,   0.003,pymatching,f89bd0f5bf9de83125d37164e04a498bbd4a72c2cf8caf07b9d70440e492f73e,"{""config"":[""Z0"",""Z""],""d"":5,""p"":0.005733333333333333}",
       865,         0,         0,   0.004,pymatching,c7f44a0ef0e93bac790826dd8100c3050c75aad57b2a233f25781d63ca452e85,"{""config"":[""Z0"",""Z""],""d"":7,""p"":7.742636826811278e-05}",
      5120,         0,         0,   0.027,pymatching,4e0e77f8c9a4965cd2ede03704cecf252ee50f04d1a4f0e67abd148293b8d961,"{""config"":[""Z0"",""Z""],""d"":7,""p"":0.0005994842503189409}",
     36864,       439,         0,   0.208,pymatching,54e93256f3c4e741b4967bc2a1dde55dcf7eff104ab5b068c0f4cf3cad575a43,"{""config"":[""Z0"",""Z""],""d"":5,""p"":0.006802564102564103}",
      4096,         0,         0,   0.024,pymatching,377658d83ecf949fd3f24b91737ef46cdc375d0d2fd5187c0341fb3fe1aabb74,"{""config"":[""Z0"",""Z""],""d"":7,""p"":0.0011}",
     11264,         0,         0,   0.055,pymatching,3febd854a65c23808c3d2b024e5b1f1ebd781309437b2c4d0f5a37de0175e6eb,"{""config"":[""Z0"",""Z""],""d"":7,""p"":0.00021544346900318823}",
      5120,         1,         0,   0.030,pymatching,137fa8f27c0ccd4b52833709ca9476bb9df4682749e626b82b56fbd28cb63bbc,"{""config"":[""Z0"",""Z""],""d"":7,""p"":0.001}",
    135320,         0,         0,   0.703,pymatching,3c8f193bbb1e6140e27ac9e4403d659e0799049fa42ea0a1f286df7017b3868d,"{""config"":[""Z0"",""Z""],""d"":7,""p"":0.00035938136638046257}",
     32768,       797,         0,   0.813,pymatching,8c657773fb86778a82655c06bf4ef0a8aea038a056e4f9622cb57e38e9e0dc26,"{""config"":[""Z0"",""Z""],""d"":7,""p"":0.008584615384615385}",
     17506,       151,         0,   0.095,pymatching,e4615fc35f9108f307fbb96eee8e4b9882d86b0790449d432e1e444cabcc2415,"{""config"":[""Z0"",""Z""],""d"":5,""p"":0.00608974358974359}",
     11264,         0,         0,   0.056,pymatching,3c8f193bbb1e6140e27ac9e4403d659e0799049fa42ea0a1f286df7017b3868d,"{""config"":[""Z0"",""Z""],""d"":7,""p"":0.00035938136638046257}",
      5120,         0,         0,   0.033,pymatching,053cce4745c3ad44e4a9380f76e43713697aef6e48c857fb639253b1cd6a2822,"{""config"":[""Z0"",""Z""],""d"":7,""p"":0.0014564102564102565}",
      8643,         0,         0,   0.038,pymatching,d8ef2f529c74c195dfc9a0e4cbf2da7eab499baa91a582643d631decf134f81e,"{""config"":[""Z0"",""Z""],""d"":7,""p"":0.0001291549665014884}",
     34816,       735,         0,   0.813,pymatching,c2ee0fe2e0d594c6fb473479ca807579717f258a5cf736d0bc98fdd0f44bf536,"{""config"":[""Z0"",""Z""],""d"":7,""p"":0.008228205128205128}",
      5120,         0,         0,   0.030,pymatching,377658d83ecf949fd3f24b91737ef46cdc375d0d2fd5187c0341fb3fe1aabb74,"{""config"":[""Z0"",""Z""],""d"":7,""p"":0.0011}",
      8192,         0,         0,   0.043,pymatching,4e0e77f8c9a4965cd2ede03704cecf252ee50f04d1a4f0e67abd148293b8d961,"{""config"":[""Z0"",""Z""],""d"":7,""p"":0.0005994842503189409}",
      7168,         1,         0,   0.041,pymatching,137fa8f27c0ccd4b52833709ca9476bb9df4682749e626b82b56fbd28cb63bbc,"{""config"":[""Z0"",""Z""],""d"":7,""p"":0.001}",
      1297,         0,         0,   0.012,pymatching,39e1294b78bbea49908c76c56ec9a6ba2fa3620e08fc122d3d3e0f360d5cc320,"{""config"":[""Z0"",""Z""],""d"":7,""p"":0.002169230769230769}",
     12288,       126,         0,   0.071,pymatching,e4615fc35f9108f307fbb96eee8e4b9882d86b0790449d432e1e444cabcc2415,"{""config"":[""Z0"",""Z""],""d"":5,""p"":0.00608974358974359}",
      1297,         0,         0,   0.010,pymatching,7ec97d24e19ccb534438f610bb1cea3b546eed81172c888f2fb573021bd8d282,"{""config"":[""Z0"",""Z""],""d"":7,""p"":0.0018128205128205128}",
     47104,         0,         0,   0.222,pymatching,d8ef2f529c74c195dfc9a0e4cbf2da7eab499baa91a582643d631decf134f81e,"{""config"":[""Z0"",""Z""],""d"":7,""p"":0.0001291549665014884}",
       225,         0,         0,   0.001,pymatching,d8ef2f529c74c195dfc9a0e4cbf2da7eab499baa91a582643d631decf134f81e,"{""config"":[""Z0"",""Z""],""d"":7,""p"":0.0001291549665014884}",
      2048,         1,         0,   0.016,pymatching,39e1294b78bbea49908c76c56ec9a6ba2fa3620e08fc122d3d3e0f360d5cc320,"{""config"":[""Z0"",""Z""],""d"":7,""p"":0.002169230769230769}",
      6144,         1,         0,   0.040,pymatching,053cce4745c3ad44e4a9380f76e43713697aef6e48c857fb639253b1cd6a2822,"{""config"":[""Z0"",""Z""],""d"":7,""p"":0.0014564102564102565}",
       113,         0,         0,   0.001,pymatching,d8ef2f529c74c195dfc9a0e4cbf2da7eab499baa91a582643d631decf134f81e,"{""config"":[""Z0"",""Z""],""d"":7,""p"":0.0001291549665014884}",
      2048,         0,         0,   0.014,pymatching,7ec97d24e19ccb534438f610bb1cea3b546eed81172c888f2fb573021bd8d282,"{""config"":[""Z0"",""Z""],""d"":7,""p"":0.0018128205128205128}",
        57,         0,         0,   0.001,pymatching,d8ef2f529c74c195dfc9a0e4cbf2da7eab499baa91a582643d631decf134f81e,"{""config"":[""Z0"",""Z""],""d"":7,""p"":0.0001291549665014884}",
      2608,        20,         0,   0.014,pymatching,e4615fc35f9108f307fbb96eee8e4b9882d86b0790449d432e1e444cabcc2415,"{""config"":[""Z0"",""Z""],""d"":5,""p"":0.00608974358974359}",
     31744,       906,         0,   0.815,pymatching,99407154c5efdc35a031196b6c833f608cfe5adee0f4054b9acb0881815a045b,"{""config"":[""Z0"",""Z""],""d"":7,""p"":0.00894102564102564}",
        28,         0,         0,   0.000,pymatching,d8ef2f529c74c195dfc9a0e4cbf2da7eab499baa91a582643d631decf134f81e,"{""config"":[""Z0"",""Z""],""d"":7,""p"":0.0001291549665014884}",
      7168,         0,         0,   0.043,pymatching,377658d83ecf949fd3f24b91737ef46cdc375d0d2fd5187c0341fb3fe1aabb74,"{""config"":[""Z0"",""Z""],""d"":7,""p"":0.0011}",
        14,         0,         0,   0.000,pymatching,d8ef2f529c74c195dfc9a0e4cbf2da7eab499baa91a582643d631decf134f81e,"{""config"":[""Z0"",""Z""],""d"":7,""p"":0.0001291549665014884}",
      1305,        16,         0,   0.016,pymatching,e4615fc35f9108f307fbb96eee8e4b9882d86b0790449d432e1e444cabcc2415,"{""config"":[""Z0"",""Z""],""d"":5,""p"":0.00608974358974359}",
     16384,         0,         0,   0.078,pymatching,3febd854a65c23808c3d2b024e5b1f1ebd781309437b2c4d0f5a37de0175e6eb,"{""config"":[""Z0"",""Z""],""d"":7,""p"":0.00021544346900318823}",
     31744,      1005,         0,   0.794,pymatching,36548df23069c47b0f0e90af7827eee32aec02a920dab3317e6237c73fbcdc05,"{""config"":[""Z0"",""Z""],""d"":7,""p"":0.009297435897435898}",
         7,         0,         0,   0.000,pymatching,d8ef2f529c74c195dfc9a0e4cbf2da7eab499baa91a582643d631decf134f81e,"{""config"":[""Z0"",""Z""],""d"":7,""p"":0.0001291549665014884}",
      1024,        12,         0,   0.006,pymatching,e4615fc35f9108f307fbb96eee8e4b9882d86b0790449d432e1e444cabcc2415,"{""config"":[""Z0"",""Z""],""d"":5,""p"":0.00608974358974359}",
      3072,         0,         0,   0.024,pymatching,39e1294b78bbea49908c76c56ec9a6ba2fa3620e08fc122d3d3e0f360d5cc320,"{""config"":[""Z0"",""Z""],""d"":7,""p"":0.002169230769230769}",
      3072,         0,         0,   0.021,pymatching,7ec97d24e19ccb534438f610bb1cea3b546eed81172c888f2fb573021bd8d282,"{""config"":[""Z0"",""Z""],""d"":7,""p"":0.0018128205128205128}",
      9216,      1265,         0,   0.446,pymatching,60b86795a2c6fdf4c38a7b26840c0d477e93ea358a396c278f29ca08bd4f9abb,"{""config"":[""Z0"",""Z""],""d"":7,""p"":0.014643589743589744}",
    139264,        25,         0,    1.11,pymatching,7e34e313d7d0a19f32f2f59fc833c88a063c1c3c866df6582028368578df4d81,"{""config"":[""Z0"",""Z""],""d"":7,""p"":0.0025256410256410257}",
       140,         1,         0,   0.002,pymatching,e4615fc35f9108f307fbb96eee8e4b9882d86b0790449d432e1e444cabcc2415,"{""config"":[""Z0"",""Z""],""d"":5,""p"":0.00608974358974359}",
     15360,         0,         0,   0.076,pymatching,3c8f193bbb1e6140e27ac9e4403d659e0799049fa42ea0a1f286df7017b3868d,"{""config"":[""Z0"",""Z""],""d"":7,""p"":0.00035938136638046257}",
     10240,         0,         0,   0.054,pymatching,4e0e77f8c9a4965cd2ede03704cecf252ee50f04d1a4f0e67abd148293b8d961,"{""config"":[""Z0"",""Z""],""d"":7,""p"":0.0005994842503189409}",
         4,         0,         0,   0.000,pymatching,d8ef2f529c74c195dfc9a0e4cbf2da7eab499baa91a582643d631decf134f81e,"{""config"":[""Z0"",""Z""],""d"":7,""p"":0.0001291549665014884}",
        70,         1,         0,   0.001,pymatching,e4615fc35f9108f307fbb96eee8e4b9882d86b0790449d432e1e444cabcc2415,"{""config"":[""Z0"",""Z""],""d"":5,""p"":0.00608974358974359}",
     10240,         0,         0,   0.057,pymatching,137fa8f27c0ccd4b52833709ca9476bb9df4682749e626b82b56fbd28cb63bbc,"{""config"":[""Z0"",""Z""],""d"":7,""p"":0.001}",
      1297,         2,         0,   0.014,pymatching,e45c4abd947e5226abf9ae8ee679469545253010d6ff118e307ca31a8814db17,"{""config"":[""Z0"",""Z""],""d"":7,""p"":0.0028820512820512817}",
         2,         0,         0,   0.000,pymatching,d8ef2f529c74c195dfc9a0e4cbf2da7eab499baa91a582643d631decf134f81e,"{""config"":[""Z0"",""Z""],""d"":7,""p"":0.0001291549665014884}",
        35,         1,         0,   0.001,pymatching,e4615fc35f9108f307fbb96eee8e4b9882d86b0790449d432e1e444cabcc2415,"{""config"":[""Z0"",""Z""],""d"":5,""p"":0.00608974358974359}",
     28672,      1036,         0,   0.816,pymatching,6d88ad3a43ed5d85daf29bde13b8514815cec070fad8d42320c1385d82c9d087,"{""config"":[""Z0"",""Z""],""d"":7,""p"":0.009653846153846153}",
         1,         0,         0,   0.000,pymatching,d8ef2f529c74c195dfc9a0e4cbf2da7eab499baa91a582643d631decf134f81e,"{""config"":[""Z0"",""Z""],""d"":7,""p"":0.0001291549665014884}",
        18,         0,         0,   0.000,pymatching,e4615fc35f9108f307fbb96eee8e4b9882d86b0790449d432e1e444cabcc2415,"{""config"":[""Z0"",""Z""],""d"":5,""p"":0.00608974358974359}",
      8192,         0,         0,   0.054,pymatching,053cce4745c3ad44e4a9380f76e43713697aef6e48c857fb639253b1cd6a2822,"{""config"":[""Z0"",""Z""],""d"":7,""p"":0.0014564102564102565}",
      4096,         0,         0,   0.028,pymatching,7ec97d24e19ccb534438f610bb1cea3b546eed81172c888f2fb573021bd8d282,"{""config"":[""Z0"",""Z""],""d"":7,""p"":0.0018128205128205128}",
      1297,         0,         0,   0.013,pymatching,7e34e313d7d0a19f32f2f59fc833c88a063c1c3c866df6582028368578df4d81,"{""config"":[""Z0"",""Z""],""d"":7,""p"":0.0025256410256410257}",
         9,         0,         0,   0.000,pymatching,e4615fc35f9108f307fbb96eee8e4b9882d86b0790449d432e1e444cabcc2415,"{""config"":[""Z0"",""Z""],""d"":5,""p"":0.00608974358974359}",
      4096,         1,         0,   0.033,pymatching,39e1294b78bbea49908c76c56ec9a6ba2fa3620e08fc122d3d3e0f360d5cc320,"{""config"":[""Z0"",""Z""],""d"":7,""p"":0.002169230769230769}",
      2048,         0,         0,   0.019,pymatching,e45c4abd947e5226abf9ae8ee679469545253010d6ff118e307ca31a8814db17,"{""config"":[""Z0"",""Z""],""d"":7,""p"":0.0028820512820512817}",
    129024,        34,         0,    1.11,pymatching,e45c4abd947e5226abf9ae8ee679469545253010d6ff118e307ca31a8814db17,"{""config"":[""Z0"",""Z""],""d"":7,""p"":0.0028820512820512817}",
      1297,         2,         0,   0.015,pymatching,bd24bbfba499721b19d74cd52585386f74b6e0939bb1d2080bf1fd9187563a46,"{""config"":[""Z0"",""Z""],""d"":7,""p"":0.003951282051282051}",
      2048,         1,         0,   0.018,pymatching,7e34e313d7d0a19f32f2f59fc833c88a063c1c3c866df6582028368578df4d81,"{""config"":[""Z0"",""Z""],""d"":7,""p"":0.0025256410256410257}",
     10240,         0,         0,   0.059,pymatching,377658d83ecf949fd3f24b91737ef46cdc375d0d2fd5187c0341fb3fe1aabb74,"{""config"":[""Z0"",""Z""],""d"":7,""p"":0.0011}",
    119808,        79,         0,    1.11,pymatching,b90e12e33080801c22852919a15e138265ce11a1817b8557974984987efe3bc1,"{""config"":[""Z0"",""Z""],""d"":7,""p"":0.003238461538461538}",
      1297,         0,         0,   0.016,pymatching,13d8d445806d333773aca5059c26fdda03046097cfa2cd356cccd33c23de85c3,"{""config"":[""Z0"",""Z""],""d"":7,""p"":0.0035948717948717946}",
         4,         0,         0,   0.000,pymatching,e4615fc35f9108f307fbb96eee8e4b9882d86b0790449d432e1e444cabcc2415,"{""config"":[""Z0"",""Z""],""d"":5,""p"":0.00608974358974359}",
      1297,         3,         0,   0.018,pymatching,5891a0a3ba08325c916de00da2b1efae68943d7c4d1c41a9a748c9079ffbce15,"{""config"":[""Z0"",""Z""],""d"":7,""p"":0.0043076923076923075}",
      1297,         1,         0,   0.015,pymatching,b90e12e33080801c22852919a15e138265ce11a1817b8557974984987efe3bc1,"{""config"":[""Z0"",""Z""],""d"":7,""p"":0.003238461538461538}",
     13507,         0,         0,   0.066,pymatching,3febd854a65c23808c3d2b024e5b1f1ebd781309437b2c4d0f5a37de0175e6eb,"{""config"":[""Z0"",""Z""],""d"":7,""p"":0.00021544346900318823}",
         2,         0,         0,   0.000,pymatching,e4615fc35f9108f307fbb96eee8e4b9882d86b0790449d432e1e444cabcc2415,"{""config"":[""Z0"",""Z""],""d"":5,""p"":0.00608974358974359}",
    111616,        98,         0,    1.11,pymatching,13d8d445806d333773aca5059c26fdda03046097cfa2cd356cccd33c23de85c3,"{""config"":[""Z0"",""Z""],""d"":7,""p"":0.0035948717948717946}",
      3072,         1,         0,   0.029,pymatching,e45c4abd947e5226abf9ae8ee679469545253010d6ff118e307ca31a8814db17,"{""config"":[""Z0"",""Z""],""d"":7,""p"":0.0028820512820512817}",
         1,         0,         0,   0.000,pymatching,e4615fc35f9108f307fbb96eee8e4b9882d86b0790449d432e1e444cabcc2415,"{""config"":[""Z0"",""Z""],""d"":5,""p"":0.00608974358974359}",
     52224,         0,         0,   0.261,pymatching,3febd854a65c23808c3d2b024e5b1f1ebd781309437b2c4d0f5a37de0175e6eb,"{""config"":[""Z0"",""Z""],""d"":7,""p"":0.00021544346900318823}",
      2048,         3,         0,   0.021,pymatching,bd24bbfba499721b19d74cd52585386f74b6e0939bb1d2080bf1fd9187563a46,"{""config"":[""Z0"",""Z""],""d"":7,""p"":0.003951282051282051}",
      6144,         2,         0,   0.042,pymatching,7ec97d24e19ccb534438f610bb1cea3b546eed81172c888f2fb573021bd8d282,"{""config"":[""Z0"",""Z""],""d"":7,""p"":0.0018128205128205128}",
      5120,         0,         0,   0.041,pymatching,39e1294b78bbea49908c76c56ec9a6ba2fa3620e08fc122d3d3e0f360d5cc320,"{""config"":[""Z0"",""Z""],""d"":7,""p"":0.002169230769230769}",
         1,         0,         0,   0.000,pymatching,e4615fc35f9108f307fbb96eee8e4b9882d86b0790449d432e1e444cabcc2415,"{""config"":[""Z0"",""Z""],""d"":5,""p"":0.00608974358974359}",
      3072,         1,         0,   0.027,pymatching,7e34e313d7d0a19f32f2f59fc833c88a063c1c3c866df6582028368578df4d81,"{""config"":[""Z0"",""Z""],""d"":7,""p"":0.0025256410256410257}",
      2048,         1,         0,   0.022,pymatching,13d8d445806d333773aca5059c26fdda03046097cfa2cd356cccd33c23de85c3,"{""config"":[""Z0"",""Z""],""d"":7,""p"":0.0035948717948717946}",
      2048,         1,         0,   0.021,pymatching,b90e12e33080801c22852919a15e138265ce11a1817b8557974984987efe3bc1,"{""config"":[""Z0"",""Z""],""d"":7,""p"":0.003238461538461538}",
      2048,         6,         0,   0.025,pymatching,5891a0a3ba08325c916de00da2b1efae68943d7c4d1c41a9a748c9079ffbce15,"{""config"":[""Z0"",""Z""],""d"":7,""p"":0.0043076923076923075}",
      1634,         0,         0,   0.008,pymatching,3febd854a65c23808c3d2b024e5b1f1ebd781309437b2c4d0f5a37de0175e6eb,"{""config"":[""Z0"",""Z""],""d"":7,""p"":0.00021544346900318823}",
      9216,      1274,         0,   0.425,pymatching,98f5036ad6e5f9766eff47248c8feb8f1a4d42ae140157683b189cfc951c6f50,"{""config"":[""Z0"",""Z""],""d"":7,""p"":0.014999999999999998}",
      1633,         0,         0,   0.008,pymatching,3febd854a65c23808c3d2b024e5b1f1ebd781309437b2c4d0f5a37de0175e6eb,"{""config"":[""Z0"",""Z""],""d"":7,""p"":0.00021544346900318823}",
     14336,         0,         0,   0.078,pymatching,4e0e77f8c9a4965cd2ede03704cecf252ee50f04d1a4f0e67abd148293b8d961,"{""config"":[""Z0"",""Z""],""d"":7,""p"":0.0005994842503189409}",
      2048,         7,         0,   0.022,pymatching,bd24bbfba499721b19d74cd52585386f74b6e0939bb1d2080bf1fd9187563a46,"{""config"":[""Z0"",""Z""],""d"":7,""p"":0.003951282051282051}",
      3072,         0,         0,   0.029,pymatching,e45c4abd947e5226abf9ae8ee679469545253010d6ff118e307ca31a8814db17,"{""config"":[""Z0"",""Z""],""d"":7,""p"":0.0028820512820512817}",
     14336,         0,         0,   0.080,pymatching,137fa8f27c0ccd4b52833709ca9476bb9df4682749e626b82b56fbd28cb63bbc,"{""config"":[""Z0"",""Z""],""d"":7,""p"":0.001}",
      2048,         0,         0,   0.021,pymatching,b90e12e33080801c22852919a15e138265ce11a1817b8557974984987efe3bc1,"{""config"":[""Z0"",""Z""],""d"":7,""p"":0.003238461538461538}",
      2048,         2,         0,   0.022,pymatching,13d8d445806d333773aca5059c26fdda03046097cfa2cd356cccd33c23de85c3,"{""config"":[""Z0"",""Z""],""d"":7,""p"":0.0035948717948717946}",
     11264,         0,         0,   0.076,pymatching,053cce4745c3ad44e4a9380f76e43713697aef6e48c857fb639253b1cd6a2822,"{""config"":[""Z0"",""Z""],""d"":7,""p"":0.0014564102564102565}",
      2048,         3,         0,   0.025,pymatching,5891a0a3ba08325c916de00da2b1efae68943d7c4d1c41a9a748c9079ffbce15,"{""config"":[""Z0"",""Z""],""d"":7,""p"":0.0043076923076923075}",
      4096,         1,         0,   0.035,pymatching,7e34e313d7d0a19f32f2f59fc833c88a063c1c3c866df6582028368578df4d81,"{""config"":[""Z0"",""Z""],""d"":7,""p"":0.0025256410256410257}",
     90112,       150,         0,    1.11,pymatching,5891a0a3ba08325c916de00da2b1efae68943d7c4d1c41a9a748c9079ffbce15,"{""config"":[""Z0"",""Z""],""d"":7,""p"":0.0043076923076923075}",
     21504,         0,         0,   0.109,pymatching,3c8f193bbb1e6140e27ac9e4403d659e0799049fa42ea0a1f286df7017b3868d,"{""config"":[""Z0"",""Z""],""d"":7,""p"":0.00035938136638046257}",
      3072,         5,         0,   0.033,pymatching,bd24bbfba499721b19d74cd52585386f74b6e0939bb1d2080bf1fd9187563a46,"{""config"":[""Z0"",""Z""],""d"":7,""p"":0.003951282051282051}",
     13312,         0,         0,   0.076,pymatching,377658d83ecf949fd3f24b91737ef46cdc375d0d2fd5187c0341fb3fe1aabb74,"{""config"":[""Z0"",""Z""],""d"":7,""p"":0.0011}",
      8192,         0,         0,   0.056,pymatching,7ec97d24e19ccb534438f610bb1cea3b546eed81172c888f2fb573021bd8d282,"{""config"":[""Z0"",""Z""],""d"":7,""p"":0.0018128205128205128}",
      7168,         0,         0,   0.057,pymatching,39e1294b78bbea49908c76c56ec9a6ba2fa3620e08fc122d3d3e0f360d5cc320,"{""config"":[""Z0"",""Z""],""d"":7,""p"":0.002169230769230769}",
      3072,         4,         0,   0.033,pymatching,b90e12e33080801c22852919a15e138265ce11a1817b8557974984987efe3bc1,"{""config"":[""Z0"",""Z""],""d"":7,""p"":0.003238461538461538}",
     95232,       131,         0,    1.11,pymatching,bd24bbfba499721b19d74cd52585386f74b6e0939bb1d2080bf1fd9187563a46,"{""config"":[""Z0"",""Z""],""d"":7,""p"":0.003951282051282051}",
      1297,         2,         0,   0.019,pymatching,17aa56354c3b8ef37ef6707903c6c7bd939c711b208deb498b5b3d226eb2c0df,"{""config"":[""Z0"",""Z""],""d"":7,""p"":0.004664102564102564}",
      3072,         3,         0,   0.033,pymatching,13d8d445806d333773aca5059c26fdda03046097cfa2cd356cccd33c23de85c3,"{""config"":[""Z0"",""Z""],""d"":7,""p"":0.0035948717948717946}",
    190464,      2286,         0,    1.16,pymatching,54e93256f3c4e741b4967bc2a1dde55dcf7eff104ab5b068c0f4cf3cad575a43,"{""config"":[""Z0"",""Z""],""d"":5,""p"":0.006802564102564103}",
      1297,         0,         0,   0.018,pymatching,eaece8d5a9575002560e0706d987ea298ea25470193c1b6dbb2a675e32a96376,"{""config"":[""Z0"",""Z""],""d"":7,""p"":0.00502051282051282}",
      5120,         2,         0,   0.048,pymatching,e45c4abd947e5226abf9ae8ee679469545253010d6ff118e307ca31a8814db17,"{""config"":[""Z0"",""Z""],""d"":7,""p"":0.0028820512820512817}",
      3072,         1,         0,   0.038,pymatching,5891a0a3ba08325c916de00da2b1efae68943d7c4d1c41a9a748c9079ffbce15,"{""config"":[""Z0"",""Z""],""d"":7,""p"":0.0043076923076923075}",
     41984,       526,         0,   0.235,pymatching,54e93256f3c4e741b4967bc2a1dde55dcf7eff104ab5b068c0f4cf3cad575a43,"{""config"":[""Z0"",""Z""],""d"":5,""p"":0.006802564102564103}",
     27648,      1181,         0,   0.815,pymatching,9b434397c66a66fc41b04f18c697e8ea60adbc546da04687ce10f9b464b84c17,"{""config"":[""Z0"",""Z""],""d"":7,""p"":0.010010256410256409}",
      5120,         2,         0,   0.044,pymatching,7e34e313d7d0a19f32f2f59fc833c88a063c1c3c866df6582028368578df4d81,"{""config"":[""Z0"",""Z""],""d"":7,""p"":0.0025256410256410257}",
     78848,       235,         0,    1.11,pymatching,eaece8d5a9575002560e0706d987ea298ea25470193c1b6dbb2a675e32a96376,"{""config"":[""Z0"",""Z""],""d"":7,""p"":0.00502051282051282}",
      2048,         2,         0,   0.027,pymatching,17aa56354c3b8ef37ef6707903c6c7bd939c711b208deb498b5b3d226eb2c0df,"{""config"":[""Z0"",""Z""],""d"":7,""p"":0.004664102564102564}",
      2048,         7,         0,   0.026,pymatching,eaece8d5a9575002560e0706d987ea298ea25470193c1b6dbb2a675e32a96376,"{""config"":[""Z0"",""Z""],""d"":7,""p"":0.00502051282051282}",
     84992,       222,         0,    1.12,pymatching,17aa56354c3b8ef37ef6707903c6c7bd939c711b208deb498b5b3d226eb2c0df,"{""config"":[""Z0"",""Z""],""d"":7,""p"":0.004664102564102564}",
      4096,         5,         0,   0.044,pymatching,bd24bbfba499721b19d74cd52585386f74b6e0939bb1d2080bf1fd9187563a46,"{""config"":[""Z0"",""Z""],""d"":7,""p"":0.003951282051282051}",
     15360,      1601,         0,   0.594,pymatching,73234c9d40b5856e37c3e6370cfe24f0758803a1e193dc5f1385f23fd21b97a0,"{""config"":[""Z0"",""Z""],""d"":7,""p"":0.013217948717948718}",
      4096,         4,         0,   0.042,pymatching,b90e12e33080801c22852919a15e138265ce11a1817b8557974984987efe3bc1,"{""config"":[""Z0"",""Z""],""d"":7,""p"":0.003238461538461538}",
     15811,         0,         0,   0.086,pymatching,4e0e77f8c9a4965cd2ede03704cecf252ee50f04d1a4f0e67abd148293b8d961,"{""config"":[""Z0"",""Z""],""d"":7,""p"":0.0005994842503189409}",
     57795,         0,         0,   0.291,pymatching,4e0e77f8c9a4965cd2ede03704cecf252ee50f04d1a4f0e67abd148293b8d961,"{""config"":[""Z0"",""Z""],""d"":7,""p"":0.0005994842503189409}",
      4096,         4,         0,   0.048,pymatching,13d8d445806d333773aca5059c26fdda03046097cfa2cd356cccd33c23de85c3,"{""config"":[""Z0"",""Z""],""d"":7,""p"":0.0035948717948717946}",
     79872,       326,         0,    1.11,pymatching,eca9617815f52c439b2b6ca9c5616b3c4d8fd31d7d46d963cff4e595c6436dc0,"{""config"":[""Z0"",""Z""],""d"":7,""p"":0.005376923076923077}",
      2048,         3,         0,   0.028,pymatching,17aa56354c3b8ef37ef6707903c6c7bd939c711b208deb498b5b3d226eb2c0df,"{""config"":[""Z0"",""Z""],""d"":7,""p"":0.004664102564102564}",
     13251,         0,         0,   0.068,pymatching,3c8f193bbb1e6140e27ac9e4403d659e0799049fa42ea0a1f286df7017b3868d,"{""config"":[""Z0"",""Z""],""d"":7,""p"":0.00035938136638046257}",
      2048,         6,         0,   0.026,pymatching,eaece8d5a9575002560e0706d987ea298ea25470193c1b6dbb2a675e32a96376,"{""config"":[""Z0"",""Z""],""d"":7,""p"":0.00502051282051282}",
     38912,         0,         0,   0.224,pymatching,3c8f193bbb1e6140e27ac9e4403d659e0799049fa42ea0a1f286df7017b3868d,"{""config"":[""Z0"",""Z""],""d"":7,""p"":0.00035938136638046257}",
      1297,         7,         0,   0.025,pymatching,d300e6d1ba983bae4e939af9fabd4c25b1a11b2fb3b999b0407884475d3fac3a,"{""config"":[""Z0"",""Z""],""d"":7,""p"":0.006446153846153846}",
      4096,         2,         0,   0.051,pymatching,5891a0a3ba08325c916de00da2b1efae68943d7c4d1c41a9a748c9079ffbce15,"{""config"":[""Z0"",""Z""],""d"":7,""p"":0.0043076923076923075}",
      6144,         0,         0,   0.058,pymatching,e45c4abd947e5226abf9ae8ee679469545253010d6ff118e307ca31a8814db17,"{""config"":[""Z0"",""Z""],""d"":7,""p"":0.0028820512820512817}",
     26624,      1244,         0,   0.819,pymatching,e7700ccc6b5e85238edb03484213be2f2324536bcffcf5510f63c95752d4f48e,"{""config"":[""Z0"",""Z""],""d"":7,""p"":0.010366666666666666}",
      1297,         5,         0,   0.024,pymatching,5b429b6d29d719034a3de26ecfd980c276ddca64727f400fe73971740676519a,"{""config"":[""Z0"",""Z""],""d"":7,""p"":0.00608974358974359}",
     19456,         0,         0,   0.108,pymatching,137fa8f27c0ccd4b52833709ca9476bb9df4682749e626b82b56fbd28cb63bbc,"{""config"":[""Z0"",""Z""],""d"":7,""p"":0.001}",
     11264,         0,         0,   0.076,pymatching,7ec97d24e19ccb534438f610bb1cea3b546eed81172c888f2fb573021bd8d282,"{""config"":[""Z0"",""Z""],""d"":7,""p"":0.0018128205128205128}",
      1297,        11,         0,   0.025,pymatching,92a7abdf4c8e6971e7de69c7aca3790c3892e94df6498b04b16cecd04e71a269,"{""config"":[""Z0"",""Z""],""d"":7,""p"":0.005733333333333333}",
      6144,         2,         0,   0.054,pymatching,7e34e313d7d0a19f32f2f59fc833c88a063c1c3c866df6582028368578df4d81,"{""config"":[""Z0"",""Z""],""d"":7,""p"":0.0025256410256410257}",
     15360,         0,         0,   0.105,pymatching,053cce4745c3ad44e4a9380f76e43713697aef6e48c857fb639253b1cd6a2822,"{""config"":[""Z0"",""Z""],""d"":7,""p"":0.0014564102564102565}",
      1024,        11,         0,   0.018,pymatching,d300e6d1ba983bae4e939af9fabd4c25b1a11b2fb3b999b0407884475d3fac3a,"{""config"":[""Z0"",""Z""],""d"":7,""p"":0.006446153846153846}",
     10240,         2,         0,   0.083,pymatching,39e1294b78bbea49908c76c56ec9a6ba2fa3620e08fc122d3d3e0f360d5cc320,"{""config"":[""Z0"",""Z""],""d"":7,""p"":0.002169230769230769}",
      1024,         7,         0,   0.018,pymatching,5b429b6d29d719034a3de26ecfd980c276ddca64727f400fe73971740676519a,"{""config"":[""Z0"",""Z""],""d"":7,""p"":0.00608974358974359}",
      5120,         6,         0,   0.055,pymatching,bd24bbfba499721b19d74cd52585386f74b6e0939bb1d2080bf1fd9187563a46,"{""config"":[""Z0"",""Z""],""d"":7,""p"":0.003951282051282051}",
      1024,         7,         0,   0.017,pymatching,92a7abdf4c8e6971e7de69c7aca3790c3892e94df6498b04b16cecd04e71a269,"{""config"":[""Z0"",""Z""],""d"":7,""p"":0.005733333333333333}",
      1297,         5,         0,   0.022,pymatching,eca9617815f52c439b2b6ca9c5616b3c4d8fd31d7d46d963cff4e595c6436dc0,"{""config"":[""Z0"",""Z""],""d"":7,""p"":0.005376923076923077}",
      5601,         0,         0,   0.029,pymatching,3c8f193bbb1e6140e27ac9e4403d659e0799049fa42ea0a1f286df7017b3868d,"{""config"":[""Z0"",""Z""],""d"":7,""p"":0.00035938136638046257}",
      3072,         7,         0,   0.041,pymatching,17aa56354c3b8ef37ef6707903c6c7bd939c711b208deb498b5b3d226eb2c0df,"{""config"":[""Z0"",""Z""],""d"":7,""p"":0.004664102564102564}",
      5120,         2,         0,   0.054,pymatching,b90e12e33080801c22852919a15e138265ce11a1817b8557974984987efe3bc1,"{""config"":[""Z0"",""Z""],""d"":7,""p"":0.003238461538461538}",
      3072,         9,         0,   0.040,pymatching,eaece8d5a9575002560e0706d987ea298ea25470193c1b6dbb2a675e32a96376,"{""config"":[""Z0"",""Z""],""d"":7,""p"":0.00502051282051282}",
     18432,         1,         0,   0.106,pymatching,377658d83ecf949fd3f24b91737ef46cdc375d0d2fd5187c0341fb3fe1aabb74,"{""config"":[""Z0"",""Z""],""d"":7,""p"":0.0011}",
      5602,         0,         0,   0.029,pymatching,3c8f193bbb1e6140e27ac9e4403d659e0799049fa42ea0a1f286df7017b3868d,"{""config"":[""Z0"",""Z""],""d"":7,""p"":0.00035938136638046257}",
      1024,         7,         0,   0.015,pymatching,eca9617815f52c439b2b6ca9c5616b3c4d8fd31d7d46d963cff4e595c6436dc0,"{""config"":[""Z0"",""Z""],""d"":7,""p"":0.005376923076923077}",
      5120,         3,         0,   0.058,pymatching,13d8d445806d333773aca5059c26fdda03046097cfa2cd356cccd33c23de85c3,"{""config"":[""Z0"",""Z""],""d"":7,""p"":0.0035948717948717946}",
      1297,        17,         0,   0.026,pymatching,d23ec93a9511dfcfad5423fbfdff24e737a6d95f98b4a1c82f4675def9472084,"{""config"":[""Z0"",""Z""],""d"":7,""p"":0.007158974358974359}",
      2048,        16,         0,   0.037,pymatching,d300e6d1ba983bae4e939af9fabd4c25b1a11b2fb3b999b0407884475d3fac3a,"{""config"":[""Z0"",""Z""],""d"":7,""p"":0.006446153846153846}",
      1297,        11,         0,   0.028,pymatching,b769d13792f27d381b5f4dab20ab238652929843e762191bb21789b3077246b7,"{""config"":[""Z0"",""Z""],""d"":7,""p"":0.006802564102564103}",
      2048,        16,         0,   0.034,pymatching,5b429b6d29d719034a3de26ecfd980c276ddca64727f400fe73971740676519a,"{""config"":[""Z0"",""Z""],""d"":7,""p"":0.00608974358974359}",
      2048,         8,         0,   0.034,pymatching,92a7abdf4c8e6971e7de69c7aca3790c3892e94df6498b04b16cecd04e71a269,"{""config"":[""Z0"",""Z""],""d"":7,""p"":0.005733333333333333}",
      5120,        15,         0,   0.063,pymatching,5891a0a3ba08325c916de00da2b1efae68943d7c4d1c41a9a748c9079ffbce15,"{""config"":[""Z0"",""Z""],""d"":7,""p"":0.0043076923076923075}",
      1024,        14,         0,   0.019,pymatching,d23ec93a9511dfcfad5423fbfdff24e737a6d95f98b4a1c82f4675def9472084,"{""config"":[""Z0"",""Z""],""d"":7,""p"":0.007158974358974359}",
      2048,         5,         0,   0.030,pymatching,eca9617815f52c439b2b6ca9c5616b3c4d8fd31d7d46d963cff4e595c6436dc0,"{""config"":[""Z0"",""Z""],""d"":7,""p"":0.005376923076923077}",
      3072,         8,         0,   0.039,pymatching,eaece8d5a9575002560e0706d987ea298ea25470193c1b6dbb2a675e32a96376,"{""config"":[""Z0"",""Z""],""d"":7,""p"":0.00502051282051282}",
      3072,         5,         0,   0.040,pymatching,17aa56354c3b8ef37ef6707903c6c7bd939c711b208deb498b5b3d226eb2c0df,"{""config"":[""Z0"",""Z""],""d"":7,""p"":0.004664102564102564}",
      1024,        10,         0,   0.019,pymatching,b769d13792f27d381b5f4dab20ab238652929843e762191bb21789b3077246b7,"{""config"":[""Z0"",""Z""],""d"":7,""p"":0.006802564102564103}",
      1297,        28,         0,   0.028,pymatching,3fa8637fd37c7bcc5d791dfc60540e834a556ab838715db7a66d404b022b1c87,"{""config"":[""Z0"",""Z""],""d"":7,""p"":0.007871794871794872}",
      8192,         3,         0,   0.077,pymatching,e45c4abd947e5226abf9ae8ee679469545253010d6ff118e307ca31a8814db17,"{""config"":[""Z0"",""Z""],""d"":7,""p"":0.0028820512820512817}",
     75776,       394,         0,    1.11,pymatching,92a7abdf4c8e6971e7de69c7aca3790c3892e94df6498b04b16cecd04e71a269,"{""config"":[""Z0"",""Z""],""d"":7,""p"":0.005733333333333333}",
     14336,      1649,         0,   0.601,pymatching,858c04a15543d84184d5b0e9df1033310e7ed5d29635a1465c02a2dc5d263427,"{""config"":[""Z0"",""Z""],""d"":7,""p"":0.01393076923076923}",
      2048,        17,         0,   0.036,pymatching,d300e6d1ba983bae4e939af9fabd4c25b1a11b2fb3b999b0407884475d3fac3a,"{""config"":[""Z0"",""Z""],""d"":7,""p"":0.006446153846153846}",
      9216,         2,         0,   0.079,pymatching,7e34e313d7d0a19f32f2f59fc833c88a063c1c3c866df6582028368578df4d81,"{""config"":[""Z0"",""Z""],""d"":7,""p"":0.0025256410256410257}",
      2048,        12,         0,   0.034,pymatching,5b429b6d29d719034a3de26ecfd980c276ddca64727f400fe73971740676519a,"{""config"":[""Z0"",""Z""],""d"":7,""p"":0.00608974358974359}",
      2048,         7,         0,   0.033,pymatching,92a7abdf4c8e6971e7de69c7aca3790c3892e94df6498b04b16cecd04e71a269,"{""config"":[""Z0"",""Z""],""d"":7,""p"":0.005733333333333333}",
      1024,        18,         0,   0.021,pymatching,3fa8637fd37c7bcc5d791dfc60540e834a556ab838715db7a66d404b022b1c87,"{""config"":[""Z0"",""Z""],""d"":7,""p"":0.007871794871794872}",
      7168,         6,         0,   0.076,pymatching,bd24bbfba499721b19d74cd52585386f74b6e0939bb1d2080bf1fd9187563a46,"{""config"":[""Z0"",""Z""],""d"":7,""p"":0.003951282051282051}",
      2048,         8,         0,   0.030,pymatching,eca9617815f52c439b2b6ca9c5616b3c4d8fd31d7d46d963cff4e595c6436dc0,"{""config"":[""Z0"",""Z""],""d"":7,""p"":0.005376923076923077}",
      2048,        15,         0,   0.038,pymatching,d23ec93a9511dfcfad5423fbfdff24e737a6d95f98b4a1c82f4675def9472084,"{""config"":[""Z0"",""Z""],""d"":7,""p"":0.007158974358974359}",
      1297,        22,         0,   0.036,pymatching,8a9cb5f3d9bf0e4e9eeda9a663943885691e500addf044617ef06028f6001878,"{""config"":[""Z0"",""Z""],""d"":7,""p"":0.007515384615384615}",
      2048,        19,         0,   0.038,pymatching,b769d13792f27d381b5f4dab20ab238652929843e762191bb21789b3077246b7,"{""config"":[""Z0"",""Z""],""d"":7,""p"":0.006802564102564103}",
     13312,      1438,         0,   0.568,pymatching,47cf5c0afd8236401ccac4d6997b810ef32a75c41497e12003c61a934190ced5,"{""config"":[""Z0"",""Z""],""d"":7,""p"":0.013574358974358974}",
      8192,         4,         0,   0.083,pymatching,b90e12e33080801c22852919a15e138265ce11a1817b8557974984987efe3bc1,"{""config"":[""Z0"",""Z""],""d"":7,""p"":0.003238461538461538}",
     26624,      1573,         0,   0.820,pymatching,b6d3694e834850dac9ee7c8f2d7002a6846b99ca8f4a69cace9dbe15e20daffb,"{""config"":[""Z0"",""Z""],""d"":7,""p"":0.01107948717948718}",
      1024,        14,         0,   0.020,pymatching,3fa8637fd37c7bcc5d791dfc60540e834a556ab838715db7a66d404b022b1c87,"{""config"":[""Z0"",""Z""],""d"":7,""p"":0.007871794871794872}",
     16384,         1,         0,   0.111,pymatching,7ec97d24e19ccb534438f610bb1cea3b546eed81172c888f2fb573021bd8d282,"{""config"":[""Z0"",""Z""],""d"":7,""p"":0.0018128205128205128}",
     25600,      1340,         0,   0.823,pymatching,da98e8cd9418feeb39b2eef8b4009cb1917b214eb94bc6403232d0554554ad7f,"{""config"":[""Z0"",""Z""],""d"":7,""p"":0.010723076923076922}",
      7168,         6,         0,   0.077,pymatching,13d8d445806d333773aca5059c26fdda03046097cfa2cd356cccd33c23de85c3,"{""config"":[""Z0"",""Z""],""d"":7,""p"":0.0035948717948717946}",
     13312,         1,         0,   0.107,pymatching,39e1294b78bbea49908c76c56ec9a6ba2fa3620e08fc122d3d3e0f360d5cc320,"{""config"":[""Z0"",""Z""],""d"":7,""p"":0.002169230769230769}",
      4096,        13,         0,   0.055,pymatching,17aa56354c3b8ef37ef6707903c6c7bd939c711b208deb498b5b3d226eb2c0df,"{""config"":[""Z0"",""Z""],""d"":7,""p"":0.004664102564102564}",
      1297,        36,         0,   0.033,pymatching,8c657773fb86778a82655c06bf4ef0a8aea038a056e4f9622cb57e38e9e0dc26,"{""config"":[""Z0"",""Z""],""d"":7,""p"":0.008584615384615385}",
      1024,        24,         0,   0.028,pymatching,8a9cb5f3d9bf0e4e9eeda9a663943885691e500addf044617ef06028f6001878,"{""config"":[""Z0"",""Z""],""d"":7,""p"":0.007515384615384615}",
      1297,        24,         0,   0.033,pymatching,c2ee0fe2e0d594c6fb473479ca807579717f258a5cf736d0bc98fdd0f44bf536,"{""config"":[""Z0"",""Z""],""d"":7,""p"":0.008228205128205128}",
      5120,        16,         0,   0.066,pymatching,eaece8d5a9575002560e0706d987ea298ea25470193c1b6dbb2a675e32a96376,"{""config"":[""Z0"",""Z""],""d"":7,""p"":0.00502051282051282}",
      6144,         4,         0,   0.075,pymatching,5891a0a3ba08325c916de00da2b1efae68943d7c4d1c41a9a748c9079ffbce15,"{""config"":[""Z0"",""Z""],""d"":7,""p"":0.0043076923076923075}",
      2048,        25,         0,   0.038,pymatching,d23ec93a9511dfcfad5423fbfdff24e737a6d95f98b4a1c82f4675def9472084,"{""config"":[""Z0"",""Z""],""d"":7,""p"":0.007158974358974359}",
      3072,         8,         0,   0.052,pymatching,5b429b6d29d719034a3de26ecfd980c276ddca64727f400fe73971740676519a,"{""config"":[""Z0"",""Z""],""d"":7,""p"":0.00608974358974359}",
      3072,        19,         0,   0.051,pymatching,92a7abdf4c8e6971e7de69c7aca3790c3892e94df6498b04b16cecd04e71a269,"{""config"":[""Z0"",""Z""],""d"":7,""p"":0.005733333333333333}",
      3072,        20,         0,   0.055,pymatching,d300e6d1ba983bae4e939af9fabd4c25b1a11b2fb3b999b0407884475d3fac3a,"{""config"":[""Z0"",""Z""],""d"":7,""p"":0.006446153846153846}",
      3072,        13,         0,   0.046,pymatching,eca9617815f52c439b2b6ca9c5616b3c4d8fd31d7d46d963cff4e595c6436dc0,"{""config"":[""Z0"",""Z""],""d"":7,""p"":0.005376923076923077}",
      2048,        17,         0,   0.038,pymatching,b769d13792f27d381b5f4dab20ab238652929843e762191bb21789b3077246b7,"{""config"":[""Z0"",""Z""],""d"":7,""p"":0.006802564102564103}",
     26624,         2,         0,   0.148,pymatching,137fa8f27c0ccd4b52833709ca9476bb9df4682749e626b82b56fbd28cb63bbc,"{""config"":[""Z0"",""Z""],""d"":7,""p"":0.001}",
     23552,      1529,         0,   0.817,pymatching,52ae0e84c1b2f08ad771443a768ea177b4282b167a661a2127e9ef552d2f9bfb,"{""config"":[""Z0"",""Z""],""d"":7,""p"":0.011435897435897435}",
      1024,        31,         0,   0.025,pymatching,8c657773fb86778a82655c06bf4ef0a8aea038a056e4f9622cb57e38e9e0dc26,"{""config"":[""Z0"",""Z""],""d"":7,""p"":0.008584615384615385}",
      2048,        35,         0,   0.042,pymatching,3fa8637fd37c7bcc5d791dfc60540e834a556ab838715db7a66d404b022b1c87,"{""config"":[""Z0"",""Z""],""d"":7,""p"":0.007871794871794872}",
      1024,        22,         0,   0.024,pymatching,c2ee0fe2e0d594c6fb473479ca807579717f258a5cf736d0bc98fdd0f44bf536,"{""config"":[""Z0"",""Z""],""d"":7,""p"":0.008228205128205128}",
      1024,        16,         0,   0.030,pymatching,8a9cb5f3d9bf0e4e9eeda9a663943885691e500addf044617ef06028f6001878,"{""config"":[""Z0"",""Z""],""d"":7,""p"":0.007515384615384615}",
     22528,         1,         0,   0.153,pymatching,053cce4745c3ad44e4a9380f76e43713697aef6e48c857fb639253b1cd6a2822,"{""config"":[""Z0"",""Z""],""d"":7,""p"":0.0014564102564102565}",
      1024,        29,         0,   0.025,pymatching,8c657773fb86778a82655c06bf4ef0a8aea038a056e4f9622cb57e38e9e0dc26,"{""config"":[""Z0"",""Z""],""d"":7,""p"":0.008584615384615385}",
     11264,         4,         0,   0.105,pymatching,e45c4abd947e5226abf9ae8ee679469545253010d6ff118e307ca31a8814db17,"{""config"":[""Z0"",""Z""],""d"":7,""p"":0.0028820512820512817}",
     26624,         1,         0,   0.151,pymatching,377658d83ecf949fd3f24b91737ef46cdc375d0d2fd5187c0341fb3fe1aabb74,"{""config"":[""Z0"",""Z""],""d"":7,""p"":0.0011}",
      1024,        25,         0,   0.025,pymatching,c2ee0fe2e0d594c6fb473479ca807579717f258a5cf736d0bc98fdd0f44bf536,"{""config"":[""Z0"",""Z""],""d"":7,""p"":0.008228205128205128}",
      2048,        17,         0,   0.039,pymatching,b769d13792f27d381b5f4dab20ab238652929843e762191bb21789b3077246b7,"{""config"":[""Z0"",""Z""],""d"":7,""p"":0.006802564102564103}",
      3072,        38,         0,   0.056,pymatching,d23ec93a9511dfcfad5423fbfdff24e737a6d95f98b4a1c82f4675def9472084,"{""config"":[""Z0"",""Z""],""d"":7,""p"":0.007158974358974359}",
     12288,         4,         0,   0.106,pymatching,7e34e313d7d0a19f32f2f59fc833c88a063c1c3c866df6582028368578df4d81,"{""config"":[""Z0"",""Z""],""d"":7,""p"":0.0025256410256410257}",
      3072,        28,         0,   0.055,pymatching,d300e6d1ba983bae4e939af9fabd4c25b1a11b2fb3b999b0407884475d3fac3a,"{""config"":[""Z0"",""Z""],""d"":7,""p"":0.006446153846153846}",
      2048,        32,         0,   0.042,pymatching,3fa8637fd37c7bcc5d791dfc60540e834a556ab838715db7a66d404b022b1c87,"{""config"":[""Z0"",""Z""],""d"":7,""p"":0.007871794871794872}",
      4096,        14,         0,   0.061,pymatching,eca9617815f52c439b2b6ca9c5616b3c4d8fd31d7d46d963cff4e595c6436dc0,"{""config"":[""Z0"",""Z""],""d"":7,""p"":0.005376923076923077}",
      6144,        15,         0,   0.082,pymatching,17aa56354c3b8ef37ef6707903c6c7bd939c711b208deb498b5b3d226eb2c0df,"{""config"":[""Z0"",""Z""],""d"":7,""p"":0.004664102564102564}",
      4096,        17,         0,   0.066,pymatching,92a7abdf4c8e6971e7de69c7aca3790c3892e94df6498b04b16cecd04e71a269,"{""config"":[""Z0"",""Z""],""d"":7,""p"":0.005733333333333333}",
     10240,        16,         0,   0.109,pymatching,bd24bbfba499721b19d74cd52585386f74b6e0939bb1d2080bf1fd9187563a46,"{""config"":[""Z0"",""Z""],""d"":7,""p"":0.003951282051282051}",
      4096,        25,         0,   0.069,pymatching,5b429b6d29d719034a3de26ecfd980c276ddca64727f400fe73971740676519a,"{""config"":[""Z0"",""Z""],""d"":7,""p"":0.00608974358974359}",
      2048,        27,         0,   0.052,pymatching,8a9cb5f3d9bf0e4e9eeda9a663943885691e500addf044617ef06028f6001878,"{""config"":[""Z0"",""Z""],""d"":7,""p"":0.007515384615384615}",
      6144,        16,         0,   0.080,pymatching,eaece8d5a9575002560e0706d987ea298ea25470193c1b6dbb2a675e32a96376,"{""config"":[""Z0"",""Z""],""d"":7,""p"":0.00502051282051282}",
     11264,         7,         0,   0.115,pymatching,b90e12e33080801c22852919a15e138265ce11a1817b8557974984987efe3bc1,"{""config"":[""Z0"",""Z""],""d"":7,""p"":0.003238461538461538}",
     10240,        10,         0,   0.111,pymatching,13d8d445806d333773aca5059c26fdda03046097cfa2cd356cccd33c23de85c3,"{""config"":[""Z0"",""Z""],""d"":7,""p"":0.0035948717948717946}",
      2048,        61,         0,   0.051,pymatching,8c657773fb86778a82655c06bf4ef0a8aea038a056e4f9622cb57e38e9e0dc26,"{""config"":[""Z0"",""Z""],""d"":7,""p"":0.008584615384615385}",
      2048,        35,         0,   0.049,pymatching,c2ee0fe2e0d594c6fb473479ca807579717f258a5cf736d0bc98fdd0f44bf536,"{""config"":[""Z0"",""Z""],""d"":7,""p"":0.008228205128205128}",
      3072,        31,         0,   0.059,pymatching,b769d13792f27d381b5f4dab20ab238652929843e762191bb21789b3077246b7,"{""config"":[""Z0"",""Z""],""d"":7,""p"":0.006802564102564103}",
      3072,        47,         0,   0.057,pymatching,d23ec93a9511dfcfad5423fbfdff24e737a6d95f98b4a1c82f4675def9472084,"{""config"":[""Z0"",""Z""],""d"":7,""p"":0.007158974358974359}",
      9216,        18,         0,   0.115,pymatching,5891a0a3ba08325c916de00da2b1efae68943d7c4d1c41a9a748c9079ffbce15,"{""config"":[""Z0"",""Z""],""d"":7,""p"":0.0043076923076923075}",
     24576,      1800,         0,   0.818,pymatching,ba40fb2f212c26616136c2a7e0488d440fcc4df4d5ce3f7952d7e915b7885490,"{""config"":[""Z0"",""Z""],""d"":7,""p"":0.011792307692307692}",
      3072,        54,         0,   0.064,pymatching,3fa8637fd37c7bcc5d791dfc60540e834a556ab838715db7a66d404b022b1c87,"{""config"":[""Z0"",""Z""],""d"":7,""p"":0.007871794871794872}",
     13312,      1633,         0,   0.573,pymatching,3e021381bcb0ebc2fc623d32203c3d72345b30d814c557c06d28f2abed845f9c,"{""config"":[""Z0"",""Z""],""d"":7,""p"":0.014287179487179487}",
      2048,        28,         0,   0.051,pymatching,8a9cb5f3d9bf0e4e9eeda9a663943885691e500addf044617ef06028f6001878,"{""config"":[""Z0"",""Z""],""d"":7,""p"":0.007515384615384615}",
     22528,         0,         0,   0.153,pymatching,7ec97d24e19ccb534438f610bb1cea3b546eed81172c888f2fb573021bd8d282,"{""config"":[""Z0"",""Z""],""d"":7,""p"":0.0018128205128205128}",
     18432,         0,         0,   0.150,pymatching,39e1294b78bbea49908c76c56ec9a6ba2fa3620e08fc122d3d3e0f360d5cc320,"{""config"":[""Z0"",""Z""],""d"":7,""p"":0.002169230769230769}",
      2048,        36,         0,   0.047,pymatching,c2ee0fe2e0d594c6fb473479ca807579717f258a5cf736d0bc98fdd0f44bf536,"{""config"":[""Z0"",""Z""],""d"":7,""p"":0.008228205128205128}",
      2048,        47,         0,   0.050,pymatching,8c657773fb86778a82655c06bf4ef0a8aea038a056e4f9622cb57e38e9e0dc26,"{""config"":[""Z0"",""Z""],""d"":7,""p"":0.008584615384615385}",
      5120,        30,         0,   0.076,pymatching,eca9617815f52c439b2b6ca9c5616b3c4d8fd31d7d46d963cff4e595c6436dc0,"{""config"":[""Z0"",""Z""],""d"":7,""p"":0.005376923076923077}",
      5120,        52,         0,   0.092,pymatching,d300e6d1ba983bae4e939af9fabd4c25b1a11b2fb3b999b0407884475d3fac3a,"{""config"":[""Z0"",""Z""],""d"":7,""p"":0.006446153846153846}",
      5120,        22,         0,   0.083,pymatching,92a7abdf4c8e6971e7de69c7aca3790c3892e94df6498b04b16cecd04e71a269,"{""config"":[""Z0"",""Z""],""d"":7,""p"":0.005733333333333333}",
      5120,        41,         0,   0.087,pymatching,5b429b6d29d719034a3de26ecfd980c276ddca64727f400fe73971740676519a,"{""config"":[""Z0"",""Z""],""d"":7,""p"":0.00608974358974359}",
    198296,         3,         0,    1.21,pymatching,137fa8f27c0ccd4b52833709ca9476bb9df4682749e626b82b56fbd28cb63bbc,"{""config"":[""Z0"",""Z""],""d"":7,""p"":0.001}",
      8192,        18,         0,   0.108,pymatching,17aa56354c3b8ef37ef6707903c6c7bd939c711b208deb498b5b3d226eb2c0df,"{""config"":[""Z0"",""Z""],""d"":7,""p"":0.004664102564102564}",
      8192,        31,         0,   0.107,pymatching,eaece8d5a9575002560e0706d987ea298ea25470193c1b6dbb2a675e32a96376,"{""config"":[""Z0"",""Z""],""d"":7,""p"":0.00502051282051282}",
      4096,        75,         0,   0.076,pymatching,d23ec93a9511dfcfad5423fbfdff24e737a6d95f98b4a1c82f4675def9472084,"{""config"":[""Z0"",""Z""],""d"":7,""p"":0.007158974358974359}",
      4096,        42,         0,   0.079,pymatching,b769d13792f27d381b5f4dab20ab238652929843e762191bb21789b3077246b7,"{""config"":[""Z0"",""Z""],""d"":7,""p"":0.006802564102564103}",
     23552,      1833,         0,   0.812,pymatching,a750422041c31f314c456e0d2c44aa688b9c84ad226061a7d5c212080e58f7f9,"{""config"":[""Z0"",""Z""],""d"":7,""p"":0.012148717948717948}",
     16384,         2,         0,   0.155,pymatching,e45c4abd947e5226abf9ae8ee679469545253010d6ff118e307ca31a8814db17,"{""config"":[""Z0"",""Z""],""d"":7,""p"":0.0028820512820512817}",
      3072,        54,         0,   0.074,pymatching,8a9cb5f3d9bf0e4e9eeda9a663943885691e500addf044617ef06028f6001878,"{""config"":[""Z0"",""Z""],""d"":7,""p"":0.007515384615384615}",
    200344,         1,         0,    1.25,pymatching,377658d83ecf949fd3f24b91737ef46cdc375d0d2fd5187c0341fb3fe1aabb74,"{""config"":[""Z0"",""Z""],""d"":7,""p"":0.0011}",
     17408,         4,         0,   0.152,pymatching,7e34e313d7d0a19f32f2f59fc833c88a063c1c3c866df6582028368578df4d81,"{""config"":[""Z0"",""Z""],""d"":7,""p"":0.0025256410256410257}",
      4096,        66,         0,   0.085,pymatching,3fa8637fd37c7bcc5d791dfc60540e834a556ab838715db7a66d404b022b1c87,"{""config"":[""Z0"",""Z""],""d"":7,""p"":0.007871794871794872}",
      3072,        57,         0,   0.073,pymatching,c2ee0fe2e0d594c6fb473479ca807579717f258a5cf736d0bc98fdd0f44bf536,"{""config"":[""Z0"",""Z""],""d"":7,""p"":0.008228205128205128}",
      3072,        65,         0,   0.076,pymatching,8c657773fb86778a82655c06bf4ef0a8aea038a056e4f9622cb57e38e9e0dc26,"{""config"":[""Z0"",""Z""],""d"":7,""p"":0.008584615384615385}",
     14336,        14,         0,   0.151,pymatching,bd24bbfba499721b19d74cd52585386f74b6e0939bb1d2080bf1fd9187563a46,"{""config"":[""Z0"",""Z""],""d"":7,""p"":0.003951282051282051}",
     36864,         0,         0,   0.206,pymatching,137fa8f27c0ccd4b52833709ca9476bb9df4682749e626b82b56fbd28cb63bbc,"{""config"":[""Z0"",""Z""],""d"":7,""p"":0.001}",
     30720,         0,         0,   0.210,pymatching,053cce4745c3ad44e4a9380f76e43713697aef6e48c857fb639253b1cd6a2822,"{""config"":[""Z0"",""Z""],""d"":7,""p"":0.0014564102564102565}",
     14336,        14,         0,   0.149,pymatching,b90e12e33080801c22852919a15e138265ce11a1817b8557974984987efe3bc1,"{""config"":[""Z0"",""Z""],""d"":7,""p"":0.003238461538461538}",
     14336,        11,         0,   0.155,pymatching,13d8d445806d333773aca5059c26fdda03046097cfa2cd356cccd33c23de85c3,"{""config"":[""Z0"",""Z""],""d"":7,""p"":0.0035948717948717946}",
      7168,        27,         0,   0.109,pymatching,eca9617815f52c439b2b6ca9c5616b3c4d8fd31d7d46d963cff4e595c6436dc0,"{""config"":[""Z0"",""Z""],""d"":7,""p"":0.005376923076923077}",
     36864,         0,         0,   0.211,pymatching,377658d83ecf949fd3f24b91737ef46cdc375d0d2fd5187c0341fb3fe1aabb74,"{""config"":[""Z0"",""Z""],""d"":7,""p"":0.0011}",
     12288,      1668,         0,   0.595,pymatching,60b86795a2c6fdf4c38a7b26840c0d477e93ea358a396c278f29ca08bd4f9abb,"{""config"":[""Z0"",""Z""],""d"":7,""p"":0.014643589743589744}",
      6144,        51,         0,   0.111,pymatching,d300e6d1ba983bae4e939af9fabd4c25b1a11b2fb3b999b0407884475d3fac3a,"{""config"":[""Z0"",""Z""],""d"":7,""p"":0.006446153846153846}",
     12288,        19,         0,   0.152,pymatching,5891a0a3ba08325c916de00da2b1efae68943d7c4d1c41a9a748c9079ffbce15,"{""config"":[""Z0"",""Z""],""d"":7,""p"":0.0043076923076923075}",
      7168,        34,         0,   0.116,pymatching,92a7abdf4c8e6971e7de69c7aca3790c3892e94df6498b04b16cecd04e71a269,"{""config"":[""Z0"",""Z""],""d"":7,""p"":0.005733333333333333}",
      3072,        33,         0,   0.076,pymatching,8a9cb5f3d9bf0e4e9eeda9a663943885691e500addf044617ef06028f6001878,"{""config"":[""Z0"",""Z""],""d"":7,""p"":0.007515384615384615}",
      7168,        54,         0,   0.122,pymatching,5b429b6d29d719034a3de26ecfd980c276ddca64727f400fe73971740676519a,"{""config"":[""Z0"",""Z""],""d"":7,""p"":0.00608974358974359}",
      3072,        74,         0,   0.075,pymatching,8c657773fb86778a82655c06bf4ef0a8aea038a056e4f9622cb57e38e9e0dc26,"{""config"":[""Z0"",""Z""],""d"":7,""p"":0.008584615384615385}",
      6144,        84,         0,   0.114,pymatching,d23ec93a9511dfcfad5423fbfdff24e737a6d95f98b4a1c82f4675def9472084,"{""config"":[""Z0"",""Z""],""d"":7,""p"":0.007158974358974359}",
      6144,        77,         0,   0.116,pymatching,b769d13792f27d381b5f4dab20ab238652929843e762191bb21789b3077246b7,"{""config"":[""Z0"",""Z""],""d"":7,""p"":0.006802564102564103}",
      4096,        83,         0,   0.097,pymatching,c2ee0fe2e0d594c6fb473479ca807579717f258a5cf736d0bc98fdd0f44bf536,"{""config"":[""Z0"",""Z""],""d"":7,""p"":0.008228205128205128}",
     16579,         0,         0,   0.092,pymatching,137fa8f27c0ccd4b52833709ca9476bb9df4682749e626b82b56fbd28cb63bbc,"{""config"":[""Z0"",""Z""],""d"":7,""p"":0.001}",
     11264,        21,         0,   0.148,pymatching,17aa56354c3b8ef37ef6707903c6c7bd939c711b208deb498b5b3d226eb2c0df,"{""config"":[""Z0"",""Z""],""d"":7,""p"":0.004664102564102564}",
      6144,       103,         0,   0.125,pymatching,3fa8637fd37c7bcc5d791dfc60540e834a556ab838715db7a66d404b022b1c87,"{""config"":[""Z0"",""Z""],""d"":7,""p"":0.007871794871794872}",
     26722,         0,         0,   0.164,pymatching,137fa8f27c0ccd4b52833709ca9476bb9df4682749e626b82b56fbd28cb63bbc,"{""config"":[""Z0"",""Z""],""d"":7,""p"":0.001}",
     30720,         1,         0,   0.208,pymatching,7ec97d24e19ccb534438f610bb1cea3b546eed81172c888f2fb573021bd8d282,"{""config"":[""Z0"",""Z""],""d"":7,""p"":0.0018128205128205128}",
     25600,         1,         0,   0.207,pymatching,39e1294b78bbea49908c76c56ec9a6ba2fa3620e08fc122d3d3e0f360d5cc320,"{""config"":[""Z0"",""Z""],""d"":7,""p"":0.002169230769230769}",
     21504,      2000,         0,   0.799,pymatching,366d6399ca873ec9ea33c0ac3857822b7c479f7427ba737e86587f0bedb9cb8a,"{""config"":[""Z0"",""Z""],""d"":7,""p"":0.012861538461538462}",
     12288,        41,         0,   0.159,pymatching,eaece8d5a9575002560e0706d987ea298ea25470193c1b6dbb2a675e32a96376,"{""config"":[""Z0"",""Z""],""d"":7,""p"":0.00502051282051282}",
     18115,         0,         0,   0.104,pymatching,377658d83ecf949fd3f24b91737ef46cdc375d0d2fd5187c0341fb3fe1aabb74,"{""config"":[""Z0"",""Z""],""d"":7,""p"":0.0011}",
     13312,      1899,         0,   0.613,pymatching,98f5036ad6e5f9766eff47248c8feb8f1a4d42ae140157683b189cfc951c6f50,"{""config"":[""Z0"",""Z""],""d"":7,""p"":0.014999999999999998}",
     22528,      1901,         0,   0.810,pymatching,e5d47abd8cc483832b6aa9e19ca45f970ff9e13e753453bed5b9bf2bbbc9f411,"{""config"":[""Z0"",""Z""],""d"":7,""p"":0.012505128205128205}",
     27490,         0,         0,   0.172,pymatching,377658d83ecf949fd3f24b91737ef46cdc375d0d2fd5187c0341fb3fe1aabb74,"{""config"":[""Z0"",""Z""],""d"":7,""p"":0.0011}",
      5120,        73,         0,   0.120,pymatching,8a9cb5f3d9bf0e4e9eeda9a663943885691e500addf044617ef06028f6001878,"{""config"":[""Z0"",""Z""],""d"":7,""p"":0.007515384615384615}",
     13361,         1,         0,   0.077,pymatching,137fa8f27c0ccd4b52833709ca9476bb9df4682749e626b82b56fbd28cb63bbc,"{""config"":[""Z0"",""Z""],""d"":7,""p"":0.001}",
      9216,         0,         0,   0.056,pymatching,137fa8f27c0ccd4b52833709ca9476bb9df4682749e626b82b56fbd28cb63bbc,"{""config"":[""Z0"",""Z""],""d"":7,""p"":0.001}",
     10240,        35,         0,   0.152,pymatching,eca9617815f52c439b2b6ca9c5616b3c4d8fd31d7d46d963cff4e595c6436dc0,"{""config"":[""Z0"",""Z""],""d"":7,""p"":0.005376923076923077}",
     67584,       546,         0,    1.11,pymatching,d300e6d1ba983bae4e939af9fabd4c25b1a11b2fb3b999b0407884475d3fac3a,"{""config"":[""Z0"",""Z""],""d"":7,""p"":0.006446153846153846}",
     22528,        13,         0,   0.212,pymatching,e45c4abd947e5226abf9ae8ee679469545253010d6ff118e307ca31a8814db17,"{""config"":[""Z0"",""Z""],""d"":7,""p"":0.0028820512820512817}",
     66560,       470,         0,    1.12,pymatching,5b429b6d29d719034a3de26ecfd980c276ddca64727f400fe73971740676519a,"{""config"":[""Z0"",""Z""],""d"":7,""p"":0.00608974358974359}",
     63488,       663,         0,    1.11,pymatching,b769d13792f27d381b5f4dab20ab238652929843e762191bb21789b3077246b7,"{""config"":[""Z0"",""Z""],""d"":7,""p"":0.006802564102564103}",
      5120,       131,         0,   0.125,pymatching,8c657773fb86778a82655c06bf4ef0a8aea038a056e4f9622cb57e38e9e0dc26,"{""config"":[""Z0"",""Z""],""d"":7,""p"":0.008584615384615385}",
     24576,         9,         0,   0.212,pymatching,7e34e313d7d0a19f32f2f59fc833c88a063c1c3c866df6582028368578df4d81,"{""config"":[""Z0"",""Z""],""d"":7,""p"":0.0025256410256410257}",
      9216,        45,         0,   0.153,pymatching,92a7abdf4c8e6971e7de69c7aca3790c3892e94df6498b04b16cecd04e71a269,"{""config"":[""Z0"",""Z""],""d"":7,""p"":0.005733333333333333}",
      2072,         0,         0,   0.012,pymatching,137fa8f27c0ccd4b52833709ca9476bb9df4682749e626b82b56fbd28cb63bbc,"{""config"":[""Z0"",""Z""],""d"":7,""p"":0.001}",
      9216,        75,         0,   0.164,pymatching,d300e6d1ba983bae4e939af9fabd4c25b1a11b2fb3b999b0407884475d3fac3a,"{""config"":[""Z0"",""Z""],""d"":7,""p"":0.006446153846153846}",
      2048,         0,         0,   0.012,pymatching,137fa8f27c0ccd4b52833709ca9476bb9df4682749e626b82b56fbd28cb63bbc,"{""config"":[""Z0"",""Z""],""d"":7,""p"":0.001}",
     19456,        28,         0,   0.206,pymatching,bd24bbfba499721b19d74cd52585386f74b6e0939bb1d2080bf1fd9187563a46,"{""config"":[""Z0"",""Z""],""d"":7,""p"":0.003951282051282051}",
      5120,        98,         0,   0.120,pymatching,c2ee0fe2e0d594c6fb473479ca807579717f258a5cf736d0bc98fdd0f44bf536,"{""config"":[""Z0"",""Z""],""d"":7,""p"":0.008228205128205128}",
        12,         0,         0,   0.000,pymatching,137fa8f27c0ccd4b52833709ca9476bb9df4682749e626b82b56fbd28cb63bbc,"{""config"":[""Z0"",""Z""],""d"":7,""p"":0.001}",
      9216,        61,         0,   0.156,pymatching,5b429b6d29d719034a3de26ecfd980c276ddca64727f400fe73971740676519a,"{""config"":[""Z0"",""Z""],""d"":7,""p"":0.00608974358974359}",
         6,         0,         0,   0.000,pymatching,137fa8f27c0ccd4b52833709ca9476bb9df4682749e626b82b56fbd28cb63bbc,"{""config"":[""Z0"",""Z""],""d"":7,""p"":0.001}",
         3,         0,         0,   0.000,pymatching,137fa8f27c0ccd4b52833709ca9476bb9df4682749e626b82b56fbd28cb63bbc,"{""config"":[""Z0"",""Z""],""d"":7,""p"":0.001}",
         2,         0,         0,   0.000,pymatching,137fa8f27c0ccd4b52833709ca9476bb9df4682749e626b82b56fbd28cb63bbc,"{""config"":[""Z0"",""Z""],""d"":7,""p"":0.001}",
     13745,         0,         0,   0.080,pymatching,377658d83ecf949fd3f24b91737ef46cdc375d0d2fd5187c0341fb3fe1aabb74,"{""config"":[""Z0"",""Z""],""d"":7,""p"":0.0011}",
     20480,        12,         0,   0.213,pymatching,b90e12e33080801c22852919a15e138265ce11a1817b8557974984987efe3bc1,"{""config"":[""Z0"",""Z""],""d"":7,""p"":0.003238461538461538}",
      8192,       101,         0,   0.152,pymatching,d23ec93a9511dfcfad5423fbfdff24e737a6d95f98b4a1c82f4675def9472084,"{""config"":[""Z0"",""Z""],""d"":7,""p"":0.007158974358974359}",
      9216,         0,         0,   0.057,pymatching,377658d83ecf949fd3f24b91737ef46cdc375d0d2fd5187c0341fb3fe1aabb74,"{""config"":[""Z0"",""Z""],""d"":7,""p"":0.0011}",
         1,         0,         0,   0.000,pymatching,137fa8f27c0ccd4b52833709ca9476bb9df4682749e626b82b56fbd28cb63bbc,"{""config"":[""Z0"",""Z""],""d"":7,""p"":0.001}",
     19456,        14,         0,   0.211,pymatching,13d8d445806d333773aca5059c26fdda03046097cfa2cd356cccd33c23de85c3,"{""config"":[""Z0"",""Z""],""d"":7,""p"":0.0035948717948717946}",
      8192,        89,         0,   0.154,pymatching,b769d13792f27d381b5f4dab20ab238652929843e762191bb21789b3077246b7,"{""config"":[""Z0"",""Z""],""d"":7,""p"":0.006802564102564103}",
      2264,         0,         0,   0.013,pymatching,377658d83ecf949fd3f24b91737ef46cdc375d0d2fd5187c0341fb3fe1aabb74,"{""config"":[""Z0"",""Z""],""d"":7,""p"":0.0011}",
      2048,         0,         0,   0.013,pymatching,377658d83ecf949fd3f24b91737ef46cdc375d0d2fd5187c0341fb3fe1aabb74,"{""config"":[""Z0"",""Z""],""d"":7,""p"":0.0011}",
     17408,        28,         0,   0.216,pymatching,5891a0a3ba08325c916de00da2b1efae68943d7c4d1c41a9a748c9079ffbce15,"{""config"":[""Z0"",""Z""],""d"":7,""p"":0.0043076923076923075}",
       108,         0,         0,   0.001,pymatching,377658d83ecf949fd3f24b91737ef46cdc375d0d2fd5187c0341fb3fe1aabb74,"{""config"":[""Z0"",""Z""],""d"":7,""p"":0.0011}",
      7168,       133,         0,   0.151,pymatching,3fa8637fd37c7bcc5d791dfc60540e834a556ab838715db7a66d404b022b1c87,"{""config"":[""Z0"",""Z""],""d"":7,""p"":0.007871794871794872}",
        54,         0,         0,   0.001,pymatching,377658d83ecf949fd3f24b91737ef46cdc375d0d2fd5187c0341fb3fe1aabb74,"{""config"":[""Z0"",""Z""],""d"":7,""p"":0.0011}",
        27,         0,         0,   0.000,pymatching,377658d83ecf949fd3f24b91737ef46cdc375d0d2fd5187c0341fb3fe1aabb74,"{""config"":[""Z0"",""Z""],""d"":7,""p"":0.0011}",
        14,         0,         0,   0.000,pymatching,377658d83ecf949fd3f24b91737ef46cdc375d0d2fd5187c0341fb3fe1aabb74,"{""config"":[""Z0"",""Z""],""d"":7,""p"":0.0011}",
    227480,         2,         0,    1.55,pymatching,053cce4745c3ad44e4a9380f76e43713697aef6e48c857fb639253b1cd6a2822,"{""config"":[""Z0"",""Z""],""d"":7,""p"":0.0014564102564102565}",
         7,         0,         0,   0.000,pymatching,377658d83ecf949fd3f24b91737ef46cdc375d0d2fd5187c0341fb3fe1aabb74,"{""config"":[""Z0"",""Z""],""d"":7,""p"":0.0011}",
    209920,        20,         0,    1.55,pymatching,7ec97d24e19ccb534438f610bb1cea3b546eed81172c888f2fb573021bd8d282,"{""config"":[""Z0"",""Z""],""d"":7,""p"":0.0018128205128205128}",
         3,         0,         0,   0.000,pymatching,377658d83ecf949fd3f24b91737ef46cdc375d0d2fd5187c0341fb3fe1aabb74,"{""config"":[""Z0"",""Z""],""d"":7,""p"":0.0011}",
         2,         0,         0,   0.000,pymatching,377658d83ecf949fd3f24b91737ef46cdc375d0d2fd5187c0341fb3fe1aabb74,"{""config"":[""Z0"",""Z""],""d"":7,""p"":0.0011}",
         1,         0,         0,   0.000,pymatching,377658d83ecf949fd3f24b91737ef46cdc375d0d2fd5187c0341fb3fe1aabb74,"{""config"":[""Z0"",""Z""],""d"":7,""p"":0.0011}",
     56320,       745,         0,    1.12,pymatching,d23ec93a9511dfcfad5423fbfdff24e737a6d95f98b4a1c82f4675def9472084,"{""config"":[""Z0"",""Z""],""d"":7,""p"":0.007158974358974359}",
     43008,         1,         0,   0.291,pymatching,053cce4745c3ad44e4a9380f76e43713697aef6e48c857fb639253b1cd6a2822,"{""config"":[""Z0"",""Z""],""d"":7,""p"":0.0014564102564102565}",
     16384,        51,         0,   0.217,pymatching,17aa56354c3b8ef37ef6707903c6c7bd939c711b208deb498b5b3d226eb2c0df,"{""config"":[""Z0"",""Z""],""d"":7,""p"":0.004664102564102564}",
      7168,       108,         0,   0.159,pymatching,8a9cb5f3d9bf0e4e9eeda9a663943885691e500addf044617ef06028f6001878,"{""config"":[""Z0"",""Z""],""d"":7,""p"":0.007515384615384615}",
     16384,        53,         0,   0.213,pymatching,eaece8d5a9575002560e0706d987ea298ea25470193c1b6dbb2a675e32a96376,"{""config"":[""Z0"",""Z""],""d"":7,""p"":0.00502051282051282}",
      1297,        53,         0,   0.033,pymatching,99407154c5efdc35a031196b6c833f608cfe5adee0f4054b9acb0881815a045b,"{""config"":[""Z0"",""Z""],""d"":7,""p"":0.00894102564102564}",
      6144,       140,         0,   0.148,pymatching,8c657773fb86778a82655c06bf4ef0a8aea038a056e4f9622cb57e38e9e0dc26,"{""config"":[""Z0"",""Z""],""d"":7,""p"":0.008584615384615385}",
      1297,        45,         0,   0.036,pymatching,36548df23069c47b0f0e90af7827eee32aec02a920dab3317e6237c73fbcdc05,"{""config"":[""Z0"",""Z""],""d"":7,""p"":0.009297435897435898}",
      1024,        26,         0,   0.025,pymatching,99407154c5efdc35a031196b6c833f608cfe5adee0f4054b9acb0881815a045b,"{""config"":[""Z0"",""Z""],""d"":7,""p"":0.00894102564102564}",
      7168,       166,         0,   0.168,pymatching,c2ee0fe2e0d594c6fb473479ca807579717f258a5cf736d0bc98fdd0f44bf536,"{""config"":[""Z0"",""Z""],""d"":7,""p"":0.008228205128205128}",
      1024,        27,         0,   0.027,pymatching,36548df23069c47b0f0e90af7827eee32aec02a920dab3317e6237c73fbcdc05,"{""config"":[""Z0"",""Z""],""d"":7,""p"":0.009297435897435898}",
      1024,        39,         0,   0.025,pymatching,99407154c5efdc35a031196b6c833f608cfe5adee0f4054b9acb0881815a045b,"{""config"":[""Z0"",""Z""],""d"":7,""p"":0.00894102564102564}",
     53248,       810,         0,    1.12,pymatching,8a9cb5f3d9bf0e4e9eeda9a663943885691e500addf044617ef06028f6001878,"{""config"":[""Z0"",""Z""],""d"":7,""p"":0.007515384615384615}",
     14336,        60,         0,   0.215,pymatching,eca9617815f52c439b2b6ca9c5616b3c4d8fd31d7d46d963cff4e595c6436dc0,"{""config"":[""Z0"",""Z""],""d"":7,""p"":0.005376923076923077}",
       273,        11,         0,   0.012,pymatching,9b434397c66a66fc41b04f18c697e8ea60adbc546da04687ce10f9b464b84c17,"{""config"":[""Z0"",""Z""],""d"":7,""p"":0.010010256410256409}",
     35840,         5,         0,   0.288,pymatching,39e1294b78bbea49908c76c56ec9a6ba2fa3620e08fc122d3d3e0f360d5cc320,"{""config"":[""Z0"",""Z""],""d"":7,""p"":0.002169230769230769}",
     43008,         1,         0,   0.294,pymatching,7ec97d24e19ccb534438f610bb1cea3b546eed81172c888f2fb573021bd8d282,"{""config"":[""Z0"",""Z""],""d"":7,""p"":0.0018128205128205128}",
     13312,        72,         0,   0.214,pymatching,92a7abdf4c8e6971e7de69c7aca3790c3892e94df6498b04b16cecd04e71a269,"{""config"":[""Z0"",""Z""],""d"":7,""p"":0.005733333333333333}",
      1024,        29,         0,   0.027,pymatching,36548df23069c47b0f0e90af7827eee32aec02a920dab3317e6237c73fbcdc05,"{""config"":[""Z0"",""Z""],""d"":7,""p"":0.009297435897435898}",
      1297,        60,         0,   0.036,pymatching,6d88ad3a43ed5d85daf29bde13b8514815cec070fad8d42320c1385d82c9d087,"{""config"":[""Z0"",""Z""],""d"":7,""p"":0.009653846153846153}",
     12288,        95,         0,   0.208,pymatching,5b429b6d29d719034a3de26ecfd980c276ddca64727f400fe73971740676519a,"{""config"":[""Z0"",""Z""],""d"":7,""p"":0.00608974358974359}",
     12288,       133,         0,   0.220,pymatching,d300e6d1ba983bae4e939af9fabd4c25b1a11b2fb3b999b0407884475d3fac3a,"{""config"":[""Z0"",""Z""],""d"":7,""p"":0.006446153846153846}",
     17347,         0,         0,   0.117,pymatching,053cce4745c3ad44e4a9380f76e43713697aef6e48c857fb639253b1cd6a2822,"{""config"":[""Z0"",""Z""],""d"":7,""p"":0.0014564102564102565}",
     50176,       907,         0,    1.11,pymatching,3fa8637fd37c7bcc5d791dfc60540e834a556ab838715db7a66d404b022b1c87,"{""config"":[""Z0"",""Z""],""d"":7,""p"":0.007871794871794872}",
     21504,      2126,         0,   0.830,pymatching,73234c9d40b5856e37c3e6370cfe24f0758803a1e193dc5f1385f23fd21b97a0,"{""config"":[""Z0"",""Z""],""d"":7,""p"":0.013217948717948718}",
    189440,        16,         0,    1.55,pymatching,39e1294b78bbea49908c76c56ec9a6ba2fa3620e08fc122d3d3e0f360d5cc320,"{""config"":[""Z0"",""Z""],""d"":7,""p"":0.002169230769230769}",
     11264,       143,         0,   0.209,pymatching,d23ec93a9511dfcfad5423fbfdff24e737a6d95f98b4a1c82f4675def9472084,"{""config"":[""Z0"",""Z""],""d"":7,""p"":0.007158974358974359}",
      1024,        40,         0,   0.036,pymatching,9b434397c66a66fc41b04f18c697e8ea60adbc546da04687ce10f9b464b84c17,"{""config"":[""Z0"",""Z""],""d"":7,""p"":0.010010256410256409}",
      2048,        49,         0,   0.050,pymatching,99407154c5efdc35a031196b6c833f608cfe5adee0f4054b9acb0881815a045b,"{""config"":[""Z0"",""Z""],""d"":7,""p"":0.00894102564102564}",
      1024,        35,         0,   0.028,pymatching,36548df23069c47b0f0e90af7827eee32aec02a920dab3317e6237c73fbcdc05,"{""config"":[""Z0"",""Z""],""d"":7,""p"":0.009297435897435898}",
      1024,        33,         0,   0.027,pymatching,6d88ad3a43ed5d85daf29bde13b8514815cec070fad8d42320c1385d82c9d087,"{""config"":[""Z0"",""Z""],""d"":7,""p"":0.009653846153846153}",
     11264,       124,         0,   0.214,pymatching,b769d13792f27d381b5f4dab20ab238652929843e762191bb21789b3077246b7,"{""config"":[""Z0"",""Z""],""d"":7,""p"":0.006802564102564103}",
      1024,        46,         0,   0.027,pymatching,6d88ad3a43ed5d85daf29bde13b8514815cec070fad8d42320c1385d82c9d087,"{""config"":[""Z0"",""Z""],""d"":7,""p"":0.009653846153846153}",
     10240,       184,         0,   0.210,pymatching,3fa8637fd37c7bcc5d791dfc60540e834a556ab838715db7a66d404b022b1c87,"{""config"":[""Z0"",""Z""],""d"":7,""p"":0.007871794871794872}",
      1024,        52,         0,   0.036,pymatching,9b434397c66a66fc41b04f18c697e8ea60adbc546da04687ce10f9b464b84c17,"{""config"":[""Z0"",""Z""],""d"":7,""p"":0.010010256410256409}",
     45056,      1140,         0,    1.11,pymatching,8c657773fb86778a82655c06bf4ef0a8aea038a056e4f9622cb57e38e9e0dc26,"{""config"":[""Z0"",""Z""],""d"":7,""p"":0.008584615384615385}",
     31744,        10,         0,   0.298,pymatching,e45c4abd947e5226abf9ae8ee679469545253010d6ff118e307ca31a8814db17,"{""config"":[""Z0"",""Z""],""d"":7,""p"":0.0028820512820512817}",
      2048,        37,         0,   0.049,pymatching,99407154c5efdc35a031196b6c833f608cfe5adee0f4054b9acb0881815a045b,"{""config"":[""Z0"",""Z""],""d"":7,""p"":0.00894102564102564}",
     33792,         8,         0,   0.292,pymatching,7e34e313d7d0a19f32f2f59fc833c88a063c1c3c866df6582028368578df4d81,"{""config"":[""Z0"",""Z""],""d"":7,""p"":0.0025256410256410257}",
     48128,       991,         0,    1.12,pymatching,c2ee0fe2e0d594c6fb473479ca807579717f258a5cf736d0bc98fdd0f44bf536,"{""config"":[""Z0"",""Z""],""d"":7,""p"":0.008228205128205128}",
      2048,        71,         0,   0.056,pymatching,36548df23069c47b0f0e90af7827eee32aec02a920dab3317e6237c73fbcdc05,"{""config"":[""Z0"",""Z""],""d"":7,""p"":0.009297435897435898}",
     30178,         0,         0,   0.206,pymatching,053cce4745c3ad44e4a9380f76e43713697aef6e48c857fb639253b1cd6a2822,"{""config"":[""Z0"",""Z""],""d"":7,""p"":0.0014564102564102565}",
     27648,        34,         0,   0.295,pymatching,bd24bbfba499721b19d74cd52585386f74b6e0939bb1d2080bf1fd9187563a46,"{""config"":[""Z0"",""Z""],""d"":7,""p"":0.003951282051282051}",
      1024,        40,         0,   0.035,pymatching,9b434397c66a66fc41b04f18c697e8ea60adbc546da04687ce10f9b464b84c17,"{""config"":[""Z0"",""Z""],""d"":7,""p"":0.010010256410256409}",
      2048,        64,         0,   0.053,pymatching,6d88ad3a43ed5d85daf29bde13b8514815cec070fad8d42320c1385d82c9d087,"{""config"":[""Z0"",""Z""],""d"":7,""p"":0.009653846153846153}",
     26624,        21,         0,   0.288,pymatching,13d8d445806d333773aca5059c26fdda03046097cfa2cd356cccd33c23de85c3,"{""config"":[""Z0"",""Z""],""d"":7,""p"":0.0035948717948717946}",
     28672,        11,         0,   0.296,pymatching,b90e12e33080801c22852919a15e138265ce11a1817b8557974984987efe3bc1,"{""config"":[""Z0"",""Z""],""d"":7,""p"":0.003238461538461538}",
     19456,      2318,         0,   0.815,pymatching,858c04a15543d84184d5b0e9df1033310e7ed5d29635a1465c02a2dc5d263427,"{""config"":[""Z0"",""Z""],""d"":7,""p"":0.01393076923076923}",
     15089,         0,         0,   0.104,pymatching,053cce4745c3ad44e4a9380f76e43713697aef6e48c857fb639253b1cd6a2822,"{""config"":[""Z0"",""Z""],""d"":7,""p"":0.0014564102564102565}",
     23552,        50,         0,   0.290,pymatching,5891a0a3ba08325c916de00da2b1efae68943d7c4d1c41a9a748c9079ffbce15,"{""config"":[""Z0"",""Z""],""d"":7,""p"":0.0043076923076923075}",
     10240,       161,         0,   0.216,pymatching,8a9cb5f3d9bf0e4e9eeda9a663943885691e500addf044617ef06028f6001878,"{""config"":[""Z0"",""Z""],""d"":7,""p"":0.007515384615384615}",
     35480,         4,         0,   0.263,pymatching,7ec97d24e19ccb534438f610bb1cea3b546eed81172c888f2fb573021bd8d282,"{""config"":[""Z0"",""Z""],""d"":7,""p"":0.0018128205128205128}",
     18432,      2041,         0,   0.800,pymatching,47cf5c0afd8236401ccac4d6997b810ef32a75c41497e12003c61a934190ced5,"{""config"":[""Z0"",""Z""],""d"":7,""p"":0.013574358974358974}",
     44032,      1307,         0,    1.13,pymatching,99407154c5efdc35a031196b6c833f608cfe5adee0f4054b9acb0881815a045b,"{""config"":[""Z0"",""Z""],""d"":7,""p"":0.00894102564102564}",
      2048,        85,         0,   0.055,pymatching,36548df23069c47b0f0e90af7827eee32aec02a920dab3317e6237c73fbcdc05,"{""config"":[""Z0"",""Z""],""d"":7,""p"":0.009297435897435898}",
     45056,      1501,         0,    1.12,pymatching,36548df23069c47b0f0e90af7827eee32aec02a920dab3317e6237c73fbcdc05,"{""config"":[""Z0"",""Z""],""d"":7,""p"":0.009297435897435898}",
      7544,         0,         0,   0.052,pymatching,053cce4745c3ad44e4a9380f76e43713697aef6e48c857fb639253b1cd6a2822,"{""config"":[""Z0"",""Z""],""d"":7,""p"":0.0014564102564102565}",
      3072,        87,         0,   0.073,pymatching,99407154c5efdc35a031196b6c833f608cfe5adee0f4054b9acb0881815a045b,"{""config"":[""Z0"",""Z""],""d"":7,""p"":0.00894102564102564}",
      9216,       242,         0,   0.226,pymatching,8c657773fb86778a82655c06bf4ef0a8aea038a056e4f9622cb57e38e9e0dc26,"{""config"":[""Z0"",""Z""],""d"":7,""p"":0.008584615384615385}",
      3772,         0,         0,   0.026,pymatching,053cce4745c3ad44e4a9380f76e43713697aef6e48c857fb639253b1cd6a2822,"{""config"":[""Z0"",""Z""],""d"":7,""p"":0.0014564102564102565}",
      2048,        80,         0,   0.053,pymatching,6d88ad3a43ed5d85daf29bde13b8514815cec070fad8d42320c1385d82c9d087,"{""config"":[""Z0"",""Z""],""d"":7,""p"":0.009653846153846153}",
      2048,        75,         0,   0.071,pymatching,9b434397c66a66fc41b04f18c697e8ea60adbc546da04687ce10f9b464b84c17,"{""config"":[""Z0"",""Z""],""d"":7,""p"":0.010010256410256409}",
     39936,      1435,         0,    1.13,pymatching,6d88ad3a43ed5d85daf29bde13b8514815cec070fad8d42320c1385d82c9d087,"{""config"":[""Z0"",""Z""],""d"":7,""p"":0.009653846153846153}",
      1886,         0,         0,   0.013,pymatching,053cce4745c3ad44e4a9380f76e43713697aef6e48c857fb639253b1cd6a2822,"{""config"":[""Z0"",""Z""],""d"":7,""p"":0.0014564102564102565}",
      9216,       199,         0,   0.217,pymatching,c2ee0fe2e0d594c6fb473479ca807579717f258a5cf736d0bc98fdd0f44bf536,"{""config"":[""Z0"",""Z""],""d"":7,""p"":0.008228205128205128}",
      1886,         0,         0,   0.013,pymatching,053cce4745c3ad44e4a9380f76e43713697aef6e48c857fb639253b1cd6a2822,"{""config"":[""Z0"",""Z""],""d"":7,""p"":0.0014564102564102565}",
     22528,        60,         0,   0.298,pymatching,17aa56354c3b8ef37ef6707903c6c7bd939c711b208deb498b5b3d226eb2c0df,"{""config"":[""Z0"",""Z""],""d"":7,""p"":0.004664102564102564}",
     22528,        72,         0,   0.294,pymatching,eaece8d5a9575002560e0706d987ea298ea25470193c1b6dbb2a675e32a96376,"{""config"":[""Z0"",""Z""],""d"":7,""p"":0.00502051282051282}",
      3072,        91,         0,   0.082,pymatching,36548df23069c47b0f0e90af7827eee32aec02a920dab3317e6237c73fbcdc05,"{""config"":[""Z0"",""Z""],""d"":7,""p"":0.009297435897435898}",
      2048,        79,         0,   0.067,pymatching,9b434397c66a66fc41b04f18c697e8ea60adbc546da04687ce10f9b464b84c17,"{""config"":[""Z0"",""Z""],""d"":7,""p"":0.010010256410256409}",
      3072,       123,         0,   0.079,pymatching,6d88ad3a43ed5d85daf29bde13b8514815cec070fad8d42320c1385d82c9d087,"{""config"":[""Z0"",""Z""],""d"":7,""p"":0.009653846153846153}",
      4096,       128,         0,   0.098,pymatching,99407154c5efdc35a031196b6c833f608cfe5adee0f4054b9acb0881815a045b,"{""config"":[""Z0"",""Z""],""d"":7,""p"":0.00894102564102564}",
       273,        11,         0,   0.010,pymatching,e7700ccc6b5e85238edb03484213be2f2324536bcffcf5510f63c95752d4f48e,"{""config"":[""Z0"",""Z""],""d"":7,""p"":0.010366666666666666}",
       273,         8,         0,   0.011,pymatching,da98e8cd9418feeb39b2eef8b4009cb1917b214eb94bc6403232d0554554ad7f,"{""config"":[""Z0"",""Z""],""d"":7,""p"":0.010723076923076922}",
     20480,        79,         0,   0.303,pymatching,eca9617815f52c439b2b6ca9c5616b3c4d8fd31d7d46d963cff4e595c6436dc0,"{""config"":[""Z0"",""Z""],""d"":7,""p"":0.005376923076923077}",
     18432,       111,         0,   0.293,pymatching,92a7abdf4c8e6971e7de69c7aca3790c3892e94df6498b04b16cecd04e71a269,"{""config"":[""Z0"",""Z""],""d"":7,""p"":0.005733333333333333}",
     37888,      1630,         0,    1.12,pymatching,9b434397c66a66fc41b04f18c697e8ea60adbc546da04687ce10f9b464b84c17,"{""config"":[""Z0"",""Z""],""d"":7,""p"":0.010010256410256409}",
      1024,        40,         0,   0.032,pymatching,e7700ccc6b5e85238edb03484213be2f2324536bcffcf5510f63c95752d4f48e,"{""config"":[""Z0"",""Z""],""d"":7,""p"":0.010366666666666666}",
     17408,       125,         0,   0.293,pymatching,5b429b6d29d719034a3de26ecfd980c276ddca64727f400fe73971740676519a,"{""config"":[""Z0"",""Z""],""d"":7,""p"":0.00608974358974359}",
     16384,       135,         0,   0.293,pymatching,d300e6d1ba983bae4e939af9fabd4c25b1a11b2fb3b999b0407884475d3fac3a,"{""config"":[""Z0"",""Z""],""d"":7,""p"":0.006446153846153846}",
      1024,        41,         0,   0.034,pymatching,da98e8cd9418feeb39b2eef8b4009cb1917b214eb94bc6403232d0554554ad7f,"{""config"":[""Z0"",""Z""],""d"":7,""p"":0.010723076923076922}",
      3072,       111,         0,   0.080,pymatching,6d88ad3a43ed5d85daf29bde13b8514815cec070fad8d42320c1385d82c9d087,"{""config"":[""Z0"",""Z""],""d"":7,""p"":0.009653846153846153}",
     19456,      2344,         0,   0.835,pymatching,3e021381bcb0ebc2fc623d32203c3d72345b30d814c557c06d28f2abed845f9c,"{""config"":[""Z0"",""Z""],""d"":7,""p"":0.014287179487179487}",
     48323,         1,         0,   0.329,pymatching,7ec97d24e19ccb534438f610bb1cea3b546eed81172c888f2fb573021bd8d282,"{""config"":[""Z0"",""Z""],""d"":7,""p"":0.0018128205128205128}",
      1024,        39,         0,   0.032,pymatching,e7700ccc6b5e85238edb03484213be2f2324536bcffcf5510f63c95752d4f48e,"{""config"":[""Z0"",""Z""],""d"":7,""p"":0.010366666666666666}",
      4096,       130,         0,   0.111,pymatching,36548df23069c47b0f0e90af7827eee32aec02a920dab3317e6237c73fbcdc05,"{""config"":[""Z0"",""Z""],""d"":7,""p"":0.009297435897435898}",
     16384,       212,         0,   0.306,pymatching,d23ec93a9511dfcfad5423fbfdff24e737a6d95f98b4a1c82f4675def9472084,"{""config"":[""Z0"",""Z""],""d"":7,""p"":0.007158974358974359}",
      1024,        40,         0,   0.034,pymatching,da98e8cd9418feeb39b2eef8b4009cb1917b214eb94bc6403232d0554554ad7f,"{""config"":[""Z0"",""Z""],""d"":7,""p"":0.010723076923076922}",
     24162,         0,         0,   0.183,pymatching,7ec97d24e19ccb534438f610bb1cea3b546eed81172c888f2fb573021bd8d282,"{""config"":[""Z0"",""Z""],""d"":7,""p"":0.0018128205128205128}",
      3072,       130,         0,   0.102,pymatching,9b434397c66a66fc41b04f18c697e8ea60adbc546da04687ce10f9b464b84c17,"{""config"":[""Z0"",""Z""],""d"":7,""p"":0.010010256410256409}",
     16384,       155,         0,   0.308,pymatching,b769d13792f27d381b5f4dab20ab238652929843e762191bb21789b3077246b7,"{""config"":[""Z0"",""Z""],""d"":7,""p"":0.006802564102564103}",
     14336,       277,         0,   0.295,pymatching,3fa8637fd37c7bcc5d791dfc60540e834a556ab838715db7a66d404b022b1c87,"{""config"":[""Z0"",""Z""],""d"":7,""p"":0.007871794871794872}",
      1024,        57,         0,   0.032,pymatching,e7700ccc6b5e85238edb03484213be2f2324536bcffcf5510f63c95752d4f48e,"{""config"":[""Z0"",""Z""],""d"":7,""p"":0.010366666666666666}",
     36864,      1696,         0,    1.14,pymatching,e7700ccc6b5e85238edb03484213be2f2324536bcffcf5510f63c95752d4f48e,"{""config"":[""Z0"",""Z""],""d"":7,""p"":0.010366666666666666}",
      5120,       139,         0,   0.122,pymatching,99407154c5efdc35a031196b6c833f608cfe5adee0f4054b9acb0881815a045b,"{""config"":[""Z0"",""Z""],""d"":7,""p"":0.00894102564102564}",
      1024,        59,         0,   0.034,pymatching,da98e8cd9418feeb39b2eef8b4009cb1917b214eb94bc6403232d0554554ad7f,"{""config"":[""Z0"",""Z""],""d"":7,""p"":0.010723076923076922}",
     50176,         7,         0,   0.405,pymatching,39e1294b78bbea49908c76c56ec9a6ba2fa3620e08fc122d3d3e0f360d5cc320,"{""config"":[""Z0"",""Z""],""d"":7,""p"":0.002169230769230769}",
     12081,         2,         0,   0.083,pymatching,7ec97d24e19ccb534438f610bb1cea3b546eed81172c888f2fb573021bd8d282,"{""config"":[""Z0"",""Z""],""d"":7,""p"":0.0018128205128205128}",
      2048,        99,         0,   0.064,pymatching,e7700ccc6b5e85238edb03484213be2f2324536bcffcf5510f63c95752d4f48e,"{""config"":[""Z0"",""Z""],""d"":7,""p"":0.010366666666666666}",
     10240,         0,         0,   0.078,pymatching,7ec97d24e19ccb534438f610bb1cea3b546eed81172c888f2fb573021bd8d282,"{""config"":[""Z0"",""Z""],""d"":7,""p"":0.0018128205128205128}",
      4096,       163,         0,   0.106,pymatching,6d88ad3a43ed5d85daf29bde13b8514815cec070fad8d42320c1385d82c9d087,"{""config"":[""Z0"",""Z""],""d"":7,""p"":0.009653846153846153}",
       920,         0,         0,   0.006,pymatching,7ec97d24e19ccb534438f610bb1cea3b546eed81172c888f2fb573021bd8d282,"{""config"":[""Z0"",""Z""],""d"":7,""p"":0.0018128205128205128}",
      2048,        99,         0,   0.067,pymatching,da98e8cd9418feeb39b2eef8b4009cb1917b214eb94bc6403232d0554554ad7f,"{""config"":[""Z0"",""Z""],""d"":7,""p"":0.010723076923076922}",
     14336,       212,         0,   0.305,pymatching,8a9cb5f3d9bf0e4e9eeda9a663943885691e500addf044617ef06028f6001878,"{""config"":[""Z0"",""Z""],""d"":7,""p"":0.007515384615384615}",
       460,         0,         0,   0.004,pymatching,7ec97d24e19ccb534438f610bb1cea3b546eed81172c888f2fb573021bd8d282,"{""config"":[""Z0"",""Z""],""d"":7,""p"":0.0018128205128205128}",
       230,         0,         0,   0.002,pymatching,7ec97d24e19ccb534438f610bb1cea3b546eed81172c888f2fb573021bd8d282,"{""config"":[""Z0"",""Z""],""d"":7,""p"":0.0018128205128205128}",
       115,         0,         0,   0.001,pymatching,7ec97d24e19ccb534438f610bb1cea3b546eed81172c888f2fb573021bd8d282,"{""config"":[""Z0"",""Z""],""d"":7,""p"":0.0018128205128205128}",
     12288,       282,         0,   0.300,pymatching,8c657773fb86778a82655c06bf4ef0a8aea038a056e4f9622cb57e38e9e0dc26,"{""config"":[""Z0"",""Z""],""d"":7,""p"":0.008584615384615385}",
        58,         0,         0,   0.000,pymatching,7ec97d24e19ccb534438f610bb1cea3b546eed81172c888f2fb573021bd8d282,"{""config"":[""Z0"",""Z""],""d"":7,""p"":0.0018128205128205128}",
     34816,      1827,         0,    1.12,pymatching,da98e8cd9418feeb39b2eef8b4009cb1917b214eb94bc6403232d0554554ad7f,"{""config"":[""Z0"",""Z""],""d"":7,""p"":0.010723076923076922}",
        29,         0,         0,   0.000,pymatching,7ec97d24e19ccb534438f610bb1cea3b546eed81172c888f2fb573021bd8d282,"{""config"":[""Z0"",""Z""],""d"":7,""p"":0.0018128205128205128}",
     17408,      2401,         0,   0.842,pymatching,60b86795a2c6fdf4c38a7b26840c0d477e93ea358a396c278f29ca08bd4f9abb,"{""config"":[""Z0"",""Z""],""d"":7,""p"":0.014643589743589744}",
        14,         0,         0,   0.000,pymatching,7ec97d24e19ccb534438f610bb1cea3b546eed81172c888f2fb573021bd8d282,"{""config"":[""Z0"",""Z""],""d"":7,""p"":0.0018128205128205128}",
     36864,      2193,         0,    1.14,pymatching,b6d3694e834850dac9ee7c8f2d7002a6846b99ca8f4a69cace9dbe15e20daffb,"{""config"":[""Z0"",""Z""],""d"":7,""p"":0.01107948717948718}",
         7,         0,         0,   0.000,pymatching,7ec97d24e19ccb534438f610bb1cea3b546eed81172c888f2fb573021bd8d282,"{""config"":[""Z0"",""Z""],""d"":7,""p"":0.0018128205128205128}",
      4096,       185,         0,   0.136,pymatching,9b434397c66a66fc41b04f18c697e8ea60adbc546da04687ce10f9b464b84c17,"{""config"":[""Z0"",""Z""],""d"":7,""p"":0.010010256410256409}",
         4,         0,         0,   0.000,pymatching,7ec97d24e19ccb534438f610bb1cea3b546eed81172c888f2fb573021bd8d282,"{""config"":[""Z0"",""Z""],""d"":7,""p"":0.0018128205128205128}",
     47104,         8,         0,   0.406,pymatching,7e34e313d7d0a19f32f2f59fc833c88a063c1c3c866df6582028368578df4d81,"{""config"":[""Z0"",""Z""],""d"":7,""p"":0.0025256410256410257}",
         2,         0,         0,   0.000,pymatching,7ec97d24e19ccb534438f610bb1cea3b546eed81172c888f2fb573021bd8d282,"{""config"":[""Z0"",""Z""],""d"":7,""p"":0.0018128205128205128}",
     44032,        18,         0,   0.412,pymatching,e45c4abd947e5226abf9ae8ee679469545253010d6ff118e307ca31a8814db17,"{""config"":[""Z0"",""Z""],""d"":7,""p"":0.0028820512820512817}",
      2048,        94,         0,   0.064,pymatching,e7700ccc6b5e85238edb03484213be2f2324536bcffcf5510f63c95752d4f48e,"{""config"":[""Z0"",""Z""],""d"":7,""p"":0.010366666666666666}",
         1,         0,         0,   0.000,pymatching,7ec97d24e19ccb534438f610bb1cea3b546eed81172c888f2fb573021bd8d282,"{""config"":[""Z0"",""Z""],""d"":7,""p"":0.0018128205128205128}",
     13312,       272,         0,   0.312,pymatching,c2ee0fe2e0d594c6fb473479ca807579717f258a5cf736d0bc98fdd0f44bf536,"{""config"":[""Z0"",""Z""],""d"":7,""p"":0.008228205128205128}",
     38912,        45,         0,   0.413,pymatching,bd24bbfba499721b19d74cd52585386f74b6e0939bb1d2080bf1fd9187563a46,"{""config"":[""Z0"",""Z""],""d"":7,""p"":0.003951282051282051}",
      6144,       211,         0,   0.166,pymatching,36548df23069c47b0f0e90af7827eee32aec02a920dab3317e6237c73fbcdc05,"{""config"":[""Z0"",""Z""],""d"":7,""p"":0.009297435897435898}",
      2048,       103,         0,   0.067,pymatching,da98e8cd9418feeb39b2eef8b4009cb1917b214eb94bc6403232d0554554ad7f,"{""config"":[""Z0"",""Z""],""d"":7,""p"":0.010723076923076922}",
     32768,      2054,         0,    1.13,pymatching,52ae0e84c1b2f08ad771443a768ea177b4282b167a661a2127e9ef552d2f9bfb,"{""config"":[""Z0"",""Z""],""d"":7,""p"":0.011435897435897435}",
     17408,      2479,         0,   0.795,pymatching,98f5036ad6e5f9766eff47248c8feb8f1a4d42ae140157683b189cfc951c6f50,"{""config"":[""Z0"",""Z""],""d"":7,""p"":0.014999999999999998}",
     37888,        25,         0,   0.408,pymatching,13d8d445806d333773aca5059c26fdda03046097cfa2cd356cccd33c23de85c3,"{""config"":[""Z0"",""Z""],""d"":7,""p"":0.0035948717948717946}",
     40960,        17,         0,   0.413,pymatching,b90e12e33080801c22852919a15e138265ce11a1817b8557974984987efe3bc1,"{""config"":[""Z0"",""Z""],""d"":7,""p"":0.003238461538461538}",
      7168,       196,         0,   0.171,pymatching,99407154c5efdc35a031196b6c833f608cfe5adee0f4054b9acb0881815a045b,"{""config"":[""Z0"",""Z""],""d"":7,""p"":0.00894102564102564}",
     33792,        76,         0,   0.414,pymatching,5891a0a3ba08325c916de00da2b1efae68943d7c4d1c41a9a748c9079ffbce15,"{""config"":[""Z0"",""Z""],""d"":7,""p"":0.0043076923076923075}",
      3072,       147,         0,   0.096,pymatching,e7700ccc6b5e85238edb03484213be2f2324536bcffcf5510f63c95752d4f48e,"{""config"":[""Z0"",""Z""],""d"":7,""p"":0.010366666666666666}",
      6144,       191,         0,   0.159,pymatching,6d88ad3a43ed5d85daf29bde13b8514815cec070fad8d42320c1385d82c9d087,"{""config"":[""Z0"",""Z""],""d"":7,""p"":0.009653846153846153}",
       273,        15,         0,   0.010,pymatching,b6d3694e834850dac9ee7c8f2d7002a6846b99ca8f4a69cace9dbe15e20daffb,"{""config"":[""Z0"",""Z""],""d"":7,""p"":0.01107948717948718}",
    194560,        38,         0,    1.55,pymatching,7e34e313d7d0a19f32f2f59fc833c88a063c1c3c866df6582028368578df4d81,"{""config"":[""Z0"",""Z""],""d"":7,""p"":0.0025256410256410257}",
      3072,       177,         0,   0.098,pymatching,da98e8cd9418feeb39b2eef8b4009cb1917b214eb94bc6403232d0554554ad7f,"{""config"":[""Z0"",""Z""],""d"":7,""p"":0.010723076923076922}",
     33792,      2372,         0,    1.13,pymatching,ba40fb2f212c26616136c2a7e0488d440fcc4df4d5ce3f7952d7e915b7885490,"{""config"":[""Z0"",""Z""],""d"":7,""p"":0.011792307692307692}",
     30720,        74,         0,   0.405,pymatching,17aa56354c3b8ef37ef6707903c6c7bd939c711b208deb498b5b3d226eb2c0df,"{""config"":[""Z0"",""Z""],""d"":7,""p"":0.004664102564102564}",
       273,        15,         0,   0.012,pymatching,52ae0e84c1b2f08ad771443a768ea177b4282b167a661a2127e9ef552d2f9bfb,"{""config"":[""Z0"",""Z""],""d"":7,""p"":0.011435897435897435}",
    180224,        64,         0,    1.55,pymatching,e45c4abd947e5226abf9ae8ee679469545253010d6ff118e307ca31a8814db17,"{""config"":[""Z0"",""Z""],""d"":7,""p"":0.0028820512820512817}",
      1024,        46,         0,   0.032,pymatching,b6d3694e834850dac9ee7c8f2d7002a6846b99ca8f4a69cace9dbe15e20daffb,"{""config"":[""Z0"",""Z""],""d"":7,""p"":0.01107948717948718}",
     74392,         8,         0,   0.599,pymatching,39e1294b78bbea49908c76c56ec9a6ba2fa3620e08fc122d3d3e0f360d5cc320,"{""config"":[""Z0"",""Z""],""d"":7,""p"":0.002169230769230769}",
     31744,        98,         0,   0.414,pymatching,eaece8d5a9575002560e0706d987ea298ea25470193c1b6dbb2a675e32a96376,"{""config"":[""Z0"",""Z""],""d"":7,""p"":0.00502051282051282}",
    167936,        93,         0,    1.56,pymatching,b90e12e33080801c22852919a15e138265ce11a1817b8557974984987efe3bc1,"{""config"":[""Z0"",""Z""],""d"":7,""p"":0.003238461538461538}",
      6296,         1,         0,   0.050,pymatching,7e34e313d7d0a19f32f2f59fc833c88a063c1c3c866df6582028368578df4d81,"{""config"":[""Z0"",""Z""],""d"":7,""p"":0.0025256410256410257}",
      5120,       230,         0,   0.168,pymatching,9b434397c66a66fc41b04f18c697e8ea60adbc546da04687ce10f9b464b84c17,"{""config"":[""Z0"",""Z""],""d"":7,""p"":0.010010256410256409}",
      1024,        84,         0,   0.037,pymatching,52ae0e84c1b2f08ad771443a768ea177b4282b167a661a2127e9ef552d2f9bfb,"{""config"":[""Z0"",""Z""],""d"":7,""p"":0.011435897435897435}",
    156672,       127,         0,    1.56,pymatching,13d8d445806d333773aca5059c26fdda03046097cfa2cd356cccd33c23de85c3,"{""config"":[""Z0"",""Z""],""d"":7,""p"":0.0035948717948717946}",
      1024,        58,         0,   0.032,pymatching,b6d3694e834850dac9ee7c8f2d7002a6846b99ca8f4a69cace9dbe15e20daffb,"{""config"":[""Z0"",""Z""],""d"":7,""p"":0.01107948717948718}",
      1024,        75,         0,   0.035,pymatching,52ae0e84c1b2f08ad771443a768ea177b4282b167a661a2127e9ef552d2f9bfb,"{""config"":[""Z0"",""Z""],""d"":7,""p"":0.011435897435897435}",
      1024,        49,         0,   0.032,pymatching,b6d3694e834850dac9ee7c8f2d7002a6846b99ca8f4a69cace9dbe15e20daffb,"{""config"":[""Z0"",""Z""],""d"":7,""p"":0.01107948717948718}",
     32768,      2543,         0,    1.13,pymatching,a750422041c31f314c456e0d2c44aa688b9c84ad226061a7d5c212080e58f7f9,"{""config"":[""Z0"",""Z""],""d"":7,""p"":0.012148717948717948}",
    125952,       220,         0,    1.55,pymatching,5891a0a3ba08325c916de00da2b1efae68943d7c4d1c41a9a748c9079ffbce15,"{""config"":[""Z0"",""Z""],""d"":7,""p"":0.0043076923076923075}",
     27648,       140,         0,   0.413,pymatching,eca9617815f52c439b2b6ca9c5616b3c4d8fd31d7d46d963cff4e595c6436dc0,"{""config"":[""Z0"",""Z""],""d"":7,""p"":0.005376923076923077}",
     25600,       137,         0,   0.410,pymatching,92a7abdf4c8e6971e7de69c7aca3790c3892e94df6498b04b16cecd04e71a269,"{""config"":[""Z0"",""Z""],""d"":7,""p"":0.005733333333333333}",
      4096,       195,         0,   0.127,pymatching,e7700ccc6b5e85238edb03484213be2f2324536bcffcf5510f63c95752d4f48e,"{""config"":[""Z0"",""Z""],""d"":7,""p"":0.010366666666666666}",
     24576,       182,         0,   0.415,pymatching,5b429b6d29d719034a3de26ecfd980c276ddca64727f400fe73971740676519a,"{""config"":[""Z0"",""Z""],""d"":7,""p"":0.00608974358974359}",
    134144,       184,         0,    1.56,pymatching,bd24bbfba499721b19d74cd52585386f74b6e0939bb1d2080bf1fd9187563a46,"{""config"":[""Z0"",""Z""],""d"":7,""p"":0.003951282051282051}",
      8192,       317,         0,   0.220,pymatching,36548df23069c47b0f0e90af7827eee32aec02a920dab3317e6237c73fbcdc05,"{""config"":[""Z0"",""Z""],""d"":7,""p"":0.009297435897435898}",
      1024,        62,         0,   0.036,pymatching,52ae0e84c1b2f08ad771443a768ea177b4282b167a661a2127e9ef552d2f9bfb,"{""config"":[""Z0"",""Z""],""d"":7,""p"":0.011435897435897435}",
     14336,      1707,         0,   0.599,pymatching,858c04a15543d84184d5b0e9df1033310e7ed5d29635a1465c02a2dc5d263427,"{""config"":[""Z0"",""Z""],""d"":7,""p"":0.01393076923076923}",
     23552,       182,         0,   0.420,pymatching,d300e6d1ba983bae4e939af9fabd4c25b1a11b2fb3b999b0407884475d3fac3a,"{""config"":[""Z0"",""Z""],""d"":7,""p"":0.006446153846153846}",
      4096,       191,         0,   0.131,pymatching,da98e8cd9418feeb39b2eef8b4009cb1917b214eb94bc6403232d0554554ad7f,"{""config"":[""Z0"",""Z""],""d"":7,""p"":0.010723076923076922}",
     21504,       247,         0,   0.409,pymatching,d23ec93a9511dfcfad5423fbfdff24e737a6d95f98b4a1c82f4675def9472084,"{""config"":[""Z0"",""Z""],""d"":7,""p"":0.007158974358974359}",
      2048,       127,         0,   0.063,pymatching,b6d3694e834850dac9ee7c8f2d7002a6846b99ca8f4a69cace9dbe15e20daffb,"{""config"":[""Z0"",""Z""],""d"":7,""p"":0.01107948717948718}",
     21504,       235,         0,   0.406,pymatching,b769d13792f27d381b5f4dab20ab238652929843e762191bb21789b3077246b7,"{""config"":[""Z0"",""Z""],""d"":7,""p"":0.006802564102564103}",
    111616,       355,         0,    1.57,pymatching,eaece8d5a9575002560e0706d987ea298ea25470193c1b6dbb2a675e32a96376,"{""config"":[""Z0"",""Z""],""d"":7,""p"":0.00502051282051282}",
     43715,         7,         0,   0.352,pymatching,39e1294b78bbea49908c76c56ec9a6ba2fa3620e08fc122d3d3e0f360d5cc320,"{""config"":[""Z0"",""Z""],""d"":7,""p"":0.002169230769230769}",
      5120,       729,         0,   0.232,pymatching,98f5036ad6e5f9766eff47248c8feb8f1a4d42ae140157683b189cfc951c6f50,"{""config"":[""Z0"",""Z""],""d"":7,""p"":0.014999999999999998}",
    118784,       292,         0,    1.56,pymatching,17aa56354c3b8ef37ef6707903c6c7bd939c711b208deb498b5b3d226eb2c0df,"{""config"":[""Z0"",""Z""],""d"":7,""p"":0.004664102564102564}",
      9216,       256,         0,   0.223,pymatching,99407154c5efdc35a031196b6c833f608cfe5adee0f4054b9acb0881815a045b,"{""config"":[""Z0"",""Z""],""d"":7,""p"":0.00894102564102564}",
     10240,      1222,         0,   0.441,pymatching,3e021381bcb0ebc2fc623d32203c3d72345b30d814c557c06d28f2abed845f9c,"{""config"":[""Z0"",""Z""],""d"":7,""p"":0.014287179487179487}",
    112640,       444,         0,    1.55,pymatching,eca9617815f52c439b2b6ca9c5616b3c4d8fd31d7d46d963cff4e595c6436dc0,"{""config"":[""Z0"",""Z""],""d"":7,""p"":0.005376923076923077}",
     20480,       393,         0,   0.423,pymatching,3fa8637fd37c7bcc5d791dfc60540e834a556ab838715db7a66d404b022b1c87,"{""config"":[""Z0"",""Z""],""d"":7,""p"":0.007871794871794872}",
      2048,       139,         0,   0.073,pymatching,52ae0e84c1b2f08ad771443a768ea177b4282b167a661a2127e9ef552d2f9bfb,"{""config"":[""Z0"",""Z""],""d"":7,""p"":0.011435897435897435}",
      8192,       279,         0,   0.212,pymatching,6d88ad3a43ed5d85daf29bde13b8514815cec070fad8d42320c1385d82c9d087,"{""config"":[""Z0"",""Z""],""d"":7,""p"":0.009653846153846153}",
       273,        20,         0,   0.011,pymatching,ba40fb2f212c26616136c2a7e0488d440fcc4df4d5ce3f7952d7e915b7885490,"{""config"":[""Z0"",""Z""],""d"":7,""p"":0.011792307692307692}",
      2048,       136,         0,   0.064,pymatching,b6d3694e834850dac9ee7c8f2d7002a6846b99ca8f4a69cace9dbe15e20daffb,"{""config"":[""Z0"",""Z""],""d"":7,""p"":0.01107948717948718}",
     21858,         4,         0,   0.178,pymatching,39e1294b78bbea49908c76c56ec9a6ba2fa3620e08fc122d3d3e0f360d5cc320,"{""config"":[""Z0"",""Z""],""d"":7,""p"":0.002169230769230769}",
     29696,      2729,         0,    1.11,pymatching,366d6399ca873ec9ea33c0ac3857822b7c479f7427ba737e86587f0bedb9cb8a,"{""config"":[""Z0"",""Z""],""d"":7,""p"":0.012861538461538462}",
     20480,      2029,         0,   0.798,pymatching,73234c9d40b5856e37c3e6370cfe24f0758803a1e193dc5f1385f23fd21b97a0,"{""config"":[""Z0"",""Z""],""d"":7,""p"":0.013217948717948718}",
       273,        19,         0,   0.011,pymatching,a750422041c31f314c456e0d2c44aa688b9c84ad226061a7d5c212080e58f7f9,"{""config"":[""Z0"",""Z""],""d"":7,""p"":0.012148717948717948}",
      1024,        65,         0,   0.035,pymatching,ba40fb2f212c26616136c2a7e0488d440fcc4df4d5ce3f7952d7e915b7885490,"{""config"":[""Z0"",""Z""],""d"":7,""p"":0.011792307692307692}",
     10929,         3,         0,   0.089,pymatching,39e1294b78bbea49908c76c56ec9a6ba2fa3620e08fc122d3d3e0f360d5cc320,"{""config"":[""Z0"",""Z""],""d"":7,""p"":0.002169230769230769}",
     19456,       302,         0,   0.412,pymatching,8a9cb5f3d9bf0e4e9eeda9a663943885691e500addf044617ef06028f6001878,"{""config"":[""Z0"",""Z""],""d"":7,""p"":0.007515384615384615}",
       273,        24,         0,   0.012,pymatching,e5d47abd8cc483832b6aa9e19ca45f970ff9e13e753453bed5b9bf2bbbc9f411,"{""config"":[""Z0"",""Z""],""d"":7,""p"":0.012505128205128205}",
      2048,       123,         0,   0.070,pymatching,52ae0e84c1b2f08ad771443a768ea177b4282b167a661a2127e9ef552d2f9bfb,"{""config"":[""Z0"",""Z""],""d"":7,""p"":0.011435897435897435}",
    106496,       561,         0,    1.56,pymatching,92a7abdf4c8e6971e7de69c7aca3790c3892e94df6498b04b16cecd04e71a269,"{""config"":[""Z0"",""Z""],""d"":7,""p"":0.005733333333333333}",
      7168,       291,         0,   0.218,pymatching,9b434397c66a66fc41b04f18c697e8ea60adbc546da04687ce10f9b464b84c17,"{""config"":[""Z0"",""Z""],""d"":7,""p"":0.010010256410256409}",
      5464,         0,         0,   0.043,pymatching,39e1294b78bbea49908c76c56ec9a6ba2fa3620e08fc122d3d3e0f360d5cc320,"{""config"":[""Z0"",""Z""],""d"":7,""p"":0.002169230769230769}",
     31744,      2737,         0,    1.14,pymatching,e5d47abd8cc483832b6aa9e19ca45f970ff9e13e753453bed5b9bf2bbbc9f411,"{""config"":[""Z0"",""Z""],""d"":7,""p"":0.012505128205128205}",
      5120,       277,         0,   0.166,pymatching,e7700ccc6b5e85238edb03484213be2f2324536bcffcf5510f63c95752d4f48e,"{""config"":[""Z0"",""Z""],""d"":7,""p"":0.010366666666666666}",
      1024,        76,         0,   0.036,pymatching,a750422041c31f314c456e0d2c44aa688b9c84ad226061a7d5c212080e58f7f9,"{""config"":[""Z0"",""Z""],""d"":7,""p"":0.012148717948717948}",
      1024,        88,         0,   0.035,pymatching,ba40fb2f212c26616136c2a7e0488d440fcc4df4d5ce3f7952d7e915b7885490,"{""config"":[""Z0"",""Z""],""d"":7,""p"":0.011792307692307692}",
      2732,         0,         0,   0.022,pymatching,39e1294b78bbea49908c76c56ec9a6ba2fa3620e08fc122d3d3e0f360d5cc320,"{""config"":[""Z0"",""Z""],""d"":7,""p"":0.002169230769230769}",
     17408,       498,         0,   0.427,pymatching,8c657773fb86778a82655c06bf4ef0a8aea038a056e4f9622cb57e38e9e0dc26,"{""config"":[""Z0"",""Z""],""d"":7,""p"":0.008584615384615385}",
      1366,         0,         0,   0.011,pymatching,39e1294b78bbea49908c76c56ec9a6ba2fa3620e08fc122d3d3e0f360d5cc320,"{""config"":[""Z0"",""Z""],""d"":7,""p"":0.002169230769230769}",
      1024,        95,         0,   0.037,pymatching,e5d47abd8cc483832b6aa9e19ca45f970ff9e13e753453bed5b9bf2bbbc9f411,"{""config"":[""Z0"",""Z""],""d"":7,""p"":0.012505128205128205}",
     17408,       338,         0,   0.405,pymatching,c2ee0fe2e0d594c6fb473479ca807579717f258a5cf736d0bc98fdd0f44bf536,"{""config"":[""Z0"",""Z""],""d"":7,""p"":0.008228205128205128}",
       683,         0,         0,   0.005,pymatching,39e1294b78bbea49908c76c56ec9a6ba2fa3620e08fc122d3d3e0f360d5cc320,"{""config"":[""Z0"",""Z""],""d"":7,""p"":0.002169230769230769}",
     32920,        12,         0,   0.284,pymatching,e45c4abd947e5226abf9ae8ee679469545253010d6ff118e307ca31a8814db17,"{""config"":[""Z0"",""Z""],""d"":7,""p"":0.0028820512820512817}",
      5120,       273,         0,   0.165,pymatching,da98e8cd9418feeb39b2eef8b4009cb1917b214eb94bc6403232d0554554ad7f,"{""config"":[""Z0"",""Z""],""d"":7,""p"":0.010723076923076922}",
       683,         0,         0,   0.005,pymatching,39e1294b78bbea49908c76c56ec9a6ba2fa3620e08fc122d3d3e0f360d5cc320,"{""config"":[""Z0"",""Z""],""d"":7,""p"":0.002169230769230769}",
      9216,      1237,         0,   0.443,pymatching,60b86795a2c6fdf4c38a7b26840c0d477e93ea358a396c278f29ca08bd4f9abb,"{""config"":[""Z0"",""Z""],""d"":7,""p"":0.014643589743589744}",
      3072,       164,         0,   0.097,pymatching,b6d3694e834850dac9ee7c8f2d7002a6846b99ca8f4a69cace9dbe15e20daffb,"{""config"":[""Z0"",""Z""],""d"":7,""p"":0.01107948717948718}",
       273,        41,         0,   0.014,pymatching,60b86795a2c6fdf4c38a7b26840c0d477e93ea358a396c278f29ca08bd4f9abb,"{""config"":[""Z0"",""Z""],""d"":7,""p"":0.014643589743589744}",
      1024,        96,         0,   0.036,pymatching,a750422041c31f314c456e0d2c44aa688b9c84ad226061a7d5c212080e58f7f9,"{""config"":[""Z0"",""Z""],""d"":7,""p"":0.012148717948717948}",
      1024,        78,         0,   0.035,pymatching,ba40fb2f212c26616136c2a7e0488d440fcc4df4d5ce3f7952d7e915b7885490,"{""config"":[""Z0"",""Z""],""d"":7,""p"":0.011792307692307692}",
       273,        28,         0,   0.017,pymatching,47cf5c0afd8236401ccac4d6997b810ef32a75c41497e12003c61a934190ced5,"{""config"":[""Z0"",""Z""],""d"":7,""p"":0.013574358974358974}",
      1024,        80,         0,   0.037,pymatching,e5d47abd8cc483832b6aa9e19ca45f970ff9e13e753453bed5b9bf2bbbc9f411,"{""config"":[""Z0"",""Z""],""d"":7,""p"":0.012505128205128205}",
      1024,        88,         0,   0.035,pymatching,a750422041c31f314c456e0d2c44aa688b9c84ad226061a7d5c212080e58f7f9,"{""config"":[""Z0"",""Z""],""d"":7,""p"":0.012148717948717948}",
      1024,       149,         0,   0.048,pymatching,60b86795a2c6fdf4c38a7b26840c0d477e93ea358a396c278f29ca08bd4f9abb,"{""config"":[""Z0"",""Z""],""d"":7,""p"":0.014643589743589744}",
      1024,       120,         0,   0.042,pymatching,47cf5c0afd8236401ccac4d6997b810ef32a75c41497e12003c61a934190ced5,"{""config"":[""Z0"",""Z""],""d"":7,""p"":0.013574358974358974}",
      1024,        90,         0,   0.037,pymatching,e5d47abd8cc483832b6aa9e19ca45f970ff9e13e753453bed5b9bf2bbbc9f411,"{""config"":[""Z0"",""Z""],""d"":7,""p"":0.012505128205128205}",
      3072,       183,         0,   0.105,pymatching,52ae0e84c1b2f08ad771443a768ea177b4282b167a661a2127e9ef552d2f9bfb,"{""config"":[""Z0"",""Z""],""d"":7,""p"":0.011435897435897435}",
      8192,       719,         0,   0.285,pymatching,a750422041c31f314c456e0d2c44aa688b9c84ad226061a7d5c212080e58f7f9,"{""config"":[""Z0"",""Z""],""d"":7,""p"":0.012148717948717948}",
      1297,         0,         0,   0.014,pymatching,e45c4abd947e5226abf9ae8ee679469545253010d6ff118e307ca31a8814db17,"{""config"":[""Z0"",""Z""],""d"":7,""p"":0.0028820512820512817}",
      2048,       133,         0,   0.068,pymatching,ba40fb2f212c26616136c2a7e0488d440fcc4df4d5ce3f7952d7e915b7885490,"{""config"":[""Z0"",""Z""],""d"":7,""p"":0.011792307692307692}",
     57986,         7,         0,   0.499,pymatching,7e34e313d7d0a19f32f2f59fc833c88a063c1c3c866df6582028368578df4d81,"{""config"":[""Z0"",""Z""],""d"":7,""p"":0.0025256410256410257}",
      1024,        92,         0,   0.037,pymatching,a750422041c31f314c456e0d2c44aa688b9c84ad226061a7d5c212080e58f7f9,"{""config"":[""Z0"",""Z""],""d"":7,""p"":0.012148717948717948}",
      1297,         1,         0,   0.013,pymatching,7e34e313d7d0a19f32f2f59fc833c88a063c1c3c866df6582028368578df4d81,"{""config"":[""Z0"",""Z""],""d"":7,""p"":0.0025256410256410257}",
     41984,         7,         0,   0.336,pymatching,7e34e313d7d0a19f32f2f59fc833c88a063c1c3c866df6582028368578df4d81,"{""config"":[""Z0"",""Z""],""d"":7,""p"":0.0025256410256410257}",
      2048,         0,         0,   0.019,pymatching,e45c4abd947e5226abf9ae8ee679469545253010d6ff118e307ca31a8814db17,"{""config"":[""Z0"",""Z""],""d"":7,""p"":0.0028820512820512817}",
      2048,         0,         0,   0.018,pymatching,7e34e313d7d0a19f32f2f59fc833c88a063c1c3c866df6582028368578df4d81,"{""config"":[""Z0"",""Z""],""d"":7,""p"":0.0025256410256410257}",
      1024,       101,         0,   0.047,pymatching,47cf5c0afd8236401ccac4d6997b810ef32a75c41497e12003c61a934190ced5,"{""config"":[""Z0"",""Z""],""d"":7,""p"":0.013574358974358974}",
      4096,       343,         0,   0.148,pymatching,e5d47abd8cc483832b6aa9e19ca45f970ff9e13e753453bed5b9bf2bbbc9f411,"{""config"":[""Z0"",""Z""],""d"":7,""p"":0.012505128205128205}",
     11264,       357,         0,   0.302,pymatching,36548df23069c47b0f0e90af7827eee32aec02a920dab3317e6237c73fbcdc05,"{""config"":[""Z0"",""Z""],""d"":7,""p"":0.009297435897435898}",
      3072,         4,         0,   0.028,pymatching,e45c4abd947e5226abf9ae8ee679469545253010d6ff118e307ca31a8814db17,"{""config"":[""Z0"",""Z""],""d"":7,""p"":0.0028820512820512817}",
      3072,         3,         0,   0.027,pymatching,7e34e313d7d0a19f32f2f59fc833c88a063c1c3c866df6582028368578df4d81,"{""config"":[""Z0"",""Z""],""d"":7,""p"":0.0025256410256410257}",
      1297,         0,         0,   0.014,pymatching,13d8d445806d333773aca5059c26fdda03046097cfa2cd356cccd33c23de85c3,"{""config"":[""Z0"",""Z""],""d"":7,""p"":0.0035948717948717946}",
      4096,       236,         0,   0.129,pymatching,b6d3694e834850dac9ee7c8f2d7002a6846b99ca8f4a69cace9dbe15e20daffb,"{""config"":[""Z0"",""Z""],""d"":7,""p"":0.01107948717948718}",
      2048,       164,         0,   0.073,pymatching,e5d47abd8cc483832b6aa9e19ca45f970ff9e13e753453bed5b9bf2bbbc9f411,"{""config"":[""Z0"",""Z""],""d"":7,""p"":0.012505128205128205}",
      2048,       150,         0,   0.069,pymatching,ba40fb2f212c26616136c2a7e0488d440fcc4df4d5ce3f7952d7e915b7885490,"{""config"":[""Z0"",""Z""],""d"":7,""p"":0.011792307692307692}",
      1024,       115,         0,   0.046,pymatching,47cf5c0afd8236401ccac4d6997b810ef32a75c41497e12003c61a934190ced5,"{""config"":[""Z0"",""Z""],""d"":7,""p"":0.013574358974358974}",
      2048,         0,         0,   0.020,pymatching,13d8d445806d333773aca5059c26fdda03046097cfa2cd356cccd33c23de85c3,"{""config"":[""Z0"",""Z""],""d"":7,""p"":0.0035948717948717946}",
      3072,         1,         0,   0.029,pymatching,e45c4abd947e5226abf9ae8ee679469545253010d6ff118e307ca31a8814db17,"{""config"":[""Z0"",""Z""],""d"":7,""p"":0.0028820512820512817}",
     21504,      2414,         0,   0.923,pymatching,47cf5c0afd8236401ccac4d6997b810ef32a75c41497e12003c61a934190ced5,"{""config"":[""Z0"",""Z""],""d"":7,""p"":0.013574358974358974}",
     61440,        15,         0,   0.574,pymatching,e45c4abd947e5226abf9ae8ee679469545253010d6ff118e307ca31a8814db17,"{""config"":[""Z0"",""Z""],""d"":7,""p"":0.0028820512820512817}",
      1297,         5,         0,   0.017,pymatching,5891a0a3ba08325c916de00da2b1efae68943d7c4d1c41a9a748c9079ffbce15,"{""config"":[""Z0"",""Z""],""d"":7,""p"":0.0043076923076923075}",
     12288,       344,         0,   0.297,pymatching,99407154c5efdc35a031196b6c833f608cfe5adee0f4054b9acb0881815a045b,"{""config"":[""Z0"",""Z""],""d"":7,""p"":0.00894102564102564}",
      1297,         0,         0,   0.015,pymatching,bd24bbfba499721b19d74cd52585386f74b6e0939bb1d2080bf1fd9187563a46,"{""config"":[""Z0"",""Z""],""d"":7,""p"":0.003951282051282051}",
      4096,         0,         0,   0.035,pymatching,7e34e313d7d0a19f32f2f59fc833c88a063c1c3c866df6582028368578df4d81,"{""config"":[""Z0"",""Z""],""d"":7,""p"":0.0025256410256410257}",
      1297,         1,         0,   0.015,pymatching,b90e12e33080801c22852919a15e138265ce11a1817b8557974984987efe3bc1,"{""config"":[""Z0"",""Z""],""d"":7,""p"":0.003238461538461538}",
     53248,        72,         0,   0.569,pymatching,bd24bbfba499721b19d74cd52585386f74b6e0939bb1d2080bf1fd9187563a46,"{""config"":[""Z0"",""Z""],""d"":7,""p"":0.003951282051282051}",
      3072,       200,         0,   0.106,pymatching,52ae0e84c1b2f08ad771443a768ea177b4282b167a661a2127e9ef552d2f9bfb,"{""config"":[""Z0"",""Z""],""d"":7,""p"":0.011435897435897435}",
      2048,         1,         0,   0.021,pymatching,13d8d445806d333773aca5059c26fdda03046097cfa2cd356cccd33c23de85c3,"{""config"":[""Z0"",""Z""],""d"":7,""p"":0.0035948717948717946}",
      2048,         3,         0,   0.022,pymatching,bd24bbfba499721b19d74cd52585386f74b6e0939bb1d2080bf1fd9187563a46,"{""config"":[""Z0"",""Z""],""d"":7,""p"":0.003951282051282051}",
      2048,         2,         0,   0.024,pymatching,5891a0a3ba08325c916de00da2b1efae68943d7c4d1c41a9a748c9079ffbce15,"{""config"":[""Z0"",""Z""],""d"":7,""p"":0.0043076923076923075}",
      2048,         1,         0,   0.020,pymatching,b90e12e33080801c22852919a15e138265ce11a1817b8557974984987efe3bc1,"{""config"":[""Z0"",""Z""],""d"":7,""p"":0.003238461538461538}",
     11264,       417,         0,   0.295,pymatching,6d88ad3a43ed5d85daf29bde13b8514815cec070fad8d42320c1385d82c9d087,"{""config"":[""Z0"",""Z""],""d"":7,""p"":0.009653846153846153}",
      7168,       322,         0,   0.219,pymatching,e7700ccc6b5e85238edb03484213be2f2324536bcffcf5510f63c95752d4f48e,"{""config"":[""Z0"",""Z""],""d"":7,""p"":0.010366666666666666}",
     53248,        63,         0,   0.575,pymatching,13d8d445806d333773aca5059c26fdda03046097cfa2cd356cccd33c23de85c3,"{""config"":[""Z0"",""Z""],""d"":7,""p"":0.0035948717948717946}",
      1024,        92,         0,   0.042,pymatching,47cf5c0afd8236401ccac4d6997b810ef32a75c41497e12003c61a934190ced5,"{""config"":[""Z0"",""Z""],""d"":7,""p"":0.013574358974358974}",
     57344,        27,         0,   0.573,pymatching,b90e12e33080801c22852919a15e138265ce11a1817b8557974984987efe3bc1,"{""config"":[""Z0"",""Z""],""d"":7,""p"":0.003238461538461538}",
      5120,         2,         0,   0.047,pymatching,e45c4abd947e5226abf9ae8ee679469545253010d6ff118e307ca31a8814db17,"{""config"":[""Z0"",""Z""],""d"":7,""p"":0.0028820512820512817}",
      2048,         5,         0,   0.022,pymatching,bd24bbfba499721b19d74cd52585386f74b6e0939bb1d2080bf1fd9187563a46,"{""config"":[""Z0"",""Z""],""d"":7,""p"":0.003951282051282051}",
      3072,         3,         0,   0.031,pymatching,13d8d445806d333773aca5059c26fdda03046097cfa2cd356cccd33c23de85c3,"{""config"":[""Z0"",""Z""],""d"":7,""p"":0.0035948717948717946}",
      2048,         5,         0,   0.020,pymatching,b90e12e33080801c22852919a15e138265ce11a1817b8557974984987efe3bc1,"{""config"":[""Z0"",""Z""],""d"":7,""p"":0.003238461538461538}",
      2048,         7,         0,   0.023,pymatching,5891a0a3ba08325c916de00da2b1efae68943d7c4d1c41a9a748c9079ffbce15,"{""config"":[""Z0"",""Z""],""d"":7,""p"":0.0043076923076923075}",
      5120,         0,         0,   0.044,pymatching,7e34e313d7d0a19f32f2f59fc833c88a063c1c3c866df6582028368578df4d81,"{""config"":[""Z0"",""Z""],""d"":7,""p"":0.0025256410256410257}",
     46080,        98,         0,   0.566,pymatching,5891a0a3ba08325c916de00da2b1efae68943d7c4d1c41a9a748c9079ffbce15,"{""config"":[""Z0"",""Z""],""d"":7,""p"":0.0043076923076923075}",
      1297,         5,         0,   0.018,pymatching,17aa56354c3b8ef37ef6707903c6c7bd939c711b208deb498b5b3d226eb2c0df,"{""config"":[""Z0"",""Z""],""d"":7,""p"":0.004664102564102564}",
      1297,         1,         0,   0.018,pymatching,eaece8d5a9575002560e0706d987ea298ea25470193c1b6dbb2a675e32a96376,"{""config"":[""Z0"",""Z""],""d"":7,""p"":0.00502051282051282}",
     16002,         4,         0,   0.128,pymatching,7e34e313d7d0a19f32f2f59fc833c88a063c1c3c866df6582028368578df4d81,"{""config"":[""Z0"",""Z""],""d"":7,""p"":0.0025256410256410257}",
     15360,         4,         0,   0.134,pymatching,7e34e313d7d0a19f32f2f59fc833c88a063c1c3c866df6582028368578df4d81,"{""config"":[""Z0"",""Z""],""d"":7,""p"":0.0025256410256410257}",
      7168,       390,         0,   0.228,pymatching,da98e8cd9418feeb39b2eef8b4009cb1917b214eb94bc6403232d0554554ad7f,"{""config"":[""Z0"",""Z""],""d"":7,""p"":0.010723076923076922}",
      3072,         4,         0,   0.030,pymatching,b90e12e33080801c22852919a15e138265ce11a1817b8557974984987efe3bc1,"{""config"":[""Z0"",""Z""],""d"":7,""p"":0.003238461538461538}",
      3072,         7,         0,   0.033,pymatching,bd24bbfba499721b19d74cd52585386f74b6e0939bb1d2080bf1fd9187563a46,"{""config"":[""Z0"",""Z""],""d"":7,""p"":0.003951282051282051}",
      3072,         4,         0,   0.035,pymatching,5891a0a3ba08325c916de00da2b1efae68943d7c4d1c41a9a748c9079ffbce15,"{""config"":[""Z0"",""Z""],""d"":7,""p"":0.0043076923076923075}",
      2048,         5,         0,   0.025,pymatching,17aa56354c3b8ef37ef6707903c6c7bd939c711b208deb498b5b3d226eb2c0df,"{""config"":[""Z0"",""Z""],""d"":7,""p"":0.004664102564102564}",
      4096,         1,         0,   0.041,pymatching,13d8d445806d333773aca5059c26fdda03046097cfa2cd356cccd33c23de85c3,"{""config"":[""Z0"",""Z""],""d"":7,""p"":0.0035948717948717946}",
      2048,         9,         0,   0.028,pymatching,eaece8d5a9575002560e0706d987ea298ea25470193c1b6dbb2a675e32a96376,"{""config"":[""Z0"",""Z""],""d"":7,""p"":0.00502051282051282}",
      3072,       240,         0,   0.103,pymatching,ba40fb2f212c26616136c2a7e0488d440fcc4df4d5ce3f7952d7e915b7885490,"{""config"":[""Z0"",""Z""],""d"":7,""p"":0.011792307692307692}",
     16384,      1156,         0,   0.547,pymatching,ba40fb2f212c26616136c2a7e0488d440fcc4df4d5ce3f7952d7e915b7885490,"{""config"":[""Z0"",""Z""],""d"":7,""p"":0.011792307692307692}",
      6144,         1,         0,   0.057,pymatching,e45c4abd947e5226abf9ae8ee679469545253010d6ff118e307ca31a8814db17,"{""config"":[""Z0"",""Z""],""d"":7,""p"":0.0028820512820512817}",
     10240,       455,         0,   0.301,pymatching,9b434397c66a66fc41b04f18c697e8ea60adbc546da04687ce10f9b464b84c17,"{""config"":[""Z0"",""Z""],""d"":7,""p"":0.010010256410256409}",
      2048,         8,         0,   0.025,pymatching,17aa56354c3b8ef37ef6707903c6c7bd939c711b208deb498b5b3d226eb2c0df,"{""config"":[""Z0"",""Z""],""d"":7,""p"":0.004664102564102564}",
      3968,         1,         0,   0.034,pymatching,7e34e313d7d0a19f32f2f59fc833c88a063c1c3c866df6582028368578df4d81,"{""config"":[""Z0"",""Z""],""d"":7,""p"":0.0025256410256410257}",
      7168,         1,         0,   0.062,pymatching,7e34e313d7d0a19f32f2f59fc833c88a063c1c3c866df6582028368578df4d81,"{""config"":[""Z0"",""Z""],""d"":7,""p"":0.0025256410256410257}",
       507,         0,         0,   0.004,pymatching,7e34e313d7d0a19f32f2f59fc833c88a063c1c3c866df6582028368578df4d81,"{""config"":[""Z0"",""Z""],""d"":7,""p"":0.0025256410256410257}",
      2048,        10,         0,   0.027,pymatching,eaece8d5a9575002560e0706d987ea298ea25470193c1b6dbb2a675e32a96376,"{""config"":[""Z0"",""Z""],""d"":7,""p"":0.00502051282051282}",
      4096,         1,         0,   0.041,pymatching,b90e12e33080801c22852919a15e138265ce11a1817b8557974984987efe3bc1,"{""config"":[""Z0"",""Z""],""d"":7,""p"":0.003238461538461538}",
      1297,         4,         0,   0.021,pymatching,92a7abdf4c8e6971e7de69c7aca3790c3892e94df6498b04b16cecd04e71a269,"{""config"":[""Z0"",""Z""],""d"":7,""p"":0.005733333333333333}",
      4096,         6,         0,   0.044,pymatching,bd24bbfba499721b19d74cd52585386f74b6e0939bb1d2080bf1fd9187563a46,"{""config"":[""Z0"",""Z""],""d"":7,""p"":0.003951282051282051}",
      1024,        49,         0,   0.034,pymatching,ba40fb2f212c26616136c2a7e0488d440fcc4df4d5ce3f7952d7e915b7885490,"{""config"":[""Z0"",""Z""],""d"":7,""p"":0.011792307692307692}",
     44032,       110,         0,   0.578,pymatching,17aa56354c3b8ef37ef6707903c6c7bd939c711b208deb498b5b3d226eb2c0df,"{""config"":[""Z0"",""Z""],""d"":7,""p"":0.004664102564102564}",
      4096,         7,         0,   0.047,pymatching,5891a0a3ba08325c916de00da2b1efae68943d7c4d1c41a9a748c9079ffbce15,"{""config"":[""Z0"",""Z""],""d"":7,""p"":0.0043076923076923075}",
      5120,       324,         0,   0.159,pymatching,b6d3694e834850dac9ee7c8f2d7002a6846b99ca8f4a69cace9dbe15e20daffb,"{""config"":[""Z0"",""Z""],""d"":7,""p"":0.01107948717948718}",
      1024,         1,         0,   0.017,pymatching,92a7abdf4c8e6971e7de69c7aca3790c3892e94df6498b04b16cecd04e71a269,"{""config"":[""Z0"",""Z""],""d"":7,""p"":0.005733333333333333}",
      2389,         0,         0,   0.021,pymatching,7e34e313d7d0a19f32f2f59fc833c88a063c1c3c866df6582028368578df4d81,"{""config"":[""Z0"",""Z""],""d"":7,""p"":0.0025256410256410257}",
     44032,       133,         0,   0.573,pymatching,eaece8d5a9575002560e0706d987ea298ea25470193c1b6dbb2a675e32a96376,"{""config"":[""Z0"",""Z""],""d"":7,""p"":0.00502051282051282}",
      7675,         1,         0,   0.067,pymatching,7e34e313d7d0a19f32f2f59fc833c88a063c1c3c866df6582028368578df4d81,"{""config"":[""Z0"",""Z""],""d"":7,""p"":0.0025256410256410257}",
      3072,         6,         0,   0.038,pymatching,17aa56354c3b8ef37ef6707903c6c7bd939c711b208deb498b5b3d226eb2c0df,"{""config"":[""Z0"",""Z""],""d"":7,""p"":0.004664102564102564}",
      6144,         9,         0,   0.062,pymatching,13d8d445806d333773aca5059c26fdda03046097cfa2cd356cccd33c23de85c3,"{""config"":[""Z0"",""Z""],""d"":7,""p"":0.0035948717948717946}",
      4096,         0,         0,   0.033,pymatching,7e34e313d7d0a19f32f2f59fc833c88a063c1c3c866df6582028368578df4d81,"{""config"":[""Z0"",""Z""],""d"":7,""p"":0.0025256410256410257}",
      1297,         2,         0,   0.023,pymatching,eca9617815f52c439b2b6ca9c5616b3c4d8fd31d7d46d963cff4e595c6436dc0,"{""config"":[""Z0"",""Z""],""d"":7,""p"":0.005376923076923077}",
       397,         0,         0,   0.004,pymatching,7e34e313d7d0a19f32f2f59fc833c88a063c1c3c866df6582028368578df4d81,"{""config"":[""Z0"",""Z""],""d"":7,""p"":0.0025256410256410257}",
      3072,        14,         0,   0.040,pymatching,eaece8d5a9575002560e0706d987ea298ea25470193c1b6dbb2a675e32a96376,"{""config"":[""Z0"",""Z""],""d"":7,""p"":0.00502051282051282}",
       397,         1,         0,   0.005,pymatching,7e34e313d7d0a19f32f2f59fc833c88a063c1c3c866df6582028368578df4d81,"{""config"":[""Z0"",""Z""],""d"":7,""p"":0.0025256410256410257}",
       265,         0,         0,   0.002,pymatching,7e34e313d7d0a19f32f2f59fc833c88a063c1c3c866df6582028368578df4d81,"{""config"":[""Z0"",""Z""],""d"":7,""p"":0.0025256410256410257}",
      2048,        11,         0,   0.030,pymatching,92a7abdf4c8e6971e7de69c7aca3790c3892e94df6498b04b16cecd04e71a269,"{""config"":[""Z0"",""Z""],""d"":7,""p"":0.005733333333333333}",
        44,         0,         0,   0.001,pymatching,7e34e313d7d0a19f32f2f59fc833c88a063c1c3c866df6582028368578df4d81,"{""config"":[""Z0"",""Z""],""d"":7,""p"":0.0025256410256410257}",
      1024,         3,         0,   0.015,pymatching,eca9617815f52c439b2b6ca9c5616b3c4d8fd31d7d46d963cff4e595c6436dc0,"{""config"":[""Z0"",""Z""],""d"":7,""p"":0.005376923076923077}",
        29,         0,         0,   0.000,pymatching,7e34e313d7d0a19f32f2f59fc833c88a063c1c3c866df6582028368578df4d81,"{""config"":[""Z0"",""Z""],""d"":7,""p"":0.0025256410256410257}",
        29,         0,         0,   0.000,pymatching,7e34e313d7d0a19f32f2f59fc833c88a063c1c3c866df6582028368578df4d81,"{""config"":[""Z0"",""Z""],""d"":7,""p"":0.0025256410256410257}",
      8192,         2,         0,   0.076,pymatching,e45c4abd947e5226abf9ae8ee679469545253010d6ff118e307ca31a8814db17,"{""config"":[""Z0"",""Z""],""d"":7,""p"":0.0028820512820512817}",
      5120,         5,         0,   0.055,pymatching,bd24bbfba499721b19d74cd52585386f74b6e0939bb1d2080bf1fd9187563a46,"{""config"":[""Z0"",""Z""],""d"":7,""p"":0.003951282051282051}",
        10,         0,         0,   0.000,pymatching,7e34e313d7d0a19f32f2f59fc833c88a063c1c3c866df6582028368578df4d81,"{""config"":[""Z0"",""Z""],""d"":7,""p"":0.0025256410256410257}",
      6144,         8,         0,   0.060,pymatching,b90e12e33080801c22852919a15e138265ce11a1817b8557974984987efe3bc1,"{""config"":[""Z0"",""Z""],""d"":7,""p"":0.003238461538461538}",
        10,         0,         0,   0.001,pymatching,7e34e313d7d0a19f32f2f59fc833c88a063c1c3c866df6582028368578df4d81,"{""config"":[""Z0"",""Z""],""d"":7,""p"":0.0025256410256410257}",
         4,         0,         0,   0.000,pymatching,7e34e313d7d0a19f32f2f59fc833c88a063c1c3c866df6582028368578df4d81,"{""config"":[""Z0"",""Z""],""d"":7,""p"":0.0025256410256410257}",
      5120,       321,         0,   0.175,pymatching,52ae0e84c1b2f08ad771443a768ea177b4282b167a661a2127e9ef552d2f9bfb,"{""config"":[""Z0"",""Z""],""d"":7,""p"":0.011435897435897435}",
      5120,         5,         0,   0.059,pymatching,5891a0a3ba08325c916de00da2b1efae68943d7c4d1c41a9a748c9079ffbce15,"{""config"":[""Z0"",""Z""],""d"":7,""p"":0.0043076923076923075}",
         3,         0,         0,   0.000,pymatching,7e34e313d7d0a19f32f2f59fc833c88a063c1c3c866df6582028368578df4d81,"{""config"":[""Z0"",""Z""],""d"":7,""p"":0.0025256410256410257}",
      2048,         9,         0,   0.030,pymatching,92a7abdf4c8e6971e7de69c7aca3790c3892e94df6498b04b16cecd04e71a269,"{""config"":[""Z0"",""Z""],""d"":7,""p"":0.005733333333333333}",
         2,         0,         0,   0.000,pymatching,7e34e313d7d0a19f32f2f59fc833c88a063c1c3c866df6582028368578df4d81,"{""config"":[""Z0"",""Z""],""d"":7,""p"":0.0025256410256410257}",
      4096,         9,         0,   0.051,pymatching,17aa56354c3b8ef37ef6707903c6c7bd939c711b208deb498b5b3d226eb2c0df,"{""config"":[""Z0"",""Z""],""d"":7,""p"":0.004664102564102564}",
      2266,         0,         0,   0.021,pymatching,e45c4abd947e5226abf9ae8ee679469545253010d6ff118e307ca31a8814db17,"{""config"":[""Z0"",""Z""],""d"":7,""p"":0.0028820512820512817}",
      2048,         6,         0,   0.030,pymatching,eca9617815f52c439b2b6ca9c5616b3c4d8fd31d7d46d963cff4e595c6436dc0,"{""config"":[""Z0"",""Z""],""d"":7,""p"":0.005376923076923077}",
      3072,        17,         0,   0.042,pymatching,eaece8d5a9575002560e0706d987ea298ea25470193c1b6dbb2a675e32a96376,"{""config"":[""Z0"",""Z""],""d"":7,""p"":0.00502051282051282}",
     39936,        16,         0,   0.350,pymatching,e45c4abd947e5226abf9ae8ee679469545253010d6ff118e307ca31a8814db17,"{""config"":[""Z0"",""Z""],""d"":7,""p"":0.0028820512820512817}",
      1297,        10,         0,   0.022,pymatching,5b429b6d29d719034a3de26ecfd980c276ddca64727f400fe73971740676519a,"{""config"":[""Z0"",""Z""],""d"":7,""p"":0.00608974358974359}",
      1297,        13,         0,   0.023,pymatching,d300e6d1ba983bae4e939af9fabd4c25b1a11b2fb3b999b0407884475d3fac3a,"{""config"":[""Z0"",""Z""],""d"":7,""p"":0.006446153846153846}",
     38912,       149,         0,   0.577,pymatching,eca9617815f52c439b2b6ca9c5616b3c4d8fd31d7d46d963cff4e595c6436dc0,"{""config"":[""Z0"",""Z""],""d"":7,""p"":0.005376923076923077}",
     35840,       219,         0,   0.576,pymatching,92a7abdf4c8e6971e7de69c7aca3790c3892e94df6498b04b16cecd04e71a269,"{""config"":[""Z0"",""Z""],""d"":7,""p"":0.005733333333333333}",
     33792,       235,         0,   0.570,pymatching,5b429b6d29d719034a3de26ecfd980c276ddca64727f400fe73971740676519a,"{""config"":[""Z0"",""Z""],""d"":7,""p"":0.00608974358974359}",
      1024,         5,         0,   0.016,pymatching,5b429b6d29d719034a3de26ecfd980c276ddca64727f400fe73971740676519a,"{""config"":[""Z0"",""Z""],""d"":7,""p"":0.00608974358974359}",
      2048,         7,         0,   0.030,pymatching,eca9617815f52c439b2b6ca9c5616b3c4d8fd31d7d46d963cff4e595c6436dc0,"{""config"":[""Z0"",""Z""],""d"":7,""p"":0.005376923076923077}",
     31744,       304,         0,   0.568,pymatching,d300e6d1ba983bae4e939af9fabd4c25b1a11b2fb3b999b0407884475d3fac3a,"{""config"":[""Z0"",""Z""],""d"":7,""p"":0.006446153846153846}",
      8192,        11,         0,   0.083,pymatching,13d8d445806d333773aca5059c26fdda03046097cfa2cd356cccd33c23de85c3,"{""config"":[""Z0"",""Z""],""d"":7,""p"":0.0035948717948717946}",
      1024,        13,         0,   0.017,pymatching,d300e6d1ba983bae4e939af9fabd4c25b1a11b2fb3b999b0407884475d3fac3a,"{""config"":[""Z0"",""Z""],""d"":7,""p"":0.006446153846153846}",
      3072,        24,         0,   0.046,pymatching,92a7abdf4c8e6971e7de69c7aca3790c3892e94df6498b04b16cecd04e71a269,"{""config"":[""Z0"",""Z""],""d"":7,""p"":0.005733333333333333}",
      7168,        10,         0,   0.077,pymatching,bd24bbfba499721b19d74cd52585386f74b6e0939bb1d2080bf1fd9187563a46,"{""config"":[""Z0"",""Z""],""d"":7,""p"":0.003951282051282051}",
     30720,       388,         0,   0.573,pymatching,d23ec93a9511dfcfad5423fbfdff24e737a6d95f98b4a1c82f4675def9472084,"{""config"":[""Z0"",""Z""],""d"":7,""p"":0.007158974358974359}",
      5120,         9,         0,   0.063,pymatching,17aa56354c3b8ef37ef6707903c6c7bd939c711b208deb498b5b3d226eb2c0df,"{""config"":[""Z0"",""Z""],""d"":7,""p"":0.004664102564102564}",
      8192,         6,         0,   0.081,pymatching,b90e12e33080801c22852919a15e138265ce11a1817b8557974984987efe3bc1,"{""config"":[""Z0"",""Z""],""d"":7,""p"":0.003238461538461538}",
      2048,        16,         0,   0.032,pymatching,5b429b6d29d719034a3de26ecfd980c276ddca64727f400fe73971740676519a,"{""config"":[""Z0"",""Z""],""d"":7,""p"":0.00608974358974359}",
      4915,         1,         0,   0.045,pymatching,e45c4abd947e5226abf9ae8ee679469545253010d6ff118e307ca31a8814db17,"{""config"":[""Z0"",""Z""],""d"":7,""p"":0.0028820512820512817}",
     30720,       334,         0,   0.577,pymatching,b769d13792f27d381b5f4dab20ab238652929843e762191bb21789b3077246b7,"{""config"":[""Z0"",""Z""],""d"":7,""p"":0.006802564102564103}",
      5120,        17,         0,   0.067,pymatching,eaece8d5a9575002560e0706d987ea298ea25470193c1b6dbb2a675e32a96376,"{""config"":[""Z0"",""Z""],""d"":7,""p"":0.00502051282051282}",
      2048,        18,         0,   0.034,pymatching,d300e6d1ba983bae4e939af9fabd4c25b1a11b2fb3b999b0407884475d3fac3a,"{""config"":[""Z0"",""Z""],""d"":7,""p"":0.006446153846153846}",
     94208,       840,         0,    1.56,pymatching,d300e6d1ba983bae4e939af9fabd4c25b1a11b2fb3b999b0407884475d3fac3a,"{""config"":[""Z0"",""Z""],""d"":7,""p"":0.006446153846153846}",
      7168,        17,         0,   0.084,pymatching,5891a0a3ba08325c916de00da2b1efae68943d7c4d1c41a9a748c9079ffbce15,"{""config"":[""Z0"",""Z""],""d"":7,""p"":0.0043076923076923075}",
      3072,        12,         0,   0.045,pymatching,eca9617815f52c439b2b6ca9c5616b3c4d8fd31d7d46d963cff4e595c6436dc0,"{""config"":[""Z0"",""Z""],""d"":7,""p"":0.005376923076923077}",
     29696,         9,         0,   0.275,pymatching,e45c4abd947e5226abf9ae8ee679469545253010d6ff118e307ca31a8814db17,"{""config"":[""Z0"",""Z""],""d"":7,""p"":0.0028820512820512817}",
     93184,       680,         0,    1.56,pymatching,5b429b6d29d719034a3de26ecfd980c276ddca64727f400fe73971740676519a,"{""config"":[""Z0"",""Z""],""d"":7,""p"":0.00608974358974359}",
     89088,       929,         0,    1.56,pymatching,b769d13792f27d381b5f4dab20ab238652929843e762191bb21789b3077246b7,"{""config"":[""Z0"",""Z""],""d"":7,""p"":0.006802564102564103}",
     27648,       501,         0,   0.572,pymatching,3fa8637fd37c7bcc5d791dfc60540e834a556ab838715db7a66d404b022b1c87,"{""config"":[""Z0"",""Z""],""d"":7,""p"":0.007871794871794872}",
      2048,        10,         0,   0.032,pymatching,5b429b6d29d719034a3de26ecfd980c276ddca64727f400fe73971740676519a,"{""config"":[""Z0"",""Z""],""d"":7,""p"":0.00608974358974359}",
      1638,         1,         0,   0.015,pymatching,e45c4abd947e5226abf9ae8ee679469545253010d6ff118e307ca31a8814db17,"{""config"":[""Z0"",""Z""],""d"":7,""p"":0.0028820512820512817}",
      4096,        30,         0,   0.060,pymatching,92a7abdf4c8e6971e7de69c7aca3790c3892e94df6498b04b16cecd04e71a269,"{""config"":[""Z0"",""Z""],""d"":7,""p"":0.005733333333333333}",
      9216,         3,         0,   0.082,pymatching,e45c4abd947e5226abf9ae8ee679469545253010d6ff118e307ca31a8814db17,"{""config"":[""Z0"",""Z""],""d"":7,""p"":0.0028820512820512817}",
      2048,        11,         0,   0.035,pymatching,d300e6d1ba983bae4e939af9fabd4c25b1a11b2fb3b999b0407884475d3fac3a,"{""config"":[""Z0"",""Z""],""d"":7,""p"":0.006446153846153846}",
      1844,         1,         0,   0.020,pymatching,e45c4abd947e5226abf9ae8ee679469545253010d6ff118e307ca31a8814db17,"{""config"":[""Z0"",""Z""],""d"":7,""p"":0.0028820512820512817}",
      1297,        17,         0,   0.028,pymatching,d23ec93a9511dfcfad5423fbfdff24e737a6d95f98b4a1c82f4675def9472084,"{""config"":[""Z0"",""Z""],""d"":7,""p"":0.007158974358974359}",
      1297,        21,         0,   0.027,pymatching,8a9cb5f3d9bf0e4e9eeda9a663943885691e500addf044617ef06028f6001878,"{""config"":[""Z0"",""Z""],""d"":7,""p"":0.007515384615384615}",
      1228,         0,         0,   0.012,pymatching,e45c4abd947e5226abf9ae8ee679469545253010d6ff118e307ca31a8814db17,"{""config"":[""Z0"",""Z""],""d"":7,""p"":0.0028820512820512817}",
      1297,        12,         0,   0.027,pymatching,b769d13792f27d381b5f4dab20ab238652929843e762191bb21789b3077246b7,"{""config"":[""Z0"",""Z""],""d"":7,""p"":0.006802564102564103}",
      2049,         2,         0,   0.020,pymatching,e45c4abd947e5226abf9ae8ee679469545253010d6ff118e307ca31a8814db17,"{""config"":[""Z0"",""Z""],""d"":7,""p"":0.0028820512820512817}",
      2048,         0,         0,   0.018,pymatching,e45c4abd947e5226abf9ae8ee679469545253010d6ff118e307ca31a8814db17,"{""config"":[""Z0"",""Z""],""d"":7,""p"":0.0028820512820512817}",
      1024,        13,         0,   0.021,pymatching,d23ec93a9511dfcfad5423fbfdff24e737a6d95f98b4a1c82f4675def9472084,"{""config"":[""Z0"",""Z""],""d"":7,""p"":0.007158974358974359}",
      1024,        12,         0,   0.020,pymatching,8a9cb5f3d9bf0e4e9eeda9a663943885691e500addf044617ef06028f6001878,"{""config"":[""Z0"",""Z""],""d"":7,""p"":0.007515384615384615}",
      4096,        16,         0,   0.060,pymatching,eca9617815f52c439b2b6ca9c5616b3c4d8fd31d7d46d963cff4e595c6436dc0,"{""config"":[""Z0"",""Z""],""d"":7,""p"":0.005376923076923077}",
      6144,         9,         0,   0.075,pymatching,17aa56354c3b8ef37ef6707903c6c7bd939c711b208deb498b5b3d226eb2c0df,"{""config"":[""Z0"",""Z""],""d"":7,""p"":0.004664102564102564}",
         1,         0,         0,   0.000,pymatching,e45c4abd947e5226abf9ae8ee679469545253010d6ff118e307ca31a8814db17,"{""config"":[""Z0"",""Z""],""d"":7,""p"":0.0028820512820512817}",
      3072,        27,         0,   0.048,pymatching,5b429b6d29d719034a3de26ecfd980c276ddca64727f400fe73971740676519a,"{""config"":[""Z0"",""Z""],""d"":7,""p"":0.00608974358974359}",
      1024,         0,         0,   0.013,pymatching,e45c4abd947e5226abf9ae8ee679469545253010d6ff118e307ca31a8814db17,"{""config"":[""Z0"",""Z""],""d"":7,""p"":0.0028820512820512817}",
      1024,        14,         0,   0.019,pymatching,b769d13792f27d381b5f4dab20ab238652929843e762191bb21789b3077246b7,"{""config"":[""Z0"",""Z""],""d"":7,""p"":0.006802564102564103}",
       682,         0,         0,   0.007,pymatching,e45c4abd947e5226abf9ae8ee679469545253010d6ff118e307ca31a8814db17,"{""config"":[""Z0"",""Z""],""d"":7,""p"":0.0028820512820512817}",
     11264,         7,         0,   0.113,pymatching,13d8d445806d333773aca5059c26fdda03046097cfa2cd356cccd33c23de85c3,"{""config"":[""Z0"",""Z""],""d"":7,""p"":0.0035948717948717946}",
     10240,       477,         0,   0.313,pymatching,e7700ccc6b5e85238edb03484213be2f2324536bcffcf5510f63c95752d4f48e,"{""config"":[""Z0"",""Z""],""d"":7,""p"":0.010366666666666666}",
      6144,        32,         0,   0.081,pymatching,eaece8d5a9575002560e0706d987ea298ea25470193c1b6dbb2a675e32a96376,"{""config"":[""Z0"",""Z""],""d"":7,""p"":0.00502051282051282}",
      1024,        16,         0,   0.021,pymatching,d23ec93a9511dfcfad5423fbfdff24e737a6d95f98b4a1c82f4675def9472084,"{""config"":[""Z0"",""Z""],""d"":7,""p"":0.007158974358974359}",
       114,         0,         0,   0.001,pymatching,e45c4abd947e5226abf9ae8ee679469545253010d6ff118e307ca31a8814db17,"{""config"":[""Z0"",""Z""],""d"":7,""p"":0.0028820512820512817}",
      3072,        22,         0,   0.051,pymatching,d300e6d1ba983bae4e939af9fabd4c25b1a11b2fb3b999b0407884475d3fac3a,"{""config"":[""Z0"",""Z""],""d"":7,""p"":0.006446153846153846}",
        76,         0,         0,   0.001,pymatching,e45c4abd947e5226abf9ae8ee679469545253010d6ff118e307ca31a8814db17,"{""config"":[""Z0"",""Z""],""d"":7,""p"":0.0028820512820512817}",
      1024,        13,         0,   0.020,pymatching,8a9cb5f3d9bf0e4e9eeda9a663943885691e500addf044617ef06028f6001878,"{""config"":[""Z0"",""Z""],""d"":7,""p"":0.007515384615384615}",
        76,         0,         0,   0.001,pymatching,e45c4abd947e5226abf9ae8ee679469545253010d6ff118e307ca31a8814db17,"{""config"":[""Z0"",""Z""],""d"":7,""p"":0.0028820512820512817}",
      7168,       433,         0,   0.223,pymatching,b6d3694e834850dac9ee7c8f2d7002a6846b99ca8f4a69cace9dbe15e20daffb,"{""config"":[""Z0"",""Z""],""d"":7,""p"":0.01107948717948718}",
      9216,       481,         0,   0.293,pymatching,da98e8cd9418feeb39b2eef8b4009cb1917b214eb94bc6403232d0554554ad7f,"{""config"":[""Z0"",""Z""],""d"":7,""p"":0.010723076923076922}",
        26,         0,         0,   0.000,pymatching,e45c4abd947e5226abf9ae8ee679469545253010d6ff118e307ca31a8814db17,"{""config"":[""Z0"",""Z""],""d"":7,""p"":0.0028820512820512817}",
      1024,        12,         0,   0.019,pymatching,b769d13792f27d381b5f4dab20ab238652929843e762191bb21789b3077246b7,"{""config"":[""Z0"",""Z""],""d"":7,""p"":0.006802564102564103}",
        26,         0,         0,   0.000,pymatching,e45c4abd947e5226abf9ae8ee679469545253010d6ff118e307ca31a8814db17,"{""config"":[""Z0"",""Z""],""d"":7,""p"":0.0028820512820512817}",
     10240,        15,         0,   0.109,pymatching,bd24bbfba499721b19d74cd52585386f74b6e0939bb1d2080bf1fd9187563a46,"{""config"":[""Z0"",""Z""],""d"":7,""p"":0.003951282051282051}",
         8,         0,         0,   0.000,pymatching,e45c4abd947e5226abf9ae8ee679469545253010d6ff118e307ca31a8814db17,"{""config"":[""Z0"",""Z""],""d"":7,""p"":0.0028820512820512817}",
     27648,       398,         0,   0.577,pymatching,8a9cb5f3d9bf0e4e9eeda9a663943885691e500addf044617ef06028f6001878,"{""config"":[""Z0"",""Z""],""d"":7,""p"":0.007515384615384615}",
     15360,       525,         0,   0.409,pymatching,36548df23069c47b0f0e90af7827eee32aec02a920dab3317e6237c73fbcdc05,"{""config"":[""Z0"",""Z""],""d"":7,""p"":0.009297435897435898}",
     10240,         4,         0,   0.109,pymatching,b90e12e33080801c22852919a15e138265ce11a1817b8557974984987efe3bc1,"{""config"":[""Z0"",""Z""],""d"":7,""p"":0.003238461538461538}",
         8,         0,         0,   0.000,pymatching,e45c4abd947e5226abf9ae8ee679469545253010d6ff118e307ca31a8814db17,"{""config"":[""Z0"",""Z""],""d"":7,""p"":0.0028820512820512817}",
         3,         0,         0,   0.000,pymatching,e45c4abd947e5226abf9ae8ee679469545253010d6ff118e307ca31a8814db17,"{""config"":[""Z0"",""Z""],""d"":7,""p"":0.0028820512820512817}",
     33461,        21,         0,   0.335,pymatching,b90e12e33080801c22852919a15e138265ce11a1817b8557974984987efe3bc1,"{""config"":[""Z0"",""Z""],""d"":7,""p"":0.003238461538461538}",
      5120,        27,         0,   0.076,pymatching,92a7abdf4c8e6971e7de69c7aca3790c3892e94df6498b04b16cecd04e71a269,"{""config"":[""Z0"",""Z""],""d"":7,""p"":0.005733333333333333}",
         3,         0,         0,   0.000,pymatching,e45c4abd947e5226abf9ae8ee679469545253010d6ff118e307ca31a8814db17,"{""config"":[""Z0"",""Z""],""d"":7,""p"":0.0028820512820512817}",
      9216,        17,         0,   0.107,pymatching,5891a0a3ba08325c916de00da2b1efae68943d7c4d1c41a9a748c9079ffbce15,"{""config"":[""Z0"",""Z""],""d"":7,""p"":0.0043076923076923075}",
         1,         0,         0,   0.000,pymatching,e45c4abd947e5226abf9ae8ee679469545253010d6ff118e307ca31a8814db17,"{""config"":[""Z0"",""Z""],""d"":7,""p"":0.0028820512820512817}",
         1,         0,         0,   0.000,pymatching,e45c4abd947e5226abf9ae8ee679469545253010d6ff118e307ca31a8814db17,"{""config"":[""Z0"",""Z""],""d"":7,""p"":0.0028820512820512817}",
     87040,        41,         0,   0.810,pymatching,b90e12e33080801c22852919a15e138265ce11a1817b8557974984987efe3bc1,"{""config"":[""Z0"",""Z""],""d"":7,""p"":0.003238461538461538}",
      2048,        27,         0,   0.042,pymatching,d23ec93a9511dfcfad5423fbfdff24e737a6d95f98b4a1c82f4675def9472084,"{""config"":[""Z0"",""Z""],""d"":7,""p"":0.007158974358974359}",
      2048,        24,         0,   0.040,pymatching,8a9cb5f3d9bf0e4e9eeda9a663943885691e500addf044617ef06028f6001878,"{""config"":[""Z0"",""Z""],""d"":7,""p"":0.007515384615384615}",
     23552,       604,         0,   0.571,pymatching,8c657773fb86778a82655c06bf4ef0a8aea038a056e4f9622cb57e38e9e0dc26,"{""config"":[""Z0"",""Z""],""d"":7,""p"":0.008584615384615385}",
     78848,      1017,         0,    1.57,pymatching,d23ec93a9511dfcfad5423fbfdff24e737a6d95f98b4a1c82f4675def9472084,"{""config"":[""Z0"",""Z""],""d"":7,""p"":0.007158974358974359}",
      6144,       441,         0,   0.214,pymatching,52ae0e84c1b2f08ad771443a768ea177b4282b167a661a2127e9ef552d2f9bfb,"{""config"":[""Z0"",""Z""],""d"":7,""p"":0.011435897435897435}",
      2048,        26,         0,   0.040,pymatching,b769d13792f27d381b5f4dab20ab238652929843e762191bb21789b3077246b7,"{""config"":[""Z0"",""Z""],""d"":7,""p"":0.006802564102564103}",
     24576,       563,         0,   0.570,pymatching,c2ee0fe2e0d594c6fb473479ca807579717f258a5cf736d0bc98fdd0f44bf536,"{""config"":[""Z0"",""Z""],""d"":7,""p"":0.008228205128205128}",
      4096,        31,         0,   0.064,pymatching,5b429b6d29d719034a3de26ecfd980c276ddca64727f400fe73971740676519a,"{""config"":[""Z0"",""Z""],""d"":7,""p"":0.00608974358974359}",
      5120,        22,         0,   0.076,pymatching,eca9617815f52c439b2b6ca9c5616b3c4d8fd31d7d46d963cff4e595c6436dc0,"{""config"":[""Z0"",""Z""],""d"":7,""p"":0.005376923076923077}",
      4096,        38,         0,   0.068,pymatching,d300e6d1ba983bae4e939af9fabd4c25b1a11b2fb3b999b0407884475d3fac3a,"{""config"":[""Z0"",""Z""],""d"":7,""p"":0.006446153846153846}",
     17408,       467,         0,   0.420,pymatching,99407154c5efdc35a031196b6c833f608cfe5adee0f4054b9acb0881815a045b,"{""config"":[""Z0"",""Z""],""d"":7,""p"":0.00894102564102564}",
      3764,         1,         0,   0.036,pymatching,b90e12e33080801c22852919a15e138265ce11a1817b8557974984987efe3bc1,"{""config"":[""Z0"",""Z""],""d"":7,""p"":0.003238461538461538}",
      2048,        31,         0,   0.041,pymatching,d23ec93a9511dfcfad5423fbfdff24e737a6d95f98b4a1c82f4675def9472084,"{""config"":[""Z0"",""Z""],""d"":7,""p"":0.007158974358974359}",
      2048,        24,         0,   0.040,pymatching,8a9cb5f3d9bf0e4e9eeda9a663943885691e500addf044617ef06028f6001878,"{""config"":[""Z0"",""Z""],""d"":7,""p"":0.007515384615384615}",
     15360,       551,         0,   0.407,pymatching,6d88ad3a43ed5d85daf29bde13b8514815cec070fad8d42320c1385d82c9d087,"{""config"":[""Z0"",""Z""],""d"":7,""p"":0.009653846153846153}",
      2048,        25,         0,   0.039,pymatching,b769d13792f27d381b5f4dab20ab238652929843e762191bb21789b3077246b7,"{""config"":[""Z0"",""Z""],""d"":7,""p"":0.006802564102564103}",
      9216,        21,         0,   0.113,pymatching,17aa56354c3b8ef37ef6707903c6c7bd939c711b208deb498b5b3d226eb2c0df,"{""config"":[""Z0"",""Z""],""d"":7,""p"":0.004664102564102564}",
      8192,        32,         0,   0.107,pymatching,eaece8d5a9575002560e0706d987ea298ea25470193c1b6dbb2a675e32a96376,"{""config"":[""Z0"",""Z""],""d"":7,""p"":0.00502051282051282}",
     74752,      1131,         0,    1.56,pymatching,8a9cb5f3d9bf0e4e9eeda9a663943885691e500addf044617ef06028f6001878,"{""config"":[""Z0"",""Z""],""d"":7,""p"":0.007515384615384615}",
      7168,        42,         0,   0.106,pymatching,92a7abdf4c8e6971e7de69c7aca3790c3892e94df6498b04b16cecd04e71a269,"{""config"":[""Z0"",""Z""],""d"":7,""p"":0.005733333333333333}",
      5120,        34,         0,   0.080,pymatching,5b429b6d29d719034a3de26ecfd980c276ddca64727f400fe73971740676519a,"{""config"":[""Z0"",""Z""],""d"":7,""p"":0.00608974358974359}",
      3072,        43,         0,   0.060,pymatching,8a9cb5f3d9bf0e4e9eeda9a663943885691e500addf044617ef06028f6001878,"{""config"":[""Z0"",""Z""],""d"":7,""p"":0.007515384615384615}",
      3072,        38,         0,   0.062,pymatching,d23ec93a9511dfcfad5423fbfdff24e737a6d95f98b4a1c82f4675def9472084,"{""config"":[""Z0"",""Z""],""d"":7,""p"":0.007158974358974359}",
     15360,        21,         0,   0.154,pymatching,13d8d445806d333773aca5059c26fdda03046097cfa2cd356cccd33c23de85c3,"{""config"":[""Z0"",""Z""],""d"":7,""p"":0.0035948717948717946}",
      3072,        39,         0,   0.058,pymatching,b769d13792f27d381b5f4dab20ab238652929843e762191bb21789b3077246b7,"{""config"":[""Z0"",""Z""],""d"":7,""p"":0.006802564102564103}",
      1297,        21,         0,   0.034,pymatching,3fa8637fd37c7bcc5d791dfc60540e834a556ab838715db7a66d404b022b1c87,"{""config"":[""Z0"",""Z""],""d"":7,""p"":0.007871794871794872}",
      5120,        39,         0,   0.085,pymatching,d300e6d1ba983bae4e939af9fabd4c25b1a11b2fb3b999b0407884475d3fac3a,"{""config"":[""Z0"",""Z""],""d"":7,""p"":0.006446153846153846}",
      1297,        31,         0,   0.032,pymatching,8c657773fb86778a82655c06bf4ef0a8aea038a056e4f9622cb57e38e9e0dc26,"{""config"":[""Z0"",""Z""],""d"":7,""p"":0.008584615384615385}",
      7168,        33,         0,   0.107,pymatching,eca9617815f52c439b2b6ca9c5616b3c4d8fd31d7d46d963cff4e595c6436dc0,"{""config"":[""Z0"",""Z""],""d"":7,""p"":0.005376923076923077}",
     14336,        19,         0,   0.154,pymatching,bd24bbfba499721b19d74cd52585386f74b6e0939bb1d2080bf1fd9187563a46,"{""config"":[""Z0"",""Z""],""d"":7,""p"":0.003951282051282051}",
     14336,         2,         0,   0.148,pymatching,b90e12e33080801c22852919a15e138265ce11a1817b8557974984987efe3bc1,"{""config"":[""Z0"",""Z""],""d"":7,""p"":0.003238461538461538}",
     70656,      1270,         0,    1.57,pymatching,3fa8637fd37c7bcc5d791dfc60540e834a556ab838715db7a66d404b022b1c87,"{""config"":[""Z0"",""Z""],""d"":7,""p"":0.007871794871794872}",
      1297,        28,         0,   0.033,pymatching,c2ee0fe2e0d594c6fb473479ca807579717f258a5cf736d0bc98fdd0f44bf536,"{""config"":[""Z0"",""Z""],""d"":7,""p"":0.008228205128205128}",
     35840,      2118,         0,    1.11,pymatching,b6d3694e834850dac9ee7c8f2d7002a6846b99ca8f4a69cace9dbe15e20daffb,"{""config"":[""Z0"",""Z""],""d"":7,""p"":0.01107948717948718}",
     14336,       551,         0,   0.418,pymatching,9b434397c66a66fc41b04f18c697e8ea60adbc546da04687ce10f9b464b84c17,"{""config"":[""Z0"",""Z""],""d"":7,""p"":0.010010256410256409}",
      1024,        20,         0,   0.028,pymatching,3fa8637fd37c7bcc5d791dfc60540e834a556ab838715db7a66d404b022b1c87,"{""config"":[""Z0"",""Z""],""d"":7,""p"":0.007871794871794872}",
     13312,        28,         0,   0.153,pymatching,5891a0a3ba08325c916de00da2b1efae68943d7c4d1c41a9a748c9079ffbce15,"{""config"":[""Z0"",""Z""],""d"":7,""p"":0.0043076923076923075}",
      1024,        19,         0,   0.024,pymatching,8c657773fb86778a82655c06bf4ef0a8aea038a056e4f9622cb57e38e9e0dc26,"{""config"":[""Z0"",""Z""],""d"":7,""p"":0.008584615384615385}",
      1024,        21,         0,   0.024,pymatching,c2ee0fe2e0d594c6fb473479ca807579717f258a5cf736d0bc98fdd0f44bf536,"{""config"":[""Z0"",""Z""],""d"":7,""p"":0.008228205128205128}",
      6144,       361,         0,   0.191,pymatching,b6d3694e834850dac9ee7c8f2d7002a6846b99ca8f4a69cace9dbe15e20daffb,"{""config"":[""Z0"",""Z""],""d"":7,""p"":0.01107948717948718}",
      1024,        13,         0,   0.025,pymatching,3fa8637fd37c7bcc5d791dfc60540e834a556ab838715db7a66d404b022b1c87,"{""config"":[""Z0"",""Z""],""d"":7,""p"":0.007871794871794872}",
      3554,         1,         0,   0.035,pymatching,b90e12e33080801c22852919a15e138265ce11a1817b8557974984987efe3bc1,"{""config"":[""Z0"",""Z""],""d"":7,""p"":0.003238461538461538}",
     12288,         2,         0,   0.114,pymatching,b90e12e33080801c22852919a15e138265ce11a1817b8557974984987efe3bc1,"{""config"":[""Z0"",""Z""],""d"":7,""p"":0.003238461538461538}",
      1024,        23,         0,   0.024,pymatching,8c657773fb86778a82655c06bf4ef0a8aea038a056e4f9622cb57e38e9e0dc26,"{""config"":[""Z0"",""Z""],""d"":7,""p"":0.008584615384615385}",
     16384,        12,         0,   0.164,pymatching,b90e12e33080801c22852919a15e138265ce11a1817b8557974984987efe3bc1,"{""config"":[""Z0"",""Z""],""d"":7,""p"":0.003238461538461538}",
     63488,      1569,         0,    1.56,pymatching,8c657773fb86778a82655c06bf4ef0a8aea038a056e4f9622cb57e38e9e0dc26,"{""config"":[""Z0"",""Z""],""d"":7,""p"":0.008584615384615385}",
      1024,        24,         0,   0.023,pymatching,c2ee0fe2e0d594c6fb473479ca807579717f258a5cf736d0bc98fdd0f44bf536,"{""config"":[""Z0"",""Z""],""d"":7,""p"":0.008228205128205128}",
      4096,        60,         0,   0.080,pymatching,8a9cb5f3d9bf0e4e9eeda9a663943885691e500addf044617ef06028f6001878,"{""config"":[""Z0"",""Z""],""d"":7,""p"":0.007515384615384615}",
      4096,        43,         0,   0.076,pymatching,b769d13792f27d381b5f4dab20ab238652929843e762191bb21789b3077246b7,"{""config"":[""Z0"",""Z""],""d"":7,""p"":0.006802564102564103}",
      4096,        58,         0,   0.081,pymatching,d23ec93a9511dfcfad5423fbfdff24e737a6d95f98b4a1c82f4675def9472084,"{""config"":[""Z0"",""Z""],""d"":7,""p"":0.007158974358974359}",
     67584,      1445,         0,    1.56,pymatching,c2ee0fe2e0d594c6fb473479ca807579717f258a5cf736d0bc98fdd0f44bf536,"{""config"":[""Z0"",""Z""],""d"":7,""p"":0.008228205128205128}",
      2369,         4,         0,   0.023,pymatching,b90e12e33080801c22852919a15e138265ce11a1817b8557974984987efe3bc1,"{""config"":[""Z0"",""Z""],""d"":7,""p"":0.003238461538461538}",
      2368,         0,         0,   0.023,pymatching,b90e12e33080801c22852919a15e138265ce11a1817b8557974984987efe3bc1,"{""config"":[""Z0"",""Z""],""d"":7,""p"":0.003238461538461538}",
      2048,         1,         0,   0.021,pymatching,b90e12e33080801c22852919a15e138265ce11a1817b8557974984987efe3bc1,"{""config"":[""Z0"",""Z""],""d"":7,""p"":0.003238461538461538}",
      7168,        54,         0,   0.111,pymatching,5b429b6d29d719034a3de26ecfd980c276ddca64727f400fe73971740676519a,"{""config"":[""Z0"",""Z""],""d"":7,""p"":0.00608974358974359}",
     12288,        27,         0,   0.150,pymatching,17aa56354c3b8ef37ef6707903c6c7bd939c711b208deb498b5b3d226eb2c0df,"{""config"":[""Z0"",""Z""],""d"":7,""p"":0.004664102564102564}",
       107,         0,         0,   0.001,pymatching,b90e12e33080801c22852919a15e138265ce11a1817b8557974984987efe3bc1,"{""config"":[""Z0"",""Z""],""d"":7,""p"":0.003238461538461538}",
     11264,        39,         0,   0.148,pymatching,eaece8d5a9575002560e0706d987ea298ea25470193c1b6dbb2a675e32a96376,"{""config"":[""Z0"",""Z""],""d"":7,""p"":0.00502051282051282}",
      2048,        43,         0,   0.048,pymatching,8c657773fb86778a82655c06bf4ef0a8aea038a056e4f9622cb57e38e9e0dc26,"{""config"":[""Z0"",""Z""],""d"":7,""p"":0.008584615384615385}",
       107,         0,         0,   0.001,pymatching,b90e12e33080801c22852919a15e138265ce11a1817b8557974984987efe3bc1,"{""config"":[""Z0"",""Z""],""d"":7,""p"":0.003238461538461538}",
        72,         0,         0,   0.001,pymatching,b90e12e33080801c22852919a15e138265ce11a1817b8557974984987efe3bc1,"{""config"":[""Z0"",""Z""],""d"":7,""p"":0.003238461538461538}",
      2048,        36,         0,   0.054,pymatching,3fa8637fd37c7bcc5d791dfc60540e834a556ab838715db7a66d404b022b1c87,"{""config"":[""Z0"",""Z""],""d"":7,""p"":0.007871794871794872}",
        12,         0,         0,   0.000,pymatching,b90e12e33080801c22852919a15e138265ce11a1817b8557974984987efe3bc1,"{""config"":[""Z0"",""Z""],""d"":7,""p"":0.003238461538461538}",
         8,         0,         0,   0.000,pymatching,b90e12e33080801c22852919a15e138265ce11a1817b8557974984987efe3bc1,"{""config"":[""Z0"",""Z""],""d"":7,""p"":0.003238461538461538}",
      2048,        43,         0,   0.048,pymatching,c2ee0fe2e0d594c6fb473479ca807579717f258a5cf736d0bc98fdd0f44bf536,"{""config"":[""Z0"",""Z""],""d"":7,""p"":0.008228205128205128}",
         8,         0,         0,   0.000,pymatching,b90e12e33080801c22852919a15e138265ce11a1817b8557974984987efe3bc1,"{""config"":[""Z0"",""Z""],""d"":7,""p"":0.003238461538461538}",
     53600,        47,         0,   0.583,pymatching,13d8d445806d333773aca5059c26fdda03046097cfa2cd356cccd33c23de85c3,"{""config"":[""Z0"",""Z""],""d"":7,""p"":0.0035948717948717946}",
         3,         0,         0,   0.000,pymatching,b90e12e33080801c22852919a15e138265ce11a1817b8557974984987efe3bc1,"{""config"":[""Z0"",""Z""],""d"":7,""p"":0.003238461538461538}",
         2,         0,         0,   0.000,pymatching,b90e12e33080801c22852919a15e138265ce11a1817b8557974984987efe3bc1,"{""config"":[""Z0"",""Z""],""d"":7,""p"":0.003238461538461538}",
      7168,        57,         0,   0.120,pymatching,d300e6d1ba983bae4e939af9fabd4c25b1a11b2fb3b999b0407884475d3fac3a,"{""config"":[""Z0"",""Z""],""d"":7,""p"":0.006446153846153846}",
         1,         0,         0,   0.000,pymatching,b90e12e33080801c22852919a15e138265ce11a1817b8557974984987efe3bc1,"{""config"":[""Z0"",""Z""],""d"":7,""p"":0.003238461538461538}",
    103424,        89,         0,    1.04,pymatching,13d8d445806d333773aca5059c26fdda03046097cfa2cd356cccd33c23de85c3,"{""config"":[""Z0"",""Z""],""d"":7,""p"":0.0035948717948717946}",
         1,         0,         0,   0.000,pymatching,b90e12e33080801c22852919a15e138265ce11a1817b8557974984987efe3bc1,"{""config"":[""Z0"",""Z""],""d"":7,""p"":0.003238461538461538}",
     10240,        62,         0,   0.151,pymatching,92a7abdf4c8e6971e7de69c7aca3790c3892e94df6498b04b16cecd04e71a269,"{""config"":[""Z0"",""Z""],""d"":7,""p"":0.005733333333333333}",
     62464,      2057,         0,    1.56,pymatching,36548df23069c47b0f0e90af7827eee32aec02a920dab3317e6237c73fbcdc05,"{""config"":[""Z0"",""Z""],""d"":7,""p"":0.009297435897435898}",
      1297,        49,         0,   0.033,pymatching,99407154c5efdc35a031196b6c833f608cfe5adee0f4054b9acb0881815a045b,"{""config"":[""Z0"",""Z""],""d"":7,""p"":0.00894102564102564}",
     61440,      1741,         0,    1.57,pymatching,99407154c5efdc35a031196b6c833f608cfe5adee0f4054b9acb0881815a045b,"{""config"":[""Z0"",""Z""],""d"":7,""p"":0.00894102564102564}",
      1297,        42,         0,   0.036,pymatching,36548df23069c47b0f0e90af7827eee32aec02a920dab3317e6237c73fbcdc05,"{""config"":[""Z0"",""Z""],""d"":7,""p"":0.009297435897435898}",
      2048,        44,         0,   0.047,pymatching,8c657773fb86778a82655c06bf4ef0a8aea038a056e4f9622cb57e38e9e0dc26,"{""config"":[""Z0"",""Z""],""d"":7,""p"":0.008584615384615385}",
      2048,        34,         0,   0.048,pymatching,3fa8637fd37c7bcc5d791dfc60540e834a556ab838715db7a66d404b022b1c87,"{""config"":[""Z0"",""Z""],""d"":7,""p"":0.007871794871794872}",
      2048,        42,         0,   0.048,pymatching,c2ee0fe2e0d594c6fb473479ca807579717f258a5cf736d0bc98fdd0f44bf536,"{""config"":[""Z0"",""Z""],""d"":7,""p"":0.008228205128205128}",
     10240,        37,         0,   0.152,pymatching,eca9617815f52c439b2b6ca9c5616b3c4d8fd31d7d46d963cff4e595c6436dc0,"{""config"":[""Z0"",""Z""],""d"":7,""p"":0.005376923076923077}",
      1024,        27,         0,   0.024,pymatching,99407154c5efdc35a031196b6c833f608cfe5adee0f4054b9acb0881815a045b,"{""config"":[""Z0"",""Z""],""d"":7,""p"":0.00894102564102564}",
      1024,        32,         0,   0.025,pymatching,36548df23069c47b0f0e90af7827eee32aec02a920dab3317e6237c73fbcdc05,"{""config"":[""Z0"",""Z""],""d"":7,""p"":0.009297435897435898}",
     56320,      2068,         0,    1.57,pymatching,6d88ad3a43ed5d85daf29bde13b8514815cec070fad8d42320c1385d82c9d087,"{""config"":[""Z0"",""Z""],""d"":7,""p"":0.009653846153846153}",
     18917,        13,         0,   0.189,pymatching,13d8d445806d333773aca5059c26fdda03046097cfa2cd356cccd33c23de85c3,"{""config"":[""Z0"",""Z""],""d"":7,""p"":0.0035948717948717946}",
      6144,        61,         0,   0.117,pymatching,b769d13792f27d381b5f4dab20ab238652929843e762191bb21789b3077246b7,"{""config"":[""Z0"",""Z""],""d"":7,""p"":0.006802564102564103}",
      1024,        32,         0,   0.024,pymatching,99407154c5efdc35a031196b6c833f608cfe5adee0f4054b9acb0881815a045b,"{""config"":[""Z0"",""Z""],""d"":7,""p"":0.00894102564102564}",
      6144,       103,         0,   0.121,pymatching,8a9cb5f3d9bf0e4e9eeda9a663943885691e500addf044617ef06028f6001878,"{""config"":[""Z0"",""Z""],""d"":7,""p"":0.007515384615384615}",
      6144,        80,         0,   0.124,pymatching,d23ec93a9511dfcfad5423fbfdff24e737a6d95f98b4a1c82f4675def9472084,"{""config"":[""Z0"",""Z""],""d"":7,""p"":0.007158974358974359}",
      1024,        29,         0,   0.025,pymatching,36548df23069c47b0f0e90af7827eee32aec02a920dab3317e6237c73fbcdc05,"{""config"":[""Z0"",""Z""],""d"":7,""p"":0.009297435897435898}",
      9216,       588,         0,   0.318,pymatching,52ae0e84c1b2f08ad771443a768ea177b4282b167a661a2127e9ef552d2f9bfb,"{""config"":[""Z0"",""Z""],""d"":7,""p"":0.011435897435897435}",
      3072,        81,         0,   0.071,pymatching,8c657773fb86778a82655c06bf4ef0a8aea038a056e4f9622cb57e38e9e0dc26,"{""config"":[""Z0"",""Z""],""d"":7,""p"":0.008584615384615385}",
      3072,        50,         0,   0.069,pymatching,3fa8637fd37c7bcc5d791dfc60540e834a556ab838715db7a66d404b022b1c87,"{""config"":[""Z0"",""Z""],""d"":7,""p"":0.007871794871794872}",
     19456,        19,         0,   0.208,pymatching,bd24bbfba499721b19d74cd52585386f74b6e0939bb1d2080bf1fd9187563a46,"{""config"":[""Z0"",""Z""],""d"":7,""p"":0.003951282051282051}",
      3072,        58,         0,   0.073,pymatching,c2ee0fe2e0d594c6fb473479ca807579717f258a5cf736d0bc98fdd0f44bf536,"{""config"":[""Z0"",""Z""],""d"":7,""p"":0.008228205128205128}",
      2048,        60,         0,   0.049,pymatching,99407154c5efdc35a031196b6c833f608cfe5adee0f4054b9acb0881815a045b,"{""config"":[""Z0"",""Z""],""d"":7,""p"":0.00894102564102564}",
     18432,        29,         0,   0.211,pymatching,5891a0a3ba08325c916de00da2b1efae68943d7c4d1c41a9a748c9079ffbce15,"{""config"":[""Z0"",""Z""],""d"":7,""p"":0.0043076923076923075}",
      2048,        63,         0,   0.052,pymatching,36548df23069c47b0f0e90af7827eee32aec02a920dab3317e6237c73fbcdc05,"{""config"":[""Z0"",""Z""],""d"":7,""p"":0.009297435897435898}",
     13312,       618,         0,   0.407,pymatching,e7700ccc6b5e85238edb03484213be2f2324536bcffcf5510f63c95752d4f48e,"{""config"":[""Z0"",""Z""],""d"":7,""p"":0.010366666666666666}",
     37888,      2459,         0,    1.30,pymatching,52ae0e84c1b2f08ad771443a768ea177b4282b167a661a2127e9ef552d2f9bfb,"{""config"":[""Z0"",""Z""],""d"":7,""p"":0.011435897435897435}",
      1297,        46,         0,   0.041,pymatching,6d88ad3a43ed5d85daf29bde13b8514815cec070fad8d42320c1385d82c9d087,"{""config"":[""Z0"",""Z""],""d"":7,""p"":0.009653846153846153}",
       273,        11,         0,   0.010,pymatching,9b434397c66a66fc41b04f18c697e8ea60adbc546da04687ce10f9b464b84c17,"{""config"":[""Z0"",""Z""],""d"":7,""p"":0.010010256410256409}",
      1297,        70,         0,   0.039,pymatching,e7700ccc6b5e85238edb03484213be2f2324536bcffcf5510f63c95752d4f48e,"{""config"":[""Z0"",""Z""],""d"":7,""p"":0.010366666666666666}",
     10240,        69,         0,   0.160,pymatching,5b429b6d29d719034a3de26ecfd980c276ddca64727f400fe73971740676519a,"{""config"":[""Z0"",""Z""],""d"":7,""p"":0.00608974358974359}",
     12611,        15,         0,   0.127,pymatching,13d8d445806d333773aca5059c26fdda03046097cfa2cd356cccd33c23de85c3,"{""config"":[""Z0"",""Z""],""d"":7,""p"":0.0035948717948717946}",
     11264,         4,         0,   0.133,pymatching,13d8d445806d333773aca5059c26fdda03046097cfa2cd356cccd33c23de85c3,"{""config"":[""Z0"",""Z""],""d"":7,""p"":0.0035948717948717946}",
      8407,         7,         0,   0.085,pymatching,13d8d445806d333773aca5059c26fdda03046097cfa2cd356cccd33c23de85c3,"{""config"":[""Z0"",""Z""],""d"":7,""p"":0.0035948717948717946}",
      1024,        40,         0,   0.030,pymatching,6d88ad3a43ed5d85daf29bde13b8514815cec070fad8d42320c1385d82c9d087,"{""config"":[""Z0"",""Z""],""d"":7,""p"":0.009653846153846153}",
      1024,        35,         0,   0.031,pymatching,9b434397c66a66fc41b04f18c697e8ea60adbc546da04687ce10f9b464b84c17,"{""config"":[""Z0"",""Z""],""d"":7,""p"":0.010010256410256409}",
      1024,        37,         0,   0.030,pymatching,e7700ccc6b5e85238edb03484213be2f2324536bcffcf5510f63c95752d4f48e,"{""config"":[""Z0"",""Z""],""d"":7,""p"":0.010366666666666666}",
      9216,        81,         0,   0.161,pymatching,d300e6d1ba983bae4e939af9fabd4c25b1a11b2fb3b999b0407884475d3fac3a,"{""config"":[""Z0"",""Z""],""d"":7,""p"":0.006446153846153846}",
      2048,       125,         0,   0.072,pymatching,52ae0e84c1b2f08ad771443a768ea177b4282b167a661a2127e9ef552d2f9bfb,"{""config"":[""Z0"",""Z""],""d"":7,""p"":0.011435897435897435}",
      2048,        60,         0,   0.049,pymatching,99407154c5efdc35a031196b6c833f608cfe5adee0f4054b9acb0881815a045b,"{""config"":[""Z0"",""Z""],""d"":7,""p"":0.00894102564102564}",
     13312,       646,         0,   0.432,pymatching,da98e8cd9418feeb39b2eef8b4009cb1917b214eb94bc6403232d0554554ad7f,"{""config"":[""Z0"",""Z""],""d"":7,""p"":0.010723076923076922}",
      2048,         2,         0,   0.021,pymatching,13d8d445806d333773aca5059c26fdda03046097cfa2cd356cccd33c23de85c3,"{""config"":[""Z0"",""Z""],""d"":7,""p"":0.0035948717948717946}",
     53248,      2197,         0,    1.57,pymatching,9b434397c66a66fc41b04f18c697e8ea60adbc546da04687ce10f9b464b84c17,"{""config"":[""Z0"",""Z""],""d"":7,""p"":0.010010256410256409}",
      1168,         1,         0,   0.017,pymatching,13d8d445806d333773aca5059c26fdda03046097cfa2cd356cccd33c23de85c3,"{""config"":[""Z0"",""Z""],""d"":7,""p"":0.0035948717948717946}",
     73728,       109,         0,   0.793,pymatching,bd24bbfba499721b19d74cd52585386f74b6e0939bb1d2080bf1fd9187563a46,"{""config"":[""Z0"",""Z""],""d"":7,""p"":0.003951282051282051}",
      2048,        65,         0,   0.050,pymatching,36548df23069c47b0f0e90af7827eee32aec02a920dab3317e6237c73fbcdc05,"{""config"":[""Z0"",""Z""],""d"":7,""p"":0.009297435897435898}",
       778,         0,         0,   0.008,pymatching,13d8d445806d333773aca5059c26fdda03046097cfa2cd356cccd33c23de85c3,"{""config"":[""Z0"",""Z""],""d"":7,""p"":0.0035948717948717946}",
     17408,        42,         0,   0.214,pymatching,17aa56354c3b8ef37ef6707903c6c7bd939c711b208deb498b5b3d226eb2c0df,"{""config"":[""Z0"",""Z""],""d"":7,""p"":0.004664102564102564}",
      4096,        69,         0,   0.090,pymatching,3fa8637fd37c7bcc5d791dfc60540e834a556ab838715db7a66d404b022b1c87,"{""config"":[""Z0"",""Z""],""d"":7,""p"":0.007871794871794872}",
      1024,        34,         0,   0.029,pymatching,6d88ad3a43ed5d85daf29bde13b8514815cec070fad8d42320c1385d82c9d087,"{""config"":[""Z0"",""Z""],""d"":7,""p"":0.009653846153846153}",
       778,         0,         0,   0.008,pymatching,13d8d445806d333773aca5059c26fdda03046097cfa2cd356cccd33c23de85c3,"{""config"":[""Z0"",""Z""],""d"":7,""p"":0.0035948717948717946}",
      1024,        36,         0,   0.029,pymatching,9b434397c66a66fc41b04f18c697e8ea60adbc546da04687ce10f9b464b84c17,"{""config"":[""Z0"",""Z""],""d"":7,""p"":0.010010256410256409}",
      1024,        42,         0,   0.030,pymatching,e7700ccc6b5e85238edb03484213be2f2324536bcffcf5510f63c95752d4f48e,"{""config"":[""Z0"",""Z""],""d"":7,""p"":0.010366666666666666}",
      4096,       105,         0,   0.095,pymatching,8c657773fb86778a82655c06bf4ef0a8aea038a056e4f9622cb57e38e9e0dc26,"{""config"":[""Z0"",""Z""],""d"":7,""p"":0.008584615384615385}",
       778,         1,         0,   0.009,pymatching,13d8d445806d333773aca5059c26fdda03046097cfa2cd356cccd33c23de85c3,"{""config"":[""Z0"",""Z""],""d"":7,""p"":0.0035948717948717946}",
     16384,        44,         0,   0.216,pymatching,eaece8d5a9575002560e0706d987ea298ea25470193c1b6dbb2a675e32a96376,"{""config"":[""Z0"",""Z""],""d"":7,""p"":0.00502051282051282}",
     10240,       416,         0,   0.303,pymatching,9b434397c66a66fc41b04f18c697e8ea60adbc546da04687ce10f9b464b84c17,"{""config"":[""Z0"",""Z""],""d"":7,""p"":0.010010256410256409}",
     97280,       174,         0,    1.19,pymatching,5891a0a3ba08325c916de00da2b1efae68943d7c4d1c41a9a748c9079ffbce15,"{""config"":[""Z0"",""Z""],""d"":7,""p"":0.0043076923076923075}",
    101376,       136,         0,    1.17,pymatching,bd24bbfba499721b19d74cd52585386f74b6e0939bb1d2080bf1fd9187563a46,"{""config"":[""Z0"",""Z""],""d"":7,""p"":0.003951282051282051}",
      1024,        38,         0,   0.030,pymatching,9b434397c66a66fc41b04f18c697e8ea60adbc546da04687ce10f9b464b84c17,"{""config"":[""Z0"",""Z""],""d"":7,""p"":0.010010256410256409}",
      4096,        87,         0,   0.095,pymatching,c2ee0fe2e0d594c6fb473479ca807579717f258a5cf736d0bc98fdd0f44bf536,"{""config"":[""Z0"",""Z""],""d"":7,""p"":0.008228205128205128}",
      1024,        37,         0,   0.031,pymatching,6d88ad3a43ed5d85daf29bde13b8514815cec070fad8d42320c1385d82c9d087,"{""config"":[""Z0"",""Z""],""d"":7,""p"":0.009653846153846153}",
      8192,        74,         0,   0.154,pymatching,b769d13792f27d381b5f4dab20ab238652929843e762191bb21789b3077246b7,"{""config"":[""Z0"",""Z""],""d"":7,""p"":0.006802564102564103}",
      1024,        51,         0,   0.029,pymatching,e7700ccc6b5e85238edb03484213be2f2324536bcffcf5510f63c95752d4f48e,"{""config"":[""Z0"",""Z""],""d"":7,""p"":0.010366666666666666}",
     14336,        67,         0,   0.212,pymatching,92a7abdf4c8e6971e7de69c7aca3790c3892e94df6498b04b16cecd04e71a269,"{""config"":[""Z0"",""Z""],""d"":7,""p"":0.005733333333333333}",
      8192,       133,         0,   0.160,pymatching,8a9cb5f3d9bf0e4e9eeda9a663943885691e500addf044617ef06028f6001878,"{""config"":[""Z0"",""Z""],""d"":7,""p"":0.007515384615384615}",
     65536,       137,         0,   0.801,pymatching,5891a0a3ba08325c916de00da2b1efae68943d7c4d1c41a9a748c9079ffbce15,"{""config"":[""Z0"",""Z""],""d"":7,""p"":0.0043076923076923075}",
     51200,      2432,         0,    1.56,pymatching,e7700ccc6b5e85238edb03484213be2f2324536bcffcf5510f63c95752d4f48e,"{""config"":[""Z0"",""Z""],""d"":7,""p"":0.010366666666666666}",
      8192,       125,         0,   0.164,pymatching,d23ec93a9511dfcfad5423fbfdff24e737a6d95f98b4a1c82f4675def9472084,"{""config"":[""Z0"",""Z""],""d"":7,""p"":0.007158974358974359}",
      3072,        83,         0,   0.075,pymatching,99407154c5efdc35a031196b6c833f608cfe5adee0f4054b9acb0881815a045b,"{""config"":[""Z0"",""Z""],""d"":7,""p"":0.00894102564102564}",
       273,        14,         0,   0.010,pymatching,da98e8cd9418feeb39b2eef8b4009cb1917b214eb94bc6403232d0554554ad7f,"{""config"":[""Z0"",""Z""],""d"":7,""p"":0.010723076923076922}",
      1024,        44,         0,   0.029,pymatching,e7700ccc6b5e85238edb03484213be2f2324536bcffcf5510f63c95752d4f48e,"{""config"":[""Z0"",""Z""],""d"":7,""p"":0.010366666666666666}",
      3072,       132,         0,   0.077,pymatching,36548df23069c47b0f0e90af7827eee32aec02a920dab3317e6237c73fbcdc05,"{""config"":[""Z0"",""Z""],""d"":7,""p"":0.009297435897435898}",
      4096,       168,         0,   0.127,pymatching,e7700ccc6b5e85238edb03484213be2f2324536bcffcf5510f63c95752d4f48e,"{""config"":[""Z0"",""Z""],""d"":7,""p"":0.010366666666666666}",
     14336,        67,         0,   0.212,pymatching,eca9617815f52c439b2b6ca9c5616b3c4d8fd31d7d46d963cff4e595c6436dc0,"{""config"":[""Z0"",""Z""],""d"":7,""p"":0.005376923076923077}",
      1297,         6,         0,   0.017,pymatching,17aa56354c3b8ef37ef6707903c6c7bd939c711b208deb498b5b3d226eb2c0df,"{""config"":[""Z0"",""Z""],""d"":7,""p"":0.004664102564102564}",
      1024,        38,         0,   0.033,pymatching,e7700ccc6b5e85238edb03484213be2f2324536bcffcf5510f63c95752d4f48e,"{""config"":[""Z0"",""Z""],""d"":7,""p"":0.010366666666666666}",
       273,        12,         0,   0.012,pymatching,da98e8cd9418feeb39b2eef8b4009cb1917b214eb94bc6403232d0554554ad7f,"{""config"":[""Z0"",""Z""],""d"":7,""p"":0.010723076923076922}",
      1024,        61,         0,   0.033,pymatching,da98e8cd9418feeb39b2eef8b4009cb1917b214eb94bc6403232d0554554ad7f,"{""config"":[""Z0"",""Z""],""d"":7,""p"":0.010723076923076922}",
      2048,        68,         0,   0.059,pymatching,6d88ad3a43ed5d85daf29bde13b8514815cec070fad8d42320c1385d82c9d087,"{""config"":[""Z0"",""Z""],""d"":7,""p"":0.009653846153846153}",
      1297,         4,         0,   0.017,pymatching,bd24bbfba499721b19d74cd52585386f74b6e0939bb1d2080bf1fd9187563a46,"{""config"":[""Z0"",""Z""],""d"":7,""p"":0.003951282051282051}",
      1297,         7,         0,   0.019,pymatching,eaece8d5a9575002560e0706d987ea298ea25470193c1b6dbb2a675e32a96376,"{""config"":[""Z0"",""Z""],""d"":7,""p"":0.00502051282051282}",
     93124,       226,         0,    1.22,pymatching,17aa56354c3b8ef37ef6707903c6c7bd939c711b208deb498b5b3d226eb2c0df,"{""config"":[""Z0"",""Z""],""d"":7,""p"":0.004664102564102564}",
      1297,         2,         0,   0.016,pymatching,5891a0a3ba08325c916de00da2b1efae68943d7c4d1c41a9a748c9079ffbce15,"{""config"":[""Z0"",""Z""],""d"":7,""p"":0.0043076923076923075}",
      1297,         5,         0,   0.021,pymatching,eca9617815f52c439b2b6ca9c5616b3c4d8fd31d7d46d963cff4e595c6436dc0,"{""config"":[""Z0"",""Z""],""d"":7,""p"":0.005376923076923077}",
     60416,       164,         0,   0.793,pymatching,17aa56354c3b8ef37ef6707903c6c7bd939c711b208deb498b5b3d226eb2c0df,"{""config"":[""Z0"",""Z""],""d"":7,""p"":0.004664102564102564}",
      2048,         4,         0,   0.026,pymatching,17aa56354c3b8ef37ef6707903c6c7bd939c711b208deb498b5b3d226eb2c0df,"{""config"":[""Z0"",""Z""],""d"":7,""p"":0.004664102564102564}",
      5120,        98,         0,   0.113,pymatching,3fa8637fd37c7bcc5d791dfc60540e834a556ab838715db7a66d404b022b1c87,"{""config"":[""Z0"",""Z""],""d"":7,""p"":0.007871794871794872}",
      2048,         2,         0,   0.024,pymatching,bd24bbfba499721b19d74cd52585386f74b6e0939bb1d2080bf1fd9187563a46,"{""config"":[""Z0"",""Z""],""d"":7,""p"":0.003951282051282051}",
      1297,         4,         0,   0.022,pymatching,92a7abdf4c8e6971e7de69c7aca3790c3892e94df6498b04b16cecd04e71a269,"{""config"":[""Z0"",""Z""],""d"":7,""p"":0.005733333333333333}",
      1024,        48,         0,   0.033,pymatching,da98e8cd9418feeb39b2eef8b4009cb1917b214eb94bc6403232d0554554ad7f,"{""config"":[""Z0"",""Z""],""d"":7,""p"":0.010723076923076922}",
      1024,        60,         0,   0.033,pymatching,da98e8cd9418feeb39b2eef8b4009cb1917b214eb94bc6403232d0554554ad7f,"{""config"":[""Z0"",""Z""],""d"":7,""p"":0.010723076923076922}",
      1024,         1,         0,   0.015,pymatching,eca9617815f52c439b2b6ca9c5616b3c4d8fd31d7d46d963cff4e595c6436dc0,"{""config"":[""Z0"",""Z""],""d"":7,""p"":0.005376923076923077}",
      5120,       119,         0,   0.117,pymatching,8c657773fb86778a82655c06bf4ef0a8aea038a056e4f9622cb57e38e9e0dc26,"{""config"":[""Z0"",""Z""],""d"":7,""p"":0.008584615384615385}",
      2048,         5,         0,   0.027,pymatching,eaece8d5a9575002560e0706d987ea298ea25470193c1b6dbb2a675e32a96376,"{""config"":[""Z0"",""Z""],""d"":7,""p"":0.00502051282051282}",
     12796,        15,         0,   0.136,pymatching,bd24bbfba499721b19d74cd52585386f74b6e0939bb1d2080bf1fd9187563a46,"{""config"":[""Z0"",""Z""],""d"":7,""p"":0.003951282051282051}",
      2048,         3,         0,   0.024,pymatching,5891a0a3ba08325c916de00da2b1efae68943d7c4d1c41a9a748c9079ffbce15,"{""config"":[""Z0"",""Z""],""d"":7,""p"":0.0043076923076923075}",
     21504,       698,         0,   0.576,pymatching,36548df23069c47b0f0e90af7827eee32aec02a920dab3317e6237c73fbcdc05,"{""config"":[""Z0"",""Z""],""d"":7,""p"":0.009297435897435898}",
      1024,         6,         0,   0.016,pymatching,92a7abdf4c8e6971e7de69c7aca3790c3892e94df6498b04b16cecd04e71a269,"{""config"":[""Z0"",""Z""],""d"":7,""p"":0.005733333333333333}",
     61440,       200,         0,   0.803,pymatching,eaece8d5a9575002560e0706d987ea298ea25470193c1b6dbb2a675e32a96376,"{""config"":[""Z0"",""Z""],""d"":7,""p"":0.00502051282051282}",
      2048,         5,         0,   0.025,pymatching,17aa56354c3b8ef37ef6707903c6c7bd939c711b208deb498b5b3d226eb2c0df,"{""config"":[""Z0"",""Z""],""d"":7,""p"":0.004664102564102564}",
     12288,       420,         0,   0.305,pymatching,36548df23069c47b0f0e90af7827eee32aec02a920dab3317e6237c73fbcdc05,"{""config"":[""Z0"",""Z""],""d"":7,""p"":0.009297435897435898}",
      2048,         2,         0,   0.024,pymatching,bd24bbfba499721b19d74cd52585386f74b6e0939bb1d2080bf1fd9187563a46,"{""config"":[""Z0"",""Z""],""d"":7,""p"":0.003951282051282051}",
      5120,       106,         0,   0.119,pymatching,c2ee0fe2e0d594c6fb473479ca807579717f258a5cf736d0bc98fdd0f44bf536,"{""config"":[""Z0"",""Z""],""d"":7,""p"":0.008228205128205128}",
      3072,       120,         0,   0.077,pymatching,36548df23069c47b0f0e90af7827eee32aec02a920dab3317e6237c73fbcdc05,"{""config"":[""Z0"",""Z""],""d"":7,""p"":0.009297435897435898}",
     21760,        14,         0,   0.234,pymatching,bd24bbfba499721b19d74cd52585386f74b6e0939bb1d2080bf1fd9187563a46,"{""config"":[""Z0"",""Z""],""d"":7,""p"":0.003951282051282051}",
      2048,        68,         0,   0.058,pymatching,6d88ad3a43ed5d85daf29bde13b8514815cec070fad8d42320c1385d82c9d087,"{""config"":[""Z0"",""Z""],""d"":7,""p"":0.009653846153846153}",
      2048,         2,         0,   0.024,pymatching,5891a0a3ba08325c916de00da2b1efae68943d7c4d1c41a9a748c9079ffbce15,"{""config"":[""Z0"",""Z""],""d"":7,""p"":0.0043076923076923075}",
      4096,       123,         0,   0.098,pymatching,99407154c5efdc35a031196b6c833f608cfe5adee0f4054b9acb0881815a045b,"{""config"":[""Z0"",""Z""],""d"":7,""p"":0.00894102564102564}",
     13312,       111,         0,   0.207,pymatching,5b429b6d29d719034a3de26ecfd980c276ddca64727f400fe73971740676519a,"{""config"":[""Z0"",""Z""],""d"":7,""p"":0.00608974358974359}",
      2048,         9,         0,   0.030,pymatching,eca9617815f52c439b2b6ca9c5616b3c4d8fd31d7d46d963cff4e595c6436dc0,"{""config"":[""Z0"",""Z""],""d"":7,""p"":0.005376923076923077}",
     49152,      2573,         0,    1.57,pymatching,da98e8cd9418feeb39b2eef8b4009cb1917b214eb94bc6403232d0554554ad7f,"{""config"":[""Z0"",""Z""],""d"":7,""p"":0.010723076923076922}",
      2048,         7,         0,   0.028,pymatching,eaece8d5a9575002560e0706d987ea298ea25470193c1b6dbb2a675e32a96376,"{""config"":[""Z0"",""Z""],""d"":7,""p"":0.00502051282051282}",
      1024,        52,         0,   0.033,pymatching,da98e8cd9418feeb39b2eef8b4009cb1917b214eb94bc6403232d0554554ad7f,"{""config"":[""Z0"",""Z""],""d"":7,""p"":0.010723076923076922}",
      1024,        71,         0,   0.035,pymatching,da98e8cd9418feeb39b2eef8b4009cb1917b214eb94bc6403232d0554554ad7f,"{""config"":[""Z0"",""Z""],""d"":7,""p"":0.010723076923076922}",
      1024,        31,         0,   0.027,pymatching,36548df23069c47b0f0e90af7827eee32aec02a920dab3317e6237c73fbcdc05,"{""config"":[""Z0"",""Z""],""d"":7,""p"":0.009297435897435898}",
      2048,        13,         0,   0.033,pymatching,92a7abdf4c8e6971e7de69c7aca3790c3892e94df6498b04b16cecd04e71a269,"{""config"":[""Z0"",""Z""],""d"":7,""p"":0.005733333333333333}",
      1297,         7,         0,   0.023,pymatching,5b429b6d29d719034a3de26ecfd980c276ddca64727f400fe73971740676519a,"{""config"":[""Z0"",""Z""],""d"":7,""p"":0.00608974358974359}",
      3072,        13,         0,   0.037,pymatching,17aa56354c3b8ef37ef6707903c6c7bd939c711b208deb498b5b3d226eb2c0df,"{""config"":[""Z0"",""Z""],""d"":7,""p"":0.004664102564102564}",
      3072,         6,         0,   0.036,pymatching,bd24bbfba499721b19d74cd52585386f74b6e0939bb1d2080bf1fd9187563a46,"{""config"":[""Z0"",""Z""],""d"":7,""p"":0.003951282051282051}",
     23552,       733,         0,   0.566,pymatching,99407154c5efdc35a031196b6c833f608cfe5adee0f4054b9acb0881815a045b,"{""config"":[""Z0"",""Z""],""d"":7,""p"":0.00894102564102564}",
      6144,       295,         0,   0.199,pymatching,da98e8cd9418feeb39b2eef8b4009cb1917b214eb94bc6403232d0554554ad7f,"{""config"":[""Z0"",""Z""],""d"":7,""p"":0.010723076923076922}",
      2048,        10,         0,   0.031,pymatching,eca9617815f52c439b2b6ca9c5616b3c4d8fd31d7d46d963cff4e595c6436dc0,"{""config"":[""Z0"",""Z""],""d"":7,""p"":0.005376923076923077}",
      1297,         8,         0,   0.028,pymatching,b769d13792f27d381b5f4dab20ab238652929843e762191bb21789b3077246b7,"{""config"":[""Z0"",""Z""],""d"":7,""p"":0.006802564102564103}",
      1024,        67,         0,   0.033,pymatching,da98e8cd9418feeb39b2eef8b4009cb1917b214eb94bc6403232d0554554ad7f,"{""config"":[""Z0"",""Z""],""d"":7,""p"":0.010723076923076922}",
      1297,        16,         0,   0.024,pymatching,d300e6d1ba983bae4e939af9fabd4c25b1a11b2fb3b999b0407884475d3fac3a,"{""config"":[""Z0"",""Z""],""d"":7,""p"":0.006446153846153846}",
      3072,         6,         0,   0.035,pymatching,5891a0a3ba08325c916de00da2b1efae68943d7c4d1c41a9a748c9079ffbce15,"{""config"":[""Z0"",""Z""],""d"":7,""p"":0.0043076923076923075}",
      1024,        48,         0,   0.033,pymatching,da98e8cd9418feeb39b2eef8b4009cb1917b214eb94bc6403232d0554554ad7f,"{""config"":[""Z0"",""Z""],""d"":7,""p"":0.010723076923076922}",
      1024,         6,         0,   0.017,pymatching,5b429b6d29d719034a3de26ecfd980c276ddca64727f400fe73971740676519a,"{""config"":[""Z0"",""Z""],""d"":7,""p"":0.00608974358974359}",
      3072,         7,         0,   0.040,pymatching,eaece8d5a9575002560e0706d987ea298ea25470193c1b6dbb2a675e32a96376,"{""config"":[""Z0"",""Z""],""d"":7,""p"":0.00502051282051282}",
     13312,       105,         0,   0.221,pymatching,d300e6d1ba983bae4e939af9fabd4c25b1a11b2fb3b999b0407884475d3fac3a,"{""config"":[""Z0"",""Z""],""d"":7,""p"":0.006446153846153846}",
      2048,        15,         0,   0.032,pymatching,92a7abdf4c8e6971e7de69c7aca3790c3892e94df6498b04b16cecd04e71a269,"{""config"":[""Z0"",""Z""],""d"":7,""p"":0.005733333333333333}",
     21504,       794,         0,   0.574,pymatching,6d88ad3a43ed5d85daf29bde13b8514815cec070fad8d42320c1385d82c9d087,"{""config"":[""Z0"",""Z""],""d"":7,""p"":0.009653846153846153}",
      1024,         9,         0,   0.017,pymatching,d300e6d1ba983bae4e939af9fabd4c25b1a11b2fb3b999b0407884475d3fac3a,"{""config"":[""Z0"",""Z""],""d"":7,""p"":0.006446153846153846}",
     50176,       293,         0,   0.798,pymatching,92a7abdf4c8e6971e7de69c7aca3790c3892e94df6498b04b16cecd04e71a269,"{""config"":[""Z0"",""Z""],""d"":7,""p"":0.005733333333333333}",
      1024,        13,         0,   0.020,pymatching,b769d13792f27d381b5f4dab20ab238652929843e762191bb21789b3077246b7,"{""config"":[""Z0"",""Z""],""d"":7,""p"":0.006802564102564103}",
     15808,        23,         0,   0.182,pymatching,bd24bbfba499721b19d74cd52585386f74b6e0939bb1d2080bf1fd9187563a46,"{""config"":[""Z0"",""Z""],""d"":7,""p"":0.003951282051282051}",
     54272,       244,         0,   0.806,pymatching,eca9617815f52c439b2b6ca9c5616b3c4d8fd31d7d46d963cff4e595c6436dc0,"{""config"":[""Z0"",""Z""],""d"":7,""p"":0.005376923076923077}",
     45056,       429,         0,   0.802,pymatching,d300e6d1ba983bae4e939af9fabd4c25b1a11b2fb3b999b0407884475d3fac3a,"{""config"":[""Z0"",""Z""],""d"":7,""p"":0.006446153846153846}",
     48128,       343,         0,   0.809,pymatching,5b429b6d29d719034a3de26ecfd980c276ddca64727f400fe73971740676519a,"{""config"":[""Z0"",""Z""],""d"":7,""p"":0.00608974358974359}",
      2048,        12,         0,   0.034,pymatching,5b429b6d29d719034a3de26ecfd980c276ddca64727f400fe73971740676519a,"{""config"":[""Z0"",""Z""],""d"":7,""p"":0.00608974358974359}",
      4096,         2,         0,   0.050,pymatching,17aa56354c3b8ef37ef6707903c6c7bd939c711b208deb498b5b3d226eb2c0df,"{""config"":[""Z0"",""Z""],""d"":7,""p"":0.004664102564102564}",
      4096,         3,         0,   0.047,pymatching,bd24bbfba499721b19d74cd52585386f74b6e0939bb1d2080bf1fd9187563a46,"{""config"":[""Z0"",""Z""],""d"":7,""p"":0.003951282051282051}",
      1024,        10,         0,   0.020,pymatching,b769d13792f27d381b5f4dab20ab238652929843e762191bb21789b3077246b7,"{""config"":[""Z0"",""Z""],""d"":7,""p"":0.006802564102564103}",
     25600,        45,         0,   0.294,pymatching,5891a0a3ba08325c916de00da2b1efae68943d7c4d1c41a9a748c9079ffbce15,"{""config"":[""Z0"",""Z""],""d"":7,""p"":0.0043076923076923075}",
      3072,        14,         0,   0.046,pymatching,eca9617815f52c439b2b6ca9c5616b3c4d8fd31d7d46d963cff4e595c6436dc0,"{""config"":[""Z0"",""Z""],""d"":7,""p"":0.005376923076923077}",
      1024,        32,         0,   0.027,pymatching,6d88ad3a43ed5d85daf29bde13b8514815cec070fad8d42320c1385d82c9d087,"{""config"":[""Z0"",""Z""],""d"":7,""p"":0.009653846153846153}",
      3072,        12,         0,   0.040,pymatching,eaece8d5a9575002560e0706d987ea298ea25470193c1b6dbb2a675e32a96376,"{""config"":[""Z0"",""Z""],""d"":7,""p"":0.00502051282051282}",
      4096,         8,         0,   0.047,pymatching,5891a0a3ba08325c916de00da2b1efae68943d7c4d1c41a9a748c9079ffbce15,"{""config"":[""Z0"",""Z""],""d"":7,""p"":0.0043076923076923075}",
      3072,       100,         0,   0.087,pymatching,6d88ad3a43ed5d85daf29bde13b8514815cec070fad8d42320c1385d82c9d087,"{""config"":[""Z0"",""Z""],""d"":7,""p"":0.009653846153846153}",
      2048,        18,         0,   0.034,pymatching,d300e6d1ba983bae4e939af9fabd4c25b1a11b2fb3b999b0407884475d3fac3a,"{""config"":[""Z0"",""Z""],""d"":7,""p"":0.006446153846153846}",
     12288,       465,         0,   0.364,pymatching,6d88ad3a43ed5d85daf29bde13b8514815cec070fad8d42320c1385d82c9d087,"{""config"":[""Z0"",""Z""],""d"":7,""p"":0.009653846153846153}",
     11264,       122,         0,   0.213,pymatching,b769d13792f27d381b5f4dab20ab238652929843e762191bb21789b3077246b7,"{""config"":[""Z0"",""Z""],""d"":7,""p"":0.006802564102564103}",
     98304,       320,         0,    1.37,pymatching,eaece8d5a9575002560e0706d987ea298ea25470193c1b6dbb2a675e32a96376,"{""config"":[""Z0"",""Z""],""d"":7,""p"":0.00502051282051282}",
     10240,        11,         0,   0.112,pymatching,bd24bbfba499721b19d74cd52585386f74b6e0939bb1d2080bf1fd9187563a46,"{""config"":[""Z0"",""Z""],""d"":7,""p"":0.003951282051282051}",
     43008,       562,         0,   0.804,pymatching,d23ec93a9511dfcfad5423fbfdff24e737a6d95f98b4a1c82f4675def9472084,"{""config"":[""Z0"",""Z""],""d"":7,""p"":0.007158974358974359}",
      3072,        19,         0,   0.049,pymatching,92a7abdf4c8e6971e7de69c7aca3790c3892e94df6498b04b16cecd04e71a269,"{""config"":[""Z0"",""Z""],""d"":7,""p"":0.005733333333333333}",
      8192,         8,         0,   0.089,pymatching,bd24bbfba499721b19d74cd52585386f74b6e0939bb1d2080bf1fd9187563a46,"{""config"":[""Z0"",""Z""],""d"":7,""p"":0.003951282051282051}",
      1297,        25,         0,   0.028,pymatching,3fa8637fd37c7bcc5d791dfc60540e834a556ab838715db7a66d404b022b1c87,"{""config"":[""Z0"",""Z""],""d"":7,""p"":0.007871794871794872}",
      1297,        23,         0,   0.027,pymatching,8a9cb5f3d9bf0e4e9eeda9a663943885691e500addf044617ef06028f6001878,"{""config"":[""Z0"",""Z""],""d"":7,""p"":0.007515384615384615}",
      1297,        17,         0,   0.028,pymatching,d23ec93a9511dfcfad5423fbfdff24e737a6d95f98b4a1c82f4675def9472084,"{""config"":[""Z0"",""Z""],""d"":7,""p"":0.007158974358974359}",
      2048,        10,         0,   0.035,pymatching,5b429b6d29d719034a3de26ecfd980c276ddca64727f400fe73971740676519a,"{""config"":[""Z0"",""Z""],""d"":7,""p"":0.00608974358974359}",
     10240,       143,         0,   0.209,pymatching,d23ec93a9511dfcfad5423fbfdff24e737a6d95f98b4a1c82f4675def9472084,"{""config"":[""Z0"",""Z""],""d"":7,""p"":0.007158974358974359}",
     43008,       434,         0,   0.811,pymatching,b769d13792f27d381b5f4dab20ab238652929843e762191bb21789b3077246b7,"{""config"":[""Z0"",""Z""],""d"":7,""p"":0.006802564102564103}",
     11264,       189,         0,   0.222,pymatching,8a9cb5f3d9bf0e4e9eeda9a663943885691e500addf044617ef06028f6001878,"{""config"":[""Z0"",""Z""],""d"":7,""p"":0.007515384615384615}",
      2048,        23,         0,   0.040,pymatching,b769d13792f27d381b5f4dab20ab238652929843e762191bb21789b3077246b7,"{""config"":[""Z0"",""Z""],""d"":7,""p"":0.006802564102564103}",
       848,         2,         0,   0.009,pymatching,bd24bbfba499721b19d74cd52585386f74b6e0939bb1d2080bf1fd9187563a46,"{""config"":[""Z0"",""Z""],""d"":7,""p"":0.003951282051282051}",
      1024,        21,         0,   0.021,pymatching,3fa8637fd37c7bcc5d791dfc60540e834a556ab838715db7a66d404b022b1c87,"{""config"":[""Z0"",""Z""],""d"":7,""p"":0.007871794871794872}",
     37888,       705,         0,   0.792,pymatching,3fa8637fd37c7bcc5d791dfc60540e834a556ab838715db7a66d404b022b1c87,"{""config"":[""Z0"",""Z""],""d"":7,""p"":0.007871794871794872}",
      2048,        21,         0,   0.034,pymatching,d300e6d1ba983bae4e939af9fabd4c25b1a11b2fb3b999b0407884475d3fac3a,"{""config"":[""Z0"",""Z""],""d"":7,""p"":0.006446153846153846}",
      7168,       122,         0,   0.157,pymatching,3fa8637fd37c7bcc5d791dfc60540e834a556ab838715db7a66d404b022b1c87,"{""config"":[""Z0"",""Z""],""d"":7,""p"":0.007871794871794872}",
       964,         6,         0,   0.014,pymatching,eaece8d5a9575002560e0706d987ea298ea25470193c1b6dbb2a675e32a96376,"{""config"":[""Z0"",""Z""],""d"":7,""p"":0.00502051282051282}",
      1024,         9,         0,   0.020,pymatching,8a9cb5f3d9bf0e4e9eeda9a663943885691e500addf044617ef06028f6001878,"{""config"":[""Z0"",""Z""],""d"":7,""p"":0.007515384615384615}",
      1024,        12,         0,   0.020,pymatching,d23ec93a9511dfcfad5423fbfdff24e737a6d95f98b4a1c82f4675def9472084,"{""config"":[""Z0"",""Z""],""d"":7,""p"":0.007158974358974359}",
      5120,       134,         0,   0.124,pymatching,99407154c5efdc35a031196b6c833f608cfe5adee0f4054b9acb0881815a045b,"{""config"":[""Z0"",""Z""],""d"":7,""p"":0.00894102564102564}",
       988,         1,         0,   0.011,pymatching,bd24bbfba499721b19d74cd52585386f74b6e0939bb1d2080bf1fd9187563a46,"{""config"":[""Z0"",""Z""],""d"":7,""p"":0.003951282051282051}",
       273,        10,         0,   0.010,pymatching,99407154c5efdc35a031196b6c833f608cfe5adee0f4054b9acb0881815a045b,"{""config"":[""Z0"",""Z""],""d"":7,""p"":0.00894102564102564}",
       273,         6,         0,   0.012,pymatching,8c657773fb86778a82655c06bf4ef0a8aea038a056e4f9622cb57e38e9e0dc26,"{""config"":[""Z0"",""Z""],""d"":7,""p"":0.008584615384615385}",
      5120,         6,         0,   0.061,pymatching,bd24bbfba499721b19d74cd52585386f74b6e0939bb1d2080bf1fd9187563a46,"{""config"":[""Z0"",""Z""],""d"":7,""p"":0.003951282051282051}",
      5120,         8,         0,   0.063,pymatching,17aa56354c3b8ef37ef6707903c6c7bd939c711b208deb498b5b3d226eb2c0df,"{""config"":[""Z0"",""Z""],""d"":7,""p"":0.004664102564102564}",
      4096,        15,         0,   0.054,pymatching,eaece8d5a9575002560e0706d987ea298ea25470193c1b6dbb2a675e32a96376,"{""config"":[""Z0"",""Z""],""d"":7,""p"":0.00502051282051282}",
      1297,        21,         0,   0.032,pymatching,c2ee0fe2e0d594c6fb473479ca807579717f258a5cf736d0bc98fdd0f44bf536,"{""config"":[""Z0"",""Z""],""d"":7,""p"":0.008228205128205128}",
      6144,         5,         0,   0.071,pymatching,bd24bbfba499721b19d74cd52585386f74b6e0939bb1d2080bf1fd9187563a46,"{""config"":[""Z0"",""Z""],""d"":7,""p"":0.003951282051282051}",
      4096,        16,         0,   0.060,pymatching,eca9617815f52c439b2b6ca9c5616b3c4d8fd31d7d46d963cff4e595c6436dc0,"{""config"":[""Z0"",""Z""],""d"":7,""p"":0.005376923076923077}",
      2896,         4,         0,   0.031,pymatching,bd24bbfba499721b19d74cd52585386f74b6e0939bb1d2080bf1fd9187563a46,"{""config"":[""Z0"",""Z""],""d"":7,""p"":0.003951282051282051}",
      7168,       170,         0,   0.168,pymatching,8c657773fb86778a82655c06bf4ef0a8aea038a056e4f9622cb57e38e9e0dc26,"{""config"":[""Z0"",""Z""],""d"":7,""p"":0.008584615384615385}",
     23552,        53,         0,   0.290,pymatching,17aa56354c3b8ef37ef6707903c6c7bd939c711b208deb498b5b3d226eb2c0df,"{""config"":[""Z0"",""Z""],""d"":7,""p"":0.004664102564102564}",
      1024,        28,         0,   0.021,pymatching,3fa8637fd37c7bcc5d791dfc60540e834a556ab838715db7a66d404b022b1c87,"{""config"":[""Z0"",""Z""],""d"":7,""p"":0.007871794871794872}",
      5120,         8,         0,   0.058,pymatching,5891a0a3ba08325c916de00da2b1efae68943d7c4d1c41a9a748c9079ffbce15,"{""config"":[""Z0"",""Z""],""d"":7,""p"":0.0043076923076923075}",
      1024,         8,         0,   0.020,pymatching,8a9cb5f3d9bf0e4e9eeda9a663943885691e500addf044617ef06028f6001878,"{""config"":[""Z0"",""Z""],""d"":7,""p"":0.007515384615384615}",
      1024,        13,         0,   0.021,pymatching,d23ec93a9511dfcfad5423fbfdff24e737a6d95f98b4a1c82f4675def9472084,"{""config"":[""Z0"",""Z""],""d"":7,""p"":0.007158974358974359}",
       163,         0,         0,   0.002,pymatching,bd24bbfba499721b19d74cd52585386f74b6e0939bb1d2080bf1fd9187563a46,"{""config"":[""Z0"",""Z""],""d"":7,""p"":0.003951282051282051}",
       884,         3,         0,   0.009,pymatching,bd24bbfba499721b19d74cd52585386f74b6e0939bb1d2080bf1fd9187563a46,"{""config"":[""Z0"",""Z""],""d"":7,""p"":0.003951282051282051}",
     22528,        66,         0,   0.296,pymatching,eaece8d5a9575002560e0706d987ea298ea25470193c1b6dbb2a675e32a96376,"{""config"":[""Z0"",""Z""],""d"":7,""p"":0.00502051282051282}",
      2048,        21,         0,   0.040,pymatching,b769d13792f27d381b5f4dab20ab238652929843e762191bb21789b3077246b7,"{""config"":[""Z0"",""Z""],""d"":7,""p"":0.006802564102564103}",
      1024,        30,         0,   0.027,pymatching,99407154c5efdc35a031196b6c833f608cfe5adee0f4054b9acb0881815a045b,"{""config"":[""Z0"",""Z""],""d"":7,""p"":0.00894102564102564}",
      7168,       181,         0,   0.168,pymatching,c2ee0fe2e0d594c6fb473479ca807579717f258a5cf736d0bc98fdd0f44bf536,"{""config"":[""Z0"",""Z""],""d"":7,""p"":0.008228205128205128}",
      3072,        20,         0,   0.051,pymatching,5b429b6d29d719034a3de26ecfd980c276ddca64727f400fe73971740676519a,"{""config"":[""Z0"",""Z""],""d"":7,""p"":0.00608974358974359}",
      1024,         0,         0,   0.012,pymatching,bd24bbfba499721b19d74cd52585386f74b6e0939bb1d2080bf1fd9187563a46,"{""config"":[""Z0"",""Z""],""d"":7,""p"":0.003951282051282051}",
      1024,        16,         0,   0.023,pymatching,c2ee0fe2e0d594c6fb473479ca807579717f258a5cf736d0bc98fdd0f44bf536,"{""config"":[""Z0"",""Z""],""d"":7,""p"":0.008228205128205128}",
      4096,        28,         0,   0.064,pymatching,92a7abdf4c8e6971e7de69c7aca3790c3892e94df6498b04b16cecd04e71a269,"{""config"":[""Z0"",""Z""],""d"":7,""p"":0.005733333333333333}",
      1024,        30,         0,   0.033,pymatching,8c657773fb86778a82655c06bf4ef0a8aea038a056e4f9622cb57e38e9e0dc26,"{""config"":[""Z0"",""Z""],""d"":7,""p"":0.008584615384615385}",
       744,         0,         0,   0.008,pymatching,bd24bbfba499721b19d74cd52585386f74b6e0939bb1d2080bf1fd9187563a46,"{""config"":[""Z0"",""Z""],""d"":7,""p"":0.003951282051282051}",
       957,         0,         0,   0.012,pymatching,bd24bbfba499721b19d74cd52585386f74b6e0939bb1d2080bf1fd9187563a46,"{""config"":[""Z0"",""Z""],""d"":7,""p"":0.003951282051282051}",
       957,         1,         0,   0.011,pymatching,bd24bbfba499721b19d74cd52585386f74b6e0939bb1d2080bf1fd9187563a46,"{""config"":[""Z0"",""Z""],""d"":7,""p"":0.003951282051282051}",
       957,         2,         0,   0.011,pymatching,bd24bbfba499721b19d74cd52585386f74b6e0939bb1d2080bf1fd9187563a46,"{""config"":[""Z0"",""Z""],""d"":7,""p"":0.003951282051282051}",
        29,         0,         0,   0.000,pymatching,bd24bbfba499721b19d74cd52585386f74b6e0939bb1d2080bf1fd9187563a46,"{""config"":[""Z0"",""Z""],""d"":7,""p"":0.003951282051282051}",
      3072,        24,         0,   0.052,pymatching,d300e6d1ba983bae4e939af9fabd4c25b1a11b2fb3b999b0407884475d3fac3a,"{""config"":[""Z0"",""Z""],""d"":7,""p"":0.006446153846153846}",
      1297,         1,         0,   0.018,pymatching,5891a0a3ba08325c916de00da2b1efae68943d7c4d1c41a9a748c9079ffbce15,"{""config"":[""Z0"",""Z""],""d"":7,""p"":0.0043076923076923075}",
        23,         0,         0,   0.000,pymatching,bd24bbfba499721b19d74cd52585386f74b6e0939bb1d2080bf1fd9187563a46,"{""config"":[""Z0"",""Z""],""d"":7,""p"":0.003951282051282051}",
      1297,         4,         0,   0.020,pymatching,eaece8d5a9575002560e0706d987ea298ea25470193c1b6dbb2a675e32a96376,"{""config"":[""Z0"",""Z""],""d"":7,""p"":0.00502051282051282}",
        23,         0,         0,   0.000,pymatching,bd24bbfba499721b19d74cd52585386f74b6e0939bb1d2080bf1fd9187563a46,"{""config"":[""Z0"",""Z""],""d"":7,""p"":0.003951282051282051}",
        23,         1,         0,   0.000,pymatching,bd24bbfba499721b19d74cd52585386f74b6e0939bb1d2080bf1fd9187563a46,"{""config"":[""Z0"",""Z""],""d"":7,""p"":0.003951282051282051}",
        23,         0,         0,   0.000,pymatching,bd24bbfba499721b19d74cd52585386f74b6e0939bb1d2080bf1fd9187563a46,"{""config"":[""Z0"",""Z""],""d"":7,""p"":0.003951282051282051}",
         5,         0,         0,   0.000,pymatching,bd24bbfba499721b19d74cd52585386f74b6e0939bb1d2080bf1fd9187563a46,"{""config"":[""Z0"",""Z""],""d"":7,""p"":0.003951282051282051}",
      2048,        38,         0,   0.039,pymatching,8a9cb5f3d9bf0e4e9eeda9a663943885691e500addf044617ef06028f6001878,"{""config"":[""Z0"",""Z""],""d"":7,""p"":0.007515384615384615}",
      1024,        36,         0,   0.026,pymatching,99407154c5efdc35a031196b6c833f608cfe5adee0f4054b9acb0881815a045b,"{""config"":[""Z0"",""Z""],""d"":7,""p"":0.00894102564102564}",
      2048,        39,         0,   0.042,pymatching,3fa8637fd37c7bcc5d791dfc60540e834a556ab838715db7a66d404b022b1c87,"{""config"":[""Z0"",""Z""],""d"":7,""p"":0.007871794871794872}",
      1297,         1,         0,   0.018,pymatching,17aa56354c3b8ef37ef6707903c6c7bd939c711b208deb498b5b3d226eb2c0df,"{""config"":[""Z0"",""Z""],""d"":7,""p"":0.004664102564102564}",
      1024,        30,         0,   0.024,pymatching,c2ee0fe2e0d594c6fb473479ca807579717f258a5cf736d0bc98fdd0f44bf536,"{""config"":[""Z0"",""Z""],""d"":7,""p"":0.008228205128205128}",
      2048,        30,         0,   0.041,pymatching,d23ec93a9511dfcfad5423fbfdff24e737a6d95f98b4a1c82f4675def9472084,"{""config"":[""Z0"",""Z""],""d"":7,""p"":0.007158974358974359}",
     20480,        99,         0,   0.302,pymatching,92a7abdf4c8e6971e7de69c7aca3790c3892e94df6498b04b16cecd04e71a269,"{""config"":[""Z0"",""Z""],""d"":7,""p"":0.005733333333333333}",
         3,         0,         0,   0.000,pymatching,bd24bbfba499721b19d74cd52585386f74b6e0939bb1d2080bf1fd9187563a46,"{""config"":[""Z0"",""Z""],""d"":7,""p"":0.003951282051282051}",
         5,         0,         0,   0.000,pymatching,bd24bbfba499721b19d74cd52585386f74b6e0939bb1d2080bf1fd9187563a46,"{""config"":[""Z0"",""Z""],""d"":7,""p"":0.003951282051282051}",
         5,         0,         0,   0.001,pymatching,bd24bbfba499721b19d74cd52585386f74b6e0939bb1d2080bf1fd9187563a46,"{""config"":[""Z0"",""Z""],""d"":7,""p"":0.003951282051282051}",
      1024,         6,         0,   0.014,pymatching,eaece8d5a9575002560e0706d987ea298ea25470193c1b6dbb2a675e32a96376,"{""config"":[""Z0"",""Z""],""d"":7,""p"":0.00502051282051282}",
         1,         0,         0,   0.000,pymatching,bd24bbfba499721b19d74cd52585386f74b6e0939bb1d2080bf1fd9187563a46,"{""config"":[""Z0"",""Z""],""d"":7,""p"":0.003951282051282051}",
         1,         0,         0,   0.000,pymatching,bd24bbfba499721b19d74cd52585386f74b6e0939bb1d2080bf1fd9187563a46,"{""config"":[""Z0"",""Z""],""d"":7,""p"":0.003951282051282051}",
      1024,        17,         0,   0.033,pymatching,8c657773fb86778a82655c06bf4ef0a8aea038a056e4f9622cb57e38e9e0dc26,"{""config"":[""Z0"",""Z""],""d"":7,""p"":0.008584615384615385}",
         1,         0,         0,   0.000,pymatching,bd24bbfba499721b19d74cd52585386f74b6e0939bb1d2080bf1fd9187563a46,"{""config"":[""Z0"",""Z""],""d"":7,""p"":0.003951282051282051}",
     26521,        41,         0,   0.324,pymatching,5891a0a3ba08325c916de00da2b1efae68943d7c4d1c41a9a748c9079ffbce15,"{""config"":[""Z0"",""Z""],""d"":7,""p"":0.0043076923076923075}",
      2048,         2,         0,   0.026,pymatching,5891a0a3ba08325c916de00da2b1efae68943d7c4d1c41a9a748c9079ffbce15,"{""config"":[""Z0"",""Z""],""d"":7,""p"":0.0043076923076923075}",
     37888,       586,         0,   0.796,pymatching,8a9cb5f3d9bf0e4e9eeda9a663943885691e500addf044617ef06028f6001878,"{""config"":[""Z0"",""Z""],""d"":7,""p"":0.007515384615384615}",
     93184,       509,         0,    1.37,pymatching,92a7abdf4c8e6971e7de69c7aca3790c3892e94df6498b04b16cecd04e71a269,"{""config"":[""Z0"",""Z""],""d"":7,""p"":0.005733333333333333}",
     19456,        68,         0,   0.289,pymatching,eca9617815f52c439b2b6ca9c5616b3c4d8fd31d7d46d963cff4e595c6436dc0,"{""config"":[""Z0"",""Z""],""d"":7,""p"":0.005376923076923077}",
     25600,        35,         0,   0.314,pymatching,5891a0a3ba08325c916de00da2b1efae68943d7c4d1c41a9a748c9079ffbce15,"{""config"":[""Z0"",""Z""],""d"":7,""p"":0.0043076923076923075}",
      2048,         7,         0,   0.027,pymatching,17aa56354c3b8ef37ef6707903c6c7bd939c711b208deb498b5b3d226eb2c0df,"{""config"":[""Z0"",""Z""],""d"":7,""p"":0.004664102564102564}",
      6144,        20,         0,   0.076,pymatching,17aa56354c3b8ef37ef6707903c6c7bd939c711b208deb498b5b3d226eb2c0df,"{""config"":[""Z0"",""Z""],""d"":7,""p"":0.004664102564102564}",
      3072,        27,         0,   0.061,pymatching,b769d13792f27d381b5f4dab20ab238652929843e762191bb21789b3077246b7,"{""config"":[""Z0"",""Z""],""d"":7,""p"":0.006802564102564103}",
      5120,        24,         0,   0.077,pymatching,eca9617815f52c439b2b6ca9c5616b3c4d8fd31d7d46d963cff4e595c6436dc0,"{""config"":[""Z0"",""Z""],""d"":7,""p"":0.005376923076923077}",
      6144,        21,         0,   0.080,pymatching,eaece8d5a9575002560e0706d987ea298ea25470193c1b6dbb2a675e32a96376,"{""config"":[""Z0"",""Z""],""d"":7,""p"":0.00502051282051282}",
      2048,         4,         0,   0.029,pymatching,eaece8d5a9575002560e0706d987ea298ea25470193c1b6dbb2a675e32a96376,"{""config"":[""Z0"",""Z""],""d"":7,""p"":0.00502051282051282}",
    106496,       448,         0,    1.48,pymatching,eca9617815f52c439b2b6ca9c5616b3c4d8fd31d7d46d963cff4e595c6436dc0,"{""config"":[""Z0"",""Z""],""d"":7,""p"":0.005376923076923077}",
      2048,        24,         0,   0.041,pymatching,8a9cb5f3d9bf0e4e9eeda9a663943885691e500addf044617ef06028f6001878,"{""config"":[""Z0"",""Z""],""d"":7,""p"":0.007515384615384615}",
      2048,        34,         0,   0.041,pymatching,3fa8637fd37c7bcc5d791dfc60540e834a556ab838715db7a66d404b022b1c87,"{""config"":[""Z0"",""Z""],""d"":7,""p"":0.007871794871794872}",
      7168,        13,         0,   0.082,pymatching,5891a0a3ba08325c916de00da2b1efae68943d7c4d1c41a9a748c9079ffbce15,"{""config"":[""Z0"",""Z""],""d"":7,""p"":0.0043076923076923075}",
      2048,         3,         0,   0.025,pymatching,5891a0a3ba08325c916de00da2b1efae68943d7c4d1c41a9a748c9079ffbce15,"{""config"":[""Z0"",""Z""],""d"":7,""p"":0.0043076923076923075}",
      2048,        28,         0,   0.040,pymatching,d23ec93a9511dfcfad5423fbfdff24e737a6d95f98b4a1c82f4675def9472084,"{""config"":[""Z0"",""Z""],""d"":7,""p"":0.007158974358974359}",
      4096,        30,         0,   0.069,pymatching,5b429b6d29d719034a3de26ecfd980c276ddca64727f400fe73971740676519a,"{""config"":[""Z0"",""Z""],""d"":7,""p"":0.00608974358974359}",
     32768,       843,         0,   0.798,pymatching,8c657773fb86778a82655c06bf4ef0a8aea038a056e4f9622cb57e38e9e0dc26,"{""config"":[""Z0"",""Z""],""d"":7,""p"":0.008584615384615385}",
      2048,        46,         0,   0.047,pymatching,c2ee0fe2e0d594c6fb473479ca807579717f258a5cf736d0bc98fdd0f44bf536,"{""config"":[""Z0"",""Z""],""d"":7,""p"":0.008228205128205128}",
      2048,        61,         0,   0.054,pymatching,99407154c5efdc35a031196b6c833f608cfe5adee0f4054b9acb0881815a045b,"{""config"":[""Z0"",""Z""],""d"":7,""p"":0.00894102564102564}",
      2048,         6,         0,   0.027,pymatching,17aa56354c3b8ef37ef6707903c6c7bd939c711b208deb498b5b3d226eb2c0df,"{""config"":[""Z0"",""Z""],""d"":7,""p"":0.004664102564102564}",
      4096,        30,         0,   0.068,pymatching,d300e6d1ba983bae4e939af9fabd4c25b1a11b2fb3b999b0407884475d3fac3a,"{""config"":[""Z0"",""Z""],""d"":7,""p"":0.006446153846153846}",
      5120,        26,         0,   0.081,pymatching,92a7abdf4c8e6971e7de69c7aca3790c3892e94df6498b04b16cecd04e71a269,"{""config"":[""Z0"",""Z""],""d"":7,""p"":0.005733333333333333}",
       920,         0,         0,   0.016,pymatching,5891a0a3ba08325c916de00da2b1efae68943d7c4d1c41a9a748c9079ffbce15,"{""config"":[""Z0"",""Z""],""d"":7,""p"":0.0043076923076923075}",
      2048,        40,         0,   0.050,pymatching,8c657773fb86778a82655c06bf4ef0a8aea038a056e4f9622cb57e38e9e0dc26,"{""config"":[""Z0"",""Z""],""d"":7,""p"":0.008584615384615385}",
      2048,         4,         0,   0.029,pymatching,eaece8d5a9575002560e0706d987ea298ea25470193c1b6dbb2a675e32a96376,"{""config"":[""Z0"",""Z""],""d"":7,""p"":0.00502051282051282}",
     34816,       780,         0,   0.807,pymatching,c2ee0fe2e0d594c6fb473479ca807579717f258a5cf736d0bc98fdd0f44bf536,"{""config"":[""Z0"",""Z""],""d"":7,""p"":0.008228205128205128}",
     15360,        35,         0,   0.177,pymatching,5891a0a3ba08325c916de00da2b1efae68943d7c4d1c41a9a748c9079ffbce15,"{""config"":[""Z0"",""Z""],""d"":7,""p"":0.0043076923076923075}",
      3072,         4,         0,   0.038,pymatching,5891a0a3ba08325c916de00da2b1efae68943d7c4d1c41a9a748c9079ffbce15,"{""config"":[""Z0"",""Z""],""d"":7,""p"":0.0043076923076923075}",
      3072,         6,         0,   0.041,pymatching,17aa56354c3b8ef37ef6707903c6c7bd939c711b208deb498b5b3d226eb2c0df,"{""config"":[""Z0"",""Z""],""d"":7,""p"":0.004664102564102564}",
      2048,        45,         0,   0.047,pymatching,c2ee0fe2e0d594c6fb473479ca807579717f258a5cf736d0bc98fdd0f44bf536,"{""config"":[""Z0"",""Z""],""d"":7,""p"":0.008228205128205128}",
      3072,        39,         0,   0.061,pymatching,8a9cb5f3d9bf0e4e9eeda9a663943885691e500addf044617ef06028f6001878,"{""config"":[""Z0"",""Z""],""d"":7,""p"":0.007515384615384615}",
      3072,        27,         0,   0.060,pymatching,d23ec93a9511dfcfad5423fbfdff24e737a6d95f98b4a1c82f4675def9472084,"{""config"":[""Z0"",""Z""],""d"":7,""p"":0.007158974358974359}",
      3072,        61,         0,   0.062,pymatching,3fa8637fd37c7bcc5d791dfc60540e834a556ab838715db7a66d404b022b1c87,"{""config"":[""Z0"",""Z""],""d"":7,""p"":0.007871794871794872}",
      2048,        64,         0,   0.054,pymatching,99407154c5efdc35a031196b6c833f608cfe5adee0f4054b9acb0881815a045b,"{""config"":[""Z0"",""Z""],""d"":7,""p"":0.00894102564102564}",
      3072,         3,         0,   0.043,pymatching,eaece8d5a9575002560e0706d987ea298ea25470193c1b6dbb2a675e32a96376,"{""config"":[""Z0"",""Z""],""d"":7,""p"":0.00502051282051282}",
      4096,        46,         0,   0.080,pymatching,b769d13792f27d381b5f4dab20ab238652929843e762191bb21789b3077246b7,"{""config"":[""Z0"",""Z""],""d"":7,""p"":0.006802564102564103}",
      1297,         6,         0,   0.020,pymatching,92a7abdf4c8e6971e7de69c7aca3790c3892e94df6498b04b16cecd04e71a269,"{""config"":[""Z0"",""Z""],""d"":7,""p"":0.005733333333333333}",
      2048,        43,         0,   0.050,pymatching,8c657773fb86778a82655c06bf4ef0a8aea038a056e4f9622cb57e38e9e0dc26,"{""config"":[""Z0"",""Z""],""d"":7,""p"":0.008584615384615385}",
      7168,       190,         0,   0.171,pymatching,99407154c5efdc35a031196b6c833f608cfe5adee0f4054b9acb0881815a045b,"{""config"":[""Z0"",""Z""],""d"":7,""p"":0.00894102564102564}",
      3072,         4,         0,   0.039,pymatching,5891a0a3ba08325c916de00da2b1efae68943d7c4d1c41a9a748c9079ffbce15,"{""config"":[""Z0"",""Z""],""d"":7,""p"":0.0043076923076923075}",
     19456,       139,         0,   0.304,pymatching,5b429b6d29d719034a3de26ecfd980c276ddca64727f400fe73971740676519a,"{""config"":[""Z0"",""Z""],""d"":7,""p"":0.00608974358974359}",
      1297,         7,         0,   0.022,pymatching,5b429b6d29d719034a3de26ecfd980c276ddca64727f400fe73971740676519a,"{""config"":[""Z0"",""Z""],""d"":7,""p"":0.00608974358974359}",
      1024,         5,         0,   0.015,pymatching,92a7abdf4c8e6971e7de69c7aca3790c3892e94df6498b04b16cecd04e71a269,"{""config"":[""Z0"",""Z""],""d"":7,""p"":0.005733333333333333}",
      1297,         3,         0,   0.019,pymatching,eca9617815f52c439b2b6ca9c5616b3c4d8fd31d7d46d963cff4e595c6436dc0,"{""config"":[""Z0"",""Z""],""d"":7,""p"":0.005376923076923077}",
      5120,        38,         0,   0.085,pymatching,5b429b6d29d719034a3de26ecfd980c276ddca64727f400fe73971740676519a,"{""config"":[""Z0"",""Z""],""d"":7,""p"":0.00608974358974359}",
      1297,        13,         0,   0.026,pymatching,b769d13792f27d381b5f4dab20ab238652929843e762191bb21789b3077246b7,"{""config"":[""Z0"",""Z""],""d"":7,""p"":0.006802564102564103}",
      4574,         5,         0,   0.053,pymatching,5891a0a3ba08325c916de00da2b1efae68943d7c4d1c41a9a748c9079ffbce15,"{""config"":[""Z0"",""Z""],""d"":7,""p"":0.0043076923076923075}",
      4817,         7,         0,   0.061,pymatching,5891a0a3ba08325c916de00da2b1efae68943d7c4d1c41a9a748c9079ffbce15,"{""config"":[""Z0"",""Z""],""d"":7,""p"":0.0043076923076923075}",
      3072,         6,         0,   0.041,pymatching,17aa56354c3b8ef37ef6707903c6c7bd939c711b208deb498b5b3d226eb2c0df,"{""config"":[""Z0"",""Z""],""d"":7,""p"":0.004664102564102564}",
      1024,         4,         0,   0.016,pymatching,5b429b6d29d719034a3de26ecfd980c276ddca64727f400fe73971740676519a,"{""config"":[""Z0"",""Z""],""d"":7,""p"":0.00608974358974359}",
      7168,        30,         0,   0.106,pymatching,eca9617815f52c439b2b6ca9c5616b3c4d8fd31d7d46d963cff4e595c6436dc0,"{""config"":[""Z0"",""Z""],""d"":7,""p"":0.005376923076923077}",
      8192,        30,         0,   0.108,pymatching,eaece8d5a9575002560e0706d987ea298ea25470193c1b6dbb2a675e32a96376,"{""config"":[""Z0"",""Z""],""d"":7,""p"":0.00502051282051282}",
      9216,        25,         0,   0.113,pymatching,17aa56354c3b8ef37ef6707903c6c7bd939c711b208deb498b5b3d226eb2c0df,"{""config"":[""Z0"",""Z""],""d"":7,""p"":0.004664102564102564}",
      5120,        48,         0,   0.086,pymatching,d300e6d1ba983bae4e939af9fabd4c25b1a11b2fb3b999b0407884475d3fac3a,"{""config"":[""Z0"",""Z""],""d"":7,""p"":0.006446153846153846}",
      1024,         5,         0,   0.014,pymatching,eca9617815f52c439b2b6ca9c5616b3c4d8fd31d7d46d963cff4e595c6436dc0,"{""config"":[""Z0"",""Z""],""d"":7,""p"":0.005376923076923077}",
      1297,        10,         0,   0.026,pymatching,d300e6d1ba983bae4e939af9fabd4c25b1a11b2fb3b999b0407884475d3fac3a,"{""config"":[""Z0"",""Z""],""d"":7,""p"":0.006446153846153846}",
      8192,        18,         0,   0.101,pymatching,5891a0a3ba08325c916de00da2b1efae68943d7c4d1c41a9a748c9079ffbce15,"{""config"":[""Z0"",""Z""],""d"":7,""p"":0.0043076923076923075}",
      9216,        12,         0,   0.105,pymatching,5891a0a3ba08325c916de00da2b1efae68943d7c4d1c41a9a748c9079ffbce15,"{""config"":[""Z0"",""Z""],""d"":7,""p"":0.0043076923076923075}",
      1024,         9,         0,   0.019,pymatching,b769d13792f27d381b5f4dab20ab238652929843e762191bb21789b3077246b7,"{""config"":[""Z0"",""Z""],""d"":7,""p"":0.006802564102564103}",
        35,         0,         0,   0.001,pymatching,5891a0a3ba08325c916de00da2b1efae68943d7c4d1c41a9a748c9079ffbce15,"{""config"":[""Z0"",""Z""],""d"":7,""p"":0.0043076923076923075}",
      2048,         3,         0,   0.030,pymatching,92a7abdf4c8e6971e7de69c7aca3790c3892e94df6498b04b16cecd04e71a269,"{""config"":[""Z0"",""Z""],""d"":7,""p"":0.005733333333333333}",
      1024,         8,         0,   0.018,pymatching,d300e6d1ba983bae4e939af9fabd4c25b1a11b2fb3b999b0407884475d3fac3a,"{""config"":[""Z0"",""Z""],""d"":7,""p"":0.006446153846153846}",
       445,         0,         0,   0.006,pymatching,5891a0a3ba08325c916de00da2b1efae68943d7c4d1c41a9a748c9079ffbce15,"{""config"":[""Z0"",""Z""],""d"":7,""p"":0.0043076923076923075}",
     10240,       171,         0,   0.227,pymatching,3fa8637fd37c7bcc5d791dfc60540e834a556ab838715db7a66d404b022b1c87,"{""config"":[""Z0"",""Z""],""d"":7,""p"":0.007871794871794872}",
      4096,         6,         0,   0.057,pymatching,eaece8d5a9575002560e0706d987ea298ea25470193c1b6dbb2a675e32a96376,"{""config"":[""Z0"",""Z""],""d"":7,""p"":0.00502051282051282}",
     18432,       150,         0,   0.305,pymatching,d300e6d1ba983bae4e939af9fabd4c25b1a11b2fb3b999b0407884475d3fac3a,"{""config"":[""Z0"",""Z""],""d"":7,""p"":0.006446153846153846}",
      9216,       233,         0,   0.211,pymatching,8c657773fb86778a82655c06bf4ef0a8aea038a056e4f9622cb57e38e9e0dc26,"{""config"":[""Z0"",""Z""],""d"":7,""p"":0.008584615384615385}",
      3072,        65,         0,   0.072,pymatching,c2ee0fe2e0d594c6fb473479ca807579717f258a5cf736d0bc98fdd0f44bf536,"{""config"":[""Z0"",""Z""],""d"":7,""p"":0.008228205128205128}",
      2048,        15,         0,   0.032,pymatching,5b429b6d29d719034a3de26ecfd980c276ddca64727f400fe73971740676519a,"{""config"":[""Z0"",""Z""],""d"":7,""p"":0.00608974358974359}",
      7168,        47,         0,   0.112,pymatching,92a7abdf4c8e6971e7de69c7aca3790c3892e94df6498b04b16cecd04e71a269,"{""config"":[""Z0"",""Z""],""d"":7,""p"":0.005733333333333333}",
     17727,        51,         0,   0.215,pymatching,17aa56354c3b8ef37ef6707903c6c7bd939c711b208deb498b5b3d226eb2c0df,"{""config"":[""Z0"",""Z""],""d"":7,""p"":0.004664102564102564}",
      2048,        10,         0,   0.029,pymatching,eca9617815f52c439b2b6ca9c5616b3c4d8fd31d7d46d963cff4e595c6436dc0,"{""config"":[""Z0"",""Z""],""d"":7,""p"":0.005376923076923077}",
      4096,         7,         0,   0.054,pymatching,5891a0a3ba08325c916de00da2b1efae68943d7c4d1c41a9a748c9079ffbce15,"{""config"":[""Z0"",""Z""],""d"":7,""p"":0.0043076923076923075}",
     30720,        85,         0,   0.401,pymatching,17aa56354c3b8ef37ef6707903c6c7bd939c711b208deb498b5b3d226eb2c0df,"{""config"":[""Z0"",""Z""],""d"":7,""p"":0.004664102564102564}",
       463,         1,         0,   0.006,pymatching,5891a0a3ba08325c916de00da2b1efae68943d7c4d1c41a9a748c9079ffbce15,"{""config"":[""Z0"",""Z""],""d"":7,""p"":0.0043076923076923075}",
      2048,         2,         0,   0.025,pymatching,5891a0a3ba08325c916de00da2b1efae68943d7c4d1c41a9a748c9079ffbce15,"{""config"":[""Z0"",""Z""],""d"":7,""p"":0.0043076923076923075}",
     30720,        89,         0,   0.405,pymatching,17aa56354c3b8ef37ef6707903c6c7bd939c711b208deb498b5b3d226eb2c0df,"{""config"":[""Z0"",""Z""],""d"":7,""p"":0.004664102564102564}",
      4096,        57,         0,   0.080,pymatching,8a9cb5f3d9bf0e4e9eeda9a663943885691e500addf044617ef06028f6001878,"{""config"":[""Z0"",""Z""],""d"":7,""p"":0.007515384615384615}",
      4096,        52,         0,   0.081,pymatching,d23ec93a9511dfcfad5423fbfdff24e737a6d95f98b4a1c82f4675def9472084,"{""config"":[""Z0"",""Z""],""d"":7,""p"":0.007158974358974359}",
      2709,         4,         0,   0.031,pymatching,5891a0a3ba08325c916de00da2b1efae68943d7c4d1c41a9a748c9079ffbce15,"{""config"":[""Z0"",""Z""],""d"":7,""p"":0.0043076923076923075}",
       323,         0,         0,   0.004,pymatching,17aa56354c3b8ef37ef6707903c6c7bd939c711b208deb498b5b3d226eb2c0df,"{""config"":[""Z0"",""Z""],""d"":7,""p"":0.004664102564102564}",
      3072,        82,         0,   0.079,pymatching,99407154c5efdc35a031196b6c833f608cfe5adee0f4054b9acb0881815a045b,"{""config"":[""Z0"",""Z""],""d"":7,""p"":0.00894102564102564}",
      3072,        72,         0,   0.074,pymatching,8c657773fb86778a82655c06bf4ef0a8aea038a056e4f9622cb57e38e9e0dc26,"{""config"":[""Z0"",""Z""],""d"":7,""p"":0.008584615384615385}",
      4096,        71,         0,   0.084,pymatching,3fa8637fd37c7bcc5d791dfc60540e834a556ab838715db7a66d404b022b1c87,"{""config"":[""Z0"",""Z""],""d"":7,""p"":0.007871794871794872}",
      2048,         8,         0,   0.030,pymatching,92a7abdf4c8e6971e7de69c7aca3790c3892e94df6498b04b16cecd04e71a269,"{""config"":[""Z0"",""Z""],""d"":7,""p"":0.005733333333333333}",
      1639,         3,         0,   0.026,pymatching,5891a0a3ba08325c916de00da2b1efae68943d7c4d1c41a9a748c9079ffbce15,"{""config"":[""Z0"",""Z""],""d"":7,""p"":0.0043076923076923075}",
      2048,        23,         0,   0.038,pymatching,b769d13792f27d381b5f4dab20ab238652929843e762191bb21789b3077246b7,"{""config"":[""Z0"",""Z""],""d"":7,""p"":0.006802564102564103}",
      1299,         1,         0,   0.027,pymatching,5891a0a3ba08325c916de00da2b1efae68943d7c4d1c41a9a748c9079ffbce15,"{""config"":[""Z0"",""Z""],""d"":7,""p"":0.0043076923076923075}",
      9216,       209,         0,   0.218,pymatching,c2ee0fe2e0d594c6fb473479ca807579717f258a5cf736d0bc98fdd0f44bf536,"{""config"":[""Z0"",""Z""],""d"":7,""p"":0.008228205128205128}",
       169,         0,         0,   0.002,pymatching,5891a0a3ba08325c916de00da2b1efae68943d7c4d1c41a9a748c9079ffbce15,"{""config"":[""Z0"",""Z""],""d"":7,""p"":0.0043076923076923075}",
       429,         1,         0,   0.005,pymatching,5891a0a3ba08325c916de00da2b1efae68943d7c4d1c41a9a748c9079ffbce15,"{""config"":[""Z0"",""Z""],""d"":7,""p"":0.0043076923076923075}",
      2048,        14,         0,   0.036,pymatching,d300e6d1ba983bae4e939af9fabd4c25b1a11b2fb3b999b0407884475d3fac3a,"{""config"":[""Z0"",""Z""],""d"":7,""p"":0.006446153846153846}",
       169,         0,         0,   0.002,pymatching,5891a0a3ba08325c916de00da2b1efae68943d7c4d1c41a9a748c9079ffbce15,"{""config"":[""Z0"",""Z""],""d"":7,""p"":0.0043076923076923075}",
      2048,         5,         0,   0.029,pymatching,eca9617815f52c439b2b6ca9c5616b3c4d8fd31d7d46d963cff4e595c6436dc0,"{""config"":[""Z0"",""Z""],""d"":7,""p"":0.005376923076923077}",
         8,         0,         0,   0.000,pymatching,5891a0a3ba08325c916de00da2b1efae68943d7c4d1c41a9a748c9079ffbce15,"{""config"":[""Z0"",""Z""],""d"":7,""p"":0.0043076923076923075}",
      5120,        13,         0,   0.066,pymatching,17aa56354c3b8ef37ef6707903c6c7bd939c711b208deb498b5b3d226eb2c0df,"{""config"":[""Z0"",""Z""],""d"":7,""p"":0.004664102564102564}",
      2048,        13,         0,   0.032,pymatching,5b429b6d29d719034a3de26ecfd980c276ddca64727f400fe73971740676519a,"{""config"":[""Z0"",""Z""],""d"":7,""p"":0.00608974358974359}",
        16,         0,         0,   0.000,pymatching,5891a0a3ba08325c916de00da2b1efae68943d7c4d1c41a9a748c9079ffbce15,"{""config"":[""Z0"",""Z""],""d"":7,""p"":0.0043076923076923075}",
        16,         0,         0,   0.000,pymatching,5891a0a3ba08325c916de00da2b1efae68943d7c4d1c41a9a748c9079ffbce15,"{""config"":[""Z0"",""Z""],""d"":7,""p"":0.0043076923076923075}",
        11,         0,         0,   0.001,pymatching,5891a0a3ba08325c916de00da2b1efae68943d7c4d1c41a9a748c9079ffbce15,"{""config"":[""Z0"",""Z""],""d"":7,""p"":0.0043076923076923075}",
        14,         0,         0,   0.000,pymatching,5891a0a3ba08325c916de00da2b1efae68943d7c4d1c41a9a748c9079ffbce15,"{""config"":[""Z0"",""Z""],""d"":7,""p"":0.0043076923076923075}",
         8,         0,         0,   0.000,pymatching,5891a0a3ba08325c916de00da2b1efae68943d7c4d1c41a9a748c9079ffbce15,"{""config"":[""Z0"",""Z""],""d"":7,""p"":0.0043076923076923075}",
         1,         0,         0,   0.000,pymatching,5891a0a3ba08325c916de00da2b1efae68943d7c4d1c41a9a748c9079ffbce15,"{""config"":[""Z0"",""Z""],""d"":7,""p"":0.0043076923076923075}",
         3,         0,         0,   0.000,pymatching,5891a0a3ba08325c916de00da2b1efae68943d7c4d1c41a9a748c9079ffbce15,"{""config"":[""Z0"",""Z""],""d"":7,""p"":0.0043076923076923075}",
     16384,       176,         0,   0.306,pymatching,b769d13792f27d381b5f4dab20ab238652929843e762191bb21789b3077246b7,"{""config"":[""Z0"",""Z""],""d"":7,""p"":0.006802564102564103}",
         1,         0,         0,   0.000,pymatching,5891a0a3ba08325c916de00da2b1efae68943d7c4d1c41a9a748c9079ffbce15,"{""config"":[""Z0"",""Z""],""d"":7,""p"":0.0043076923076923075}",
      2048,        21,         0,   0.038,pymatching,b769d13792f27d381b5f4dab20ab238652929843e762191bb21789b3077246b7,"{""config"":[""Z0"",""Z""],""d"":7,""p"":0.006802564102564103}",
     15360,       233,         0,   0.300,pymatching,8a9cb5f3d9bf0e4e9eeda9a663943885691e500addf044617ef06028f6001878,"{""config"":[""Z0"",""Z""],""d"":7,""p"":0.007515384615384615}",
      6144,        63,         0,   0.121,pymatching,b769d13792f27d381b5f4dab20ab238652929843e762191bb21789b3077246b7,"{""config"":[""Z0"",""Z""],""d"":7,""p"":0.006802564102564103}",
      3072,        17,         0,   0.045,pymatching,92a7abdf4c8e6971e7de69c7aca3790c3892e94df6498b04b16cecd04e71a269,"{""config"":[""Z0"",""Z""],""d"":7,""p"":0.005733333333333333}",
      2048,        23,         0,   0.035,pymatching,d300e6d1ba983bae4e939af9fabd4c25b1a11b2fb3b999b0407884475d3fac3a,"{""config"":[""Z0"",""Z""],""d"":7,""p"":0.006446153846153846}",
     15360,       191,         0,   0.307,pymatching,d23ec93a9511dfcfad5423fbfdff24e737a6d95f98b4a1c82f4675def9472084,"{""config"":[""Z0"",""Z""],""d"":7,""p"":0.007158974358974359}",
      3072,        13,         0,   0.043,pymatching,eca9617815f52c439b2b6ca9c5616b3c4d8fd31d7d46d963cff4e595c6436dc0,"{""config"":[""Z0"",""Z""],""d"":7,""p"":0.005376923076923077}",
      7168,        45,         0,   0.118,pymatching,5b429b6d29d719034a3de26ecfd980c276ddca64727f400fe73971740676519a,"{""config"":[""Z0"",""Z""],""d"":7,""p"":0.00608974358974359}",
      6144,        20,         0,   0.083,pymatching,eaece8d5a9575002560e0706d987ea298ea25470193c1b6dbb2a675e32a96376,"{""config"":[""Z0"",""Z""],""d"":7,""p"":0.00502051282051282}",
      6144,        64,         0,   0.106,pymatching,d300e6d1ba983bae4e939af9fabd4c25b1a11b2fb3b999b0407884475d3fac3a,"{""config"":[""Z0"",""Z""],""d"":7,""p"":0.006446153846153846}",
      3072,        24,         0,   0.047,pymatching,5b429b6d29d719034a3de26ecfd980c276ddca64727f400fe73971740676519a,"{""config"":[""Z0"",""Z""],""d"":7,""p"":0.00608974358974359}",
      4096,        93,         0,   0.095,pymatching,c2ee0fe2e0d594c6fb473479ca807579717f258a5cf736d0bc98fdd0f44bf536,"{""config"":[""Z0"",""Z""],""d"":7,""p"":0.008228205128205128}",
      3072,       100,         0,   0.079,pymatching,99407154c5efdc35a031196b6c833f608cfe5adee0f4054b9acb0881815a045b,"{""config"":[""Z0"",""Z""],""d"":7,""p"":0.00894102564102564}",
      6144,        10,         0,   0.078,pymatching,17aa56354c3b8ef37ef6707903c6c7bd939c711b208deb498b5b3d226eb2c0df,"{""config"":[""Z0"",""Z""],""d"":7,""p"":0.004664102564102564}",
      3072,        35,         0,   0.056,pymatching,b769d13792f27d381b5f4dab20ab238652929843e762191bb21789b3077246b7,"{""config"":[""Z0"",""Z""],""d"":7,""p"":0.006802564102564103}",
      4096,        97,         0,   0.096,pymatching,8c657773fb86778a82655c06bf4ef0a8aea038a056e4f9622cb57e38e9e0dc26,"{""config"":[""Z0"",""Z""],""d"":7,""p"":0.008584615384615385}",
      3072,        18,         0,   0.053,pymatching,d300e6d1ba983bae4e939af9fabd4c25b1a11b2fb3b999b0407884475d3fac3a,"{""config"":[""Z0"",""Z""],""d"":7,""p"":0.006446153846153846}",
     10240,        48,         0,   0.148,pymatching,eca9617815f52c439b2b6ca9c5616b3c4d8fd31d7d46d963cff4e595c6436dc0,"{""config"":[""Z0"",""Z""],""d"":7,""p"":0.005376923076923077}",
      3180,         9,         0,   0.043,pymatching,eaece8d5a9575002560e0706d987ea298ea25470193c1b6dbb2a675e32a96376,"{""config"":[""Z0"",""Z""],""d"":7,""p"":0.00502051282051282}",
     12288,        28,         0,   0.151,pymatching,17aa56354c3b8ef37ef6707903c6c7bd939c711b208deb498b5b3d226eb2c0df,"{""config"":[""Z0"",""Z""],""d"":7,""p"":0.004664102564102564}",
      5120,        93,         0,   0.106,pymatching,3fa8637fd37c7bcc5d791dfc60540e834a556ab838715db7a66d404b022b1c87,"{""config"":[""Z0"",""Z""],""d"":7,""p"":0.007871794871794872}",
     37828,       115,         0,   0.493,pymatching,eaece8d5a9575002560e0706d987ea298ea25470193c1b6dbb2a675e32a96376,"{""config"":[""Z0"",""Z""],""d"":7,""p"":0.00502051282051282}",
      4096,        33,         0,   0.061,pymatching,92a7abdf4c8e6971e7de69c7aca3790c3892e94df6498b04b16cecd04e71a269,"{""config"":[""Z0"",""Z""],""d"":7,""p"":0.005733333333333333}",
      4096,        14,         0,   0.056,pymatching,eca9617815f52c439b2b6ca9c5616b3c4d8fd31d7d46d963cff4e595c6436dc0,"{""config"":[""Z0"",""Z""],""d"":7,""p"":0.005376923076923077}",
      6144,        85,         0,   0.120,pymatching,8a9cb5f3d9bf0e4e9eeda9a663943885691e500addf044617ef06028f6001878,"{""config"":[""Z0"",""Z""],""d"":7,""p"":0.007515384615384615}",
      6144,        92,         0,   0.118,pymatching,d23ec93a9511dfcfad5423fbfdff24e737a6d95f98b4a1c82f4675def9472084,"{""config"":[""Z0"",""Z""],""d"":7,""p"":0.007158974358974359}",
     12288,        47,         0,   0.160,pymatching,eaece8d5a9575002560e0706d987ea298ea25470193c1b6dbb2a675e32a96376,"{""config"":[""Z0"",""Z""],""d"":7,""p"":0.00502051282051282}",
     25600,        91,         0,   0.335,pymatching,eaece8d5a9575002560e0706d987ea298ea25470193c1b6dbb2a675e32a96376,"{""config"":[""Z0"",""Z""],""d"":7,""p"":0.00502051282051282}",
      9331,        17,         0,   0.114,pymatching,17aa56354c3b8ef37ef6707903c6c7bd939c711b208deb498b5b3d226eb2c0df,"{""config"":[""Z0"",""Z""],""d"":7,""p"":0.004664102564102564}",
      4096,        30,         0,   0.064,pymatching,5b429b6d29d719034a3de26ecfd980c276ddca64727f400fe73971740676519a,"{""config"":[""Z0"",""Z""],""d"":7,""p"":0.00608974358974359}",
      1979,         5,         0,   0.025,pymatching,17aa56354c3b8ef37ef6707903c6c7bd939c711b208deb498b5b3d226eb2c0df,"{""config"":[""Z0"",""Z""],""d"":7,""p"":0.004664102564102564}",
     10240,        21,         0,   0.131,pymatching,17aa56354c3b8ef37ef6707903c6c7bd939c711b208deb498b5b3d226eb2c0df,"{""config"":[""Z0"",""Z""],""d"":7,""p"":0.004664102564102564}",
     10240,        29,         0,   0.131,pymatching,17aa56354c3b8ef37ef6707903c6c7bd939c711b208deb498b5b3d226eb2c0df,"{""config"":[""Z0"",""Z""],""d"":7,""p"":0.004664102564102564}",
     10240,        66,         0,   0.159,pymatching,92a7abdf4c8e6971e7de69c7aca3790c3892e94df6498b04b16cecd04e71a269,"{""config"":[""Z0"",""Z""],""d"":7,""p"":0.005733333333333333}",
      9216,       253,         0,   0.220,pymatching,99407154c5efdc35a031196b6c833f608cfe5adee0f4054b9acb0881815a045b,"{""config"":[""Z0"",""Z""],""d"":7,""p"":0.00894102564102564}",
       319,         2,         0,   0.004,pymatching,17aa56354c3b8ef37ef6707903c6c7bd939c711b208deb498b5b3d226eb2c0df,"{""config"":[""Z0"",""Z""],""d"":7,""p"":0.004664102564102564}",
       316,         0,         0,   0.004,pymatching,17aa56354c3b8ef37ef6707903c6c7bd939c711b208deb498b5b3d226eb2c0df,"{""config"":[""Z0"",""Z""],""d"":7,""p"":0.004664102564102564}",
      1297,        20,         0,   0.028,pymatching,d23ec93a9511dfcfad5423fbfdff24e737a6d95f98b4a1c82f4675def9472084,"{""config"":[""Z0"",""Z""],""d"":7,""p"":0.007158974358974359}",
      3072,        39,         0,   0.057,pymatching,b769d13792f27d381b5f4dab20ab238652929843e762191bb21789b3077246b7,"{""config"":[""Z0"",""Z""],""d"":7,""p"":0.006802564102564103}",
     32768,       900,         0,   0.839,pymatching,99407154c5efdc35a031196b6c833f608cfe5adee0f4054b9acb0881815a045b,"{""config"":[""Z0"",""Z""],""d"":7,""p"":0.00894102564102564}",
      3072,        31,         0,   0.055,pymatching,d300e6d1ba983bae4e939af9fabd4c25b1a11b2fb3b999b0407884475d3fac3a,"{""config"":[""Z0"",""Z""],""d"":7,""p"":0.006446153846153846}",
      3072,        95,         0,   0.081,pymatching,99407154c5efdc35a031196b6c833f608cfe5adee0f4054b9acb0881815a045b,"{""config"":[""Z0"",""Z""],""d"":7,""p"":0.00894102564102564}",
      5120,        15,         0,   0.067,pymatching,17aa56354c3b8ef37ef6707903c6c7bd939c711b208deb498b5b3d226eb2c0df,"{""config"":[""Z0"",""Z""],""d"":7,""p"":0.004664102564102564}",
      1297,        33,         0,   0.034,pymatching,8c657773fb86778a82655c06bf4ef0a8aea038a056e4f9622cb57e38e9e0dc26,"{""config"":[""Z0"",""Z""],""d"":7,""p"":0.008584615384615385}",
      1297,        24,         0,   0.029,pymatching,3fa8637fd37c7bcc5d791dfc60540e834a556ab838715db7a66d404b022b1c87,"{""config"":[""Z0"",""Z""],""d"":7,""p"":0.007871794871794872}",
      2048,         2,         0,   0.025,pymatching,17aa56354c3b8ef37ef6707903c6c7bd939c711b208deb498b5b3d226eb2c0df,"{""config"":[""Z0"",""Z""],""d"":7,""p"":0.004664102564102564}",
     21504,       589,         0,   0.512,pymatching,99407154c5efdc35a031196b6c833f608cfe5adee0f4054b9acb0881815a045b,"{""config"":[""Z0"",""Z""],""d"":7,""p"":0.00894102564102564}",
      1297,        25,         0,   0.029,pymatching,8a9cb5f3d9bf0e4e9eeda9a663943885691e500addf044617ef06028f6001878,"{""config"":[""Z0"",""Z""],""d"":7,""p"":0.007515384615384615}",
      1024,        34,         0,   0.024,pymatching,99407154c5efdc35a031196b6c833f608cfe5adee0f4054b9acb0881815a045b,"{""config"":[""Z0"",""Z""],""d"":7,""p"":0.00894102564102564}",
      3072,         1,         0,   0.038,pymatching,17aa56354c3b8ef37ef6707903c6c7bd939c711b208deb498b5b3d226eb2c0df,"{""config"":[""Z0"",""Z""],""d"":7,""p"":0.004664102564102564}",
      1024,        11,         0,   0.020,pymatching,d23ec93a9511dfcfad5423fbfdff24e737a6d95f98b4a1c82f4675def9472084,"{""config"":[""Z0"",""Z""],""d"":7,""p"":0.007158974358974359}",
      1297,        36,         0,   0.033,pymatching,c2ee0fe2e0d594c6fb473479ca807579717f258a5cf736d0bc98fdd0f44bf536,"{""config"":[""Z0"",""Z""],""d"":7,""p"":0.008228205128205128}",
       522,         4,         0,   0.007,pymatching,17aa56354c3b8ef37ef6707903c6c7bd939c711b208deb498b5b3d226eb2c0df,"{""config"":[""Z0"",""Z""],""d"":7,""p"":0.004664102564102564}",
       435,         4,         0,   0.005,pymatching,17aa56354c3b8ef37ef6707903c6c7bd939c711b208deb498b5b3d226eb2c0df,"{""config"":[""Z0"",""Z""],""d"":7,""p"":0.004664102564102564}",
        63,         1,         0,   0.001,pymatching,17aa56354c3b8ef37ef6707903c6c7bd939c711b208deb498b5b3d226eb2c0df,"{""config"":[""Z0"",""Z""],""d"":7,""p"":0.004664102564102564}",
      5120,        25,         0,   0.076,pymatching,92a7abdf4c8e6971e7de69c7aca3790c3892e94df6498b04b16cecd04e71a269,"{""config"":[""Z0"",""Z""],""d"":7,""p"":0.005733333333333333}",
     33792,       143,         0,   0.495,pymatching,eca9617815f52c439b2b6ca9c5616b3c4d8fd31d7d46d963cff4e595c6436dc0,"{""config"":[""Z0"",""Z""],""d"":7,""p"":0.005376923076923077}",
      1024,        17,         0,   0.021,pymatching,3fa8637fd37c7bcc5d791dfc60540e834a556ab838715db7a66d404b022b1c87,"{""config"":[""Z0"",""Z""],""d"":7,""p"":0.007871794871794872}",
      1365,         3,         0,   0.018,pymatching,17aa56354c3b8ef37ef6707903c6c7bd939c711b208deb498b5b3d226eb2c0df,"{""config"":[""Z0"",""Z""],""d"":7,""p"":0.004664102564102564}",
      1024,        34,         0,   0.025,pymatching,8c657773fb86778a82655c06bf4ef0a8aea038a056e4f9622cb57e38e9e0dc26,"{""config"":[""Z0"",""Z""],""d"":7,""p"":0.008584615384615385}",
      1365,         2,         0,   0.018,pymatching,17aa56354c3b8ef37ef6707903c6c7bd939c711b208deb498b5b3d226eb2c0df,"{""config"":[""Z0"",""Z""],""d"":7,""p"":0.004664102564102564}",
     31744,        99,         0,   0.437,pymatching,eaece8d5a9575002560e0706d987ea298ea25470193c1b6dbb2a675e32a96376,"{""config"":[""Z0"",""Z""],""d"":7,""p"":0.00502051282051282}",
      1024,        25,         0,   0.021,pymatching,8a9cb5f3d9bf0e4e9eeda9a663943885691e500addf044617ef06028f6001878,"{""config"":[""Z0"",""Z""],""d"":7,""p"":0.007515384615384615}",
      1024,        17,         0,   0.020,pymatching,d23ec93a9511dfcfad5423fbfdff24e737a6d95f98b4a1c82f4675def9472084,"{""config"":[""Z0"",""Z""],""d"":7,""p"":0.007158974358974359}",
       456,         1,         0,   0.006,pymatching,17aa56354c3b8ef37ef6707903c6c7bd939c711b208deb498b5b3d226eb2c0df,"{""config"":[""Z0"",""Z""],""d"":7,""p"":0.004664102564102564}",
      5120,       118,         0,   0.118,pymatching,c2ee0fe2e0d594c6fb473479ca807579717f258a5cf736d0bc98fdd0f44bf536,"{""config"":[""Z0"",""Z""],""d"":7,""p"":0.008228205128205128}",
      1024,        15,         0,   0.022,pymatching,c2ee0fe2e0d594c6fb473479ca807579717f258a5cf736d0bc98fdd0f44bf536,"{""config"":[""Z0"",""Z""],""d"":7,""p"":0.008228205128205128}",
       152,         0,         0,   0.002,pymatching,17aa56354c3b8ef37ef6707903c6c7bd939c711b208deb498b5b3d226eb2c0df,"{""config"":[""Z0"",""Z""],""d"":7,""p"":0.004664102564102564}",
       456,         2,         0,   0.006,pymatching,17aa56354c3b8ef37ef6707903c6c7bd939c711b208deb498b5b3d226eb2c0df,"{""config"":[""Z0"",""Z""],""d"":7,""p"":0.004664102564102564}",
      6144,        31,         0,   0.086,pymatching,eca9617815f52c439b2b6ca9c5616b3c4d8fd31d7d46d963cff4e595c6436dc0,"{""config"":[""Z0"",""Z""],""d"":7,""p"":0.005376923076923077}",
       152,         0,         0,   0.002,pymatching,17aa56354c3b8ef37ef6707903c6c7bd939c711b208deb498b5b3d226eb2c0df,"{""config"":[""Z0"",""Z""],""d"":7,""p"":0.004664102564102564}",
        51,         1,         0,   0.001,pymatching,17aa56354c3b8ef37ef6707903c6c7bd939c711b208deb498b5b3d226eb2c0df,"{""config"":[""Z0"",""Z""],""d"":7,""p"":0.004664102564102564}",
      8192,        71,         0,   0.158,pymatching,b769d13792f27d381b5f4dab20ab238652929843e762191bb21789b3077246b7,"{""config"":[""Z0"",""Z""],""d"":7,""p"":0.006802564102564103}",
        51,         0,         0,   0.001,pymatching,17aa56354c3b8ef37ef6707903c6c7bd939c711b208deb498b5b3d226eb2c0df,"{""config"":[""Z0"",""Z""],""d"":7,""p"":0.004664102564102564}",
       447,         1,         0,   0.006,pymatching,eaece8d5a9575002560e0706d987ea298ea25470193c1b6dbb2a675e32a96376,"{""config"":[""Z0"",""Z""],""d"":7,""p"":0.00502051282051282}",
      1024,        24,         0,   0.022,pymatching,3fa8637fd37c7bcc5d791dfc60540e834a556ab838715db7a66d404b022b1c87,"{""config"":[""Z0"",""Z""],""d"":7,""p"":0.007871794871794872}",
      5120,        39,         0,   0.081,pymatching,5b429b6d29d719034a3de26ecfd980c276ddca64727f400fe73971740676519a,"{""config"":[""Z0"",""Z""],""d"":7,""p"":0.00608974358974359}",
         7,         0,         0,   0.000,pymatching,17aa56354c3b8ef37ef6707903c6c7bd939c711b208deb498b5b3d226eb2c0df,"{""config"":[""Z0"",""Z""],""d"":7,""p"":0.004664102564102564}",
        17,         0,         0,   0.001,pymatching,17aa56354c3b8ef37ef6707903c6c7bd939c711b208deb498b5b3d226eb2c0df,"{""config"":[""Z0"",""Z""],""d"":7,""p"":0.004664102564102564}",
      1024,        27,         0,   0.024,pymatching,8c657773fb86778a82655c06bf4ef0a8aea038a056e4f9622cb57e38e9e0dc26,"{""config"":[""Z0"",""Z""],""d"":7,""p"":0.008584615384615385}",
         8,         0,         0,   0.001,pymatching,17aa56354c3b8ef37ef6707903c6c7bd939c711b208deb498b5b3d226eb2c0df,"{""config"":[""Z0"",""Z""],""d"":7,""p"":0.004664102564102564}",
      1024,        15,         0,   0.021,pymatching,8a9cb5f3d9bf0e4e9eeda9a663943885691e500addf044617ef06028f6001878,"{""config"":[""Z0"",""Z""],""d"":7,""p"":0.007515384615384615}",
      9216,        60,         0,   0.151,pymatching,5b429b6d29d719034a3de26ecfd980c276ddca64727f400fe73971740676519a,"{""config"":[""Z0"",""Z""],""d"":7,""p"":0.00608974358974359}",
         4,         0,         0,   0.000,pymatching,17aa56354c3b8ef37ef6707903c6c7bd939c711b208deb498b5b3d226eb2c0df,"{""config"":[""Z0"",""Z""],""d"":7,""p"":0.004664102564102564}",
      9216,        71,         0,   0.152,pymatching,d300e6d1ba983bae4e939af9fabd4c25b1a11b2fb3b999b0407884475d3fac3a,"{""config"":[""Z0"",""Z""],""d"":7,""p"":0.006446153846153846}",
         1,         0,         0,   0.000,pymatching,17aa56354c3b8ef37ef6707903c6c7bd939c711b208deb498b5b3d226eb2c0df,"{""config"":[""Z0"",""Z""],""d"":7,""p"":0.004664102564102564}",
      1024,        18,         0,   0.022,pymatching,c2ee0fe2e0d594c6fb473479ca807579717f258a5cf736d0bc98fdd0f44bf536,"{""config"":[""Z0"",""Z""],""d"":7,""p"":0.008228205128205128}",
      6591,        28,         0,   0.087,pymatching,eaece8d5a9575002560e0706d987ea298ea25470193c1b6dbb2a675e32a96376,"{""config"":[""Z0"",""Z""],""d"":7,""p"":0.00502051282051282}",
      5120,        98,         0,   0.123,pymatching,8c657773fb86778a82655c06bf4ef0a8aea038a056e4f9622cb57e38e9e0dc26,"{""config"":[""Z0"",""Z""],""d"":7,""p"":0.008584615384615385}",
         3,         0,         0,   0.000,pymatching,17aa56354c3b8ef37ef6707903c6c7bd939c711b208deb498b5b3d226eb2c0df,"{""config"":[""Z0"",""Z""],""d"":7,""p"":0.004664102564102564}",
         3,         0,         0,   0.000,pymatching,17aa56354c3b8ef37ef6707903c6c7bd939c711b208deb498b5b3d226eb2c0df,"{""config"":[""Z0"",""Z""],""d"":7,""p"":0.004664102564102564}",
         2,         0,         0,   0.000,pymatching,17aa56354c3b8ef37ef6707903c6c7bd939c711b208deb498b5b3d226eb2c0df,"{""config"":[""Z0"",""Z""],""d"":7,""p"":0.004664102564102564}",
     27648,       140,         0,   0.407,pymatching,92a7abdf4c8e6971e7de69c7aca3790c3892e94df6498b04b16cecd04e71a269,"{""config"":[""Z0"",""Z""],""d"":7,""p"":0.005733333333333333}",
         1,         0,         0,   0.000,pymatching,17aa56354c3b8ef37ef6707903c6c7bd939c711b208deb498b5b3d226eb2c0df,"{""config"":[""Z0"",""Z""],""d"":7,""p"":0.004664102564102564}",
      8192,        35,         0,   0.112,pymatching,eaece8d5a9575002560e0706d987ea298ea25470193c1b6dbb2a675e32a96376,"{""config"":[""Z0"",""Z""],""d"":7,""p"":0.00502051282051282}",
      8192,        31,         0,   0.111,pymatching,eaece8d5a9575002560e0706d987ea298ea25470193c1b6dbb2a675e32a96376,"{""config"":[""Z0"",""Z""],""d"":7,""p"":0.00502051282051282}",
     15360,       369,         0,   0.367,pymatching,8c657773fb86778a82655c06bf4ef0a8aea038a056e4f9622cb57e38e9e0dc26,"{""config"":[""Z0"",""Z""],""d"":7,""p"":0.008584615384615385}",
      4096,        48,         0,   0.076,pymatching,b769d13792f27d381b5f4dab20ab238652929843e762191bb21789b3077246b7,"{""config"":[""Z0"",""Z""],""d"":7,""p"":0.006802564102564103}",
         1,         0,         0,   0.000,pymatching,17aa56354c3b8ef37ef6707903c6c7bd939c711b208deb498b5b3d226eb2c0df,"{""config"":[""Z0"",""Z""],""d"":7,""p"":0.004664102564102564}",
     25173,       112,         0,   0.369,pymatching,eca9617815f52c439b2b6ca9c5616b3c4d8fd31d7d46d963cff4e595c6436dc0,"{""config"":[""Z0"",""Z""],""d"":7,""p"":0.005376923076923077}",
     40960,       984,         0,    1.00,pymatching,8c657773fb86778a82655c06bf4ef0a8aea038a056e4f9622cb57e38e9e0dc26,"{""config"":[""Z0"",""Z""],""d"":7,""p"":0.008584615384615385}",
         1,         0,         0,   0.000,pymatching,17aa56354c3b8ef37ef6707903c6c7bd939c711b208deb498b5b3d226eb2c0df,"{""config"":[""Z0"",""Z""],""d"":7,""p"":0.004664102564102564}",
      2048,        23,         0,   0.039,pymatching,d23ec93a9511dfcfad5423fbfdff24e737a6d95f98b4a1c82f4675def9472084,"{""config"":[""Z0"",""Z""],""d"":7,""p"":0.007158974358974359}",
      1024,        24,         0,   0.024,pymatching,8c657773fb86778a82655c06bf4ef0a8aea038a056e4f9622cb57e38e9e0dc26,"{""config"":[""Z0"",""Z""],""d"":7,""p"":0.008584615384615385}",
     11264,       280,         0,   0.258,pymatching,8c657773fb86778a82655c06bf4ef0a8aea038a056e4f9622cb57e38e9e0dc26,"{""config"":[""Z0"",""Z""],""d"":7,""p"":0.008584615384615385}",
     77824,       547,         0,    1.29,pymatching,5b429b6d29d719034a3de26ecfd980c276ddca64727f400fe73971740676519a,"{""config"":[""Z0"",""Z""],""d"":7,""p"":0.00608974358974359}",
      8842,        25,         0,   0.115,pymatching,eaece8d5a9575002560e0706d987ea298ea25470193c1b6dbb2a675e32a96376,"{""config"":[""Z0"",""Z""],""d"":7,""p"":0.00502051282051282}",
      1024,        28,         0,   0.024,pymatching,8c657773fb86778a82655c06bf4ef0a8aea038a056e4f9622cb57e38e9e0dc26,"{""config"":[""Z0"",""Z""],""d"":7,""p"":0.008584615384615385}",
      5120,        47,         0,   0.089,pymatching,d300e6d1ba983bae4e939af9fabd4c25b1a11b2fb3b999b0407884475d3fac3a,"{""config"":[""Z0"",""Z""],""d"":7,""p"":0.006446153846153846}",
       650,         2,         0,   0.009,pymatching,eaece8d5a9575002560e0706d987ea298ea25470193c1b6dbb2a675e32a96376,"{""config"":[""Z0"",""Z""],""d"":7,""p"":0.00502051282051282}",
      2048,        41,         0,   0.042,pymatching,3fa8637fd37c7bcc5d791dfc60540e834a556ab838715db7a66d404b022b1c87,"{""config"":[""Z0"",""Z""],""d"":7,""p"":0.007871794871794872}",
     78848,       677,         0,    1.31,pymatching,d300e6d1ba983bae4e939af9fabd4c25b1a11b2fb3b999b0407884475d3fac3a,"{""config"":[""Z0"",""Z""],""d"":7,""p"":0.006446153846153846}",
      2048,        29,         0,   0.041,pymatching,8a9cb5f3d9bf0e4e9eeda9a663943885691e500addf044617ef06028f6001878,"{""config"":[""Z0"",""Z""],""d"":7,""p"":0.007515384615384615}",
      1297,         8,         0,   0.018,pymatching,eaece8d5a9575002560e0706d987ea298ea25470193c1b6dbb2a675e32a96376,"{""config"":[""Z0"",""Z""],""d"":7,""p"":0.00502051282051282}",
      7168,       135,         0,   0.148,pymatching,3fa8637fd37c7bcc5d791dfc60540e834a556ab838715db7a66d404b022b1c87,"{""config"":[""Z0"",""Z""],""d"":7,""p"":0.007871794871794872}",
     28672,       134,         0,   0.417,pymatching,eca9617815f52c439b2b6ca9c5616b3c4d8fd31d7d46d963cff4e595c6436dc0,"{""config"":[""Z0"",""Z""],""d"":7,""p"":0.005376923076923077}",
      1297,         7,         0,   0.021,pymatching,eca9617815f52c439b2b6ca9c5616b3c4d8fd31d7d46d963cff4e595c6436dc0,"{""config"":[""Z0"",""Z""],""d"":7,""p"":0.005376923076923077}",
     74752,       739,         0,    1.31,pymatching,b769d13792f27d381b5f4dab20ab238652929843e762191bb21789b3077246b7,"{""config"":[""Z0"",""Z""],""d"":7,""p"":0.006802564102564103}",
      1749,         5,         0,   0.023,pymatching,eaece8d5a9575002560e0706d987ea298ea25470193c1b6dbb2a675e32a96376,"{""config"":[""Z0"",""Z""],""d"":7,""p"":0.00502051282051282}",
      2048,        44,         0,   0.045,pymatching,c2ee0fe2e0d594c6fb473479ca807579717f258a5cf736d0bc98fdd0f44bf536,"{""config"":[""Z0"",""Z""],""d"":7,""p"":0.008228205128205128}",
      1297,         4,         0,   0.021,pymatching,92a7abdf4c8e6971e7de69c7aca3790c3892e94df6498b04b16cecd04e71a269,"{""config"":[""Z0"",""Z""],""d"":7,""p"":0.005733333333333333}",
      1024,         2,         0,   0.014,pymatching,eaece8d5a9575002560e0706d987ea298ea25470193c1b6dbb2a675e32a96376,"{""config"":[""Z0"",""Z""],""d"":7,""p"":0.00502051282051282}",
      4096,        20,         0,   0.054,pymatching,eaece8d5a9575002560e0706d987ea298ea25470193c1b6dbb2a675e32a96376,"{""config"":[""Z0"",""Z""],""d"":7,""p"":0.00502051282051282}",
      1024,         0,         0,   0.014,pymatching,eca9617815f52c439b2b6ca9c5616b3c4d8fd31d7d46d963cff4e595c6436dc0,"{""config"":[""Z0"",""Z""],""d"":7,""p"":0.005376923076923077}",
      2048,        36,         0,   0.040,pymatching,d23ec93a9511dfcfad5423fbfdff24e737a6d95f98b4a1c82f4675def9472084,"{""config"":[""Z0"",""Z""],""d"":7,""p"":0.007158974358974359}",
     37888,       211,         0,   0.589,pymatching,92a7abdf4c8e6971e7de69c7aca3790c3892e94df6498b04b16cecd04e71a269,"{""config"":[""Z0"",""Z""],""d"":7,""p"":0.005733333333333333}",
      8192,       104,         0,   0.159,pymatching,d23ec93a9511dfcfad5423fbfdff24e737a6d95f98b4a1c82f4675def9472084,"{""config"":[""Z0"",""Z""],""d"":7,""p"":0.007158974358974359}",
      8192,       125,         0,   0.163,pymatching,8a9cb5f3d9bf0e4e9eeda9a663943885691e500addf044617ef06028f6001878,"{""config"":[""Z0"",""Z""],""d"":7,""p"":0.007515384615384615}",
      1024,         5,         0,   0.015,pymatching,92a7abdf4c8e6971e7de69c7aca3790c3892e94df6498b04b16cecd04e71a269,"{""config"":[""Z0"",""Z""],""d"":7,""p"":0.005733333333333333}",
     14336,       239,         0,   0.307,pymatching,3fa8637fd37c7bcc5d791dfc60540e834a556ab838715db7a66d404b022b1c87,"{""config"":[""Z0"",""Z""],""d"":7,""p"":0.007871794871794872}",
      1218,         1,         0,   0.016,pymatching,eaece8d5a9575002560e0706d987ea298ea25470193c1b6dbb2a675e32a96376,"{""config"":[""Z0"",""Z""],""d"":7,""p"":0.00502051282051282}",
      7168,        29,         0,   0.106,pymatching,92a7abdf4c8e6971e7de69c7aca3790c3892e94df6498b04b16cecd04e71a269,"{""config"":[""Z0"",""Z""],""d"":7,""p"":0.005733333333333333}",
      2048,        29,         0,   0.041,pymatching,3fa8637fd37c7bcc5d791dfc60540e834a556ab838715db7a66d404b022b1c87,"{""config"":[""Z0"",""Z""],""d"":7,""p"":0.007871794871794872}",
      2048,        23,         0,   0.040,pymatching,8a9cb5f3d9bf0e4e9eeda9a663943885691e500addf044617ef06028f6001878,"{""config"":[""Z0"",""Z""],""d"":7,""p"":0.007515384615384615}",
     29696,       155,         0,   0.436,pymatching,92a7abdf4c8e6971e7de69c7aca3790c3892e94df6498b04b16cecd04e71a269,"{""config"":[""Z0"",""Z""],""d"":7,""p"":0.005733333333333333}",
      5120,        14,         0,   0.068,pymatching,eaece8d5a9575002560e0706d987ea298ea25470193c1b6dbb2a675e32a96376,"{""config"":[""Z0"",""Z""],""d"":7,""p"":0.00502051282051282}",
        99,         0,         0,   0.003,pymatching,eaece8d5a9575002560e0706d987ea298ea25470193c1b6dbb2a675e32a96376,"{""config"":[""Z0"",""Z""],""d"":7,""p"":0.00502051282051282}",
      2048,         7,         0,   0.029,pymatching,eca9617815f52c439b2b6ca9c5616b3c4d8fd31d7d46d963cff4e595c6436dc0,"{""config"":[""Z0"",""Z""],""d"":7,""p"":0.005376923076923077}",
     13312,       282,         0,   0.300,pymatching,c2ee0fe2e0d594c6fb473479ca807579717f258a5cf736d0bc98fdd0f44bf536,"{""config"":[""Z0"",""Z""],""d"":7,""p"":0.008228205128205128}",
      2048,        12,         0,   0.030,pymatching,92a7abdf4c8e6971e7de69c7aca3790c3892e94df6498b04b16cecd04e71a269,"{""config"":[""Z0"",""Z""],""d"":7,""p"":0.005733333333333333}",
       234,         0,         0,   0.003,pymatching,eaece8d5a9575002560e0706d987ea298ea25470193c1b6dbb2a675e32a96376,"{""config"":[""Z0"",""Z""],""d"":7,""p"":0.00502051282051282}",
      2048,        45,         0,   0.047,pymatching,c2ee0fe2e0d594c6fb473479ca807579717f258a5cf736d0bc98fdd0f44bf536,"{""config"":[""Z0"",""Z""],""d"":7,""p"":0.008228205128205128}",
       422,         4,         0,   0.006,pymatching,eaece8d5a9575002560e0706d987ea298ea25470193c1b6dbb2a675e32a96376,"{""config"":[""Z0"",""Z""],""d"":7,""p"":0.00502051282051282}",
      1024,         3,         0,   0.013,pymatching,eaece8d5a9575002560e0706d987ea298ea25470193c1b6dbb2a675e32a96376,"{""config"":[""Z0"",""Z""],""d"":7,""p"":0.00502051282051282}",
      8192,        36,         0,   0.114,pymatching,eca9617815f52c439b2b6ca9c5616b3c4d8fd31d7d46d963cff4e595c6436dc0,"{""config"":[""Z0"",""Z""],""d"":7,""p"":0.005376923076923077}",
       174,         1,         0,   0.006,pymatching,eaece8d5a9575002560e0706d987ea298ea25470193c1b6dbb2a675e32a96376,"{""config"":[""Z0"",""Z""],""d"":7,""p"":0.00502051282051282}",
      7168,        55,         0,   0.112,pymatching,5b429b6d29d719034a3de26ecfd980c276ddca64727f400fe73971740676519a,"{""config"":[""Z0"",""Z""],""d"":7,""p"":0.00608974358974359}",
     15360,        56,         0,   0.220,pymatching,eca9617815f52c439b2b6ca9c5616b3c4d8fd31d7d46d963cff4e595c6436dc0,"{""config"":[""Z0"",""Z""],""d"":7,""p"":0.005376923076923077}",
      1297,         3,         0,   0.021,pymatching,5b429b6d29d719034a3de26ecfd980c276ddca64727f400fe73971740676519a,"{""config"":[""Z0"",""Z""],""d"":7,""p"":0.00608974358974359}",
      1024,         3,         0,   0.029,pymatching,eaece8d5a9575002560e0706d987ea298ea25470193c1b6dbb2a675e32a96376,"{""config"":[""Z0"",""Z""],""d"":7,""p"":0.00502051282051282}",
      2048,        10,         0,   0.030,pymatching,eca9617815f52c439b2b6ca9c5616b3c4d8fd31d7d46d963cff4e595c6436dc0,"{""config"":[""Z0"",""Z""],""d"":7,""p"":0.005376923076923077}",
       576,         0,         0,   0.008,pymatching,eaece8d5a9575002560e0706d987ea298ea25470193c1b6dbb2a675e32a96376,"{""config"":[""Z0"",""Z""],""d"":7,""p"":0.00502051282051282}",
       174,         1,         0,   0.003,pymatching,eaece8d5a9575002560e0706d987ea298ea25470193c1b6dbb2a675e32a96376,"{""config"":[""Z0"",""Z""],""d"":7,""p"":0.00502051282051282}",
      3072,        46,         0,   0.060,pymatching,d23ec93a9511dfcfad5423fbfdff24e737a6d95f98b4a1c82f4675def9472084,"{""config"":[""Z0"",""Z""],""d"":7,""p"":0.007158974358974359}",
      1600,         8,         0,   0.042,pymatching,eaece8d5a9575002560e0706d987ea298ea25470193c1b6dbb2a675e32a96376,"{""config"":[""Z0"",""Z""],""d"":7,""p"":0.00502051282051282}",
       133,         0,         0,   0.005,pymatching,eaece8d5a9575002560e0706d987ea298ea25470193c1b6dbb2a675e32a96376,"{""config"":[""Z0"",""Z""],""d"":7,""p"":0.00502051282051282}",
      2048,        11,         0,   0.032,pymatching,92a7abdf4c8e6971e7de69c7aca3790c3892e94df6498b04b16cecd04e71a269,"{""config"":[""Z0"",""Z""],""d"":7,""p"":0.005733333333333333}",
      6144,        60,         0,   0.111,pymatching,b769d13792f27d381b5f4dab20ab238652929843e762191bb21789b3077246b7,"{""config"":[""Z0"",""Z""],""d"":7,""p"":0.006802564102564103}",
      1024,         3,         0,   0.016,pymatching,5b429b6d29d719034a3de26ecfd980c276ddca64727f400fe73971740676519a,"{""config"":[""Z0"",""Z""],""d"":7,""p"":0.00608974358974359}",
        82,         0,         0,   0.001,pymatching,eaece8d5a9575002560e0706d987ea298ea25470193c1b6dbb2a675e32a96376,"{""config"":[""Z0"",""Z""],""d"":7,""p"":0.00502051282051282}",
       361,         1,         0,   0.010,pymatching,eaece8d5a9575002560e0706d987ea298ea25470193c1b6dbb2a675e32a96376,"{""config"":[""Z0"",""Z""],""d"":7,""p"":0.00502051282051282}",
     26624,       183,         0,   0.414,pymatching,5b429b6d29d719034a3de26ecfd980c276ddca64727f400fe73971740676519a,"{""config"":[""Z0"",""Z""],""d"":7,""p"":0.00608974358974359}",
      6144,        60,         0,   0.106,pymatching,d300e6d1ba983bae4e939af9fabd4c25b1a11b2fb3b999b0407884475d3fac3a,"{""config"":[""Z0"",""Z""],""d"":7,""p"":0.006446153846153846}",
     13312,        72,         0,   0.206,pymatching,92a7abdf4c8e6971e7de69c7aca3790c3892e94df6498b04b16cecd04e71a269,"{""config"":[""Z0"",""Z""],""d"":7,""p"":0.005733333333333333}",
      2143,         5,         0,   0.031,pymatching,eca9617815f52c439b2b6ca9c5616b3c4d8fd31d7d46d963cff4e595c6436dc0,"{""config"":[""Z0"",""Z""],""d"":7,""p"":0.005376923076923077}",
      3072,        50,         0,   0.063,pymatching,3fa8637fd37c7bcc5d791dfc60540e834a556ab838715db7a66d404b022b1c87,"{""config"":[""Z0"",""Z""],""d"":7,""p"":0.007871794871794872}",
      3072,        63,         0,   0.063,pymatching,8a9cb5f3d9bf0e4e9eeda9a663943885691e500addf044617ef06028f6001878,"{""config"":[""Z0"",""Z""],""d"":7,""p"":0.007515384615384615}",
      7168,       134,         0,   0.161,pymatching,c2ee0fe2e0d594c6fb473479ca807579717f258a5cf736d0bc98fdd0f44bf536,"{""config"":[""Z0"",""Z""],""d"":7,""p"":0.008228205128205128}",
      1297,        15,         0,   0.028,pymatching,b769d13792f27d381b5f4dab20ab238652929843e762191bb21789b3077246b7,"{""config"":[""Z0"",""Z""],""d"":7,""p"":0.006802564102564103}",
      1297,        10,         0,   0.024,pymatching,d300e6d1ba983bae4e939af9fabd4c25b1a11b2fb3b999b0407884475d3fac3a,"{""config"":[""Z0"",""Z""],""d"":7,""p"":0.006446153846153846}",
       108,         0,         0,   0.003,pymatching,eaece8d5a9575002560e0706d987ea298ea25470193c1b6dbb2a675e32a96376,"{""config"":[""Z0"",""Z""],""d"":7,""p"":0.00502051282051282}",
      1297,        20,         0,   0.026,pymatching,d23ec93a9511dfcfad5423fbfdff24e737a6d95f98b4a1c82f4675def9472084,"{""config"":[""Z0"",""Z""],""d"":7,""p"":0.007158974358974359}",
      1297,         7,         0,   0.020,pymatching,92a7abdf4c8e6971e7de69c7aca3790c3892e94df6498b04b16cecd04e71a269,"{""config"":[""Z0"",""Z""],""d"":7,""p"":0.005733333333333333}",
        25,         0,         0,   0.000,pymatching,eaece8d5a9575002560e0706d987ea298ea25470193c1b6dbb2a675e32a96376,"{""config"":[""Z0"",""Z""],""d"":7,""p"":0.00502051282051282}",
     12288,        46,         0,   0.173,pymatching,eca9617815f52c439b2b6ca9c5616b3c4d8fd31d7d46d963cff4e595c6436dc0,"{""config"":[""Z0"",""Z""],""d"":7,""p"":0.005376923076923077}",
      1297,        30,         0,   0.030,pymatching,3fa8637fd37c7bcc5d791dfc60540e834a556ab838715db7a66d404b022b1c87,"{""config"":[""Z0"",""Z""],""d"":7,""p"":0.007871794871794872}",
      1297,        17,         0,   0.028,pymatching,8a9cb5f3d9bf0e4e9eeda9a663943885691e500addf044617ef06028f6001878,"{""config"":[""Z0"",""Z""],""d"":7,""p"":0.007515384615384615}",
      1297,        29,         0,   0.032,pymatching,c2ee0fe2e0d594c6fb473479ca807579717f258a5cf736d0bc98fdd0f44bf536,"{""config"":[""Z0"",""Z""],""d"":7,""p"":0.008228205128205128}",
      2048,        13,         0,   0.032,pymatching,5b429b6d29d719034a3de26ecfd980c276ddca64727f400fe73971740676519a,"{""config"":[""Z0"",""Z""],""d"":7,""p"":0.00608974358974359}",
        10,         0,         0,   0.001,pymatching,eaece8d5a9575002560e0706d987ea298ea25470193c1b6dbb2a675e32a96376,"{""config"":[""Z0"",""Z""],""d"":7,""p"":0.00502051282051282}",
        10,         0,         0,   0.001,pymatching,eaece8d5a9575002560e0706d987ea298ea25470193c1b6dbb2a675e32a96376,"{""config"":[""Z0"",""Z""],""d"":7,""p"":0.00502051282051282}",
      1024,         4,         0,   0.019,pymatching,b769d13792f27d381b5f4dab20ab238652929843e762191bb21789b3077246b7,"{""config"":[""Z0"",""Z""],""d"":7,""p"":0.006802564102564103}",
         6,         0,         0,   0.000,pymatching,eaece8d5a9575002560e0706d987ea298ea25470193c1b6dbb2a675e32a96376,"{""config"":[""Z0"",""Z""],""d"":7,""p"":0.00502051282051282}",
      3072,        59,         0,   0.068,pymatching,c2ee0fe2e0d594c6fb473479ca807579717f258a5cf736d0bc98fdd0f44bf536,"{""config"":[""Z0"",""Z""],""d"":7,""p"":0.008228205128205128}",
      3072,        13,         0,   0.046,pymatching,eca9617815f52c439b2b6ca9c5616b3c4d8fd31d7d46d963cff4e595c6436dc0,"{""config"":[""Z0"",""Z""],""d"":7,""p"":0.005376923076923077}",
      1024,        12,         0,   0.018,pymatching,d300e6d1ba983bae4e939af9fabd4c25b1a11b2fb3b999b0407884475d3fac3a,"{""config"":[""Z0"",""Z""],""d"":7,""p"":0.006446153846153846}",
      1297,         8,         0,   0.022,pymatching,eca9617815f52c439b2b6ca9c5616b3c4d8fd31d7d46d963cff4e595c6436dc0,"{""config"":[""Z0"",""Z""],""d"":7,""p"":0.005376923076923077}",
         3,         0,         0,   0.001,pymatching,eaece8d5a9575002560e0706d987ea298ea25470193c1b6dbb2a675e32a96376,"{""config"":[""Z0"",""Z""],""d"":7,""p"":0.00502051282051282}",
      1024,         4,         0,   0.015,pymatching,92a7abdf4c8e6971e7de69c7aca3790c3892e94df6498b04b16cecd04e71a269,"{""config"":[""Z0"",""Z""],""d"":7,""p"":0.005733333333333333}",
         3,         0,         0,   0.000,pymatching,eaece8d5a9575002560e0706d987ea298ea25470193c1b6dbb2a675e32a96376,"{""config"":[""Z0"",""Z""],""d"":7,""p"":0.00502051282051282}",
      8820,        27,         0,   0.122,pymatching,eca9617815f52c439b2b6ca9c5616b3c4d8fd31d7d46d963cff4e595c6436dc0,"{""config"":[""Z0"",""Z""],""d"":7,""p"":0.005376923076923077}",
         3,         0,         0,   0.000,pymatching,eaece8d5a9575002560e0706d987ea298ea25470193c1b6dbb2a675e32a96376,"{""config"":[""Z0"",""Z""],""d"":7,""p"":0.00502051282051282}",
      1024,         7,         0,   0.019,pymatching,d23ec93a9511dfcfad5423fbfdff24e737a6d95f98b4a1c82f4675def9472084,"{""config"":[""Z0"",""Z""],""d"":7,""p"":0.007158974358974359}",
      5180,        25,         0,   0.071,pymatching,eca9617815f52c439b2b6ca9c5616b3c4d8fd31d7d46d963cff4e595c6436dc0,"{""config"":[""Z0"",""Z""],""d"":7,""p"":0.005376923076923077}",
         2,         0,         0,   0.000,pymatching,eaece8d5a9575002560e0706d987ea298ea25470193c1b6dbb2a675e32a96376,"{""config"":[""Z0"",""Z""],""d"":7,""p"":0.00502051282051282}",
         2,         0,         0,   0.000,pymatching,eaece8d5a9575002560e0706d987ea298ea25470193c1b6dbb2a675e32a96376,"{""config"":[""Z0"",""Z""],""d"":7,""p"":0.00502051282051282}",
      3072,         9,         0,   0.048,pymatching,92a7abdf4c8e6971e7de69c7aca3790c3892e94df6498b04b16cecd04e71a269,"{""config"":[""Z0"",""Z""],""d"":7,""p"":0.005733333333333333}",
     24576,       211,         0,   0.408,pymatching,d300e6d1ba983bae4e939af9fabd4c25b1a11b2fb3b999b0407884475d3fac3a,"{""config"":[""Z0"",""Z""],""d"":7,""p"":0.006446153846153846}",
      5180,        10,         0,   0.092,pymatching,eca9617815f52c439b2b6ca9c5616b3c4d8fd31d7d46d963cff4e595c6436dc0,"{""config"":[""Z0"",""Z""],""d"":7,""p"":0.005376923076923077}",
      1024,        14,         0,   0.020,pymatching,8a9cb5f3d9bf0e4e9eeda9a663943885691e500addf044617ef06028f6001878,"{""config"":[""Z0"",""Z""],""d"":7,""p"":0.007515384615384615}",
      1024,        18,         0,   0.022,pymatching,3fa8637fd37c7bcc5d791dfc60540e834a556ab838715db7a66d404b022b1c87,"{""config"":[""Z0"",""Z""],""d"":7,""p"":0.007871794871794872}",
      1297,        29,         0,   0.031,pymatching,c2ee0fe2e0d594c6fb473479ca807579717f258a5cf736d0bc98fdd0f44bf536,"{""config"":[""Z0"",""Z""],""d"":7,""p"":0.008228205128205128}",
         2,         0,         0,   0.000,pymatching,eaece8d5a9575002560e0706d987ea298ea25470193c1b6dbb2a675e32a96376,"{""config"":[""Z0"",""Z""],""d"":7,""p"":0.00502051282051282}",
      1024,        20,         0,   0.023,pymatching,c2ee0fe2e0d594c6fb473479ca807579717f258a5cf736d0bc98fdd0f44bf536,"{""config"":[""Z0"",""Z""],""d"":7,""p"":0.008228205128205128}",
      1024,         2,         0,   0.015,pymatching,eca9617815f52c439b2b6ca9c5616b3c4d8fd31d7d46d963cff4e595c6436dc0,"{""config"":[""Z0"",""Z""],""d"":7,""p"":0.005376923076923077}",
     12157,        61,         0,   0.178,pymatching,92a7abdf4c8e6971e7de69c7aca3790c3892e94df6498b04b16cecd04e71a269,"{""config"":[""Z0"",""Z""],""d"":7,""p"":0.005733333333333333}",
      2048,        14,         0,   0.032,pymatching,5b429b6d29d719034a3de26ecfd980c276ddca64727f400fe73971740676519a,"{""config"":[""Z0"",""Z""],""d"":7,""p"":0.00608974358974359}",
      1024,        17,         0,   0.021,pymatching,8a9cb5f3d9bf0e4e9eeda9a663943885691e500addf044617ef06028f6001878,"{""config"":[""Z0"",""Z""],""d"":7,""p"":0.007515384615384615}",
     43008,       301,         0,   0.710,pymatching,5b429b6d29d719034a3de26ecfd980c276ddca64727f400fe73971740676519a,"{""config"":[""Z0"",""Z""],""d"":7,""p"":0.00608974358974359}",
      2048,         9,         0,   0.030,pymatching,92a7abdf4c8e6971e7de69c7aca3790c3892e94df6498b04b16cecd04e71a269,"{""config"":[""Z0"",""Z""],""d"":7,""p"":0.005733333333333333}",
      1024,        17,         0,   0.022,pymatching,3fa8637fd37c7bcc5d791dfc60540e834a556ab838715db7a66d404b022b1c87,"{""config"":[""Z0"",""Z""],""d"":7,""p"":0.007871794871794872}",
      2048,        16,         0,   0.036,pymatching,d300e6d1ba983bae4e939af9fabd4c25b1a11b2fb3b999b0407884475d3fac3a,"{""config"":[""Z0"",""Z""],""d"":7,""p"":0.006446153846153846}",
      1289,         6,         0,   0.018,pymatching,eca9617815f52c439b2b6ca9c5616b3c4d8fd31d7d46d963cff4e595c6436dc0,"{""config"":[""Z0"",""Z""],""d"":7,""p"":0.005376923076923077}",
      4096,        56,         0,   0.082,pymatching,d23ec93a9511dfcfad5423fbfdff24e737a6d95f98b4a1c82f4675def9472084,"{""config"":[""Z0"",""Z""],""d"":7,""p"":0.007158974358974359}",
      2048,        30,         0,   0.038,pymatching,b769d13792f27d381b5f4dab20ab238652929843e762191bb21789b3077246b7,"{""config"":[""Z0"",""Z""],""d"":7,""p"":0.006802564102564103}",
     40960,       346,         0,   0.715,pymatching,d300e6d1ba983bae4e939af9fabd4c25b1a11b2fb3b999b0407884475d3fac3a,"{""config"":[""Z0"",""Z""],""d"":7,""p"":0.006446153846153846}",
      1024,        14,         0,   0.023,pymatching,c2ee0fe2e0d594c6fb473479ca807579717f258a5cf736d0bc98fdd0f44bf536,"{""config"":[""Z0"",""Z""],""d"":7,""p"":0.008228205128205128}",
      1024,        18,         0,   0.023,pymatching,c2ee0fe2e0d594c6fb473479ca807579717f258a5cf736d0bc98fdd0f44bf536,"{""config"":[""Z0"",""Z""],""d"":7,""p"":0.008228205128205128}",
      2048,        28,         0,   0.038,pymatching,d23ec93a9511dfcfad5423fbfdff24e737a6d95f98b4a1c82f4675def9472084,"{""config"":[""Z0"",""Z""],""d"":7,""p"":0.007158974358974359}",
     11264,       128,         0,   0.221,pymatching,b769d13792f27d381b5f4dab20ab238652929843e762191bb21789b3077246b7,"{""config"":[""Z0"",""Z""],""d"":7,""p"":0.006802564102564103}",
      2048,        11,         0,   0.031,pymatching,eca9617815f52c439b2b6ca9c5616b3c4d8fd31d7d46d963cff4e595c6436dc0,"{""config"":[""Z0"",""Z""],""d"":7,""p"":0.005376923076923077}",
      4440,        28,         0,   0.064,pymatching,eca9617815f52c439b2b6ca9c5616b3c4d8fd31d7d46d963cff4e595c6436dc0,"{""config"":[""Z0"",""Z""],""d"":7,""p"":0.005376923076923077}",
     13312,       100,         0,   0.215,pymatching,5b429b6d29d719034a3de26ecfd980c276ddca64727f400fe73971740676519a,"{""config"":[""Z0"",""Z""],""d"":7,""p"":0.00608974358974359}",
      3700,        18,         0,   0.056,pymatching,eca9617815f52c439b2b6ca9c5616b3c4d8fd31d7d46d963cff4e595c6436dc0,"{""config"":[""Z0"",""Z""],""d"":7,""p"":0.005376923076923077}",
     13312,       122,         0,   0.221,pymatching,d300e6d1ba983bae4e939af9fabd4c25b1a11b2fb3b999b0407884475d3fac3a,"{""config"":[""Z0"",""Z""],""d"":7,""p"":0.006446153846153846}",
      2468,         8,         0,   0.036,pymatching,eca9617815f52c439b2b6ca9c5616b3c4d8fd31d7d46d963cff4e595c6436dc0,"{""config"":[""Z0"",""Z""],""d"":7,""p"":0.005376923076923077}",
      1024,        14,         0,   0.022,pymatching,c2ee0fe2e0d594c6fb473479ca807579717f258a5cf736d0bc98fdd0f44bf536,"{""config"":[""Z0"",""Z""],""d"":7,""p"":0.008228205128205128}",
      4096,        67,         0,   0.085,pymatching,3fa8637fd37c7bcc5d791dfc60540e834a556ab838715db7a66d404b022b1c87,"{""config"":[""Z0"",""Z""],""d"":7,""p"":0.007871794871794872}",
      4096,        72,         0,   0.084,pymatching,8a9cb5f3d9bf0e4e9eeda9a663943885691e500addf044617ef06028f6001878,"{""config"":[""Z0"",""Z""],""d"":7,""p"":0.007515384615384615}",
     10240,        53,         0,   0.149,pymatching,92a7abdf4c8e6971e7de69c7aca3790c3892e94df6498b04b16cecd04e71a269,"{""config"":[""Z0"",""Z""],""d"":7,""p"":0.005733333333333333}",
      2048,        12,         0,   0.030,pymatching,92a7abdf4c8e6971e7de69c7aca3790c3892e94df6498b04b16cecd04e71a269,"{""config"":[""Z0"",""Z""],""d"":7,""p"":0.005733333333333333}",
      3640,        14,         0,   0.050,pymatching,eca9617815f52c439b2b6ca9c5616b3c4d8fd31d7d46d963cff4e595c6436dc0,"{""config"":[""Z0"",""Z""],""d"":7,""p"":0.005376923076923077}",
     69632,       847,         0,    1.38,pymatching,d23ec93a9511dfcfad5423fbfdff24e737a6d95f98b4a1c82f4675def9472084,"{""config"":[""Z0"",""Z""],""d"":7,""p"":0.007158974358974359}",
     22528,       252,         0,   0.413,pymatching,b769d13792f27d381b5f4dab20ab238652929843e762191bb21789b3077246b7,"{""config"":[""Z0"",""Z""],""d"":7,""p"":0.006802564102564103}",
      1322,         8,         0,   0.019,pymatching,eca9617815f52c439b2b6ca9c5616b3c4d8fd31d7d46d963cff4e595c6436dc0,"{""config"":[""Z0"",""Z""],""d"":7,""p"":0.005376923076923077}",
      2048,        10,         0,   0.035,pymatching,d300e6d1ba983bae4e939af9fabd4c25b1a11b2fb3b999b0407884475d3fac3a,"{""config"":[""Z0"",""Z""],""d"":7,""p"":0.006446153846153846}",
      4096,        37,         0,   0.063,pymatching,92a7abdf4c8e6971e7de69c7aca3790c3892e94df6498b04b16cecd04e71a269,"{""config"":[""Z0"",""Z""],""d"":7,""p"":0.005733333333333333}",
      5120,        19,         0,   0.072,pymatching,eca9617815f52c439b2b6ca9c5616b3c4d8fd31d7d46d963cff4e595c6436dc0,"{""config"":[""Z0"",""Z""],""d"":7,""p"":0.005376923076923077}",
      2048,        23,         0,   0.037,pymatching,b769d13792f27d381b5f4dab20ab238652929843e762191bb21789b3077246b7,"{""config"":[""Z0"",""Z""],""d"":7,""p"":0.006802564102564103}",
      2048,        22,         0,   0.041,pymatching,8a9cb5f3d9bf0e4e9eeda9a663943885691e500addf044617ef06028f6001878,"{""config"":[""Z0"",""Z""],""d"":7,""p"":0.007515384615384615}",
     10106,        42,         0,   0.148,pymatching,92a7abdf4c8e6971e7de69c7aca3790c3892e94df6498b04b16cecd04e71a269,"{""config"":[""Z0"",""Z""],""d"":7,""p"":0.005733333333333333}",
      3072,        26,         0,   0.048,pymatching,5b429b6d29d719034a3de26ecfd980c276ddca64727f400fe73971740676519a,"{""config"":[""Z0"",""Z""],""d"":7,""p"":0.00608974358974359}",
      2048,        44,         0,   0.043,pymatching,3fa8637fd37c7bcc5d791dfc60540e834a556ab838715db7a66d404b022b1c87,"{""config"":[""Z0"",""Z""],""d"":7,""p"":0.007871794871794872}",
      2048,        29,         0,   0.038,pymatching,d23ec93a9511dfcfad5423fbfdff24e737a6d95f98b4a1c82f4675def9472084,"{""config"":[""Z0"",""Z""],""d"":7,""p"":0.007158974358974359}",
      2048,        50,         0,   0.045,pymatching,c2ee0fe2e0d594c6fb473479ca807579717f258a5cf736d0bc98fdd0f44bf536,"{""config"":[""Z0"",""Z""],""d"":7,""p"":0.008228205128205128}",
     21504,       342,         0,   0.418,pymatching,8a9cb5f3d9bf0e4e9eeda9a663943885691e500addf044617ef06028f6001878,"{""config"":[""Z0"",""Z""],""d"":7,""p"":0.007515384615384615}",
      4096,        75,         0,   0.088,pymatching,c2ee0fe2e0d594c6fb473479ca807579717f258a5cf736d0bc98fdd0f44bf536,"{""config"":[""Z0"",""Z""],""d"":7,""p"":0.008228205128205128}",
     10240,       178,         0,   0.210,pymatching,3fa8637fd37c7bcc5d791dfc60540e834a556ab838715db7a66d404b022b1c87,"{""config"":[""Z0"",""Z""],""d"":7,""p"":0.007871794871794872}",
     21504,       297,         0,   0.418,pymatching,d23ec93a9511dfcfad5423fbfdff24e737a6d95f98b4a1c82f4675def9472084,"{""config"":[""Z0"",""Z""],""d"":7,""p"":0.007158974358974359}",
     10240,        62,         0,   0.160,pymatching,5b429b6d29d719034a3de26ecfd980c276ddca64727f400fe73971740676519a,"{""config"":[""Z0"",""Z""],""d"":7,""p"":0.00608974358974359}",
      2048,        35,         0,   0.045,pymatching,c2ee0fe2e0d594c6fb473479ca807579717f258a5cf736d0bc98fdd0f44bf536,"{""config"":[""Z0"",""Z""],""d"":7,""p"":0.008228205128205128}",
        60,         0,         0,   0.001,pymatching,eca9617815f52c439b2b6ca9c5616b3c4d8fd31d7d46d963cff4e595c6436dc0,"{""config"":[""Z0"",""Z""],""d"":7,""p"":0.005376923076923077}",
      3193,        22,         0,   0.047,pymatching,92a7abdf4c8e6971e7de69c7aca3790c3892e94df6498b04b16cecd04e71a269,"{""config"":[""Z0"",""Z""],""d"":7,""p"":0.005733333333333333}",
      3072,        15,         0,   0.046,pymatching,92a7abdf4c8e6971e7de69c7aca3790c3892e94df6498b04b16cecd04e71a269,"{""config"":[""Z0"",""Z""],""d"":7,""p"":0.005733333333333333}",
      8192,        82,         0,   0.149,pymatching,b769d13792f27d381b5f4dab20ab238652929843e762191bb21789b3077246b7,"{""config"":[""Z0"",""Z""],""d"":7,""p"":0.006802564102564103}",
     54272,      1239,         0,    1.24,pymatching,c2ee0fe2e0d594c6fb473479ca807579717f258a5cf736d0bc98fdd0f44bf536,"{""config"":[""Z0"",""Z""],""d"":7,""p"":0.008228205128205128}",
     11264,       162,         0,   0.218,pymatching,d23ec93a9511dfcfad5423fbfdff24e737a6d95f98b4a1c82f4675def9472084,"{""config"":[""Z0"",""Z""],""d"":7,""p"":0.007158974358974359}",
      2048,        36,         0,   0.041,pymatching,8a9cb5f3d9bf0e4e9eeda9a663943885691e500addf044617ef06028f6001878,"{""config"":[""Z0"",""Z""],""d"":7,""p"":0.007515384615384615}",
      6144,       122,         0,   0.138,pymatching,c2ee0fe2e0d594c6fb473479ca807579717f258a5cf736d0bc98fdd0f44bf536,"{""config"":[""Z0"",""Z""],""d"":7,""p"":0.008228205128205128}",
      8192,       167,         0,   0.188,pymatching,c2ee0fe2e0d594c6fb473479ca807579717f258a5cf736d0bc98fdd0f44bf536,"{""config"":[""Z0"",""Z""],""d"":7,""p"":0.008228205128205128}",
     11264,       169,         0,   0.219,pymatching,8a9cb5f3d9bf0e4e9eeda9a663943885691e500addf044617ef06028f6001878,"{""config"":[""Z0"",""Z""],""d"":7,""p"":0.007515384615384615}",
      2048,        49,         0,   0.043,pymatching,3fa8637fd37c7bcc5d791dfc60540e834a556ab838715db7a66d404b022b1c87,"{""config"":[""Z0"",""Z""],""d"":7,""p"":0.007871794871794872}",
      3072,        21,         0,   0.053,pymatching,d300e6d1ba983bae4e939af9fabd4c25b1a11b2fb3b999b0407884475d3fac3a,"{""config"":[""Z0"",""Z""],""d"":7,""p"":0.006446153846153846}",
       786,         4,         0,   0.026,pymatching,eca9617815f52c439b2b6ca9c5616b3c4d8fd31d7d46d963cff4e595c6436dc0,"{""config"":[""Z0"",""Z""],""d"":7,""p"":0.005376923076923077}",
     27648,       595,         0,   0.625,pymatching,c2ee0fe2e0d594c6fb473479ca807579717f258a5cf736d0bc98fdd0f44bf536,"{""config"":[""Z0"",""Z""],""d"":7,""p"":0.008228205128205128}",
      1024,        16,         0,   0.023,pymatching,c2ee0fe2e0d594c6fb473479ca807579717f258a5cf736d0bc98fdd0f44bf536,"{""config"":[""Z0"",""Z""],""d"":7,""p"":0.008228205128205128}",
      3072,        48,         0,   0.055,pymatching,b769d13792f27d381b5f4dab20ab238652929843e762191bb21789b3077246b7,"{""config"":[""Z0"",""Z""],""d"":7,""p"":0.006802564102564103}",
      3034,        16,         0,   0.045,pymatching,92a7abdf4c8e6971e7de69c7aca3790c3892e94df6498b04b16cecd04e71a269,"{""config"":[""Z0"",""Z""],""d"":7,""p"":0.005733333333333333}",
      2048,        28,         0,   0.046,pymatching,c2ee0fe2e0d594c6fb473479ca807579717f258a5cf736d0bc98fdd0f44bf536,"{""config"":[""Z0"",""Z""],""d"":7,""p"":0.008228205128205128}",
     13312,        76,         0,   0.204,pymatching,92a7abdf4c8e6971e7de69c7aca3790c3892e94df6498b04b16cecd04e71a269,"{""config"":[""Z0"",""Z""],""d"":7,""p"":0.005733333333333333}",
     10240,        41,         0,   0.157,pymatching,92a7abdf4c8e6971e7de69c7aca3790c3892e94df6498b04b16cecd04e71a269,"{""config"":[""Z0"",""Z""],""d"":7,""p"":0.005733333333333333}",
      9216,        74,         0,   0.158,pymatching,d300e6d1ba983bae4e939af9fabd4c25b1a11b2fb3b999b0407884475d3fac3a,"{""config"":[""Z0"",""Z""],""d"":7,""p"":0.006446153846153846}",
      2048,        45,         0,   0.045,pymatching,c2ee0fe2e0d594c6fb473479ca807579717f258a5cf736d0bc98fdd0f44bf536,"{""config"":[""Z0"",""Z""],""d"":7,""p"":0.008228205128205128}",
       437,         0,         0,   0.007,pymatching,92a7abdf4c8e6971e7de69c7aca3790c3892e94df6498b04b16cecd04e71a269,"{""config"":[""Z0"",""Z""],""d"":7,""p"":0.005733333333333333}",
     41984,       463,         0,   0.770,pymatching,b769d13792f27d381b5f4dab20ab238652929843e762191bb21789b3077246b7,"{""config"":[""Z0"",""Z""],""d"":7,""p"":0.006802564102564103}",
      4096,        25,         0,   0.064,pymatching,5b429b6d29d719034a3de26ecfd980c276ddca64727f400fe73971740676519a,"{""config"":[""Z0"",""Z""],""d"":7,""p"":0.00608974358974359}",
      3072,        42,         0,   0.057,pymatching,d23ec93a9511dfcfad5423fbfdff24e737a6d95f98b4a1c82f4675def9472084,"{""config"":[""Z0"",""Z""],""d"":7,""p"":0.007158974358974359}",
      1297,        10,         0,   0.022,pymatching,5b429b6d29d719034a3de26ecfd980c276ddca64727f400fe73971740676519a,"{""config"":[""Z0"",""Z""],""d"":7,""p"":0.00608974358974359}",
      1297,        13,         0,   0.024,pymatching,d300e6d1ba983bae4e939af9fabd4c25b1a11b2fb3b999b0407884475d3fac3a,"{""config"":[""Z0"",""Z""],""d"":7,""p"":0.006446153846153846}",
      5120,        23,         0,   0.077,pymatching,92a7abdf4c8e6971e7de69c7aca3790c3892e94df6498b04b16cecd04e71a269,"{""config"":[""Z0"",""Z""],""d"":7,""p"":0.005733333333333333}",
       121,         2,         0,   0.002,pymatching,92a7abdf4c8e6971e7de69c7aca3790c3892e94df6498b04b16cecd04e71a269,"{""config"":[""Z0"",""Z""],""d"":7,""p"":0.005733333333333333}",
      1297,        20,         0,   0.029,pymatching,8a9cb5f3d9bf0e4e9eeda9a663943885691e500addf044617ef06028f6001878,"{""config"":[""Z0"",""Z""],""d"":7,""p"":0.007515384615384615}",
      6144,        63,         0,   0.120,pymatching,d23ec93a9511dfcfad5423fbfdff24e737a6d95f98b4a1c82f4675def9472084,"{""config"":[""Z0"",""Z""],""d"":7,""p"":0.007158974358974359}",
     67584,      1059,         0,    1.39,pymatching,8a9cb5f3d9bf0e4e9eeda9a663943885691e500addf044617ef06028f6001878,"{""config"":[""Z0"",""Z""],""d"":7,""p"":0.007515384615384615}",
      1024,         7,         0,   0.016,pymatching,5b429b6d29d719034a3de26ecfd980c276ddca64727f400fe73971740676519a,"{""config"":[""Z0"",""Z""],""d"":7,""p"":0.00608974358974359}",
      1297,        18,         0,   0.030,pymatching,3fa8637fd37c7bcc5d791dfc60540e834a556ab838715db7a66d404b022b1c87,"{""config"":[""Z0"",""Z""],""d"":7,""p"":0.007871794871794872}",
      1024,        10,         0,   0.017,pymatching,d300e6d1ba983bae4e939af9fabd4c25b1a11b2fb3b999b0407884475d3fac3a,"{""config"":[""Z0"",""Z""],""d"":7,""p"":0.006446153846153846}",
      1297,        12,         0,   0.025,pymatching,b769d13792f27d381b5f4dab20ab238652929843e762191bb21789b3077246b7,"{""config"":[""Z0"",""Z""],""d"":7,""p"":0.006802564102564103}",
      1024,         4,         0,   0.015,pymatching,92a7abdf4c8e6971e7de69c7aca3790c3892e94df6498b04b16cecd04e71a269,"{""config"":[""Z0"",""Z""],""d"":7,""p"":0.005733333333333333}",
     62464,      1152,         0,    1.36,pymatching,3fa8637fd37c7bcc5d791dfc60540e834a556ab838715db7a66d404b022b1c87,"{""config"":[""Z0"",""Z""],""d"":7,""p"":0.007871794871794872}",
      7024,        35,         0,   0.103,pymatching,92a7abdf4c8e6971e7de69c7aca3790c3892e94df6498b04b16cecd04e71a269,"{""config"":[""Z0"",""Z""],""d"":7,""p"":0.005733333333333333}",
      4096,        26,         0,   0.060,pymatching,92a7abdf4c8e6971e7de69c7aca3790c3892e94df6498b04b16cecd04e71a269,"{""config"":[""Z0"",""Z""],""d"":7,""p"":0.005733333333333333}",
     44032,       590,         0,   0.821,pymatching,d23ec93a9511dfcfad5423fbfdff24e737a6d95f98b4a1c82f4675def9472084,"{""config"":[""Z0"",""Z""],""d"":7,""p"":0.007158974358974359}",
      1297,        22,         0,   0.026,pymatching,d23ec93a9511dfcfad5423fbfdff24e737a6d95f98b4a1c82f4675def9472084,"{""config"":[""Z0"",""Z""],""d"":7,""p"":0.007158974358974359}",
      1024,        12,         0,   0.021,pymatching,8a9cb5f3d9bf0e4e9eeda9a663943885691e500addf044617ef06028f6001878,"{""config"":[""Z0"",""Z""],""d"":7,""p"":0.007515384615384615}",
      3072,        52,         0,   0.061,pymatching,8a9cb5f3d9bf0e4e9eeda9a663943885691e500addf044617ef06028f6001878,"{""config"":[""Z0"",""Z""],""d"":7,""p"":0.007515384615384615}",
       468,         3,         0,   0.007,pymatching,92a7abdf4c8e6971e7de69c7aca3790c3892e94df6498b04b16cecd04e71a269,"{""config"":[""Z0"",""Z""],""d"":7,""p"":0.005733333333333333}",
     38912,       654,         0,   0.806,pymatching,3fa8637fd37c7bcc5d791dfc60540e834a556ab838715db7a66d404b022b1c87,"{""config"":[""Z0"",""Z""],""d"":7,""p"":0.007871794871794872}",
      1024,        18,         0,   0.018,pymatching,b769d13792f27d381b5f4dab20ab238652929843e762191bb21789b3077246b7,"{""config"":[""Z0"",""Z""],""d"":7,""p"":0.006802564102564103}",
      6144,        88,         0,   0.122,pymatching,8a9cb5f3d9bf0e4e9eeda9a663943885691e500addf044617ef06028f6001878,"{""config"":[""Z0"",""Z""],""d"":7,""p"":0.007515384615384615}",
      1297,        24,         0,   0.029,pymatching,3fa8637fd37c7bcc5d791dfc60540e834a556ab838715db7a66d404b022b1c87,"{""config"":[""Z0"",""Z""],""d"":7,""p"":0.007871794871794872}",
      1024,        22,         0,   0.022,pymatching,3fa8637fd37c7bcc5d791dfc60540e834a556ab838715db7a66d404b022b1c87,"{""config"":[""Z0"",""Z""],""d"":7,""p"":0.007871794871794872}",
      1024,         4,         0,   0.015,pymatching,92a7abdf4c8e6971e7de69c7aca3790c3892e94df6498b04b16cecd04e71a269,"{""config"":[""Z0"",""Z""],""d"":7,""p"":0.005733333333333333}",
      3072,        30,         0,   0.056,pymatching,b769d13792f27d381b5f4dab20ab238652929843e762191bb21789b3077246b7,"{""config"":[""Z0"",""Z""],""d"":7,""p"":0.006802564102564103}",
      6144,        98,         0,   0.125,pymatching,3fa8637fd37c7bcc5d791dfc60540e834a556ab838715db7a66d404b022b1c87,"{""config"":[""Z0"",""Z""],""d"":7,""p"":0.007871794871794872}",
      1496,         6,         0,   0.024,pymatching,92a7abdf4c8e6971e7de69c7aca3790c3892e94df6498b04b16cecd04e71a269,"{""config"":[""Z0"",""Z""],""d"":7,""p"":0.005733333333333333}",
      3072,        54,         0,   0.064,pymatching,3fa8637fd37c7bcc5d791dfc60540e834a556ab838715db7a66d404b022b1c87,"{""config"":[""Z0"",""Z""],""d"":7,""p"":0.007871794871794872}",
     13312,       277,         0,   0.282,pymatching,3fa8637fd37c7bcc5d791dfc60540e834a556ab838715db7a66d404b022b1c87,"{""config"":[""Z0"",""Z""],""d"":7,""p"":0.007871794871794872}",
        58,         0,         0,   0.001,pymatching,92a7abdf4c8e6971e7de69c7aca3790c3892e94df6498b04b16cecd04e71a269,"{""config"":[""Z0"",""Z""],""d"":7,""p"":0.005733333333333333}",
      3010,        14,         0,   0.045,pymatching,92a7abdf4c8e6971e7de69c7aca3790c3892e94df6498b04b16cecd04e71a269,"{""config"":[""Z0"",""Z""],""d"":7,""p"":0.005733333333333333}",
      2048,        17,         0,   0.032,pymatching,5b429b6d29d719034a3de26ecfd980c276ddca64727f400fe73971740676519a,"{""config"":[""Z0"",""Z""],""d"":7,""p"":0.00608974358974359}",
       183,         0,         0,   0.003,pymatching,92a7abdf4c8e6971e7de69c7aca3790c3892e94df6498b04b16cecd04e71a269,"{""config"":[""Z0"",""Z""],""d"":7,""p"":0.005733333333333333}",
      1024,        14,         0,   0.021,pymatching,d23ec93a9511dfcfad5423fbfdff24e737a6d95f98b4a1c82f4675def9472084,"{""config"":[""Z0"",""Z""],""d"":7,""p"":0.007158974358974359}",
      4096,        40,         0,   0.069,pymatching,d300e6d1ba983bae4e939af9fabd4c25b1a11b2fb3b999b0407884475d3fac3a,"{""config"":[""Z0"",""Z""],""d"":7,""p"":0.006446153846153846}",
      5120,       116,         0,   0.106,pymatching,3fa8637fd37c7bcc5d791dfc60540e834a556ab838715db7a66d404b022b1c87,"{""config"":[""Z0"",""Z""],""d"":7,""p"":0.007871794871794872}",
      1024,        22,         0,   0.021,pymatching,8a9cb5f3d9bf0e4e9eeda9a663943885691e500addf044617ef06028f6001878,"{""config"":[""Z0"",""Z""],""d"":7,""p"":0.007515384615384615}",
      1024,         7,         0,   0.019,pymatching,92a7abdf4c8e6971e7de69c7aca3790c3892e94df6498b04b16cecd04e71a269,"{""config"":[""Z0"",""Z""],""d"":7,""p"":0.005733333333333333}",
      3072,        47,         0,   0.056,pymatching,d23ec93a9511dfcfad5423fbfdff24e737a6d95f98b4a1c82f4675def9472084,"{""config"":[""Z0"",""Z""],""d"":7,""p"":0.007158974358974359}",
      3010,        13,         0,   0.046,pymatching,92a7abdf4c8e6971e7de69c7aca3790c3892e94df6498b04b16cecd04e71a269,"{""config"":[""Z0"",""Z""],""d"":7,""p"":0.005733333333333333}",
      2048,        15,         0,   0.034,pymatching,d300e6d1ba983bae4e939af9fabd4c25b1a11b2fb3b999b0407884475d3fac3a,"{""config"":[""Z0"",""Z""],""d"":7,""p"":0.006446153846153846}",
       240,         3,         0,   0.004,pymatching,92a7abdf4c8e6971e7de69c7aca3790c3892e94df6498b04b16cecd04e71a269,"{""config"":[""Z0"",""Z""],""d"":7,""p"":0.005733333333333333}",
       236,         0,         0,   0.006,pymatching,92a7abdf4c8e6971e7de69c7aca3790c3892e94df6498b04b16cecd04e71a269,"{""config"":[""Z0"",""Z""],""d"":7,""p"":0.005733333333333333}",
      1024,        16,         0,   0.020,pymatching,d23ec93a9511dfcfad5423fbfdff24e737a6d95f98b4a1c82f4675def9472084,"{""config"":[""Z0"",""Z""],""d"":7,""p"":0.007158974358974359}",
      1660,        24,         0,   0.031,pymatching,d23ec93a9511dfcfad5423fbfdff24e737a6d95f98b4a1c82f4675def9472084,"{""config"":[""Z0"",""Z""],""d"":7,""p"":0.007158974358974359}",
      5120,        28,         0,   0.079,pymatching,5b429b6d29d719034a3de26ecfd980c276ddca64727f400fe73971740676519a,"{""config"":[""Z0"",""Z""],""d"":7,""p"":0.00608974358974359}",
      2048,        26,         0,   0.036,pymatching,b769d13792f27d381b5f4dab20ab238652929843e762191bb21789b3077246b7,"{""config"":[""Z0"",""Z""],""d"":7,""p"":0.006802564102564103}",
      2048,        20,         0,   0.032,pymatching,5b429b6d29d719034a3de26ecfd980c276ddca64727f400fe73971740676519a,"{""config"":[""Z0"",""Z""],""d"":7,""p"":0.00608974358974359}",
      1297,         6,         0,   0.023,pymatching,5b429b6d29d719034a3de26ecfd980c276ddca64727f400fe73971740676519a,"{""config"":[""Z0"",""Z""],""d"":7,""p"":0.00608974358974359}",
      1297,        18,         0,   0.026,pymatching,d23ec93a9511dfcfad5423fbfdff24e737a6d95f98b4a1c82f4675def9472084,"{""config"":[""Z0"",""Z""],""d"":7,""p"":0.007158974358974359}",
      2048,        20,         0,   0.034,pymatching,d300e6d1ba983bae4e939af9fabd4c25b1a11b2fb3b999b0407884475d3fac3a,"{""config"":[""Z0"",""Z""],""d"":7,""p"":0.006446153846153846}",
        90,         0,         0,   0.003,pymatching,92a7abdf4c8e6971e7de69c7aca3790c3892e94df6498b04b16cecd04e71a269,"{""config"":[""Z0"",""Z""],""d"":7,""p"":0.005733333333333333}",
      1297,        19,         0,   0.027,pymatching,8a9cb5f3d9bf0e4e9eeda9a663943885691e500addf044617ef06028f6001878,"{""config"":[""Z0"",""Z""],""d"":7,""p"":0.007515384615384615}",
     21159,       155,         0,   0.340,pymatching,5b429b6d29d719034a3de26ecfd980c276ddca64727f400fe73971740676519a,"{""config"":[""Z0"",""Z""],""d"":7,""p"":0.00608974358974359}",
      2048,        40,         0,   0.041,pymatching,8a9cb5f3d9bf0e4e9eeda9a663943885691e500addf044617ef06028f6001878,"{""config"":[""Z0"",""Z""],""d"":7,""p"":0.007515384615384615}",
       407,         2,         0,   0.008,pymatching,92a7abdf4c8e6971e7de69c7aca3790c3892e94df6498b04b16cecd04e71a269,"{""config"":[""Z0"",""Z""],""d"":7,""p"":0.005733333333333333}",
      1297,        10,         0,   0.023,pymatching,d300e6d1ba983bae4e939af9fabd4c25b1a11b2fb3b999b0407884475d3fac3a,"{""config"":[""Z0"",""Z""],""d"":7,""p"":0.006446153846153846}",
       407,         2,         0,   0.008,pymatching,92a7abdf4c8e6971e7de69c7aca3790c3892e94df6498b04b16cecd04e71a269,"{""config"":[""Z0"",""Z""],""d"":7,""p"":0.005733333333333333}",
      1297,        15,         0,   0.024,pymatching,d300e6d1ba983bae4e939af9fabd4c25b1a11b2fb3b999b0407884475d3fac3a,"{""config"":[""Z0"",""Z""],""d"":7,""p"":0.006446153846153846}",
      1024,         5,         0,   0.016,pymatching,5b429b6d29d719034a3de26ecfd980c276ddca64727f400fe73971740676519a,"{""config"":[""Z0"",""Z""],""d"":7,""p"":0.00608974358974359}",
       294,         1,         0,   0.010,pymatching,92a7abdf4c8e6971e7de69c7aca3790c3892e94df6498b04b16cecd04e71a269,"{""config"":[""Z0"",""Z""],""d"":7,""p"":0.005733333333333333}",
       452,         0,         0,   0.014,pymatching,92a7abdf4c8e6971e7de69c7aca3790c3892e94df6498b04b16cecd04e71a269,"{""config"":[""Z0"",""Z""],""d"":7,""p"":0.005733333333333333}",
     38912,       624,         0,   0.792,pymatching,8a9cb5f3d9bf0e4e9eeda9a663943885691e500addf044617ef06028f6001878,"{""config"":[""Z0"",""Z""],""d"":7,""p"":0.007515384615384615}",
     19456,       176,         0,   0.331,pymatching,d300e6d1ba983bae4e939af9fabd4c25b1a11b2fb3b999b0407884475d3fac3a,"{""config"":[""Z0"",""Z""],""d"":7,""p"":0.006446153846153846}",
      1297,        13,         0,   0.022,pymatching,5b429b6d29d719034a3de26ecfd980c276ddca64727f400fe73971740676519a,"{""config"":[""Z0"",""Z""],""d"":7,""p"":0.00608974358974359}",
      1024,        14,         0,   0.020,pymatching,d23ec93a9511dfcfad5423fbfdff24e737a6d95f98b4a1c82f4675def9472084,"{""config"":[""Z0"",""Z""],""d"":7,""p"":0.007158974358974359}",
       229,         2,         0,   0.004,pymatching,92a7abdf4c8e6971e7de69c7aca3790c3892e94df6498b04b16cecd04e71a269,"{""config"":[""Z0"",""Z""],""d"":7,""p"":0.005733333333333333}",
      1297,        14,         0,   0.026,pymatching,d23ec93a9511dfcfad5423fbfdff24e737a6d95f98b4a1c82f4675def9472084,"{""config"":[""Z0"",""Z""],""d"":7,""p"":0.007158974358974359}",
       452,         3,         0,   0.014,pymatching,92a7abdf4c8e6971e7de69c7aca3790c3892e94df6498b04b16cecd04e71a269,"{""config"":[""Z0"",""Z""],""d"":7,""p"":0.005733333333333333}",
      1297,        15,         0,   0.025,pymatching,b769d13792f27d381b5f4dab20ab238652929843e762191bb21789b3077246b7,"{""config"":[""Z0"",""Z""],""d"":7,""p"":0.006802564102564103}",
       452,         6,         0,   0.016,pymatching,92a7abdf4c8e6971e7de69c7aca3790c3892e94df6498b04b16cecd04e71a269,"{""config"":[""Z0"",""Z""],""d"":7,""p"":0.005733333333333333}",
      1024,        15,         0,   0.020,pymatching,8a9cb5f3d9bf0e4e9eeda9a663943885691e500addf044617ef06028f6001878,"{""config"":[""Z0"",""Z""],""d"":7,""p"":0.007515384615384615}",
      2048,        28,         0,   0.041,pymatching,d23ec93a9511dfcfad5423fbfdff24e737a6d95f98b4a1c82f4675def9472084,"{""config"":[""Z0"",""Z""],""d"":7,""p"":0.007158974358974359}",
      1024,         9,         0,   0.017,pymatching,d300e6d1ba983bae4e939af9fabd4c25b1a11b2fb3b999b0407884475d3fac3a,"{""config"":[""Z0"",""Z""],""d"":7,""p"":0.006446153846153846}",
      2048,        22,         0,   0.036,pymatching,b769d13792f27d381b5f4dab20ab238652929843e762191bb21789b3077246b7,"{""config"":[""Z0"",""Z""],""d"":7,""p"":0.006802564102564103}",
      1024,         7,         0,   0.017,pymatching,d300e6d1ba983bae4e939af9fabd4c25b1a11b2fb3b999b0407884475d3fac3a,"{""config"":[""Z0"",""Z""],""d"":7,""p"":0.006446153846153846}",
      1297,        11,         0,   0.026,pymatching,b769d13792f27d381b5f4dab20ab238652929843e762191bb21789b3077246b7,"{""config"":[""Z0"",""Z""],""d"":7,""p"":0.006802564102564103}",
      4096,        66,         0,   0.083,pymatching,8a9cb5f3d9bf0e4e9eeda9a663943885691e500addf044617ef06028f6001878,"{""config"":[""Z0"",""Z""],""d"":7,""p"":0.007515384615384615}",
     18432,       149,         0,   0.288,pymatching,5b429b6d29d719034a3de26ecfd980c276ddca64727f400fe73971740676519a,"{""config"":[""Z0"",""Z""],""d"":7,""p"":0.00608974358974359}",
      1297,        19,         0,   0.031,pymatching,8a9cb5f3d9bf0e4e9eeda9a663943885691e500addf044617ef06028f6001878,"{""config"":[""Z0"",""Z""],""d"":7,""p"":0.007515384615384615}",
      1024,         8,         0,   0.016,pymatching,5b429b6d29d719034a3de26ecfd980c276ddca64727f400fe73971740676519a,"{""config"":[""Z0"",""Z""],""d"":7,""p"":0.00608974358974359}",
      4384,        67,         0,   0.089,pymatching,8a9cb5f3d9bf0e4e9eeda9a663943885691e500addf044617ef06028f6001878,"{""config"":[""Z0"",""Z""],""d"":7,""p"":0.007515384615384615}",
      1024,        13,         0,   0.019,pymatching,d23ec93a9511dfcfad5423fbfdff24e737a6d95f98b4a1c82f4675def9472084,"{""config"":[""Z0"",""Z""],""d"":7,""p"":0.007158974358974359}",
      1024,        10,         0,   0.018,pymatching,b769d13792f27d381b5f4dab20ab238652929843e762191bb21789b3077246b7,"{""config"":[""Z0"",""Z""],""d"":7,""p"":0.006802564102564103}",
      3072,        26,         0,   0.049,pymatching,5b429b6d29d719034a3de26ecfd980c276ddca64727f400fe73971740676519a,"{""config"":[""Z0"",""Z""],""d"":7,""p"":0.00608974358974359}",
      4096,        67,         0,   0.077,pymatching,d23ec93a9511dfcfad5423fbfdff24e737a6d95f98b4a1c82f4675def9472084,"{""config"":[""Z0"",""Z""],""d"":7,""p"":0.007158974358974359}",
      2048,        19,         0,   0.032,pymatching,5b429b6d29d719034a3de26ecfd980c276ddca64727f400fe73971740676519a,"{""config"":[""Z0"",""Z""],""d"":7,""p"":0.00608974358974359}",
        88,         0,         0,   0.003,pymatching,92a7abdf4c8e6971e7de69c7aca3790c3892e94df6498b04b16cecd04e71a269,"{""config"":[""Z0"",""Z""],""d"":7,""p"":0.005733333333333333}",
      1024,        20,         0,   0.020,pymatching,8a9cb5f3d9bf0e4e9eeda9a663943885691e500addf044617ef06028f6001878,"{""config"":[""Z0"",""Z""],""d"":7,""p"":0.007515384615384615}",
      1024,         7,         0,   0.018,pymatching,b769d13792f27d381b5f4dab20ab238652929843e762191bb21789b3077246b7,"{""config"":[""Z0"",""Z""],""d"":7,""p"":0.006802564102564103}",
      5120,        49,         0,   0.091,pymatching,b769d13792f27d381b5f4dab20ab238652929843e762191bb21789b3077246b7,"{""config"":[""Z0"",""Z""],""d"":7,""p"":0.006802564102564103}",
       398,         3,         0,   0.014,pymatching,92a7abdf4c8e6971e7de69c7aca3790c3892e94df6498b04b16cecd04e71a269,"{""config"":[""Z0"",""Z""],""d"":7,""p"":0.005733333333333333}",
      2048,        27,         0,   0.040,pymatching,8a9cb5f3d9bf0e4e9eeda9a663943885691e500addf044617ef06028f6001878,"{""config"":[""Z0"",""Z""],""d"":7,""p"":0.007515384615384615}",
      5120,        41,         0,   0.087,pymatching,d300e6d1ba983bae4e939af9fabd4c25b1a11b2fb3b999b0407884475d3fac3a,"{""config"":[""Z0"",""Z""],""d"":7,""p"":0.006446153846153846}",
      8192,       118,         0,   0.161,pymatching,8a9cb5f3d9bf0e4e9eeda9a663943885691e500addf044617ef06028f6001878,"{""config"":[""Z0"",""Z""],""d"":7,""p"":0.007515384615384615}",
      1024,        15,         0,   0.021,pymatching,8a9cb5f3d9bf0e4e9eeda9a663943885691e500addf044617ef06028f6001878,"{""config"":[""Z0"",""Z""],""d"":7,""p"":0.007515384615384615}",
       358,         4,         0,   0.013,pymatching,92a7abdf4c8e6971e7de69c7aca3790c3892e94df6498b04b16cecd04e71a269,"{""config"":[""Z0"",""Z""],""d"":7,""p"":0.005733333333333333}",
      3072,        30,         0,   0.051,pymatching,d300e6d1ba983bae4e939af9fabd4c25b1a11b2fb3b999b0407884475d3fac3a,"{""config"":[""Z0"",""Z""],""d"":7,""p"":0.006446153846153846}",
      5120,        96,         0,   0.103,pymatching,8a9cb5f3d9bf0e4e9eeda9a663943885691e500addf044617ef06028f6001878,"{""config"":[""Z0"",""Z""],""d"":7,""p"":0.007515384615384615}",
      2048,        30,         0,   0.039,pymatching,d23ec93a9511dfcfad5423fbfdff24e737a6d95f98b4a1c82f4675def9472084,"{""config"":[""Z0"",""Z""],""d"":7,""p"":0.007158974358974359}",
      2048,        19,         0,   0.034,pymatching,d300e6d1ba983bae4e939af9fabd4c25b1a11b2fb3b999b0407884475d3fac3a,"{""config"":[""Z0"",""Z""],""d"":7,""p"":0.006446153846153846}",
      1024,        17,         0,   0.020,pymatching,d23ec93a9511dfcfad5423fbfdff24e737a6d95f98b4a1c82f4675def9472084,"{""config"":[""Z0"",""Z""],""d"":7,""p"":0.007158974358974359}",
      2048,        10,         0,   0.034,pymatching,d300e6d1ba983bae4e939af9fabd4c25b1a11b2fb3b999b0407884475d3fac3a,"{""config"":[""Z0"",""Z""],""d"":7,""p"":0.006446153846153846}",
      2048,        21,         0,   0.039,pymatching,d23ec93a9511dfcfad5423fbfdff24e737a6d95f98b4a1c82f4675def9472084,"{""config"":[""Z0"",""Z""],""d"":7,""p"":0.007158974358974359}",
      1024,         9,         0,   0.020,pymatching,8a9cb5f3d9bf0e4e9eeda9a663943885691e500addf044617ef06028f6001878,"{""config"":[""Z0"",""Z""],""d"":7,""p"":0.007515384615384615}",
      2048,        19,         0,   0.032,pymatching,5b429b6d29d719034a3de26ecfd980c276ddca64727f400fe73971740676519a,"{""config"":[""Z0"",""Z""],""d"":7,""p"":0.00608974358974359}",
        40,         0,         0,   0.002,pymatching,92a7abdf4c8e6971e7de69c7aca3790c3892e94df6498b04b16cecd04e71a269,"{""config"":[""Z0"",""Z""],""d"":7,""p"":0.005733333333333333}",
         3,         0,         0,   0.001,pymatching,92a7abdf4c8e6971e7de69c7aca3790c3892e94df6498b04b16cecd04e71a269,"{""config"":[""Z0"",""Z""],""d"":7,""p"":0.005733333333333333}",
      2048,        36,         0,   0.040,pymatching,8a9cb5f3d9bf0e4e9eeda9a663943885691e500addf044617ef06028f6001878,"{""config"":[""Z0"",""Z""],""d"":7,""p"":0.007515384615384615}",
      1024,        14,         0,   0.021,pymatching,8a9cb5f3d9bf0e4e9eeda9a663943885691e500addf044617ef06028f6001878,"{""config"":[""Z0"",""Z""],""d"":7,""p"":0.007515384615384615}",
     17473,       171,         0,   0.292,pymatching,d300e6d1ba983bae4e939af9fabd4c25b1a11b2fb3b999b0407884475d3fac3a,"{""config"":[""Z0"",""Z""],""d"":7,""p"":0.006446153846153846}",
     11264,       169,         0,   0.219,pymatching,8a9cb5f3d9bf0e4e9eeda9a663943885691e500addf044617ef06028f6001878,"{""config"":[""Z0"",""Z""],""d"":7,""p"":0.007515384615384615}",
      2048,        12,         0,   0.032,pymatching,5b429b6d29d719034a3de26ecfd980c276ddca64727f400fe73971740676519a,"{""config"":[""Z0"",""Z""],""d"":7,""p"":0.00608974358974359}",
      2048,        18,         0,   0.037,pymatching,b769d13792f27d381b5f4dab20ab238652929843e762191bb21789b3077246b7,"{""config"":[""Z0"",""Z""],""d"":7,""p"":0.006802564102564103}",
     14336,       116,         0,   0.241,pymatching,d300e6d1ba983bae4e939af9fabd4c25b1a11b2fb3b999b0407884475d3fac3a,"{""config"":[""Z0"",""Z""],""d"":7,""p"":0.006446153846153846}",
      3072,        36,         0,   0.054,pymatching,b769d13792f27d381b5f4dab20ab238652929843e762191bb21789b3077246b7,"{""config"":[""Z0"",""Z""],""d"":7,""p"":0.006802564102564103}",
      2048,        13,         0,   0.036,pymatching,b769d13792f27d381b5f4dab20ab238652929843e762191bb21789b3077246b7,"{""config"":[""Z0"",""Z""],""d"":7,""p"":0.006802564102564103}",
     15360,       127,         0,   0.257,pymatching,d300e6d1ba983bae4e939af9fabd4c25b1a11b2fb3b999b0407884475d3fac3a,"{""config"":[""Z0"",""Z""],""d"":7,""p"":0.006446153846153846}",
     13312,        98,         0,   0.211,pymatching,5b429b6d29d719034a3de26ecfd980c276ddca64727f400fe73971740676519a,"{""config"":[""Z0"",""Z""],""d"":7,""p"":0.00608974358974359}",
      8192,        95,         0,   0.159,pymatching,d23ec93a9511dfcfad5423fbfdff24e737a6d95f98b4a1c82f4675def9472084,"{""config"":[""Z0"",""Z""],""d"":7,""p"":0.007158974358974359}",
      2048,        20,         0,   0.034,pymatching,d300e6d1ba983bae4e939af9fabd4c25b1a11b2fb3b999b0407884475d3fac3a,"{""config"":[""Z0"",""Z""],""d"":7,""p"":0.006446153846153846}",
      2048,        15,         0,   0.033,pymatching,d300e6d1ba983bae4e939af9fabd4c25b1a11b2fb3b999b0407884475d3fac3a,"{""config"":[""Z0"",""Z""],""d"":7,""p"":0.006446153846153846}",
      2048,        13,         0,   0.032,pymatching,5b429b6d29d719034a3de26ecfd980c276ddca64727f400fe73971740676519a,"{""config"":[""Z0"",""Z""],""d"":7,""p"":0.00608974358974359}",
     17350,       127,         0,   0.275,pymatching,5b429b6d29d719034a3de26ecfd980c276ddca64727f400fe73971740676519a,"{""config"":[""Z0"",""Z""],""d"":7,""p"":0.00608974358974359}",
      2048,        22,         0,   0.039,pymatching,d23ec93a9511dfcfad5423fbfdff24e737a6d95f98b4a1c82f4675def9472084,"{""config"":[""Z0"",""Z""],""d"":7,""p"":0.007158974358974359}",
      2048,        27,         0,   0.038,pymatching,d23ec93a9511dfcfad5423fbfdff24e737a6d95f98b4a1c82f4675def9472084,"{""config"":[""Z0"",""Z""],""d"":7,""p"":0.007158974358974359}",
      7168,        40,         0,   0.111,pymatching,5b429b6d29d719034a3de26ecfd980c276ddca64727f400fe73971740676519a,"{""config"":[""Z0"",""Z""],""d"":7,""p"":0.00608974358974359}",
     12288,       132,         0,   0.220,pymatching,b769d13792f27d381b5f4dab20ab238652929843e762191bb21789b3077246b7,"{""config"":[""Z0"",""Z""],""d"":7,""p"":0.006802564102564103}",
      4096,        21,         0,   0.063,pymatching,5b429b6d29d719034a3de26ecfd980c276ddca64727f400fe73971740676519a,"{""config"":[""Z0"",""Z""],""d"":7,""p"":0.00608974358974359}",
       358,         1,         0,   0.008,pymatching,92a7abdf4c8e6971e7de69c7aca3790c3892e94df6498b04b16cecd04e71a269,"{""config"":[""Z0"",""Z""],""d"":7,""p"":0.005733333333333333}",
     12288,       103,         0,   0.206,pymatching,d300e6d1ba983bae4e939af9fabd4c25b1a11b2fb3b999b0407884475d3fac3a,"{""config"":[""Z0"",""Z""],""d"":7,""p"":0.006446153846153846}",
     23617,       260,         0,   0.415,pymatching,b769d13792f27d381b5f4dab20ab238652929843e762191bb21789b3077246b7,"{""config"":[""Z0"",""Z""],""d"":7,""p"":0.006802564102564103}",
       103,         0,         0,   0.002,pymatching,d300e6d1ba983bae4e939af9fabd4c25b1a11b2fb3b999b0407884475d3fac3a,"{""config"":[""Z0"",""Z""],""d"":7,""p"":0.006446153846153846}",
     17350,       141,         0,   0.277,pymatching,5b429b6d29d719034a3de26ecfd980c276ddca64727f400fe73971740676519a,"{""config"":[""Z0"",""Z""],""d"":7,""p"":0.00608974358974359}",
      2048,        28,         0,   0.037,pymatching,b769d13792f27d381b5f4dab20ab238652929843e762191bb21789b3077246b7,"{""config"":[""Z0"",""Z""],""d"":7,""p"":0.006802564102564103}",
      1922,        14,         0,   0.030,pymatching,5b429b6d29d719034a3de26ecfd980c276ddca64727f400fe73971740676519a,"{""config"":[""Z0"",""Z""],""d"":7,""p"":0.00608974358974359}",
      1297,         5,         0,   0.025,pymatching,d300e6d1ba983bae4e939af9fabd4c25b1a11b2fb3b999b0407884475d3fac3a,"{""config"":[""Z0"",""Z""],""d"":7,""p"":0.006446153846153846}",
      2048,        17,         0,   0.036,pymatching,b769d13792f27d381b5f4dab20ab238652929843e762191bb21789b3077246b7,"{""config"":[""Z0"",""Z""],""d"":7,""p"":0.006802564102564103}",
      1297,        11,         0,   0.023,pymatching,d300e6d1ba983bae4e939af9fabd4c25b1a11b2fb3b999b0407884475d3fac3a,"{""config"":[""Z0"",""Z""],""d"":7,""p"":0.006446153846153846}",
     15360,       165,         0,   0.301,pymatching,b769d13792f27d381b5f4dab20ab238652929843e762191bb21789b3077246b7,"{""config"":[""Z0"",""Z""],""d"":7,""p"":0.006802564102564103}",
      1297,        12,         0,   0.026,pymatching,d23ec93a9511dfcfad5423fbfdff24e737a6d95f98b4a1c82f4675def9472084,"{""config"":[""Z0"",""Z""],""d"":7,""p"":0.007158974358974359}",
      3072,        36,         0,   0.057,pymatching,d23ec93a9511dfcfad5423fbfdff24e737a6d95f98b4a1c82f4675def9472084,"{""config"":[""Z0"",""Z""],""d"":7,""p"":0.007158974358974359}",
      4096,        32,         0,   0.069,pymatching,d300e6d1ba983bae4e939af9fabd4c25b1a11b2fb3b999b0407884475d3fac3a,"{""config"":[""Z0"",""Z""],""d"":7,""p"":0.006446153846153846}",
      3072,        30,         0,   0.048,pymatching,5b429b6d29d719034a3de26ecfd980c276ddca64727f400fe73971740676519a,"{""config"":[""Z0"",""Z""],""d"":7,""p"":0.00608974358974359}",
        31,         0,         0,   0.001,pymatching,92a7abdf4c8e6971e7de69c7aca3790c3892e94df6498b04b16cecd04e71a269,"{""config"":[""Z0"",""Z""],""d"":7,""p"":0.005733333333333333}",
      2113,        24,         0,   0.036,pymatching,d300e6d1ba983bae4e939af9fabd4c25b1a11b2fb3b999b0407884475d3fac3a,"{""config"":[""Z0"",""Z""],""d"":7,""p"":0.006446153846153846}",
      1297,        15,         0,   0.027,pymatching,d23ec93a9511dfcfad5423fbfdff24e737a6d95f98b4a1c82f4675def9472084,"{""config"":[""Z0"",""Z""],""d"":7,""p"":0.007158974358974359}",
      2048,        10,         0,   0.032,pymatching,5b429b6d29d719034a3de26ecfd980c276ddca64727f400fe73971740676519a,"{""config"":[""Z0"",""Z""],""d"":7,""p"":0.00608974358974359}",
      1297,        16,         0,   0.024,pymatching,b769d13792f27d381b5f4dab20ab238652929843e762191bb21789b3077246b7,"{""config"":[""Z0"",""Z""],""d"":7,""p"":0.006802564102564103}",
      3072,        33,         0,   0.055,pymatching,b769d13792f27d381b5f4dab20ab238652929843e762191bb21789b3077246b7,"{""config"":[""Z0"",""Z""],""d"":7,""p"":0.006802564102564103}",
      1024,         7,         0,   0.017,pymatching,d300e6d1ba983bae4e939af9fabd4c25b1a11b2fb3b999b0407884475d3fac3a,"{""config"":[""Z0"",""Z""],""d"":7,""p"":0.006446153846153846}",
      1024,         9,         0,   0.017,pymatching,d300e6d1ba983bae4e939af9fabd4c25b1a11b2fb3b999b0407884475d3fac3a,"{""config"":[""Z0"",""Z""],""d"":7,""p"":0.006446153846153846}",
         4,         0,         0,   0.001,pymatching,92a7abdf4c8e6971e7de69c7aca3790c3892e94df6498b04b16cecd04e71a269,"{""config"":[""Z0"",""Z""],""d"":7,""p"":0.005733333333333333}",
      1297,        11,         0,   0.022,pymatching,5b429b6d29d719034a3de26ecfd980c276ddca64727f400fe73971740676519a,"{""config"":[""Z0"",""Z""],""d"":7,""p"":0.00608974358974359}",
      2048,        27,         0,   0.039,pymatching,d23ec93a9511dfcfad5423fbfdff24e737a6d95f98b4a1c82f4675def9472084,"{""config"":[""Z0"",""Z""],""d"":7,""p"":0.007158974358974359}",
      1297,        22,         0,   0.024,pymatching,b769d13792f27d381b5f4dab20ab238652929843e762191bb21789b3077246b7,"{""config"":[""Z0"",""Z""],""d"":7,""p"":0.006802564102564103}",
      4884,        32,         0,   0.076,pymatching,5b429b6d29d719034a3de26ecfd980c276ddca64727f400fe73971740676519a,"{""config"":[""Z0"",""Z""],""d"":7,""p"":0.00608974358974359}",
      1024,         7,         0,   0.019,pymatching,d23ec93a9511dfcfad5423fbfdff24e737a6d95f98b4a1c82f4675def9472084,"{""config"":[""Z0"",""Z""],""d"":7,""p"":0.007158974358974359}",
      3072,        28,         0,   0.051,pymatching,d300e6d1ba983bae4e939af9fabd4c25b1a11b2fb3b999b0407884475d3fac3a,"{""config"":[""Z0"",""Z""],""d"":7,""p"":0.006446153846153846}",
      3072,        19,         0,   0.048,pymatching,5b429b6d29d719034a3de26ecfd980c276ddca64727f400fe73971740676519a,"{""config"":[""Z0"",""Z""],""d"":7,""p"":0.00608974358974359}",
         1,         0,         0,   0.000,pymatching,92a7abdf4c8e6971e7de69c7aca3790c3892e94df6498b04b16cecd04e71a269,"{""config"":[""Z0"",""Z""],""d"":7,""p"":0.005733333333333333}",
         1,         0,         0,   0.000,pymatching,92a7abdf4c8e6971e7de69c7aca3790c3892e94df6498b04b16cecd04e71a269,"{""config"":[""Z0"",""Z""],""d"":7,""p"":0.005733333333333333}",
      3072,        26,         0,   0.051,pymatching,d300e6d1ba983bae4e939af9fabd4c25b1a11b2fb3b999b0407884475d3fac3a,"{""config"":[""Z0"",""Z""],""d"":7,""p"":0.006446153846153846}",
         1,         0,         0,   0.000,pymatching,92a7abdf4c8e6971e7de69c7aca3790c3892e94df6498b04b16cecd04e71a269,"{""config"":[""Z0"",""Z""],""d"":7,""p"":0.005733333333333333}",
         1,         0,         0,   0.000,pymatching,92a7abdf4c8e6971e7de69c7aca3790c3892e94df6498b04b16cecd04e71a269,"{""config"":[""Z0"",""Z""],""d"":7,""p"":0.005733333333333333}",
      1024,        10,         0,   0.020,pymatching,d23ec93a9511dfcfad5423fbfdff24e737a6d95f98b4a1c82f4675def9472084,"{""config"":[""Z0"",""Z""],""d"":7,""p"":0.007158974358974359}",
      1024,         5,         0,   0.019,pymatching,b769d13792f27d381b5f4dab20ab238652929843e762191bb21789b3077246b7,"{""config"":[""Z0"",""Z""],""d"":7,""p"":0.006802564102564103}",
      1024,         3,         0,   0.016,pymatching,5b429b6d29d719034a3de26ecfd980c276ddca64727f400fe73971740676519a,"{""config"":[""Z0"",""Z""],""d"":7,""p"":0.00608974358974359}",
      6789,        47,         0,   0.106,pymatching,5b429b6d29d719034a3de26ecfd980c276ddca64727f400fe73971740676519a,"{""config"":[""Z0"",""Z""],""d"":7,""p"":0.00608974358974359}",
      3850,        39,         0,   0.065,pymatching,d300e6d1ba983bae4e939af9fabd4c25b1a11b2fb3b999b0407884475d3fac3a,"{""config"":[""Z0"",""Z""],""d"":7,""p"":0.006446153846153846}",
      3072,        34,         0,   0.058,pymatching,d23ec93a9511dfcfad5423fbfdff24e737a6d95f98b4a1c82f4675def9472084,"{""config"":[""Z0"",""Z""],""d"":7,""p"":0.007158974358974359}",
         1,         0,         0,   0.000,pymatching,92a7abdf4c8e6971e7de69c7aca3790c3892e94df6498b04b16cecd04e71a269,"{""config"":[""Z0"",""Z""],""d"":7,""p"":0.005733333333333333}",
      1024,         8,         0,   0.018,pymatching,b769d13792f27d381b5f4dab20ab238652929843e762191bb21789b3077246b7,"{""config"":[""Z0"",""Z""],""d"":7,""p"":0.006802564102564103}",
      6144,        73,         0,   0.109,pymatching,b769d13792f27d381b5f4dab20ab238652929843e762191bb21789b3077246b7,"{""config"":[""Z0"",""Z""],""d"":7,""p"":0.006802564102564103}",
      6144,        69,         0,   0.115,pymatching,d23ec93a9511dfcfad5423fbfdff24e737a6d95f98b4a1c82f4675def9472084,"{""config"":[""Z0"",""Z""],""d"":7,""p"":0.007158974358974359}",
       872,         5,         0,   0.015,pymatching,5b429b6d29d719034a3de26ecfd980c276ddca64727f400fe73971740676519a,"{""config"":[""Z0"",""Z""],""d"":7,""p"":0.00608974358974359}",
      6932,        73,         0,   0.114,pymatching,d300e6d1ba983bae4e939af9fabd4c25b1a11b2fb3b999b0407884475d3fac3a,"{""config"":[""Z0"",""Z""],""d"":7,""p"":0.006446153846153846}",
     18524,       195,         0,   0.331,pymatching,b769d13792f27d381b5f4dab20ab238652929843e762191bb21789b3077246b7,"{""config"":[""Z0"",""Z""],""d"":7,""p"":0.006802564102564103}",
      2048,        12,         0,   0.035,pymatching,d300e6d1ba983bae4e939af9fabd4c25b1a11b2fb3b999b0407884475d3fac3a,"{""config"":[""Z0"",""Z""],""d"":7,""p"":0.006446153846153846}",
      3072,        30,         0,   0.055,pymatching,b769d13792f27d381b5f4dab20ab238652929843e762191bb21789b3077246b7,"{""config"":[""Z0"",""Z""],""d"":7,""p"":0.006802564102564103}",
      2048,        21,         0,   0.035,pymatching,d300e6d1ba983bae4e939af9fabd4c25b1a11b2fb3b999b0407884475d3fac3a,"{""config"":[""Z0"",""Z""],""d"":7,""p"":0.006446153846153846}",
      7168,        61,         0,   0.122,pymatching,d300e6d1ba983bae4e939af9fabd4c25b1a11b2fb3b999b0407884475d3fac3a,"{""config"":[""Z0"",""Z""],""d"":7,""p"":0.006446153846153846}",
      3072,        28,         0,   0.054,pymatching,b769d13792f27d381b5f4dab20ab238652929843e762191bb21789b3077246b7,"{""config"":[""Z0"",""Z""],""d"":7,""p"":0.006802564102564103}",
      1024,        11,         0,   0.021,pymatching,d23ec93a9511dfcfad5423fbfdff24e737a6d95f98b4a1c82f4675def9472084,"{""config"":[""Z0"",""Z""],""d"":7,""p"":0.007158974358974359}",
      1297,         9,         0,   0.023,pymatching,d300e6d1ba983bae4e939af9fabd4c25b1a11b2fb3b999b0407884475d3fac3a,"{""config"":[""Z0"",""Z""],""d"":7,""p"":0.006446153846153846}",
        65,         1,         0,   0.001,pymatching,5b429b6d29d719034a3de26ecfd980c276ddca64727f400fe73971740676519a,"{""config"":[""Z0"",""Z""],""d"":7,""p"":0.00608974358974359}",
      1297,         7,         0,   0.025,pymatching,b769d13792f27d381b5f4dab20ab238652929843e762191bb21789b3077246b7,"{""config"":[""Z0"",""Z""],""d"":7,""p"":0.006802564102564103}",
      1297,        12,         0,   0.023,pymatching,5b429b6d29d719034a3de26ecfd980c276ddca64727f400fe73971740676519a,"{""config"":[""Z0"",""Z""],""d"":7,""p"":0.00608974358974359}",
      1024,         9,         0,   0.016,pymatching,5b429b6d29d719034a3de26ecfd980c276ddca64727f400fe73971740676519a,"{""config"":[""Z0"",""Z""],""d"":7,""p"":0.00608974358974359}",
      1297,        10,         0,   0.023,pymatching,d300e6d1ba983bae4e939af9fabd4c25b1a11b2fb3b999b0407884475d3fac3a,"{""config"":[""Z0"",""Z""],""d"":7,""p"":0.006446153846153846}",
     15360,       215,         0,   0.292,pymatching,d23ec93a9511dfcfad5423fbfdff24e737a6d95f98b4a1c82f4675def9472084,"{""config"":[""Z0"",""Z""],""d"":7,""p"":0.007158974358974359}",
      2048,        33,         0,   0.038,pymatching,d23ec93a9511dfcfad5423fbfdff24e737a6d95f98b4a1c82f4675def9472084,"{""config"":[""Z0"",""Z""],""d"":7,""p"":0.007158974358974359}",
      1930,        11,         0,   0.033,pymatching,5b429b6d29d719034a3de26ecfd980c276ddca64727f400fe73971740676519a,"{""config"":[""Z0"",""Z""],""d"":7,""p"":0.00608974358974359}",
      1448,        16,         0,   0.025,pymatching,d300e6d1ba983bae4e939af9fabd4c25b1a11b2fb3b999b0407884475d3fac3a,"{""config"":[""Z0"",""Z""],""d"":7,""p"":0.006446153846153846}",
      5795,        49,         0,   0.097,pymatching,d300e6d1ba983bae4e939af9fabd4c25b1a11b2fb3b999b0407884475d3fac3a,"{""config"":[""Z0"",""Z""],""d"":7,""p"":0.006446153846153846}",
      4842,        30,         0,   0.076,pymatching,5b429b6d29d719034a3de26ecfd980c276ddca64727f400fe73971740676519a,"{""config"":[""Z0"",""Z""],""d"":7,""p"":0.00608974358974359}",
      2048,        12,         0,   0.032,pymatching,5b429b6d29d719034a3de26ecfd980c276ddca64727f400fe73971740676519a,"{""config"":[""Z0"",""Z""],""d"":7,""p"":0.00608974358974359}",
     17408,       230,         0,   0.325,pymatching,d23ec93a9511dfcfad5423fbfdff24e737a6d95f98b4a1c82f4675def9472084,"{""config"":[""Z0"",""Z""],""d"":7,""p"":0.007158974358974359}",
      1260,         8,         0,   0.038,pymatching,5b429b6d29d719034a3de26ecfd980c276ddca64727f400fe73971740676519a,"{""config"":[""Z0"",""Z""],""d"":7,""p"":0.00608974358974359}",
      3900,        37,         0,   0.061,pymatching,5b429b6d29d719034a3de26ecfd980c276ddca64727f400fe73971740676519a,"{""config"":[""Z0"",""Z""],""d"":7,""p"":0.00608974358974359}",
      2245,        15,         0,   0.035,pymatching,5b429b6d29d719034a3de26ecfd980c276ddca64727f400fe73971740676519a,"{""config"":[""Z0"",""Z""],""d"":7,""p"":0.00608974358974359}",
       197,         1,         0,   0.003,pymatching,5b429b6d29d719034a3de26ecfd980c276ddca64727f400fe73971740676519a,"{""config"":[""Z0"",""Z""],""d"":7,""p"":0.00608974358974359}",
      2048,        19,         0,   0.036,pymatching,b769d13792f27d381b5f4dab20ab238652929843e762191bb21789b3077246b7,"{""config"":[""Z0"",""Z""],""d"":7,""p"":0.006802564102564103}",
      1953,        17,         0,   0.031,pymatching,5b429b6d29d719034a3de26ecfd980c276ddca64727f400fe73971740676519a,"{""config"":[""Z0"",""Z""],""d"":7,""p"":0.00608974358974359}",
      1024,        11,         0,   0.017,pymatching,d300e6d1ba983bae4e939af9fabd4c25b1a11b2fb3b999b0407884475d3fac3a,"{""config"":[""Z0"",""Z""],""d"":7,""p"":0.006446153846153846}",
       945,         5,         0,   0.015,pymatching,5b429b6d29d719034a3de26ecfd980c276ddca64727f400fe73971740676519a,"{""config"":[""Z0"",""Z""],""d"":7,""p"":0.00608974358974359}",
      1024,        10,         0,   0.016,pymatching,5b429b6d29d719034a3de26ecfd980c276ddca64727f400fe73971740676519a,"{""config"":[""Z0"",""Z""],""d"":7,""p"":0.00608974358974359}",
      1024,         9,         0,   0.017,pymatching,d300e6d1ba983bae4e939af9fabd4c25b1a11b2fb3b999b0407884475d3fac3a,"{""config"":[""Z0"",""Z""],""d"":7,""p"":0.006446153846153846}",
      2048,        24,         0,   0.037,pymatching,b769d13792f27d381b5f4dab20ab238652929843e762191bb21789b3077246b7,"{""config"":[""Z0"",""Z""],""d"":7,""p"":0.006802564102564103}",
      2993,        18,         0,   0.047,pymatching,5b429b6d29d719034a3de26ecfd980c276ddca64727f400fe73971740676519a,"{""config"":[""Z0"",""Z""],""d"":7,""p"":0.00608974358974359}",
     14336,       168,         0,   0.255,pymatching,b769d13792f27d381b5f4dab20ab238652929843e762191bb21789b3077246b7,"{""config"":[""Z0"",""Z""],""d"":7,""p"":0.006802564102564103}",
      1024,         4,         0,   0.016,pymatching,d300e6d1ba983bae4e939af9fabd4c25b1a11b2fb3b999b0407884475d3fac3a,"{""config"":[""Z0"",""Z""],""d"":7,""p"":0.006446153846153846}",
      1024,        12,         0,   0.019,pymatching,b769d13792f27d381b5f4dab20ab238652929843e762191bb21789b3077246b7,"{""config"":[""Z0"",""Z""],""d"":7,""p"":0.006802564102564103}",
      3900,        39,         0,   0.062,pymatching,5b429b6d29d719034a3de26ecfd980c276ddca64727f400fe73971740676519a,"{""config"":[""Z0"",""Z""],""d"":7,""p"":0.00608974358974359}",
      3072,        38,         0,   0.058,pymatching,d23ec93a9511dfcfad5423fbfdff24e737a6d95f98b4a1c82f4675def9472084,"{""config"":[""Z0"",""Z""],""d"":7,""p"":0.007158974358974359}",
      4330,        36,         0,   0.073,pymatching,d300e6d1ba983bae4e939af9fabd4c25b1a11b2fb3b999b0407884475d3fac3a,"{""config"":[""Z0"",""Z""],""d"":7,""p"":0.006446153846153846}",
      1089,         9,         0,   0.020,pymatching,d23ec93a9511dfcfad5423fbfdff24e737a6d95f98b4a1c82f4675def9472084,"{""config"":[""Z0"",""Z""],""d"":7,""p"":0.007158974358974359}",
      3080,        34,         0,   0.052,pymatching,d300e6d1ba983bae4e939af9fabd4c25b1a11b2fb3b999b0407884475d3fac3a,"{""config"":[""Z0"",""Z""],""d"":7,""p"":0.006446153846153846}",
      4096,        52,         0,   0.079,pymatching,d23ec93a9511dfcfad5423fbfdff24e737a6d95f98b4a1c82f4675def9472084,"{""config"":[""Z0"",""Z""],""d"":7,""p"":0.007158974358974359}",
      1297,        19,         0,   0.026,pymatching,b769d13792f27d381b5f4dab20ab238652929843e762191bb21789b3077246b7,"{""config"":[""Z0"",""Z""],""d"":7,""p"":0.006802564102564103}",
       672,         3,         0,   0.011,pymatching,5b429b6d29d719034a3de26ecfd980c276ddca64727f400fe73971740676519a,"{""config"":[""Z0"",""Z""],""d"":7,""p"":0.00608974358974359}",
     16449,       193,         0,   0.327,pymatching,d23ec93a9511dfcfad5423fbfdff24e737a6d95f98b4a1c82f4675def9472084,"{""config"":[""Z0"",""Z""],""d"":7,""p"":0.007158974358974359}",
      2048,        19,         0,   0.035,pymatching,d300e6d1ba983bae4e939af9fabd4c25b1a11b2fb3b999b0407884475d3fac3a,"{""config"":[""Z0"",""Z""],""d"":7,""p"":0.006446153846153846}",
      2048,        11,         0,   0.035,pymatching,d300e6d1ba983bae4e939af9fabd4c25b1a11b2fb3b999b0407884475d3fac3a,"{""config"":[""Z0"",""Z""],""d"":7,""p"":0.006446153846153846}",
       234,         1,         0,   0.004,pymatching,d300e6d1ba983bae4e939af9fabd4c25b1a11b2fb3b999b0407884475d3fac3a,"{""config"":[""Z0"",""Z""],""d"":7,""p"":0.006446153846153846}",
       234,         6,         0,   0.004,pymatching,d300e6d1ba983bae4e939af9fabd4c25b1a11b2fb3b999b0407884475d3fac3a,"{""config"":[""Z0"",""Z""],""d"":7,""p"":0.006446153846153846}",
      2048,        22,         0,   0.039,pymatching,d23ec93a9511dfcfad5423fbfdff24e737a6d95f98b4a1c82f4675def9472084,"{""config"":[""Z0"",""Z""],""d"":7,""p"":0.007158974358974359}",
      4096,        31,         0,   0.068,pymatching,d300e6d1ba983bae4e939af9fabd4c25b1a11b2fb3b999b0407884475d3fac3a,"{""config"":[""Z0"",""Z""],""d"":7,""p"":0.006446153846153846}",
      4330,        33,         0,   0.073,pymatching,d300e6d1ba983bae4e939af9fabd4c25b1a11b2fb3b999b0407884475d3fac3a,"{""config"":[""Z0"",""Z""],""d"":7,""p"":0.006446153846153846}",
      3072,        35,         0,   0.060,pymatching,d23ec93a9511dfcfad5423fbfdff24e737a6d95f98b4a1c82f4675def9472084,"{""config"":[""Z0"",""Z""],""d"":7,""p"":0.007158974358974359}",
      4330,        42,         0,   0.073,pymatching,d300e6d1ba983bae4e939af9fabd4c25b1a11b2fb3b999b0407884475d3fac3a,"{""config"":[""Z0"",""Z""],""d"":7,""p"":0.006446153846153846}",
      2048,        28,         0,   0.038,pymatching,d23ec93a9511dfcfad5423fbfdff24e737a6d95f98b4a1c82f4675def9472084,"{""config"":[""Z0"",""Z""],""d"":7,""p"":0.007158974358974359}",
       234,         2,         0,   0.004,pymatching,d300e6d1ba983bae4e939af9fabd4c25b1a11b2fb3b999b0407884475d3fac3a,"{""config"":[""Z0"",""Z""],""d"":7,""p"":0.006446153846153846}",
      1024,        12,         0,   0.018,pymatching,b769d13792f27d381b5f4dab20ab238652929843e762191bb21789b3077246b7,"{""config"":[""Z0"",""Z""],""d"":7,""p"":0.006802564102564103}",
      1297,        14,         0,   0.026,pymatching,d23ec93a9511dfcfad5423fbfdff24e737a6d95f98b4a1c82f4675def9472084,"{""config"":[""Z0"",""Z""],""d"":7,""p"":0.007158974358974359}",
      2048,        20,         0,   0.036,pymatching,b769d13792f27d381b5f4dab20ab238652929843e762191bb21789b3077246b7,"{""config"":[""Z0"",""Z""],""d"":7,""p"":0.006802564102564103}",
      5120,        54,         0,   0.090,pymatching,b769d13792f27d381b5f4dab20ab238652929843e762191bb21789b3077246b7,"{""config"":[""Z0"",""Z""],""d"":7,""p"":0.006802564102564103}",
      2009,        20,         0,   0.034,pymatching,d300e6d1ba983bae4e939af9fabd4c25b1a11b2fb3b999b0407884475d3fac3a,"{""config"":[""Z0"",""Z""],""d"":7,""p"":0.006446153846153846}",
      3072,        33,         0,   0.055,pymatching,b769d13792f27d381b5f4dab20ab238652929843e762191bb21789b3077246b7,"{""config"":[""Z0"",""Z""],""d"":7,""p"":0.006802564102564103}",
      2009,        24,         0,   0.034,pymatching,d300e6d1ba983bae4e939af9fabd4c25b1a11b2fb3b999b0407884475d3fac3a,"{""config"":[""Z0"",""Z""],""d"":7,""p"":0.006446153846153846}",
      1297,        21,         0,   0.026,pymatching,d23ec93a9511dfcfad5423fbfdff24e737a6d95f98b4a1c82f4675def9472084,"{""config"":[""Z0"",""Z""],""d"":7,""p"":0.007158974358974359}",
      3072,        33,         0,   0.055,pymatching,b769d13792f27d381b5f4dab20ab238652929843e762191bb21789b3077246b7,"{""config"":[""Z0"",""Z""],""d"":7,""p"":0.006802564102564103}",
      2048,        18,         0,   0.036,pymatching,b769d13792f27d381b5f4dab20ab238652929843e762191bb21789b3077246b7,"{""config"":[""Z0"",""Z""],""d"":7,""p"":0.006802564102564103}",
      2048,        23,         0,   0.035,pymatching,b769d13792f27d381b5f4dab20ab238652929843e762191bb21789b3077246b7,"{""config"":[""Z0"",""Z""],""d"":7,""p"":0.006802564102564103}",
      4096,        50,         0,   0.077,pymatching,d23ec93a9511dfcfad5423fbfdff24e737a6d95f98b4a1c82f4675def9472084,"{""config"":[""Z0"",""Z""],""d"":7,""p"":0.007158974358974359}",
      1024,        14,         0,   0.019,pymatching,d23ec93a9511dfcfad5423fbfdff24e737a6d95f98b4a1c82f4675def9472084,"{""config"":[""Z0"",""Z""],""d"":7,""p"":0.007158974358974359}",
      2048,        27,         0,   0.039,pymatching,d23ec93a9511dfcfad5423fbfdff24e737a6d95f98b4a1c82f4675def9472084,"{""config"":[""Z0"",""Z""],""d"":7,""p"":0.007158974358974359}",
     13312,       173,         0,   0.247,pymatching,d23ec93a9511dfcfad5423fbfdff24e737a6d95f98b4a1c82f4675def9472084,"{""config"":[""Z0"",""Z""],""d"":7,""p"":0.007158974358974359}",
      1024,        10,         0,   0.020,pymatching,d23ec93a9511dfcfad5423fbfdff24e737a6d95f98b4a1c82f4675def9472084,"{""config"":[""Z0"",""Z""],""d"":7,""p"":0.007158974358974359}",
       276,         2,         0,   0.010,pymatching,5b429b6d29d719034a3de26ecfd980c276ddca64727f400fe73971740676519a,"{""config"":[""Z0"",""Z""],""d"":7,""p"":0.00608974358974359}",
         8,         0,         0,   0.001,pymatching,d300e6d1ba983bae4e939af9fabd4c25b1a11b2fb3b999b0407884475d3fac3a,"{""config"":[""Z0"",""Z""],""d"":7,""p"":0.006446153846153846}",
       201,         2,         0,   0.008,pymatching,5b429b6d29d719034a3de26ecfd980c276ddca64727f400fe73971740676519a,"{""config"":[""Z0"",""Z""],""d"":7,""p"":0.00608974358974359}",
      8192,       100,         0,   0.158,pymatching,d23ec93a9511dfcfad5423fbfdff24e737a6d95f98b4a1c82f4675def9472084,"{""config"":[""Z0"",""Z""],""d"":7,""p"":0.007158974358974359}",
      5029,        59,         0,   0.089,pymatching,b769d13792f27d381b5f4dab20ab238652929843e762191bb21789b3077246b7,"{""config"":[""Z0"",""Z""],""d"":7,""p"":0.006802564102564103}",
      1024,        16,         0,   0.020,pymatching,d23ec93a9511dfcfad5423fbfdff24e737a6d95f98b4a1c82f4675def9472084,"{""config"":[""Z0"",""Z""],""d"":7,""p"":0.007158974358974359}",
      2048,        25,         0,   0.038,pymatching,d23ec93a9511dfcfad5423fbfdff24e737a6d95f98b4a1c82f4675def9472084,"{""config"":[""Z0"",""Z""],""d"":7,""p"":0.007158974358974359}",
      2048,        26,         0,   0.039,pymatching,d23ec93a9511dfcfad5423fbfdff24e737a6d95f98b4a1c82f4675def9472084,"{""config"":[""Z0"",""Z""],""d"":7,""p"":0.007158974358974359}",
       339,         2,         0,   0.007,pymatching,5b429b6d29d719034a3de26ecfd980c276ddca64727f400fe73971740676519a,"{""config"":[""Z0"",""Z""],""d"":7,""p"":0.00608974358974359}",
       357,         2,         0,   0.006,pymatching,d300e6d1ba983bae4e939af9fabd4c25b1a11b2fb3b999b0407884475d3fac3a,"{""config"":[""Z0"",""Z""],""d"":7,""p"":0.006446153846153846}",
      2048,        25,         0,   0.037,pymatching,b769d13792f27d381b5f4dab20ab238652929843e762191bb21789b3077246b7,"{""config"":[""Z0"",""Z""],""d"":7,""p"":0.006802564102564103}",
      1024,         6,         0,   0.019,pymatching,d23ec93a9511dfcfad5423fbfdff24e737a6d95f98b4a1c82f4675def9472084,"{""config"":[""Z0"",""Z""],""d"":7,""p"":0.007158974358974359}",
       247,         2,         0,   0.006,pymatching,d300e6d1ba983bae4e939af9fabd4c25b1a11b2fb3b999b0407884475d3fac3a,"{""config"":[""Z0"",""Z""],""d"":7,""p"":0.006446153846153846}",
      2048,        17,         0,   0.036,pymatching,b769d13792f27d381b5f4dab20ab238652929843e762191bb21789b3077246b7,"{""config"":[""Z0"",""Z""],""d"":7,""p"":0.006802564102564103}",
      1297,        10,         0,   0.024,pymatching,d300e6d1ba983bae4e939af9fabd4c25b1a11b2fb3b999b0407884475d3fac3a,"{""config"":[""Z0"",""Z""],""d"":7,""p"":0.006446153846153846}",
       101,         2,         0,   0.004,pymatching,d300e6d1ba983bae4e939af9fabd4c25b1a11b2fb3b999b0407884475d3fac3a,"{""config"":[""Z0"",""Z""],""d"":7,""p"":0.006446153846153846}",
      1666,        21,         0,   0.028,pymatching,d300e6d1ba983bae4e939af9fabd4c25b1a11b2fb3b999b0407884475d3fac3a,"{""config"":[""Z0"",""Z""],""d"":7,""p"":0.006446153846153846}",
       273,         1,         0,   0.006,pymatching,5b429b6d29d719034a3de26ecfd980c276ddca64727f400fe73971740676519a,"{""config"":[""Z0"",""Z""],""d"":7,""p"":0.00608974358974359}",
       227,         3,         0,   0.008,pymatching,5b429b6d29d719034a3de26ecfd980c276ddca64727f400fe73971740676519a,"{""config"":[""Z0"",""Z""],""d"":7,""p"":0.00608974358974359}",
      4096,        54,         0,   0.077,pymatching,d23ec93a9511dfcfad5423fbfdff24e737a6d95f98b4a1c82f4675def9472084,"{""config"":[""Z0"",""Z""],""d"":7,""p"":0.007158974358974359}",
      9567,        98,         0,   0.170,pymatching,b769d13792f27d381b5f4dab20ab238652929843e762191bb21789b3077246b7,"{""config"":[""Z0"",""Z""],""d"":7,""p"":0.006802564102564103}",
       101,         0,         0,   0.002,pymatching,d300e6d1ba983bae4e939af9fabd4c25b1a11b2fb3b999b0407884475d3fac3a,"{""config"":[""Z0"",""Z""],""d"":7,""p"":0.006446153846153846}",
       273,         4,         0,   0.006,pymatching,5b429b6d29d719034a3de26ecfd980c276ddca64727f400fe73971740676519a,"{""config"":[""Z0"",""Z""],""d"":7,""p"":0.00608974358974359}",
       774,         3,         0,   0.013,pymatching,b769d13792f27d381b5f4dab20ab238652929843e762191bb21789b3077246b7,"{""config"":[""Z0"",""Z""],""d"":7,""p"":0.006802564102564103}",
      3072,        28,         0,   0.054,pymatching,b769d13792f27d381b5f4dab20ab238652929843e762191bb21789b3077246b7,"{""config"":[""Z0"",""Z""],""d"":7,""p"":0.006802564102564103}",
        25,         1,         0,   0.001,pymatching,d300e6d1ba983bae4e939af9fabd4c25b1a11b2fb3b999b0407884475d3fac3a,"{""config"":[""Z0"",""Z""],""d"":7,""p"":0.006446153846153846}",
       110,         1,         0,   0.005,pymatching,5b429b6d29d719034a3de26ecfd980c276ddca64727f400fe73971740676519a,"{""config"":[""Z0"",""Z""],""d"":7,""p"":0.00608974358974359}",
      8192,        78,         0,   0.160,pymatching,b769d13792f27d381b5f4dab20ab238652929843e762191bb21789b3077246b7,"{""config"":[""Z0"",""Z""],""d"":7,""p"":0.006802564102564103}",
        14,         1,         0,   0.001,pymatching,5b429b6d29d719034a3de26ecfd980c276ddca64727f400fe73971740676519a,"{""config"":[""Z0"",""Z""],""d"":7,""p"":0.00608974358974359}",
       152,         2,         0,   0.004,pymatching,5b429b6d29d719034a3de26ecfd980c276ddca64727f400fe73971740676519a,"{""config"":[""Z0"",""Z""],""d"":7,""p"":0.00608974358974359}",
      3072,        30,         0,   0.054,pymatching,b769d13792f27d381b5f4dab20ab238652929843e762191bb21789b3077246b7,"{""config"":[""Z0"",""Z""],""d"":7,""p"":0.006802564102564103}",
      8192,        75,         0,   0.144,pymatching,b769d13792f27d381b5f4dab20ab238652929843e762191bb21789b3077246b7,"{""config"":[""Z0"",""Z""],""d"":7,""p"":0.006802564102564103}",
       165,         1,         0,   0.006,pymatching,d300e6d1ba983bae4e939af9fabd4c25b1a11b2fb3b999b0407884475d3fac3a,"{""config"":[""Z0"",""Z""],""d"":7,""p"":0.006446153846153846}",
      1024,        12,         0,   0.036,pymatching,d300e6d1ba983bae4e939af9fabd4c25b1a11b2fb3b999b0407884475d3fac3a,"{""config"":[""Z0"",""Z""],""d"":7,""p"":0.006446153846153846}",
       215,         0,         0,   0.007,pymatching,5b429b6d29d719034a3de26ecfd980c276ddca64727f400fe73971740676519a,"{""config"":[""Z0"",""Z""],""d"":7,""p"":0.00608974358974359}",
       215,         0,         0,   0.008,pymatching,5b429b6d29d719034a3de26ecfd980c276ddca64727f400fe73971740676519a,"{""config"":[""Z0"",""Z""],""d"":7,""p"":0.00608974358974359}",
       198,         2,         0,   0.007,pymatching,5b429b6d29d719034a3de26ecfd980c276ddca64727f400fe73971740676519a,"{""config"":[""Z0"",""Z""],""d"":7,""p"":0.00608974358974359}",
       131,         0,         0,   0.006,pymatching,5b429b6d29d719034a3de26ecfd980c276ddca64727f400fe73971740676519a,"{""config"":[""Z0"",""Z""],""d"":7,""p"":0.00608974358974359}",
       215,         1,         0,   0.007,pymatching,5b429b6d29d719034a3de26ecfd980c276ddca64727f400fe73971740676519a,"{""config"":[""Z0"",""Z""],""d"":7,""p"":0.00608974358974359}",
       198,         3,         0,   0.008,pymatching,5b429b6d29d719034a3de26ecfd980c276ddca64727f400fe73971740676519a,"{""config"":[""Z0"",""Z""],""d"":7,""p"":0.00608974358974359}",
       215,         0,         0,   0.008,pymatching,5b429b6d29d719034a3de26ecfd980c276ddca64727f400fe73971740676519a,"{""config"":[""Z0"",""Z""],""d"":7,""p"":0.00608974358974359}",
       344,         6,         0,   0.012,pymatching,d300e6d1ba983bae4e939af9fabd4c25b1a11b2fb3b999b0407884475d3fac3a,"{""config"":[""Z0"",""Z""],""d"":7,""p"":0.006446153846153846}",
       215,         3,         0,   0.008,pymatching,5b429b6d29d719034a3de26ecfd980c276ddca64727f400fe73971740676519a,"{""config"":[""Z0"",""Z""],""d"":7,""p"":0.00608974358974359}",
       198,         2,         0,   0.004,pymatching,5b429b6d29d719034a3de26ecfd980c276ddca64727f400fe73971740676519a,"{""config"":[""Z0"",""Z""],""d"":7,""p"":0.00608974358974359}",
       198,         1,         0,   0.007,pymatching,5b429b6d29d719034a3de26ecfd980c276ddca64727f400fe73971740676519a,"{""config"":[""Z0"",""Z""],""d"":7,""p"":0.00608974358974359}",
       180,         1,         0,   0.003,pymatching,5b429b6d29d719034a3de26ecfd980c276ddca64727f400fe73971740676519a,"{""config"":[""Z0"",""Z""],""d"":7,""p"":0.00608974358974359}",
       198,         3,         0,   0.007,pymatching,5b429b6d29d719034a3de26ecfd980c276ddca64727f400fe73971740676519a,"{""config"":[""Z0"",""Z""],""d"":7,""p"":0.00608974358974359}",
       215,         1,         0,   0.008,pymatching,5b429b6d29d719034a3de26ecfd980c276ddca64727f400fe73971740676519a,"{""config"":[""Z0"",""Z""],""d"":7,""p"":0.00608974358974359}",
      1922,        20,         0,   0.060,pymatching,d300e6d1ba983bae4e939af9fabd4c25b1a11b2fb3b999b0407884475d3fac3a,"{""config"":[""Z0"",""Z""],""d"":7,""p"":0.006446153846153846}",
        18,         0,         0,   0.002,pymatching,d300e6d1ba983bae4e939af9fabd4c25b1a11b2fb3b999b0407884475d3fac3a,"{""config"":[""Z0"",""Z""],""d"":7,""p"":0.006446153846153846}",
      1381,         9,         0,   0.051,pymatching,d300e6d1ba983bae4e939af9fabd4c25b1a11b2fb3b999b0407884475d3fac3a,"{""config"":[""Z0"",""Z""],""d"":7,""p"":0.006446153846153846}",
        28,         0,         0,   0.001,pymatching,5b429b6d29d719034a3de26ecfd980c276ddca64727f400fe73971740676519a,"{""config"":[""Z0"",""Z""],""d"":7,""p"":0.00608974358974359}",
      2048,        12,         0,   0.036,pymatching,b769d13792f27d381b5f4dab20ab238652929843e762191bb21789b3077246b7,"{""config"":[""Z0"",""Z""],""d"":7,""p"":0.006802564102564103}",
       215,         0,         0,   0.008,pymatching,5b429b6d29d719034a3de26ecfd980c276ddca64727f400fe73971740676519a,"{""config"":[""Z0"",""Z""],""d"":7,""p"":0.00608974358974359}",
       168,         3,         0,   0.006,pymatching,d300e6d1ba983bae4e939af9fabd4c25b1a11b2fb3b999b0407884475d3fac3a,"{""config"":[""Z0"",""Z""],""d"":7,""p"":0.006446153846153846}",
        14,         0,         0,   0.000,pymatching,5b429b6d29d719034a3de26ecfd980c276ddca64727f400fe73971740676519a,"{""config"":[""Z0"",""Z""],""d"":7,""p"":0.00608974358974359}",
      1297,        12,         0,   0.024,pymatching,b769d13792f27d381b5f4dab20ab238652929843e762191bb21789b3077246b7,"{""config"":[""Z0"",""Z""],""d"":7,""p"":0.006802564102564103}",
        93,         1,         0,   0.002,pymatching,d300e6d1ba983bae4e939af9fabd4c25b1a11b2fb3b999b0407884475d3fac3a,"{""config"":[""Z0"",""Z""],""d"":7,""p"":0.006446153846153846}",
      1297,        14,         0,   0.026,pymatching,b769d13792f27d381b5f4dab20ab238652929843e762191bb21789b3077246b7,"{""config"":[""Z0"",""Z""],""d"":7,""p"":0.006802564102564103}",
       262,         1,         0,   0.010,pymatching,d300e6d1ba983bae4e939af9fabd4c25b1a11b2fb3b999b0407884475d3fac3a,"{""config"":[""Z0"",""Z""],""d"":7,""p"":0.006446153846153846}",
        14,         1,         0,   0.001,pymatching,5b429b6d29d719034a3de26ecfd980c276ddca64727f400fe73971740676519a,"{""config"":[""Z0"",""Z""],""d"":7,""p"":0.00608974358974359}",
        18,         0,         0,   0.001,pymatching,5b429b6d29d719034a3de26ecfd980c276ddca64727f400fe73971740676519a,"{""config"":[""Z0"",""Z""],""d"":7,""p"":0.00608974358974359}",
      1297,        11,         0,   0.024,pymatching,b769d13792f27d381b5f4dab20ab238652929843e762191bb21789b3077246b7,"{""config"":[""Z0"",""Z""],""d"":7,""p"":0.006802564102564103}",
      5029,        55,         0,   0.088,pymatching,b769d13792f27d381b5f4dab20ab238652929843e762191bb21789b3077246b7,"{""config"":[""Z0"",""Z""],""d"":7,""p"":0.006802564102564103}",
      5029,        57,         0,   0.091,pymatching,b769d13792f27d381b5f4dab20ab238652929843e762191bb21789b3077246b7,"{""config"":[""Z0"",""Z""],""d"":7,""p"":0.006802564102564103}",
      1024,         5,         0,   0.018,pymatching,b769d13792f27d381b5f4dab20ab238652929843e762191bb21789b3077246b7,"{""config"":[""Z0"",""Z""],""d"":7,""p"":0.006802564102564103}",
      1375,        15,         0,   0.024,pymatching,b769d13792f27d381b5f4dab20ab238652929843e762191bb21789b3077246b7,"{""config"":[""Z0"",""Z""],""d"":7,""p"":0.006802564102564103}",
      2015,        21,         0,   0.035,pymatching,b769d13792f27d381b5f4dab20ab238652929843e762191bb21789b3077246b7,"{""config"":[""Z0"",""Z""],""d"":7,""p"":0.006802564102564103}",
      3072,        27,         0,   0.054,pymatching,b769d13792f27d381b5f4dab20ab238652929843e762191bb21789b3077246b7,"{""config"":[""Z0"",""Z""],""d"":7,""p"":0.006802564102564103}",
      2413,        24,         0,   0.042,pymatching,b769d13792f27d381b5f4dab20ab238652929843e762191bb21789b3077246b7,"{""config"":[""Z0"",""Z""],""d"":7,""p"":0.006802564102564103}",
      1024,        15,         0,   0.020,pymatching,b769d13792f27d381b5f4dab20ab238652929843e762191bb21789b3077246b7,"{""config"":[""Z0"",""Z""],""d"":7,""p"":0.006802564102564103}",
      5485,        59,         0,   0.098,pymatching,b769d13792f27d381b5f4dab20ab238652929843e762191bb21789b3077246b7,"{""config"":[""Z0"",""Z""],""d"":7,""p"":0.006802564102564103}",
      2404,        16,         0,   0.043,pymatching,b769d13792f27d381b5f4dab20ab238652929843e762191bb21789b3077246b7,"{""config"":[""Z0"",""Z""],""d"":7,""p"":0.006802564102564103}",
      1024,        12,         0,   0.018,pymatching,b769d13792f27d381b5f4dab20ab238652929843e762191bb21789b3077246b7,"{""config"":[""Z0"",""Z""],""d"":7,""p"":0.006802564102564103}",
      1969,        22,         0,   0.040,pymatching,b769d13792f27d381b5f4dab20ab238652929843e762191bb21789b3077246b7,"{""config"":[""Z0"",""Z""],""d"":7,""p"":0.006802564102564103}",
      2930,        35,         0,   0.052,pymatching,b769d13792f27d381b5f4dab20ab238652929843e762191bb21789b3077246b7,"{""config"":[""Z0"",""Z""],""d"":7,""p"":0.006802564102564103}",
      2091,        24,         0,   0.039,pymatching,b769d13792f27d381b5f4dab20ab238652929843e762191bb21789b3077246b7,"{""config"":[""Z0"",""Z""],""d"":7,""p"":0.006802564102564103}",
       910,        14,         0,   0.016,pymatching,b769d13792f27d381b5f4dab20ab238652929843e762191bb21789b3077246b7,"{""config"":[""Z0"",""Z""],""d"":7,""p"":0.006802564102564103}",
      5485,        54,         0,   0.118,pymatching,b769d13792f27d381b5f4dab20ab238652929843e762191bb21789b3077246b7,"{""config"":[""Z0"",""Z""],""d"":7,""p"":0.006802564102564103}",
      5485,        54,         0,   0.096,pymatching,b769d13792f27d381b5f4dab20ab238652929843e762191bb21789b3077246b7,"{""config"":[""Z0"",""Z""],""d"":7,""p"":0.006802564102564103}",
      1024,         7,         0,   0.018,pymatching,b769d13792f27d381b5f4dab20ab238652929843e762191bb21789b3077246b7,"{""config"":[""Z0"",""Z""],""d"":7,""p"":0.006802564102564103}",
      1024,        12,         0,   0.018,pymatching,b769d13792f27d381b5f4dab20ab238652929843e762191bb21789b3077246b7,"{""config"":[""Z0"",""Z""],""d"":7,""p"":0.006802564102564103}",
      2048,        24,         0,   0.035,pymatching,b769d13792f27d381b5f4dab20ab238652929843e762191bb21789b3077246b7,"{""config"":[""Z0"",""Z""],""d"":7,""p"":0.006802564102564103}",
