     shots,    errors,  discards, seconds,decoder,strong_id,json_metadata,custom_counts
      5393,       249,         0,   0.010,pymatching,b7287558f854836b7e276badd239eccb7d2d5a7576b84ae2e5e0037499bca8fa,"{""config"":[""X+"",""X""],""d"":3,""p"":0.014999999999999998}",
      8192,       410,         0,   0.014,pymatching,b7287558f854836b7e276badd239eccb7d2d5a7576b84ae2e5e0037499bca8fa,"{""config"":[""X+"",""X""],""d"":3,""p"":0.014999999999999998}",
      6417,         0,         0,   0.011,pymatching,80cf9077c4399287e25010c4837b6d08342ce001fcd1c2031b5a11a59af49a47,"{""config"":[""X+"",""X""],""d"":5,""p"":7.742636826811278e-05}",
     12288,       659,         0,   0.021,pymatching,b7287558f854836b7e276badd239eccb7d2d5a7576b84ae2e5e0037499bca8fa,"{""config"":[""X+"",""X""],""d"":3,""p"":0.014999999999999998}",
     21777,         0,         0,   0.010,pymatching,f3bcbd6ce5f4ac70541a5b56bd329f7f9e93ad3bfed1950af2d5805ea85930df,"{""config"":[""X+"",""X""],""d"":3,""p"":2.782559402207126e-05}",
      6417,       264,         0,   0.011,pymatching,19a54a0c9b4305cf892a109c3d89e375f3d8811b045e0fb2462ab556e73e6f42,"{""config"":[""X+"",""X""],""d"":3,""p"":0.012861538461538462}",
     13585,        38,         0,   0.010,pymatching,f36897b0bc2e053583c3e363516babbeb7fd43bfec23c78a22bcdf8033835671,"{""config"":[""X+"",""X""],""d"":3,""p"":0.003238461538461538}",
     21777,         0,         0,   0.009,pymatching,dc9413d892a0e376eb90d62699aa3fef82bd54bb8b05d85d217022fc1a107e90,"{""config"":[""X+"",""X""],""d"":3,""p"":1e-05}",
      9216,         0,         0,   0.015,pymatching,80cf9077c4399287e25010c4837b6d08342ce001fcd1c2031b5a11a59af49a47,"{""config"":[""X+"",""X""],""d"":5,""p"":7.742636826811278e-05}",
     32768,         0,         0,   0.013,pymatching,f3bcbd6ce5f4ac70541a5b56bd329f7f9e93ad3bfed1950af2d5805ea85930df,"{""config"":[""X+"",""X""],""d"":3,""p"":2.782559402207126e-05}",
      9216,       350,         0,   0.014,pymatching,19a54a0c9b4305cf892a109c3d89e375f3d8811b045e0fb2462ab556e73e6f42,"{""config"":[""X+"",""X""],""d"":3,""p"":0.012861538461538462}",
     20480,        46,         0,   0.014,pymatching,f36897b0bc2e053583c3e363516babbeb7fd43bfec23c78a22bcdf8033835671,"{""config"":[""X+"",""X""],""d"":3,""p"":0.003238461538461538}",
     33792,         0,         0,   0.013,pymatching,dc9413d892a0e376eb90d62699aa3fef82bd54bb8b05d85d217022fc1a107e90,"{""config"":[""X+"",""X""],""d"":3,""p"":1e-05}",
     16384,       828,         0,   0.028,pymatching,b7287558f854836b7e276badd239eccb7d2d5a7576b84ae2e5e0037499bca8fa,"{""config"":[""X+"",""X""],""d"":3,""p"":0.014999999999999998}",
      6417,       291,         0,   0.011,pymatching,d9e1f89b95cc4d4b0c46d4d4da6df2a73e9132f4175d200850e8dfd280c26787,"{""config"":[""X+"",""X""],""d"":3,""p"":0.01393076923076923}",
     12288,         0,         0,   0.020,pymatching,80cf9077c4399287e25010c4837b6d08342ce001fcd1c2031b5a11a59af49a47,"{""config"":[""X+"",""X""],""d"":5,""p"":7.742636826811278e-05}",
     47104,         0,         0,   0.019,pymatching,f3bcbd6ce5f4ac70541a5b56bd329f7f9e93ad3bfed1950af2d5805ea85930df,"{""config"":[""X+"",""X""],""d"":3,""p"":2.782559402207126e-05}",
     29696,        91,         0,   0.019,pymatching,f36897b0bc2e053583c3e363516babbeb7fd43bfec23c78a22bcdf8033835671,"{""config"":[""X+"",""X""],""d"":3,""p"":0.003238461538461538}",
     13312,       501,         0,   0.020,pymatching,19a54a0c9b4305cf892a109c3d89e375f3d8811b045e0fb2462ab556e73e6f42,"{""config"":[""X+"",""X""],""d"":3,""p"":0.012861538461538462}",
      9216,       420,         0,   0.015,pymatching,d9e1f89b95cc4d4b0c46d4d4da6df2a73e9132f4175d200850e8dfd280c26787,"{""config"":[""X+"",""X""],""d"":3,""p"":0.01393076923076923}",
     48128,         0,         0,   0.019,pymatching,dc9413d892a0e376eb90d62699aa3fef82bd54bb8b05d85d217022fc1a107e90,"{""config"":[""X+"",""X""],""d"":3,""p"":1e-05}",
     17408,         0,         0,   0.028,pymatching,80cf9077c4399287e25010c4837b6d08342ce001fcd1c2031b5a11a59af49a47,"{""config"":[""X+"",""X""],""d"":5,""p"":7.742636826811278e-05}",
     12288,       561,         0,   0.020,pymatching,d9e1f89b95cc4d4b0c46d4d4da6df2a73e9132f4175d200850e8dfd280c26787,"{""config"":[""X+"",""X""],""d"":3,""p"":0.01393076923076923}",
     63488,         0,         0,   0.026,pymatching,f3bcbd6ce5f4ac70541a5b56bd329f7f9e93ad3bfed1950af2d5805ea85930df,"{""config"":[""X+"",""X""],""d"":3,""p"":2.782559402207126e-05}",
      6417,       247,         0,   0.010,pymatching,31b2b04e9ab46b9dd2801023598a994adb3d9f0fd50388c8140ad89e99b7a96d,"{""config"":[""X+"",""X""],""d"":3,""p"":0.013217948717948718}",
     22528,      1159,         0,   0.038,pymatching,b7287558f854836b7e276badd239eccb7d2d5a7576b84ae2e5e0037499bca8fa,"{""config"":[""X+"",""X""],""d"":3,""p"":0.014999999999999998}",
      7441,       233,         0,   0.011,pymatching,f3850e6d35b30f29818f35b9e8cee383326a91d429c9aa4bacc6859c9c47382c,"{""config"":[""X+"",""X""],""d"":3,""p"":0.011435897435897435}",
      7441,       134,         0,   0.010,pymatching,1a29b8026e58bc70bc9f053589eab90c5de506b6aeb044d52c1c5cb1e5853cde,"{""config"":[""X+"",""X""],""d"":3,""p"":0.008584615384615385}",
     18432,       697,         0,   0.027,pymatching,19a54a0c9b4305cf892a109c3d89e375f3d8811b045e0fb2462ab556e73e6f42,"{""config"":[""X+"",""X""],""d"":3,""p"":0.012861538461538462}",
     39936,       126,         0,   0.027,pymatching,f36897b0bc2e053583c3e363516babbeb7fd43bfec23c78a22bcdf8033835671,"{""config"":[""X+"",""X""],""d"":3,""p"":0.003238461538461538}",
      6417,       128,         0,   0.011,pymatching,ddab2defe45ed082b27a997915b445fa5b941c1a2d3ec794860a6b47eb3097aa,"{""config"":[""X+"",""X""],""d"":3,""p"":0.00894102564102564}",
     64512,         0,         0,   0.026,pymatching,dc9413d892a0e376eb90d62699aa3fef82bd54bb8b05d85d217022fc1a107e90,"{""config"":[""X+"",""X""],""d"":3,""p"":1e-05}",
     15633,        30,         0,   0.009,pymatching,6dfaea01acf21bb285f5fa04f40ecf1aa0753121e08474a376f48016089a8138,"{""config"":[""X+"",""X""],""d"":3,""p"":0.0025256410256410257}",
      8465,       133,         0,   0.011,pymatching,3695b9f66e998bd4c32a2e8eff1baa2b357098f27ab22362ffb8dcbcbfb62276,"{""config"":[""X+"",""X""],""d"":3,""p"":0.007871794871794872}",
      7441,       202,         0,   0.010,pymatching,72040d60fd5633c1da3abf6ba27efd7607ce5607a5a1dc19c34ea91faa334d92,"{""config"":[""X+"",""X""],""d"":3,""p"":0.010010256410256409}",
      9216,       376,         0,   0.014,pymatching,31b2b04e9ab46b9dd2801023598a994adb3d9f0fd50388c8140ad89e99b7a96d,"{""config"":[""X+"",""X""],""d"":3,""p"":0.013217948717948718}",
     10240,       311,         0,   0.014,pymatching,f3850e6d35b30f29818f35b9e8cee383326a91d429c9aa4bacc6859c9c47382c,"{""config"":[""X+"",""X""],""d"":3,""p"":0.011435897435897435}",
     11264,       217,         0,   0.014,pymatching,1a29b8026e58bc70bc9f053589eab90c5de506b6aeb044d52c1c5cb1e5853cde,"{""config"":[""X+"",""X""],""d"":3,""p"":0.008584615384615385}",
      5393,         0,         0,   0.011,pymatching,23d8ec2eb0610d1bae940b803cf06440d088a084fe863e96d060046f4150e9d7,"{""config"":[""X+"",""X""],""d"":5,""p"":0.0005994842503189409}",
      5120,       118,         0,   0.015,pymatching,ddab2defe45ed082b27a997915b445fa5b941c1a2d3ec794860a6b47eb3097aa,"{""config"":[""X+"",""X""],""d"":3,""p"":0.00894102564102564}",
     24576,        34,         0,   0.014,pymatching,6dfaea01acf21bb285f5fa04f40ecf1aa0753121e08474a376f48016089a8138,"{""config"":[""X+"",""X""],""d"":3,""p"":0.0025256410256410257}",
     12288,       193,         0,   0.014,pymatching,3695b9f66e998bd4c32a2e8eff1baa2b357098f27ab22362ffb8dcbcbfb62276,"{""config"":[""X+"",""X""],""d"":3,""p"":0.007871794871794872}",
     11537,        85,         0,   0.010,pymatching,87a70fb9b96f9f81b9de2e8f8c46419d414977f56f786b57b005836c0eaa5d05,"{""config"":[""X+"",""X""],""d"":3,""p"":0.005376923076923077}",
      6417,       180,         0,   0.010,pymatching,8efeff7a791b615a11a29f0f065f77491f8c783e0726c89ea45cb69f37c86792,"{""config"":[""X+"",""X""],""d"":3,""p"":0.010723076923076922}",
     23825,         0,         0,   0.009,pymatching,6c9aa8ec921e9440877f17e4aab5f2f11d5c82a360fbac7e966883b37466b86a,"{""config"":[""X+"",""X""],""d"":3,""p"":0.0001291549665014884}",
     17408,       783,         0,   0.028,pymatching,d9e1f89b95cc4d4b0c46d4d4da6df2a73e9132f4175d200850e8dfd280c26787,"{""config"":[""X+"",""X""],""d"":3,""p"":0.01393076923076923}",
     12288,       321,         0,   0.015,pymatching,72040d60fd5633c1da3abf6ba27efd7607ce5607a5a1dc19c34ea91faa334d92,"{""config"":[""X+"",""X""],""d"":3,""p"":0.010010256410256409}",
     24576,         0,         0,   0.039,pymatching,80cf9077c4399287e25010c4837b6d08342ce001fcd1c2031b5a11a59af49a47,"{""config"":[""X+"",""X""],""d"":5,""p"":7.742636826811278e-05}",
     13312,       617,         0,   0.020,pymatching,31b2b04e9ab46b9dd2801023598a994adb3d9f0fd50388c8140ad89e99b7a96d,"{""config"":[""X+"",""X""],""d"":3,""p"":0.013217948717948718}",
      8192,         0,         0,   0.015,pymatching,23d8ec2eb0610d1bae940b803cf06440d088a084fe863e96d060046f4150e9d7,"{""config"":[""X+"",""X""],""d"":5,""p"":0.0005994842503189409}",
     15360,       279,         0,   0.019,pymatching,1a29b8026e58bc70bc9f053589eab90c5de506b6aeb044d52c1c5cb1e5853cde,"{""config"":[""X+"",""X""],""d"":3,""p"":0.008584615384615385}",
     14336,       447,         0,   0.020,pymatching,f3850e6d35b30f29818f35b9e8cee383326a91d429c9aa4bacc6859c9c47382c,"{""config"":[""X+"",""X""],""d"":3,""p"":0.011435897435897435}",
     17408,       136,         0,   0.014,pymatching,87a70fb9b96f9f81b9de2e8f8c46419d414977f56f786b57b005836c0eaa5d05,"{""config"":[""X+"",""X""],""d"":3,""p"":0.005376923076923077}",
      9216,       283,         0,   0.014,pymatching,8efeff7a791b615a11a29f0f065f77491f8c783e0726c89ea45cb69f37c86792,"{""config"":[""X+"",""X""],""d"":3,""p"":0.010723076923076922}",
     86016,         0,         0,   0.036,pymatching,f3bcbd6ce5f4ac70541a5b56bd329f7f9e93ad3bfed1950af2d5805ea85930df,"{""config"":[""X+"",""X""],""d"":3,""p"":2.782559402207126e-05}",
     35840,         0,         0,   0.013,pymatching,6c9aa8ec921e9440877f17e4aab5f2f11d5c82a360fbac7e966883b37466b86a,"{""config"":[""X+"",""X""],""d"":3,""p"":0.0001291549665014884}",
      6417,       232,         0,   0.010,pymatching,d6c48caba574441e86f9a0db2d8fcb48c5ff3d800a789530464150193818464d,"{""config"":[""X+"",""X""],""d"":3,""p"":0.012505128205128205}",
      9489,       130,         0,   0.010,pymatching,afc695a28ce6a98f5e2ad3e33077ec8ba63b501e132514afb902483fcabacbae,"{""config"":[""X+"",""X""],""d"":3,""p"":0.007158974358974359}",
     34816,        79,         0,   0.019,pymatching,6dfaea01acf21bb285f5fa04f40ecf1aa0753121e08474a376f48016089a8138,"{""config"":[""X+"",""X""],""d"":3,""p"":0.0025256410256410257}",
      5393,       241,         0,   0.010,pymatching,3def4d1df3a67b9fe676ddbc5ac08650c631072413aad47dec86e1cea9ad6919,"{""config"":[""X+"",""X""],""d"":3,""p"":0.014643589743589744}",
     16384,       268,         0,   0.019,pymatching,3695b9f66e998bd4c32a2e8eff1baa2b357098f27ab22362ffb8dcbcbfb62276,"{""config"":[""X+"",""X""],""d"":3,""p"":0.007871794871794872}",
      8465,       155,         0,   0.010,pymatching,96b7ea2bb1d7b28f5e841d3a35e060408ff3ef1689cfe0b6724a211053bdfc1b,"{""config"":[""X+"",""X""],""d"":3,""p"":0.008228205128205128}",
     53248,       171,         0,   0.037,pymatching,f36897b0bc2e053583c3e363516babbeb7fd43bfec23c78a22bcdf8033835671,"{""config"":[""X+"",""X""],""d"":3,""p"":0.003238461538461538}",
     25600,      1009,         0,   0.038,pymatching,19a54a0c9b4305cf892a109c3d89e375f3d8811b045e0fb2462ab556e73e6f42,"{""config"":[""X+"",""X""],""d"":3,""p"":0.012861538461538462}",
     20753,         0,         0,   0.009,pymatching,dfdc9fd10baf329fe33fa9c5f8c16bd6589467249cad8545c0d5250f008e411b,"{""config"":[""X+"",""X""],""d"":3,""p"":4.641588833612782e-05}",
      8465,        98,         0,   0.010,pymatching,e028bdd40053e2ba1590c8c110a1c2de43fe242cd182579bbdd573092eb86c9b,"{""config"":[""X+"",""X""],""d"":3,""p"":0.006802564102564103}",
      8192,       159,         0,   0.023,pymatching,ddab2defe45ed082b27a997915b445fa5b941c1a2d3ec794860a6b47eb3097aa,"{""config"":[""X+"",""X""],""d"":3,""p"":0.00894102564102564}",
     87040,         0,         0,   0.036,pymatching,dc9413d892a0e376eb90d62699aa3fef82bd54bb8b05d85d217022fc1a107e90,"{""config"":[""X+"",""X""],""d"":3,""p"":1e-05}",
     16384,       400,         0,   0.020,pymatching,72040d60fd5633c1da3abf6ba27efd7607ce5607a5a1dc19c34ea91faa334d92,"{""config"":[""X+"",""X""],""d"":3,""p"":0.010010256410256409}",
      7441,       228,         0,   0.011,pymatching,5e9f9889c1ddffe64a9d156ed0da2c8433f7c0172f900b1a92c0063dd37fcf34,"{""config"":[""X+"",""X""],""d"":3,""p"":0.01107948717948718}",
     12561,        44,         0,   0.010,pymatching,c7555e8cf025416f403216cd716307b6304ef7934e8bf16d87646e097c1cc243,"{""config"":[""X+"",""X""],""d"":3,""p"":0.0035948717948717946}",
     18705,         1,         0,   0.009,pymatching,9de28e9261d95d90c51f529e5005c407396a4fde98124dd98b848309d8a9ecd5,"{""config"":[""X+"",""X""],""d"":3,""p"":0.0005994842503189409}",
     30720,      1521,         0,   0.053,pymatching,b7287558f854836b7e276badd239eccb7d2d5a7576b84ae2e5e0037499bca8fa,"{""config"":[""X+"",""X""],""d"":3,""p"":0.014999999999999998}",
     20753,         0,         0,   0.010,pymatching,4e17aa265d5777b57e59ea0bfdfc56560a32293c768de66c3893d16dea7a7324,"{""config"":[""X+"",""X""],""d"":3,""p"":7.742636826811278e-05}",
     15633,        11,         0,   0.009,pymatching,8c8b66baa9b4e197b15aadbf5d2b866eed5e7e94629f170ffe8a003d8b82f4eb,"{""config"":[""X+"",""X""],""d"":3,""p"":0.0014564102564102565}",
      9216,       355,         0,   0.014,pymatching,d6c48caba574441e86f9a0db2d8fcb48c5ff3d800a789530464150193818464d,"{""config"":[""X+"",""X""],""d"":3,""p"":0.012505128205128205}",
      7441,       130,         0,   0.010,pymatching,121d6326335ce67ec7e47315f3c71d92f0c85f155bf225e023f7bf10e2eb73e0,"{""config"":[""X+"",""X""],""d"":3,""p"":0.009297435897435898}",
      5393,       231,         0,   0.011,pymatching,11725d389e634d2a74e0f474e5e697f2680b8d8d2d7f04c7acbaadfe07b79c93,"{""config"":[""X+"",""X""],""d"":3,""p"":0.013574358974358974}",
     17681,        14,         0,   0.010,pymatching,058ac43f042324bd07527645ded112db535a7af8c975f9081e402e4198cb309c,"{""config"":[""X+"",""X""],""d"":3,""p"":0.0018128205128205128}",
     23825,         1,         0,   0.010,pymatching,777dbe826ba25cd9dfc2fef9082ca3bd862a81337ca534229931257c517c84cf,"{""config"":[""X+"",""X""],""d"":3,""p"":0.00021544346900318823}",
     14336,       190,         0,   0.014,pymatching,afc695a28ce6a98f5e2ad3e33077ec8ba63b501e132514afb902483fcabacbae,"{""config"":[""X+"",""X""],""d"":3,""p"":0.007158974358974359}",
     11264,         0,         0,   0.020,pymatching,23d8ec2eb0610d1bae940b803cf06440d088a084fe863e96d060046f4150e9d7,"{""config"":[""X+"",""X""],""d"":5,""p"":0.0005994842503189409}",
      8192,       406,         0,   0.014,pymatching,3def4d1df3a67b9fe676ddbc5ac08650c631072413aad47dec86e1cea9ad6919,"{""config"":[""X+"",""X""],""d"":3,""p"":0.014643589743589744}",
      6417,       142,         0,   0.010,pymatching,cc61eb031fd329821706d0f62b9f1e475ab6b390442dadf3bd556657bc061e66,"{""config"":[""X+"",""X""],""d"":3,""p"":0.009653846153846153}",
     24576,       201,         0,   0.019,pymatching,87a70fb9b96f9f81b9de2e8f8c46419d414977f56f786b57b005836c0eaa5d05,"{""config"":[""X+"",""X""],""d"":3,""p"":0.005376923076923077}",
     13312,       225,         0,   0.014,pymatching,96b7ea2bb1d7b28f5e841d3a35e060408ff3ef1689cfe0b6724a211053bdfc1b,"{""config"":[""X+"",""X""],""d"":3,""p"":0.008228205128205128}",
     31744,         0,         0,   0.013,pymatching,dfdc9fd10baf329fe33fa9c5f8c16bd6589467249cad8545c0d5250f008e411b,"{""config"":[""X+"",""X""],""d"":3,""p"":4.641588833612782e-05}",
     13312,       385,         0,   0.020,pymatching,8efeff7a791b615a11a29f0f065f77491f8c783e0726c89ea45cb69f37c86792,"{""config"":[""X+"",""X""],""d"":3,""p"":0.010723076923076922}",
     13312,       172,         0,   0.014,pymatching,e028bdd40053e2ba1590c8c110a1c2de43fe242cd182579bbdd573092eb86c9b,"{""config"":[""X+"",""X""],""d"":3,""p"":0.006802564102564103}",
     24849,         0,         0,   0.010,pymatching,b502aaca068b5f4bab605802b115f623ae7d7b016476812f063d5f0c0b180c22,"{""config"":[""X+"",""X""],""d"":3,""p"":1.6681005372000593e-05}",
     50176,         0,         0,   0.019,pymatching,6c9aa8ec921e9440877f17e4aab5f2f11d5c82a360fbac7e966883b37466b86a,"{""config"":[""X+"",""X""],""d"":3,""p"":0.0001291549665014884}",
      6417,         0,         0,   0.011,pymatching,455d07a92268dd240edf63b507f0929a8e72be5078e203e820213aab6c508180,"{""config"":[""X+"",""X""],""d"":5,""p"":4.641588833612782e-05}",
     10513,        72,         0,   0.010,pymatching,0177c23aa5ce45f6dae30f0ffb6c76e09b1f824562194b48e74f86a33f7a926e,"{""config"":[""X+"",""X""],""d"":3,""p"":0.00502051282051282}",
     18432,       794,         0,   0.028,pymatching,31b2b04e9ab46b9dd2801023598a994adb3d9f0fd50388c8140ad89e99b7a96d,"{""config"":[""X+"",""X""],""d"":3,""p"":0.013217948717948718}",
     21504,       398,         0,   0.027,pymatching,1a29b8026e58bc70bc9f053589eab90c5de506b6aeb044d52c1c5cb1e5853cde,"{""config"":[""X+"",""X""],""d"":3,""p"":0.008584615384615385}",
     11264,       356,         0,   0.015,pymatching,5e9f9889c1ddffe64a9d156ed0da2c8433f7c0172f900b1a92c0063dd37fcf34,"{""config"":[""X+"",""X""],""d"":3,""p"":0.01107948717948718}",
     18432,        70,         0,   0.014,pymatching,c7555e8cf025416f403216cd716307b6304ef7934e8bf16d87646e097c1cc243,"{""config"":[""X+"",""X""],""d"":3,""p"":0.0035948717948717946}",
     20480,       665,         0,   0.028,pymatching,f3850e6d35b30f29818f35b9e8cee383326a91d429c9aa4bacc6859c9c47382c,"{""config"":[""X+"",""X""],""d"":3,""p"":0.011435897435897435}",
     23552,      1084,         0,   0.038,pymatching,d9e1f89b95cc4d4b0c46d4d4da6df2a73e9132f4175d200850e8dfd280c26787,"{""config"":[""X+"",""X""],""d"":3,""p"":0.01393076923076923}",
     10513,        63,         0,   0.010,pymatching,d7e8bd51672d027c6bb8f867a2debca363ea1e5c2f26c326ae40a2ae68e77688,"{""config"":[""X+"",""X""],""d"":3,""p"":0.004664102564102564}",
      8465,       106,         0,   0.010,pymatching,4e1e6deedac6a243368e47cc7b9b84075836201480abb986bce0e237d0589d10,"{""config"":[""X+"",""X""],""d"":3,""p"":0.007515384615384615}",
      6417,       210,         0,   0.011,pymatching,04e37dbc07fc695186057337b985f1b3b2a7515c33735f940e4e2e10b10a949e,"{""config"":[""X+"",""X""],""d"":3,""p"":0.011792307692307692}",
     26624,         5,         0,   0.013,pymatching,9de28e9261d95d90c51f529e5005c407396a4fde98124dd98b848309d8a9ecd5,"{""config"":[""X+"",""X""],""d"":3,""p"":0.0005994842503189409}",
     31744,         0,         0,   0.013,pymatching,4e17aa265d5777b57e59ea0bfdfc56560a32293c768de66c3893d16dea7a7324,"{""config"":[""X+"",""X""],""d"":3,""p"":7.742636826811278e-05}",
      4369,         1,         0,   0.011,pymatching,e01a52abca50f807b94c98c2ff3fe10204eb819d04d5cf83a605e06cb2ac34ab,"{""config"":[""X+"",""X""],""d"":5,""p"":0.0014564102564102565}",
     25600,        16,         0,   0.014,pymatching,8c8b66baa9b4e197b15aadbf5d2b866eed5e7e94629f170ffe8a003d8b82f4eb,"{""config"":[""X+"",""X""],""d"":3,""p"":0.0014564102564102565}",
      6417,         0,         0,   0.011,pymatching,97c541594f2f2428033c1e26bc58f9096edf4396bc9e3fb3c1379c40f0535fbe,"{""config"":[""X+"",""X""],""d"":5,""p"":2.782559402207126e-05}",
     11537,        49,         0,   0.010,pymatching,3482c2a735dbb0160b66ed9d2fc55e604af6b87ab46c3edbe72a3a620a1dfeb4,"{""config"":[""X+"",""X""],""d"":3,""p"":0.0043076923076923075}",
     27648,        34,         0,   0.014,pymatching,058ac43f042324bd07527645ded112db535a7af8c975f9081e402e4198cb309c,"{""config"":[""X+"",""X""],""d"":3,""p"":0.0018128205128205128}",
      8192,       352,         0,   0.015,pymatching,11725d389e634d2a74e0f474e5e697f2680b8d8d2d7f04c7acbaadfe07b79c93,"{""config"":[""X+"",""X""],""d"":3,""p"":0.013574358974358974}",
     48128,        84,         0,   0.026,pymatching,6dfaea01acf21bb285f5fa04f40ecf1aa0753121e08474a376f48016089a8138,"{""config"":[""X+"",""X""],""d"":3,""p"":0.0025256410256410257}",
     11264,       227,         0,   0.015,pymatching,121d6326335ce67ec7e47315f3c71d92f0c85f155bf225e023f7bf10e2eb73e0,"{""config"":[""X+"",""X""],""d"":3,""p"":0.009297435897435898}",
     23552,       367,         0,   0.027,pymatching,3695b9f66e998bd4c32a2e8eff1baa2b357098f27ab22362ffb8dcbcbfb62276,"{""config"":[""X+"",""X""],""d"":3,""p"":0.007871794871794872}",
     35840,         1,         0,   0.013,pymatching,777dbe826ba25cd9dfc2fef9082ca3bd862a81337ca534229931257c517c84cf,"{""config"":[""X+"",""X""],""d"":3,""p"":0.00021544346900318823}",
     10240,       221,         0,   0.014,pymatching,cc61eb031fd329821706d0f62b9f1e475ab6b390442dadf3bd556657bc061e66,"{""config"":[""X+"",""X""],""d"":3,""p"":0.009653846153846153}",
      9489,        93,         0,   0.010,pymatching,5a8b1db0d13889be125d49166e0359bdad7116cf7504bd4f0a4bf252488304e9,"{""config"":[""X+"",""X""],""d"":3,""p"":0.005733333333333333}",
     11264,       232,         0,   0.025,pymatching,ddab2defe45ed082b27a997915b445fa5b941c1a2d3ec794860a6b47eb3097aa,"{""config"":[""X+"",""X""],""d"":3,""p"":0.00894102564102564}",
     36864,         0,         0,   0.013,pymatching,b502aaca068b5f4bab605802b115f623ae7d7b016476812f063d5f0c0b180c22,"{""config"":[""X+"",""X""],""d"":3,""p"":1.6681005372000593e-05}",
      3345,         2,         0,   0.011,pymatching,2e666ff94e32b22ba1e2eb7ee872bad7156a7f14148ede0723cb6bd578f00ff7,"{""config"":[""X+"",""X""],""d"":5,""p"":0.002169230769230769}",
     13312,       500,         0,   0.020,pymatching,d6c48caba574441e86f9a0db2d8fcb48c5ff3d800a789530464150193818464d,"{""config"":[""X+"",""X""],""d"":3,""p"":0.012505128205128205}",
      9216,         0,         0,   0.015,pymatching,455d07a92268dd240edf63b507f0929a8e72be5078e203e820213aab6c508180,"{""config"":[""X+"",""X""],""d"":5,""p"":4.641588833612782e-05}",
     22528,       621,         0,   0.028,pymatching,72040d60fd5633c1da3abf6ba27efd7607ce5607a5a1dc19c34ea91faa334d92,"{""config"":[""X+"",""X""],""d"":3,""p"":0.010010256410256409}",
     20480,       255,         0,   0.020,pymatching,afc695a28ce6a98f5e2ad3e33077ec8ba63b501e132514afb902483fcabacbae,"{""config"":[""X+"",""X""],""d"":3,""p"":0.007158974358974359}",
      5393,         0,         0,   0.011,pymatching,380ed4285f0d76a6b5fca81eff3e635554acfef7efee4e714f932ced9f50eb26,"{""config"":[""X+"",""X""],""d"":5,""p"":1e-05}",
     12288,       590,         0,   0.021,pymatching,3def4d1df3a67b9fe676ddbc5ac08650c631072413aad47dec86e1cea9ad6919,"{""config"":[""X+"",""X""],""d"":3,""p"":0.014643589743589744}",
     16384,       107,         0,   0.014,pymatching,0177c23aa5ce45f6dae30f0ffb6c76e09b1f824562194b48e74f86a33f7a926e,"{""config"":[""X+"",""X""],""d"":3,""p"":0.00502051282051282}",
     18432,       325,         0,   0.019,pymatching,96b7ea2bb1d7b28f5e841d3a35e060408ff3ef1689cfe0b6724a211053bdfc1b,"{""config"":[""X+"",""X""],""d"":3,""p"":0.008228205128205128}",
     44032,         0,         0,   0.019,pymatching,dfdc9fd10baf329fe33fa9c5f8c16bd6589467249cad8545c0d5250f008e411b,"{""config"":[""X+"",""X""],""d"":3,""p"":4.641588833612782e-05}",
     18432,       242,         0,   0.019,pymatching,e028bdd40053e2ba1590c8c110a1c2de43fe242cd182579bbdd573092eb86c9b,"{""config"":[""X+"",""X""],""d"":3,""p"":0.006802564102564103}",
     10513,       128,         0,   0.010,pymatching,e2fd48df8e68eb5cbd9004e96f42017ab57cc95fd0c105de97b24d13142c1c96,"{""config"":[""X+"",""X""],""d"":3,""p"":0.006446153846153846}",
     14609,        23,         0,   0.009,pymatching,737d06dfd9d73ba6328c05f46e4e4627962b545ad1a85cc9fa44dbf745c7bd1e,"{""config"":[""X+"",""X""],""d"":3,""p"":0.002169230769230769}",
      4369,         0,         0,   0.011,pymatching,a5c09728ca1e0840e6b2a73a571cbf4cfda9ea5b2b3a5ec65723e06b3616dff1,"{""config"":[""X+"",""X""],""d"":5,""p"":0.001}",
     16384,       100,         0,   0.014,pymatching,d7e8bd51672d027c6bb8f867a2debca363ea1e5c2f26c326ae40a2ae68e77688,"{""config"":[""X+"",""X""],""d"":3,""p"":0.004664102564102564}",
      9489,       108,         0,   0.010,pymatching,77656b1e4c3130c0c21d2eb10aeb38e81580c25db393ea3f46dbfbb101f0ee90,"{""config"":[""X+"",""X""],""d"":3,""p"":0.00608974358974359}",
     12288,       182,         0,   0.014,pymatching,4e1e6deedac6a243368e47cc7b9b84075836201480abb986bce0e237d0589d10,"{""config"":[""X+"",""X""],""d"":3,""p"":0.007515384615384615}",
      5393,         0,         0,   0.011,pymatching,b0fee0578d8b301aacbbd71b704d435900d564bfae07aea6d55c7e90fd1c25d3,"{""config"":[""X+"",""X""],""d"":5,""p"":0.0001291549665014884}",
      5393,         0,         0,   0.011,pymatching,451551e0f19ea9c859961d3df875cbd0bdb49c492317dda790a54e697358891a,"{""config"":[""X+"",""X""],""d"":5,""p"":0.00035938136638046257}",
      9216,       317,         0,   0.015,pymatching,04e37dbc07fc695186057337b985f1b3b2a7515c33735f940e4e2e10b10a949e,"{""config"":[""X+"",""X""],""d"":3,""p"":0.011792307692307692}",
      5393,         0,         0,   0.011,pymatching,3db1cf03750305d3692f56b9dbabbec5a556ac93e14497828f25c987ee55dba3,"{""config"":[""X+"",""X""],""d"":5,""p"":1.6681005372000593e-05}",
      3345,         0,         0,   0.010,pymatching,c0d6877e7b645f898e893ac18e383808a71d71c812f9e927d453cca722236fea,"{""config"":[""X+"",""X""],""d"":5,""p"":0.0018128205128205128}",
      5393,         0,         0,   0.011,pymatching,3cd491eb7979b7d9cf5036ff141c116fe7abb6cce529a088faa0d87f2348b9ff,"{""config"":[""X+"",""X""],""d"":5,""p"":0.00021544346900318823}",
      9216,         0,         0,   0.014,pymatching,97c541594f2f2428033c1e26bc58f9096edf4396bc9e3fb3c1379c40f0535fbe,"{""config"":[""X+"",""X""],""d"":5,""p"":2.782559402207126e-05}",
     16657,         6,         0,   0.009,pymatching,4aa5d8260eb9ee1b62a08d3bfee9a36a177dac6c5a7cf5a37c2da9635a6282fa,"{""config"":[""X+"",""X""],""d"":3,""p"":0.001}",
     17408,        98,         0,   0.014,pymatching,3482c2a735dbb0160b66ed9d2fc55e604af6b87ab46c3edbe72a3a620a1dfeb4,"{""config"":[""X+"",""X""],""d"":3,""p"":0.0043076923076923075}",
     15360,         0,         0,   0.028,pymatching,23d8ec2eb0610d1bae940b803cf06440d088a084fe863e96d060046f4150e9d7,"{""config"":[""X+"",""X""],""d"":5,""p"":0.0005994842503189409}",
     15360,       448,         0,   0.020,pymatching,5e9f9889c1ddffe64a9d156ed0da2c8433f7c0172f900b1a92c0063dd37fcf34,"{""config"":[""X+"",""X""],""d"":3,""p"":0.01107948717948718}",
      7168,         0,         0,   0.016,pymatching,e01a52abca50f807b94c98c2ff3fe10204eb819d04d5cf83a605e06cb2ac34ab,"{""config"":[""X+"",""X""],""d"":5,""p"":0.0014564102564102565}",
     26624,        90,         0,   0.019,pymatching,c7555e8cf025416f403216cd716307b6304ef7934e8bf16d87646e097c1cc243,"{""config"":[""X+"",""X""],""d"":3,""p"":0.0035948717948717946}",
     12561,        44,         0,   0.010,pymatching,faec4046d303ca430c7edb632cdef277999e0fda859f9cbf68ccb18621edb8c8,"{""config"":[""X+"",""X""],""d"":3,""p"":0.003951282051282051}",
     14336,       115,         0,   0.014,pymatching,5a8b1db0d13889be125d49166e0359bdad7116cf7504bd4f0a4bf252488304e9,"{""config"":[""X+"",""X""],""d"":3,""p"":0.005733333333333333}",
     34816,       276,         0,   0.027,pymatching,87a70fb9b96f9f81b9de2e8f8c46419d414977f56f786b57b005836c0eaa5d05,"{""config"":[""X+"",""X""],""d"":3,""p"":0.005376923076923077}",
     18432,       488,         0,   0.027,pymatching,8efeff7a791b615a11a29f0f065f77491f8c783e0726c89ea45cb69f37c86792,"{""config"":[""X+"",""X""],""d"":3,""p"":0.010723076923076922}",
     40960,         4,         0,   0.019,pymatching,9de28e9261d95d90c51f529e5005c407396a4fde98124dd98b848309d8a9ecd5,"{""config"":[""X+"",""X""],""d"":3,""p"":0.0005994842503189409}",
     70656,         1,         0,   0.026,pymatching,6c9aa8ec921e9440877f17e4aab5f2f11d5c82a360fbac7e966883b37466b86a,"{""config"":[""X+"",""X""],""d"":3,""p"":0.0001291549665014884}",
     33792,         0,         0,   0.054,pymatching,80cf9077c4399287e25010c4837b6d08342ce001fcd1c2031b5a11a59af49a47,"{""config"":[""X+"",""X""],""d"":5,""p"":7.742636826811278e-05}",
     45056,         0,         0,   0.019,pymatching,4e17aa265d5777b57e59ea0bfdfc56560a32293c768de66c3893d16dea7a7324,"{""config"":[""X+"",""X""],""d"":3,""p"":7.742636826811278e-05}",
      6417,       279,         0,   0.011,pymatching,88a8c1eb0c4654194c8735e078db6d860143f8bb6a860d43e413a4da1d3dfe22,"{""config"":[""X+"",""X""],""d"":3,""p"":0.014287179487179487}",
     19729,         1,         0,   0.009,pymatching,b1dd79a82714d6a7ab6afc7ce4f8fd50be36ec1f3daf674e5877ab896fb4319c,"{""config"":[""X+"",""X""],""d"":3,""p"":0.00035938136638046257}",
     35840,        20,         0,   0.019,pymatching,8c8b66baa9b4e197b15aadbf5d2b866eed5e7e94629f170ffe8a003d8b82f4eb,"{""config"":[""X+"",""X""],""d"":3,""p"":0.0014564102564102565}",
      5120,         2,         0,   0.015,pymatching,2e666ff94e32b22ba1e2eb7ee872bad7156a7f14148ede0723cb6bd578f00ff7,"{""config"":[""X+"",""X""],""d"":5,""p"":0.002169230769230769}",
     38912,        25,         0,   0.019,pymatching,058ac43f042324bd07527645ded112db535a7af8c975f9081e402e4198cb309c,"{""config"":[""X+"",""X""],""d"":3,""p"":0.0018128205128205128}",
     50176,         1,         0,   0.019,pymatching,777dbe826ba25cd9dfc2fef9082ca3bd862a81337ca534229931257c517c84cf,"{""config"":[""X+"",""X""],""d"":3,""p"":0.00021544346900318823}",
     11264,       506,         0,   0.020,pymatching,11725d389e634d2a74e0f474e5e697f2680b8d8d2d7f04c7acbaadfe07b79c93,"{""config"":[""X+"",""X""],""d"":3,""p"":0.013574358974358974}",
     15360,       334,         0,   0.020,pymatching,121d6326335ce67ec7e47315f3c71d92f0c85f155bf225e023f7bf10e2eb73e0,"{""config"":[""X+"",""X""],""d"":3,""p"":0.009297435897435898}",
     14336,       318,         0,   0.020,pymatching,cc61eb031fd329821706d0f62b9f1e475ab6b390442dadf3bd556657bc061e66,"{""config"":[""X+"",""X""],""d"":3,""p"":0.009653846153846153}",
      8192,         0,         0,   0.015,pymatching,380ed4285f0d76a6b5fca81eff3e635554acfef7efee4e714f932ced9f50eb26,"{""config"":[""X+"",""X""],""d"":5,""p"":1e-05}",
    119808,         0,         0,   0.051,pymatching,f3bcbd6ce5f4ac70541a5b56bd329f7f9e93ad3bfed1950af2d5805ea85930df,"{""config"":[""X+"",""X""],""d"":3,""p"":2.782559402207126e-05}",
     15360,       163,         0,   0.014,pymatching,e2fd48df8e68eb5cbd9004e96f42017ab57cc95fd0c105de97b24d13142c1c96,"{""config"":[""X+"",""X""],""d"":3,""p"":0.006446153846153846}",
     22528,        23,         0,   0.013,pymatching,737d06dfd9d73ba6328c05f46e4e4627962b545ad1a85cc9fa44dbf745c7bd1e,"{""config"":[""X+"",""X""],""d"":3,""p"":0.002169230769230769}",
     13585,        42,         0,   0.010,pymatching,ad4d9ddc1cd975635e2ebddcf758a3df2eef2c22430eddaf3280bcd213db5576,"{""config"":[""X+"",""X""],""d"":3,""p"":0.0028820512820512817}",
     52224,         0,         0,   0.019,pymatching,b502aaca068b5f4bab605802b115f623ae7d7b016476812f063d5f0c0b180c22,"{""config"":[""X+"",""X""],""d"":3,""p"":1.6681005372000593e-05}",
      6144,         0,         0,   0.014,pymatching,a5c09728ca1e0840e6b2a73a571cbf4cfda9ea5b2b3a5ec65723e06b3616dff1,"{""config"":[""X+"",""X""],""d"":5,""p"":0.001}",
     14336,       141,         0,   0.014,pymatching,77656b1e4c3130c0c21d2eb10aeb38e81580c25db393ea3f46dbfbb101f0ee90,"{""config"":[""X+"",""X""],""d"":3,""p"":0.00608974358974359}",
      7168,         0,         0,   0.014,pymatching,451551e0f19ea9c859961d3df875cbd0bdb49c492317dda790a54e697358891a,"{""config"":[""X+"",""X""],""d"":5,""p"":0.00035938136638046257}",
     13312,         0,         0,   0.021,pymatching,455d07a92268dd240edf63b507f0929a8e72be5078e203e820213aab6c508180,"{""config"":[""X+"",""X""],""d"":5,""p"":4.641588833612782e-05}",
      5393,       176,         0,   0.010,pymatching,d8b527a55fd58e25f11a843fb80dae6486cd9b1fd9ad878e55123fabfe32c74f,"{""config"":[""X+"",""X""],""d"":3,""p"":0.012148717948717948}",
      8192,         0,         0,   0.015,pymatching,b0fee0578d8b301aacbbd71b704d435900d564bfae07aea6d55c7e90fd1c25d3,"{""config"":[""X+"",""X""],""d"":5,""p"":0.0001291549665014884}",
     74752,       222,         0,   0.052,pymatching,f36897b0bc2e053583c3e363516babbeb7fd43bfec23c78a22bcdf8033835671,"{""config"":[""X+"",""X""],""d"":3,""p"":0.003238461538461538}",
      5120,         2,         0,   0.014,pymatching,c0d6877e7b645f898e893ac18e383808a71d71c812f9e927d453cca722236fea,"{""config"":[""X+"",""X""],""d"":5,""p"":0.0018128205128205128}",
     22528,       126,         0,   0.019,pymatching,0177c23aa5ce45f6dae30f0ffb6c76e09b1f824562194b48e74f86a33f7a926e,"{""config"":[""X+"",""X""],""d"":3,""p"":0.00502051282051282}",
     35840,      1430,         0,   0.054,pymatching,19a54a0c9b4305cf892a109c3d89e375f3d8811b045e0fb2462ab556e73e6f42,"{""config"":[""X+"",""X""],""d"":3,""p"":0.012861538461538462}",
     26624,         7,         0,   0.013,pymatching,4aa5d8260eb9ee1b62a08d3bfee9a36a177dac6c5a7cf5a37c2da9635a6282fa,"{""config"":[""X+"",""X""],""d"":3,""p"":0.001}",
      8192,         0,         0,   0.015,pymatching,3db1cf03750305d3692f56b9dbabbec5a556ac93e14497828f25c987ee55dba3,"{""config"":[""X+"",""X""],""d"":5,""p"":1.6681005372000593e-05}",
      8192,         0,         0,   0.015,pymatching,3cd491eb7979b7d9cf5036ff141c116fe7abb6cce529a088faa0d87f2348b9ff,"{""config"":[""X+"",""X""],""d"":5,""p"":0.00021544346900318823}",
    122880,         0,         0,   0.051,pymatching,dc9413d892a0e376eb90d62699aa3fef82bd54bb8b05d85d217022fc1a107e90,"{""config"":[""X+"",""X""],""d"":3,""p"":1e-05}",
     18432,        81,         0,   0.014,pymatching,faec4046d303ca430c7edb632cdef277999e0fda859f9cbf68ccb18621edb8c8,"{""config"":[""X+"",""X""],""d"":3,""p"":0.003951282051282051}",
     22528,       156,         0,   0.019,pymatching,d7e8bd51672d027c6bb8f867a2debca363ea1e5c2f26c326ae40a2ae68e77688,"{""config"":[""X+"",""X""],""d"":3,""p"":0.004664102564102564}",
     16657,         3,         0,   0.009,pymatching,33bea3fc408d0f3b212141d8f1ce4f74afc5faeb859c398aef2e444c9509a22e,"{""config"":[""X+"",""X""],""d"":3,""p"":0.0011}",
     17408,       239,         0,   0.020,pymatching,4e1e6deedac6a243368e47cc7b9b84075836201480abb986bce0e237d0589d10,"{""config"":[""X+"",""X""],""d"":3,""p"":0.007515384615384615}",
     25600,      1060,         0,   0.039,pymatching,31b2b04e9ab46b9dd2801023598a994adb3d9f0fd50388c8140ad89e99b7a96d,"{""config"":[""X+"",""X""],""d"":3,""p"":0.013217948717948718}",
     30720,       556,         0,   0.038,pymatching,1a29b8026e58bc70bc9f053589eab90c5de506b6aeb044d52c1c5cb1e5853cde,"{""config"":[""X+"",""X""],""d"":3,""p"":0.008584615384615385}",
     12288,       415,         0,   0.020,pymatching,04e37dbc07fc695186057337b985f1b3b2a7515c33735f940e4e2e10b10a949e,"{""config"":[""X+"",""X""],""d"":3,""p"":0.011792307692307692}",
     30720,         0,         0,   0.014,pymatching,b1dd79a82714d6a7ab6afc7ce4f8fd50be36ec1f3daf674e5877ab896fb4319c,"{""config"":[""X+"",""X""],""d"":3,""p"":0.00035938136638046257}",
     12288,         0,         0,   0.019,pymatching,97c541594f2f2428033c1e26bc58f9096edf4396bc9e3fb3c1379c40f0535fbe,"{""config"":[""X+"",""X""],""d"":5,""p"":2.782559402207126e-05}",
      4369,         0,         0,   0.012,pymatching,0f0696523286979d7977786c8650b695f858d42e8290cc3da00edabece421f20,"{""config"":[""X+"",""X""],""d"":5,""p"":0.0011}",
     19456,       729,         0,   0.029,pymatching,d6c48caba574441e86f9a0db2d8fcb48c5ff3d800a789530464150193818464d,"{""config"":[""X+"",""X""],""d"":3,""p"":0.012505128205128205}",
      9216,       442,         0,   0.015,pymatching,88a8c1eb0c4654194c8735e078db6d860143f8bb6a860d43e413a4da1d3dfe22,"{""config"":[""X+"",""X""],""d"":3,""p"":0.014287179487179487}",
     24576,       127,         0,   0.020,pymatching,3482c2a735dbb0160b66ed9d2fc55e604af6b87ab46c3edbe72a3a620a1dfeb4,"{""config"":[""X+"",""X""],""d"":3,""p"":0.0043076923076923075}",
     28672,       394,         0,   0.027,pymatching,afc695a28ce6a98f5e2ad3e33077ec8ba63b501e132514afb902483fcabacbae,"{""config"":[""X+"",""X""],""d"":3,""p"":0.007158974358974359}",
     28672,       923,         0,   0.039,pymatching,f3850e6d35b30f29818f35b9e8cee383326a91d429c9aa4bacc6859c9c47382c,"{""config"":[""X+"",""X""],""d"":3,""p"":0.011435897435897435}",
     16384,       833,         0,   0.027,pymatching,3def4d1df3a67b9fe676ddbc5ac08650c631072413aad47dec86e1cea9ad6919,"{""config"":[""X+"",""X""],""d"":3,""p"":0.014643589743589744}",
      9216,         1,         0,   0.020,pymatching,e01a52abca50f807b94c98c2ff3fe10204eb819d04d5cf83a605e06cb2ac34ab,"{""config"":[""X+"",""X""],""d"":5,""p"":0.0014564102564102565}",
     62464,         0,         0,   0.026,pymatching,dfdc9fd10baf329fe33fa9c5f8c16bd6589467249cad8545c0d5250f008e411b,"{""config"":[""X+"",""X""],""d"":3,""p"":4.641588833612782e-05}",
     20480,       196,         0,   0.019,pymatching,5a8b1db0d13889be125d49166e0359bdad7116cf7504bd4f0a4bf252488304e9,"{""config"":[""X+"",""X""],""d"":3,""p"":0.005733333333333333}",
     26624,       450,         0,   0.028,pymatching,96b7ea2bb1d7b28f5e841d3a35e060408ff3ef1689cfe0b6724a211053bdfc1b,"{""config"":[""X+"",""X""],""d"":3,""p"":0.008228205128205128}",
     25600,       336,         0,   0.027,pymatching,e028bdd40053e2ba1590c8c110a1c2de43fe242cd182579bbdd573092eb86c9b,"{""config"":[""X+"",""X""],""d"":3,""p"":0.006802564102564103}",
      6417,       151,         0,   0.010,pymatching,96bf547214abb82653ba8d5737fe95aa8e07402cdb36828885056cdd19737351,"{""config"":[""X+"",""X""],""d"":3,""p"":0.010366666666666666}",
     20480,        48,         0,   0.013,pymatching,ad4d9ddc1cd975635e2ebddcf758a3df2eef2c22430eddaf3280bcd213db5576,"{""config"":[""X+"",""X""],""d"":3,""p"":0.0028820512820512817}",
     67584,       109,         0,   0.037,pymatching,6dfaea01acf21bb285f5fa04f40ecf1aa0753121e08474a376f48016089a8138,"{""config"":[""X+"",""X""],""d"":3,""p"":0.0025256410256410257}",
     32768,       564,         0,   0.038,pymatching,3695b9f66e998bd4c32a2e8eff1baa2b357098f27ab22362ffb8dcbcbfb62276,"{""config"":[""X+"",""X""],""d"":3,""p"":0.007871794871794872}",
      7168,         3,         0,   0.021,pymatching,2e666ff94e32b22ba1e2eb7ee872bad7156a7f14148ede0723cb6bd578f00ff7,"{""config"":[""X+"",""X""],""d"":5,""p"":0.002169230769230769}",
     11264,         0,         0,   0.020,pymatching,380ed4285f0d76a6b5fca81eff3e635554acfef7efee4e714f932ced9f50eb26,"{""config"":[""X+"",""X""],""d"":5,""p"":1e-05}",
     15360,       312,         0,   0.039,pymatching,ddab2defe45ed082b27a997915b445fa5b941c1a2d3ec794860a6b47eb3097aa,"{""config"":[""X+"",""X""],""d"":3,""p"":0.00894102564102564}",
     21504,       255,         0,   0.019,pymatching,e2fd48df8e68eb5cbd9004e96f42017ab57cc95fd0c105de97b24d13142c1c96,"{""config"":[""X+"",""X""],""d"":3,""p"":0.006446153846153846}",
     36864,       117,         0,   0.027,pymatching,c7555e8cf025416f403216cd716307b6304ef7934e8bf16d87646e097c1cc243,"{""config"":[""X+"",""X""],""d"":3,""p"":0.0035948717948717946}",
      9216,       313,         0,   0.015,pymatching,d8b527a55fd58e25f11a843fb80dae6486cd9b1fd9ad878e55123fabfe32c74f,"{""config"":[""X+"",""X""],""d"":3,""p"":0.012148717948717948}",
     31744,        35,         0,   0.019,pymatching,737d06dfd9d73ba6328c05f46e4e4627962b545ad1a85cc9fa44dbf745c7bd1e,"{""config"":[""X+"",""X""],""d"":3,""p"":0.002169230769230769}",
     21504,       680,         0,   0.028,pymatching,5e9f9889c1ddffe64a9d156ed0da2c8433f7c0172f900b1a92c0063dd37fcf34,"{""config"":[""X+"",""X""],""d"":3,""p"":0.01107948717948718}",
      9216,         1,         0,   0.021,pymatching,a5c09728ca1e0840e6b2a73a571cbf4cfda9ea5b2b3a5ec65723e06b3616dff1,"{""config"":[""X+"",""X""],""d"":5,""p"":0.001}",
     25600,         4,         0,   0.013,pymatching,33bea3fc408d0f3b212141d8f1ce4f74afc5faeb859c398aef2e444c9509a22e,"{""config"":[""X+"",""X""],""d"":3,""p"":0.0011}",
     57344,         3,         0,   0.026,pymatching,9de28e9261d95d90c51f529e5005c407396a4fde98124dd98b848309d8a9ecd5,"{""config"":[""X+"",""X""],""d"":3,""p"":0.0005994842503189409}",
     31744,       813,         0,   0.038,pymatching,72040d60fd5633c1da3abf6ba27efd7607ce5607a5a1dc19c34ea91faa334d92,"{""config"":[""X+"",""X""],""d"":3,""p"":0.010010256410256409}",
     18432,       178,         0,   0.019,pymatching,77656b1e4c3130c0c21d2eb10aeb38e81580c25db393ea3f46dbfbb101f0ee90,"{""config"":[""X+"",""X""],""d"":3,""p"":0.00608974358974359}",
     63488,         0,         0,   0.026,pymatching,4e17aa265d5777b57e59ea0bfdfc56560a32293c768de66c3893d16dea7a7324,"{""config"":[""X+"",""X""],""d"":3,""p"":7.742636826811278e-05}",
     10240,         0,         0,   0.020,pymatching,451551e0f19ea9c859961d3df875cbd0bdb49c492317dda790a54e697358891a,"{""config"":[""X+"",""X""],""d"":5,""p"":0.00035938136638046257}",
     49152,        42,         0,   0.026,pymatching,8c8b66baa9b4e197b15aadbf5d2b866eed5e7e94629f170ffe8a003d8b82f4eb,"{""config"":[""X+"",""X""],""d"":3,""p"":0.0014564102564102565}",
     54272,        45,         0,   0.026,pymatching,058ac43f042324bd07527645ded112db535a7af8c975f9081e402e4198cb309c,"{""config"":[""X+"",""X""],""d"":3,""p"":0.0018128205128205128}",
      7168,         5,         0,   0.020,pymatching,c0d6877e7b645f898e893ac18e383808a71d71c812f9e927d453cca722236fea,"{""config"":[""X+"",""X""],""d"":5,""p"":0.0018128205128205128}",
     69632,         1,         0,   0.026,pymatching,777dbe826ba25cd9dfc2fef9082ca3bd862a81337ca534229931257c517c84cf,"{""config"":[""X+"",""X""],""d"":3,""p"":0.00021544346900318823}",
     36864,        10,         0,   0.019,pymatching,4aa5d8260eb9ee1b62a08d3bfee9a36a177dac6c5a7cf5a37c2da9635a6282fa,"{""config"":[""X+"",""X""],""d"":3,""p"":0.001}",
     11264,         0,         0,   0.021,pymatching,b0fee0578d8b301aacbbd71b704d435900d564bfae07aea6d55c7e90fd1c25d3,"{""config"":[""X+"",""X""],""d"":5,""p"":0.0001291549665014884}",
     15360,       624,         0,   0.027,pymatching,11725d389e634d2a74e0f474e5e697f2680b8d8d2d7f04c7acbaadfe07b79c93,"{""config"":[""X+"",""X""],""d"":3,""p"":0.013574358974358974}",
      6144,         0,         0,   0.014,pymatching,0f0696523286979d7977786c8650b695f858d42e8290cc3da00edabece421f20,"{""config"":[""X+"",""X""],""d"":5,""p"":0.0011}",
     11264,         0,         0,   0.020,pymatching,3db1cf03750305d3692f56b9dbabbec5a556ac93e14497828f25c987ee55dba3,"{""config"":[""X+"",""X""],""d"":5,""p"":1.6681005372000593e-05}",
     21504,       478,         0,   0.028,pymatching,121d6326335ce67ec7e47315f3c71d92f0c85f155bf225e023f7bf10e2eb73e0,"{""config"":[""X+"",""X""],""d"":3,""p"":0.009297435897435898}",
     20480,       491,         0,   0.028,pymatching,cc61eb031fd329821706d0f62b9f1e475ab6b390442dadf3bd556657bc061e66,"{""config"":[""X+"",""X""],""d"":3,""p"":0.009653846153846153}",
     32768,      1491,         0,   0.053,pymatching,d9e1f89b95cc4d4b0c46d4d4da6df2a73e9132f4175d200850e8dfd280c26787,"{""config"":[""X+"",""X""],""d"":3,""p"":0.01393076923076923}",
     25600,       106,         0,   0.019,pymatching,faec4046d303ca430c7edb632cdef277999e0fda859f9cbf68ccb18621edb8c8,"{""config"":[""X+"",""X""],""d"":3,""p"":0.003951282051282051}",
     11264,         0,         0,   0.021,pymatching,3cd491eb7979b7d9cf5036ff141c116fe7abb6cce529a088faa0d87f2348b9ff,"{""config"":[""X+"",""X""],""d"":5,""p"":0.00021544346900318823}",
     72704,         0,         0,   0.026,pymatching,b502aaca068b5f4bab605802b115f623ae7d7b016476812f063d5f0c0b180c22,"{""config"":[""X+"",""X""],""d"":3,""p"":1.6681005372000593e-05}",
     10240,       275,         0,   0.014,pymatching,96bf547214abb82653ba8d5737fe95aa8e07402cdb36828885056cdd19737351,"{""config"":[""X+"",""X""],""d"":3,""p"":0.010366666666666666}",
     43008,         2,         0,   0.019,pymatching,b1dd79a82714d6a7ab6afc7ce4f8fd50be36ec1f3daf674e5877ab896fb4319c,"{""config"":[""X+"",""X""],""d"":3,""p"":0.00035938136638046257}",
     21504,         0,         0,   0.039,pymatching,23d8ec2eb0610d1bae940b803cf06440d088a084fe863e96d060046f4150e9d7,"{""config"":[""X+"",""X""],""d"":5,""p"":0.0005994842503189409}",
     17408,         0,         0,   0.027,pymatching,455d07a92268dd240edf63b507f0929a8e72be5078e203e820213aab6c508180,"{""config"":[""X+"",""X""],""d"":5,""p"":4.641588833612782e-05}",
     12288,       589,         0,   0.020,pymatching,88a8c1eb0c4654194c8735e078db6d860143f8bb6a860d43e413a4da1d3dfe22,"{""config"":[""X+"",""X""],""d"":3,""p"":0.014287179487179487}",
     48128,       405,         0,   0.038,pymatching,87a70fb9b96f9f81b9de2e8f8c46419d414977f56f786b57b005836c0eaa5d05,"{""config"":[""X+"",""X""],""d"":3,""p"":0.005376923076923077}",
     25600,       711,         0,   0.038,pymatching,8efeff7a791b615a11a29f0f065f77491f8c783e0726c89ea45cb69f37c86792,"{""config"":[""X+"",""X""],""d"":3,""p"":0.010723076923076922}",
     30720,       212,         0,   0.027,pymatching,0177c23aa5ce45f6dae30f0ffb6c76e09b1f824562194b48e74f86a33f7a926e,"{""config"":[""X+"",""X""],""d"":3,""p"":0.00502051282051282}",
     99328,         2,         0,   0.036,pymatching,6c9aa8ec921e9440877f17e4aab5f2f11d5c82a360fbac7e966883b37466b86a,"{""config"":[""X+"",""X""],""d"":3,""p"":0.0001291549665014884}",
     28672,        78,         0,   0.019,pymatching,ad4d9ddc1cd975635e2ebddcf758a3df2eef2c22430eddaf3280bcd213db5576,"{""config"":[""X+"",""X""],""d"":3,""p"":0.0028820512820512817}",
     32768,       163,         0,   0.027,pymatching,d7e8bd51672d027c6bb8f867a2debca363ea1e5c2f26c326ae40a2ae68e77688,"{""config"":[""X+"",""X""],""d"":3,""p"":0.004664102564102564}",
     44032,      2166,         0,   0.075,pymatching,b7287558f854836b7e276badd239eccb7d2d5a7576b84ae2e5e0037499bca8fa,"{""config"":[""X+"",""X""],""d"":3,""p"":0.014999999999999998}",
     24576,       369,         0,   0.028,pymatching,4e1e6deedac6a243368e47cc7b9b84075836201480abb986bce0e237d0589d10,"{""config"":[""X+"",""X""],""d"":3,""p"":0.007515384615384615}",
     17408,       635,         0,   0.028,pymatching,04e37dbc07fc695186057337b985f1b3b2a7515c33735f940e4e2e10b10a949e,"{""config"":[""X+"",""X""],""d"":3,""p"":0.011792307692307692}",
     17408,         0,         0,   0.028,pymatching,97c541594f2f2428033c1e26bc58f9096edf4396bc9e3fb3c1379c40f0535fbe,"{""config"":[""X+"",""X""],""d"":5,""p"":2.782559402207126e-05}",
     33792,       147,         0,   0.027,pymatching,3482c2a735dbb0160b66ed9d2fc55e604af6b87ab46c3edbe72a3a620a1dfeb4,"{""config"":[""X+"",""X""],""d"":3,""p"":0.0043076923076923075}",
     12288,       470,         0,   0.020,pymatching,d8b527a55fd58e25f11a843fb80dae6486cd9b1fd9ad878e55123fabfe32c74f,"{""config"":[""X+"",""X""],""d"":3,""p"":0.012148717948717948}",
     12288,         6,         0,   0.027,pymatching,e01a52abca50f807b94c98c2ff3fe10204eb819d04d5cf83a605e06cb2ac34ab,"{""config"":[""X+"",""X""],""d"":5,""p"":0.0014564102564102565}",
     28672,       273,         0,   0.027,pymatching,5a8b1db0d13889be125d49166e0359bdad7116cf7504bd4f0a4bf252488304e9,"{""config"":[""X+"",""X""],""d"":3,""p"":0.005733333333333333}",
     36864,         8,         0,   0.019,pymatching,33bea3fc408d0f3b212141d8f1ce4f74afc5faeb859c398aef2e444c9509a22e,"{""config"":[""X+"",""X""],""d"":3,""p"":0.0011}",
      9216,         7,         0,   0.027,pymatching,2e666ff94e32b22ba1e2eb7ee872bad7156a7f14148ede0723cb6bd578f00ff7,"{""config"":[""X+"",""X""],""d"":5,""p"":0.002169230769230769}",
     15360,         0,         0,   0.027,pymatching,380ed4285f0d76a6b5fca81eff3e635554acfef7efee4e714f932ced9f50eb26,"{""config"":[""X+"",""X""],""d"":5,""p"":1e-05}",
      9216,         1,         0,   0.021,pymatching,0f0696523286979d7977786c8650b695f858d42e8290cc3da00edabece421f20,"{""config"":[""X+"",""X""],""d"":5,""p"":0.0011}",
     30720,       332,         0,   0.027,pymatching,e2fd48df8e68eb5cbd9004e96f42017ab57cc95fd0c105de97b24d13142c1c96,"{""config"":[""X+"",""X""],""d"":3,""p"":0.006446153846153846}",
     45056,        66,         0,   0.027,pymatching,737d06dfd9d73ba6328c05f46e4e4627962b545ad1a85cc9fa44dbf745c7bd1e,"{""config"":[""X+"",""X""],""d"":3,""p"":0.002169230769230769}",
     14336,       380,         0,   0.020,pymatching,96bf547214abb82653ba8d5737fe95aa8e07402cdb36828885056cdd19737351,"{""config"":[""X+"",""X""],""d"":3,""p"":0.010366666666666666}",
     27648,       281,         0,   0.027,pymatching,77656b1e4c3130c0c21d2eb10aeb38e81580c25db393ea3f46dbfbb101f0ee90,"{""config"":[""X+"",""X""],""d"":3,""p"":0.00608974358974359}",
     26624,       999,         0,   0.038,pymatching,d6c48caba574441e86f9a0db2d8fcb48c5ff3d800a789530464150193818464d,"{""config"":[""X+"",""X""],""d"":3,""p"":0.012505128205128205}",
     39936,       555,         0,   0.038,pymatching,afc695a28ce6a98f5e2ad3e33077ec8ba63b501e132514afb902483fcabacbae,"{""config"":[""X+"",""X""],""d"":3,""p"":0.007158974358974359}",
     12288,         0,         0,   0.028,pymatching,a5c09728ca1e0840e6b2a73a571cbf4cfda9ea5b2b3a5ec65723e06b3616dff1,"{""config"":[""X+"",""X""],""d"":5,""p"":0.001}",
     88064,         0,         0,   0.036,pymatching,dfdc9fd10baf329fe33fa9c5f8c16bd6589467249cad8545c0d5250f008e411b,"{""config"":[""X+"",""X""],""d"":3,""p"":4.641588833612782e-05}",
     35840,       619,         0,   0.037,pymatching,96b7ea2bb1d7b28f5e841d3a35e060408ff3ef1689cfe0b6724a211053bdfc1b,"{""config"":[""X+"",""X""],""d"":3,""p"":0.008228205128205128}",
     35840,       453,         0,   0.037,pymatching,e028bdd40053e2ba1590c8c110a1c2de43fe242cd182579bbdd573092eb86c9b,"{""config"":[""X+"",""X""],""d"":3,""p"":0.006802564102564103}",
     14336,         0,         0,   0.028,pymatching,451551e0f19ea9c859961d3df875cbd0bdb49c492317dda790a54e697358891a,"{""config"":[""X+"",""X""],""d"":5,""p"":0.00035938136638046257}",
     23552,      1188,         0,   0.039,pymatching,3def4d1df3a67b9fe676ddbc5ac08650c631072413aad47dec86e1cea9ad6919,"{""config"":[""X+"",""X""],""d"":3,""p"":0.014643589743589744}",
     52224,        21,         0,   0.026,pymatching,4aa5d8260eb9ee1b62a08d3bfee9a36a177dac6c5a7cf5a37c2da9635a6282fa,"{""config"":[""X+"",""X""],""d"":3,""p"":0.001}",
     10240,         2,         0,   0.028,pymatching,c0d6877e7b645f898e893ac18e383808a71d71c812f9e927d453cca722236fea,"{""config"":[""X+"",""X""],""d"":5,""p"":0.0018128205128205128}",
     15360,         0,         0,   0.027,pymatching,3db1cf03750305d3692f56b9dbabbec5a556ac93e14497828f25c987ee55dba3,"{""config"":[""X+"",""X""],""d"":5,""p"":1.6681005372000593e-05}",
     15360,         0,         0,   0.028,pymatching,b0fee0578d8b301aacbbd71b704d435900d564bfae07aea6d55c7e90fd1c25d3,"{""config"":[""X+"",""X""],""d"":5,""p"":0.0001291549665014884}",
     35840,       162,         0,   0.027,pymatching,faec4046d303ca430c7edb632cdef277999e0fda859f9cbf68ccb18621edb8c8,"{""config"":[""X+"",""X""],""d"":3,""p"":0.003951282051282051}",
     15360,         0,         0,   0.029,pymatching,3cd491eb7979b7d9cf5036ff141c116fe7abb6cce529a088faa0d87f2348b9ff,"{""config"":[""X+"",""X""],""d"":5,""p"":0.00021544346900318823}",
     60416,         2,         0,   0.026,pymatching,b1dd79a82714d6a7ab6afc7ce4f8fd50be36ec1f3daf674e5877ab896fb4319c,"{""config"":[""X+"",""X""],""d"":3,""p"":0.00035938136638046257}",
     52224,       194,         0,   0.037,pymatching,c7555e8cf025416f403216cd716307b6304ef7934e8bf16d87646e097c1cc243,"{""config"":[""X+"",""X""],""d"":3,""p"":0.0035948717948717946}",
     28672,       882,         0,   0.038,pymatching,5e9f9889c1ddffe64a9d156ed0da2c8433f7c0172f900b1a92c0063dd37fcf34,"{""config"":[""X+"",""X""],""d"":3,""p"":0.01107948717948718}",
     17408,       848,         0,   0.028,pymatching,88a8c1eb0c4654194c8735e078db6d860143f8bb6a860d43e413a4da1d3dfe22,"{""config"":[""X+"",""X""],""d"":3,""p"":0.014287179487179487}",
     79872,         3,         0,   0.036,pymatching,9de28e9261d95d90c51f529e5005c407396a4fde98124dd98b848309d8a9ecd5,"{""config"":[""X+"",""X""],""d"":3,""p"":0.0005994842503189409}",
     89088,         0,         0,   0.036,pymatching,4e17aa265d5777b57e59ea0bfdfc56560a32293c768de66c3893d16dea7a7324,"{""config"":[""X+"",""X""],""d"":3,""p"":7.742636826811278e-05}",
     39936,        86,         0,   0.026,pymatching,ad4d9ddc1cd975635e2ebddcf758a3df2eef2c22430eddaf3280bcd213db5576,"{""config"":[""X+"",""X""],""d"":3,""p"":0.0028820512820512817}",
     69632,        40,         0,   0.037,pymatching,8c8b66baa9b4e197b15aadbf5d2b866eed5e7e94629f170ffe8a003d8b82f4eb,"{""config"":[""X+"",""X""],""d"":3,""p"":0.0014564102564102565}",
     97280,         1,         0,   0.036,pymatching,777dbe826ba25cd9dfc2fef9082ca3bd862a81337ca534229931257c517c84cf,"{""config"":[""X+"",""X""],""d"":3,""p"":0.00021544346900318823}",
     75776,        70,         0,   0.037,pymatching,058ac43f042324bd07527645ded112db535a7af8c975f9081e402e4198cb309c,"{""config"":[""X+"",""X""],""d"":3,""p"":0.0018128205128205128}",
     43008,       820,         0,   0.053,pymatching,1a29b8026e58bc70bc9f053589eab90c5de506b6aeb044d52c1c5cb1e5853cde,"{""config"":[""X+"",""X""],""d"":3,""p"":0.008584615384615385}",
     35840,      1430,         0,   0.054,pymatching,31b2b04e9ab46b9dd2801023598a994adb3d9f0fd50388c8140ad89e99b7a96d,"{""config"":[""X+"",""X""],""d"":3,""p"":0.013217948717948718}",
     28672,       613,         0,   0.038,pymatching,cc61eb031fd329821706d0f62b9f1e475ab6b390442dadf3bd556657bc061e66,"{""config"":[""X+"",""X""],""d"":3,""p"":0.009653846153846153}",
     22528,      1012,         0,   0.039,pymatching,11725d389e634d2a74e0f474e5e697f2680b8d8d2d7f04c7acbaadfe07b79c93,"{""config"":[""X+"",""X""],""d"":3,""p"":0.013574358974358974}",
     29696,       674,         0,   0.038,pymatching,121d6326335ce67ec7e47315f3c71d92f0c85f155bf225e023f7bf10e2eb73e0,"{""config"":[""X+"",""X""],""d"":3,""p"":0.009297435897435898}",
    101376,         0,         0,   0.036,pymatching,b502aaca068b5f4bab605802b115f623ae7d7b016476812f063d5f0c0b180c22,"{""config"":[""X+"",""X""],""d"":3,""p"":1.6681005372000593e-05}",
     39936,      1253,         0,   0.054,pymatching,f3850e6d35b30f29818f35b9e8cee383326a91d429c9aa4bacc6859c9c47382c,"{""config"":[""X+"",""X""],""d"":3,""p"":0.011435897435897435}",
     17408,       636,         0,   0.028,pymatching,d8b527a55fd58e25f11a843fb80dae6486cd9b1fd9ad878e55123fabfe32c74f,"{""config"":[""X+"",""X""],""d"":3,""p"":0.012148717948717948}",
     94208,       181,         0,   0.052,pymatching,6dfaea01acf21bb285f5fa04f40ecf1aa0753121e08474a376f48016089a8138,"{""config"":[""X+"",""X""],""d"":3,""p"":0.0025256410256410257}",
    177152,         0,         0,   0.071,pymatching,dc9413d892a0e376eb90d62699aa3fef82bd54bb8b05d85d217022fc1a107e90,"{""config"":[""X+"",""X""],""d"":3,""p"":1e-05}",
     52224,        25,         0,   0.026,pymatching,33bea3fc408d0f3b212141d8f1ce4f74afc5faeb859c398aef2e444c9509a22e,"{""config"":[""X+"",""X""],""d"":3,""p"":0.0011}",
     24576,         0,         0,   0.039,pymatching,455d07a92268dd240edf63b507f0929a8e72be5078e203e820213aab6c508180,"{""config"":[""X+"",""X""],""d"":5,""p"":4.641588833612782e-05}",
     47104,         0,         0,   0.075,pymatching,80cf9077c4399287e25010c4837b6d08342ce001fcd1c2031b5a11a59af49a47,"{""config"":[""X+"",""X""],""d"":5,""p"":7.742636826811278e-05}",
     47104,       758,         0,   0.053,pymatching,3695b9f66e998bd4c32a2e8eff1baa2b357098f27ab22362ffb8dcbcbfb62276,"{""config"":[""X+"",""X""],""d"":3,""p"":0.007871794871794872}",
     44032,       305,         0,   0.038,pymatching,0177c23aa5ce45f6dae30f0ffb6c76e09b1f824562194b48e74f86a33f7a926e,"{""config"":[""X+"",""X""],""d"":3,""p"":0.00502051282051282}",
     46080,       320,         0,   0.037,pymatching,d7e8bd51672d027c6bb8f867a2debca363ea1e5c2f26c326ae40a2ae68e77688,"{""config"":[""X+"",""X""],""d"":3,""p"":0.004664102564102564}",
    172032,         0,         0,   0.071,pymatching,f3bcbd6ce5f4ac70541a5b56bd329f7f9e93ad3bfed1950af2d5805ea85930df,"{""config"":[""X+"",""X""],""d"":3,""p"":2.782559402207126e-05}",
     12288,         0,         0,   0.028,pymatching,0f0696523286979d7977786c8650b695f858d42e8290cc3da00edabece421f20,"{""config"":[""X+"",""X""],""d"":5,""p"":0.0011}",
     33792,       530,         0,   0.037,pymatching,4e1e6deedac6a243368e47cc7b9b84075836201480abb986bce0e237d0589d10,"{""config"":[""X+"",""X""],""d"":3,""p"":0.007515384615384615}",
     24576,       813,         0,   0.038,pymatching,04e37dbc07fc695186057337b985f1b3b2a7515c33735f940e4e2e10b10a949e,"{""config"":[""X+"",""X""],""d"":3,""p"":0.011792307692307692}",
     44032,      1095,         0,   0.053,pymatching,72040d60fd5633c1da3abf6ba27efd7607ce5607a5a1dc19c34ea91faa334d92,"{""config"":[""X+"",""X""],""d"":3,""p"":0.010010256410256409}",
     49152,       276,         0,   0.038,pymatching,3482c2a735dbb0160b66ed9d2fc55e604af6b87ab46c3edbe72a3a620a1dfeb4,"{""config"":[""X+"",""X""],""d"":3,""p"":0.0043076923076923075}",
     24576,         0,         0,   0.039,pymatching,97c541594f2f2428033c1e26bc58f9096edf4396bc9e3fb3c1379c40f0535fbe,"{""config"":[""X+"",""X""],""d"":5,""p"":2.782559402207126e-05}",
     20480,       564,         0,   0.028,pymatching,96bf547214abb82653ba8d5737fe95aa8e07402cdb36828885056cdd19737351,"{""config"":[""X+"",""X""],""d"":3,""p"":0.010366666666666666}",
     40960,       354,         0,   0.037,pymatching,5a8b1db0d13889be125d49166e0359bdad7116cf7504bd4f0a4bf252488304e9,"{""config"":[""X+"",""X""],""d"":3,""p"":0.005733333333333333}",
     17408,         3,         0,   0.039,pymatching,e01a52abca50f807b94c98c2ff3fe10204eb819d04d5cf83a605e06cb2ac34ab,"{""config"":[""X+"",""X""],""d"":5,""p"":0.0014564102564102565}",
    107520,       315,         0,   0.073,pymatching,f36897b0bc2e053583c3e363516babbeb7fd43bfec23c78a22bcdf8033835671,"{""config"":[""X+"",""X""],""d"":3,""p"":0.003238461538461538}",
     50176,      1990,         0,   0.075,pymatching,19a54a0c9b4305cf892a109c3d89e375f3d8811b045e0fb2462ab556e73e6f42,"{""config"":[""X+"",""X""],""d"":3,""p"":0.012861538461538462}",
     21504,       438,         0,   0.054,pymatching,ddab2defe45ed082b27a997915b445fa5b941c1a2d3ec794860a6b47eb3097aa,"{""config"":[""X+"",""X""],""d"":3,""p"":0.00894102564102564}",
     29696,         0,         0,   0.054,pymatching,23d8ec2eb0610d1bae940b803cf06440d088a084fe863e96d060046f4150e9d7,"{""config"":[""X+"",""X""],""d"":5,""p"":0.0005994842503189409}",
     14336,         8,         0,   0.040,pymatching,2e666ff94e32b22ba1e2eb7ee872bad7156a7f14148ede0723cb6bd578f00ff7,"{""config"":[""X+"",""X""],""d"":5,""p"":0.002169230769230769}",
     66560,       562,         0,   0.052,pymatching,87a70fb9b96f9f81b9de2e8f8c46419d414977f56f786b57b005836c0eaa5d05,"{""config"":[""X+"",""X""],""d"":3,""p"":0.005376923076923077}",
     36864,      1066,         0,   0.053,pymatching,8efeff7a791b615a11a29f0f065f77491f8c783e0726c89ea45cb69f37c86792,"{""config"":[""X+"",""X""],""d"":3,""p"":0.010723076923076922}",
     65536,        75,         0,   0.037,pymatching,737d06dfd9d73ba6328c05f46e4e4627962b545ad1a85cc9fa44dbf745c7bd1e,"{""config"":[""X+"",""X""],""d"":3,""p"":0.002169230769230769}",
     22528,         0,         0,   0.039,pymatching,380ed4285f0d76a6b5fca81eff3e635554acfef7efee4e714f932ced9f50eb26,"{""config"":[""X+"",""X""],""d"":5,""p"":1e-05}",
     41984,       474,         0,   0.038,pymatching,e2fd48df8e68eb5cbd9004e96f42017ab57cc95fd0c105de97b24d13142c1c96,"{""config"":[""X+"",""X""],""d"":3,""p"":0.006446153846153846}",
    138240,         1,         0,   0.051,pymatching,6c9aa8ec921e9440877f17e4aab5f2f11d5c82a360fbac7e966883b37466b86a,"{""config"":[""X+"",""X""],""d"":3,""p"":0.0001291549665014884}",
     40960,       420,         0,   0.038,pymatching,77656b1e4c3130c0c21d2eb10aeb38e81580c25db393ea3f46dbfbb101f0ee90,"{""config"":[""X+"",""X""],""d"":3,""p"":0.00608974358974359}",
     20480,         0,         0,   0.038,pymatching,451551e0f19ea9c859961d3df875cbd0bdb49c492317dda790a54e697358891a,"{""config"":[""X+"",""X""],""d"":5,""p"":0.00035938136638046257}",
     18432,         2,         0,   0.039,pymatching,a5c09728ca1e0840e6b2a73a571cbf4cfda9ea5b2b3a5ec65723e06b3616dff1,"{""config"":[""X+"",""X""],""d"":5,""p"":0.001}",
     76800,        21,         0,   0.037,pymatching,4aa5d8260eb9ee1b62a08d3bfee9a36a177dac6c5a7cf5a37c2da9635a6282fa,"{""config"":[""X+"",""X""],""d"":3,""p"":0.001}",
     22528,         0,         0,   0.038,pymatching,3db1cf03750305d3692f56b9dbabbec5a556ac93e14497828f25c987ee55dba3,"{""config"":[""X+"",""X""],""d"":5,""p"":1.6681005372000593e-05}",
     15360,         1,         0,   0.040,pymatching,c0d6877e7b645f898e893ac18e383808a71d71c812f9e927d453cca722236fea,"{""config"":[""X+"",""X""],""d"":5,""p"":0.0018128205128205128}",
     22528,         0,         0,   0.039,pymatching,b0fee0578d8b301aacbbd71b704d435900d564bfae07aea6d55c7e90fd1c25d3,"{""config"":[""X+"",""X""],""d"":5,""p"":0.0001291549665014884}",
    128000,         2,         0,   0.048,pymatching,777dbe826ba25cd9dfc2fef9082ca3bd862a81337ca534229931257c517c84cf,"{""config"":[""X+"",""X""],""d"":3,""p"":0.00021544346900318823}",
     52224,       234,         0,   0.037,pymatching,faec4046d303ca430c7edb632cdef277999e0fda859f9cbf68ccb18621edb8c8,"{""config"":[""X+"",""X""],""d"":3,""p"":0.003951282051282051}",
     17408,         0,         0,   0.030,pymatching,3cd491eb7979b7d9cf5036ff141c116fe7abb6cce529a088faa0d87f2348b9ff,"{""config"":[""X+"",""X""],""d"":5,""p"":0.00021544346900318823}",
     71680,         4,         0,   0.029,pymatching,b1dd79a82714d6a7ab6afc7ce4f8fd50be36ec1f3daf674e5877ab896fb4319c,"{""config"":[""X+"",""X""],""d"":3,""p"":0.00035938136638046257}",
     53248,       118,         0,   0.033,pymatching,ad4d9ddc1cd975635e2ebddcf758a3df2eef2c22430eddaf3280bcd213db5576,"{""config"":[""X+"",""X""],""d"":3,""p"":0.0028820512820512817}",
     20480,       998,         0,   0.034,pymatching,88a8c1eb0c4654194c8735e078db6d860143f8bb6a860d43e413a4da1d3dfe22,"{""config"":[""X+"",""X""],""d"":3,""p"":0.014287179487179487}",
     55296,       745,         0,   0.053,pymatching,afc695a28ce6a98f5e2ad3e33077ec8ba63b501e132514afb902483fcabacbae,"{""config"":[""X+"",""X""],""d"":3,""p"":0.007158974358974359}",
     36864,      1368,         0,   0.054,pymatching,d6c48caba574441e86f9a0db2d8fcb48c5ff3d800a789530464150193818464d,"{""config"":[""X+"",""X""],""d"":3,""p"":0.012505128205128205}",
    132096,         0,         0,   0.051,pymatching,dfdc9fd10baf329fe33fa9c5f8c16bd6589467249cad8545c0d5250f008e411b,"{""config"":[""X+"",""X""],""d"":3,""p"":4.641588833612782e-05}",
     50176,       871,         0,   0.053,pymatching,96b7ea2bb1d7b28f5e841d3a35e060408ff3ef1689cfe0b6724a211053bdfc1b,"{""config"":[""X+"",""X""],""d"":3,""p"":0.008228205128205128}",
     53248,       694,         0,   0.052,pymatching,e028bdd40053e2ba1590c8c110a1c2de43fe242cd182579bbdd573092eb86c9b,"{""config"":[""X+"",""X""],""d"":3,""p"":0.006802564102564103}",
     31744,      1601,         0,   0.053,pymatching,3def4d1df3a67b9fe676ddbc5ac08650c631072413aad47dec86e1cea9ad6919,"{""config"":[""X+"",""X""],""d"":3,""p"":0.014643589743589744}",
     17408,       597,         0,   0.026,pymatching,d8b527a55fd58e25f11a843fb80dae6486cd9b1fd9ad878e55123fabfe32c74f,"{""config"":[""X+"",""X""],""d"":3,""p"":0.012148717948717948}",
     55296,        21,         0,   0.026,pymatching,33bea3fc408d0f3b212141d8f1ce4f74afc5faeb859c398aef2e444c9509a22e,"{""config"":[""X+"",""X""],""d"":3,""p"":0.0011}",
     67584,       243,         0,   0.045,pymatching,c7555e8cf025416f403216cd716307b6304ef7934e8bf16d87646e097c1cc243,"{""config"":[""X+"",""X""],""d"":3,""p"":0.0035948717948717946}",
     34816,      1048,         0,   0.046,pymatching,5e9f9889c1ddffe64a9d156ed0da2c8433f7c0172f900b1a92c0063dd37fcf34,"{""config"":[""X+"",""X""],""d"":3,""p"":0.01107948717948718}",
     15360,         0,         0,   0.032,pymatching,0f0696523286979d7977786c8650b695f858d42e8290cc3da00edabece421f20,"{""config"":[""X+"",""X""],""d"":5,""p"":0.0011}",
    110592,         8,         0,   0.046,pymatching,9de28e9261d95d90c51f529e5005c407396a4fde98124dd98b848309d8a9ecd5,"{""config"":[""X+"",""X""],""d"":3,""p"":0.0005994842503189409}",
    121856,         0,         0,   0.046,pymatching,4e17aa265d5777b57e59ea0bfdfc56560a32293c768de66c3893d16dea7a7324,"{""config"":[""X+"",""X""],""d"":3,""p"":7.742636826811278e-05}",
     97280,        60,         0,   0.047,pymatching,8c8b66baa9b4e197b15aadbf5d2b866eed5e7e94629f170ffe8a003d8b82f4eb,"{""config"":[""X+"",""X""],""d"":3,""p"":0.0014564102564102565}",
     97280,        81,         0,   0.048,pymatching,058ac43f042324bd07527645ded112db535a7af8c975f9081e402e4198cb309c,"{""config"":[""X+"",""X""],""d"":3,""p"":0.0018128205128205128}",
     17408,       450,         0,   0.022,pymatching,96bf547214abb82653ba8d5737fe95aa8e07402cdb36828885056cdd19737351,"{""config"":[""X+"",""X""],""d"":3,""p"":0.010366666666666666}",
     31744,      1312,         0,   0.052,pymatching,11725d389e634d2a74e0f474e5e697f2680b8d8d2d7f04c7acbaadfe07b79c93,"{""config"":[""X+"",""X""],""d"":3,""p"":0.013574358974358974}",
     30720,       661,         0,   0.038,pymatching,121d6326335ce67ec7e47315f3c71d92f0c85f155bf225e023f7bf10e2eb73e0,"{""config"":[""X+"",""X""],""d"":3,""p"":0.009297435897435898}",
    101376,         0,         0,   0.037,pymatching,b502aaca068b5f4bab605802b115f623ae7d7b016476812f063d5f0c0b180c22,"{""config"":[""X+"",""X""],""d"":3,""p"":1.6681005372000593e-05}",
     47104,      2159,         0,   0.075,pymatching,d9e1f89b95cc4d4b0c46d4d4da6df2a73e9132f4175d200850e8dfd280c26787,"{""config"":[""X+"",""X""],""d"":3,""p"":0.01393076923076923}",
     43008,       988,         0,   0.054,pymatching,cc61eb031fd329821706d0f62b9f1e475ab6b390442dadf3bd556657bc061e66,"{""config"":[""X+"",""X""],""d"":3,""p"":0.009653846153846153}",
     53248,       364,         0,   0.042,pymatching,0177c23aa5ce45f6dae30f0ffb6c76e09b1f824562194b48e74f86a33f7a926e,"{""config"":[""X+"",""X""],""d"":3,""p"":0.00502051282051282}",
     27648,         0,         0,   0.043,pymatching,455d07a92268dd240edf63b507f0929a8e72be5078e203e820213aab6c508180,"{""config"":[""X+"",""X""],""d"":5,""p"":4.641588833612782e-05}",
     60416,       347,         0,   0.045,pymatching,d7e8bd51672d027c6bb8f867a2debca363ea1e5c2f26c326ae40a2ae68e77688,"{""config"":[""X+"",""X""],""d"":3,""p"":0.004664102564102564}",
     46080,       679,         0,   0.047,pymatching,4e1e6deedac6a243368e47cc7b9b84075836201480abb986bce0e237d0589d10,"{""config"":[""X+"",""X""],""d"":3,""p"":0.007515384615384615}",
     25600,       808,         0,   0.036,pymatching,04e37dbc07fc695186057337b985f1b3b2a7515c33735f940e4e2e10b10a949e,"{""config"":[""X+"",""X""],""d"":3,""p"":0.011792307692307692}",
     51200,       260,         0,   0.036,pymatching,3482c2a735dbb0160b66ed9d2fc55e604af6b87ab46c3edbe72a3a620a1dfeb4,"{""config"":[""X+"",""X""],""d"":3,""p"":0.0043076923076923075}",
     23552,         0,         0,   0.037,pymatching,97c541594f2f2428033c1e26bc58f9096edf4396bc9e3fb3c1379c40f0535fbe,"{""config"":[""X+"",""X""],""d"":5,""p"":2.782559402207126e-05}",
     45056,       432,         0,   0.038,pymatching,5a8b1db0d13889be125d49166e0359bdad7116cf7504bd4f0a4bf252488304e9,"{""config"":[""X+"",""X""],""d"":3,""p"":0.005733333333333333}",
     17408,         1,         0,   0.039,pymatching,e01a52abca50f807b94c98c2ff3fe10204eb819d04d5cf83a605e06cb2ac34ab,"{""config"":[""X+"",""X""],""d"":5,""p"":0.0014564102564102565}",
     63488,      1216,         0,   0.071,pymatching,1a29b8026e58bc70bc9f053589eab90c5de506b6aeb044d52c1c5cb1e5853cde,"{""config"":[""X+"",""X""],""d"":3,""p"":0.008584615384615385}",
     80896,       104,         0,   0.043,pymatching,737d06dfd9d73ba6328c05f46e4e4627962b545ad1a85cc9fa44dbf745c7bd1e,"{""config"":[""X+"",""X""],""d"":3,""p"":0.002169230769230769}",
     48128,      1897,         0,   0.073,pymatching,31b2b04e9ab46b9dd2801023598a994adb3d9f0fd50388c8140ad89e99b7a96d,"{""config"":[""X+"",""X""],""d"":3,""p"":0.013217948717948718}",
     60416,      3022,         0,   0.103,pymatching,b7287558f854836b7e276badd239eccb7d2d5a7576b84ae2e5e0037499bca8fa,"{""config"":[""X+"",""X""],""d"":3,""p"":0.014999999999999998}",
     26624,       289,         0,   0.024,pymatching,e2fd48df8e68eb5cbd9004e96f42017ab57cc95fd0c105de97b24d13142c1c96,"{""config"":[""X+"",""X""],""d"":3,""p"":0.006446153846153846}",
     17408,        13,         0,   0.046,pymatching,2e666ff94e32b22ba1e2eb7ee872bad7156a7f14148ede0723cb6bd578f00ff7,"{""config"":[""X+"",""X""],""d"":5,""p"":0.002169230769230769}",
      9216,         0,         0,   0.025,pymatching,380ed4285f0d76a6b5fca81eff3e635554acfef7efee4e714f932ced9f50eb26,"{""config"":[""X+"",""X""],""d"":5,""p"":1e-05}",
     44032,      1404,         0,   0.060,pymatching,f3850e6d35b30f29818f35b9e8cee383326a91d429c9aa4bacc6859c9c47382c,"{""config"":[""X+"",""X""],""d"":3,""p"":0.011435897435897435}",
     29696,       288,         0,   0.026,pymatching,77656b1e4c3130c0c21d2eb10aeb38e81580c25db393ea3f46dbfbb101f0ee90,"{""config"":[""X+"",""X""],""d"":3,""p"":0.00608974358974359}",
     19456,         0,         0,   0.041,pymatching,0f0696523286979d7977786c8650b695f858d42e8290cc3da00edabece421f20,"{""config"":[""X+"",""X""],""d"":5,""p"":0.0011}",
     13312,         0,         0,   0.027,pymatching,a5c09728ca1e0840e6b2a73a571cbf4cfda9ea5b2b3a5ec65723e06b3616dff1,"{""config"":[""X+"",""X""],""d"":5,""p"":0.001}",
    111616,       213,         0,   0.061,pymatching,6dfaea01acf21bb285f5fa04f40ecf1aa0753121e08474a376f48016089a8138,"{""config"":[""X+"",""X""],""d"":3,""p"":0.0025256410256410257}",
     60416,        20,         0,   0.027,pymatching,4aa5d8260eb9ee1b62a08d3bfee9a36a177dac6c5a7cf5a37c2da9635a6282fa,"{""config"":[""X+"",""X""],""d"":3,""p"":0.001}",
     61440,       976,         0,   0.064,pymatching,3695b9f66e998bd4c32a2e8eff1baa2b357098f27ab22362ffb8dcbcbfb62276,"{""config"":[""X+"",""X""],""d"":3,""p"":0.007871794871794872}",
     18432,         0,         0,   0.030,pymatching,3db1cf03750305d3692f56b9dbabbec5a556ac93e14497828f25c987ee55dba3,"{""config"":[""X+"",""X""],""d"":5,""p"":1.6681005372000593e-05}",
     12288,         1,         0,   0.030,pymatching,c0d6877e7b645f898e893ac18e383808a71d71c812f9e927d453cca722236fea,"{""config"":[""X+"",""X""],""d"":5,""p"":0.0018128205128205128}",
     43008,       204,         0,   0.030,pymatching,faec4046d303ca430c7edb632cdef277999e0fda859f9cbf68ccb18621edb8c8,"{""config"":[""X+"",""X""],""d"":3,""p"":0.003951282051282051}",
     18432,         0,         0,   0.031,pymatching,b0fee0578d8b301aacbbd71b704d435900d564bfae07aea6d55c7e90fd1c25d3,"{""config"":[""X+"",""X""],""d"":5,""p"":0.0001291549665014884}",
     43008,       908,         0,   0.053,pymatching,ddab2defe45ed082b27a997915b445fa5b941c1a2d3ec794860a6b47eb3097aa,"{""config"":[""X+"",""X""],""d"":3,""p"":0.00894102564102564}",
     19456,         0,         0,   0.033,pymatching,3cd491eb7979b7d9cf5036ff141c116fe7abb6cce529a088faa0d87f2348b9ff,"{""config"":[""X+"",""X""],""d"":5,""p"":0.00021544346900318823}",
     80896,         2,         0,   0.032,pymatching,b1dd79a82714d6a7ab6afc7ce4f8fd50be36ec1f3daf674e5877ab896fb4319c,"{""config"":[""X+"",""X""],""d"":3,""p"":0.00035938136638046257}",
     47104,      1154,         0,   0.057,pymatching,72040d60fd5633c1da3abf6ba27efd7607ce5607a5a1dc19c34ea91faa334d92,"{""config"":[""X+"",""X""],""d"":3,""p"":0.010010256410256409}",
     59392,       129,         0,   0.035,pymatching,ad4d9ddc1cd975635e2ebddcf758a3df2eef2c22430eddaf3280bcd213db5576,"{""config"":[""X+"",""X""],""d"":3,""p"":0.0028820512820512817}",
     11264,       531,         0,   0.027,pymatching,88a8c1eb0c4654194c8735e078db6d860143f8bb6a860d43e413a4da1d3dfe22,"{""config"":[""X+"",""X""],""d"":3,""p"":0.014287179487179487}",
    160768,         0,         0,   0.060,pymatching,4e17aa265d5777b57e59ea0bfdfc56560a32293c768de66c3893d16dea7a7324,"{""config"":[""X+"",""X""],""d"":3,""p"":7.742636826811278e-05}",
     35840,         0,         0,   0.065,pymatching,23d8ec2eb0610d1bae940b803cf06440d088a084fe863e96d060046f4150e9d7,"{""config"":[""X+"",""X""],""d"":5,""p"":0.0005994842503189409}",
     48128,      1397,         0,   0.065,pymatching,8efeff7a791b615a11a29f0f065f77491f8c783e0726c89ea45cb69f37c86792,"{""config"":[""X+"",""X""],""d"":3,""p"":0.010723076923076922}",
     23552,       870,         0,   0.035,pymatching,d8b527a55fd58e25f11a843fb80dae6486cd9b1fd9ad878e55123fabfe32c74f,"{""config"":[""X+"",""X""],""d"":3,""p"":0.012148717948717948}",
    116736,         0,         0,   0.043,pymatching,6c9aa8ec921e9440877f17e4aab5f2f11d5c82a360fbac7e966883b37466b86a,"{""config"":[""X+"",""X""],""d"":3,""p"":0.0001291549665014884}",
     74752,        23,         0,   0.034,pymatching,33bea3fc408d0f3b212141d8f1ce4f74afc5faeb859c398aef2e444c9509a22e,"{""config"":[""X+"",""X""],""d"":3,""p"":0.0011}",
     15360,         2,         0,   0.027,pymatching,451551e0f19ea9c859961d3df875cbd0bdb49c492317dda790a54e697358891a,"{""config"":[""X+"",""X""],""d"":5,""p"":0.00035938136638046257}",
     22528,       597,         0,   0.029,pymatching,96bf547214abb82653ba8d5737fe95aa8e07402cdb36828885056cdd19737351,"{""config"":[""X+"",""X""],""d"":3,""p"":0.010366666666666666}",
     58368,         0,         0,   0.093,pymatching,80cf9077c4399287e25010c4837b6d08342ce001fcd1c2031b5a11a59af49a47,"{""config"":[""X+"",""X""],""d"":5,""p"":7.742636826811278e-05}",
    248832,         0,         0,   0.093,pymatching,f3bcbd6ce5f4ac70541a5b56bd329f7f9e93ad3bfed1950af2d5805ea85930df,"{""config"":[""X+"",""X""],""d"":3,""p"":2.782559402207126e-05}",
    133120,         0,         0,   0.050,pymatching,dfdc9fd10baf329fe33fa9c5f8c16bd6589467249cad8545c0d5250f008e411b,"{""config"":[""X+"",""X""],""d"":3,""p"":4.641588833612782e-05}",
     54272,       742,         0,   0.052,pymatching,afc695a28ce6a98f5e2ad3e33077ec8ba63b501e132514afb902483fcabacbae,"{""config"":[""X+"",""X""],""d"":3,""p"":0.007158974358974359}",
     35840,      1334,         0,   0.053,pymatching,d6c48caba574441e86f9a0db2d8fcb48c5ff3d800a789530464150193818464d,"{""config"":[""X+"",""X""],""d"":3,""p"":0.012505128205128205}",
     55296,       664,         0,   0.052,pymatching,e028bdd40053e2ba1590c8c110a1c2de43fe242cd182579bbdd573092eb86c9b,"{""config"":[""X+"",""X""],""d"":3,""p"":0.006802564102564103}",
     50176,       889,         0,   0.053,pymatching,96b7ea2bb1d7b28f5e841d3a35e060408ff3ef1689cfe0b6724a211053bdfc1b,"{""config"":[""X+"",""X""],""d"":3,""p"":0.008228205128205128}",
     31744,      1564,         0,   0.054,pymatching,3def4d1df3a67b9fe676ddbc5ac08650c631072413aad47dec86e1cea9ad6919,"{""config"":[""X+"",""X""],""d"":3,""p"":0.014643589743589744}",
    141312,       433,         0,   0.087,pymatching,f36897b0bc2e053583c3e363516babbeb7fd43bfec23c78a22bcdf8033835671,"{""config"":[""X+"",""X""],""d"":3,""p"":0.003238461538461538}",
     60416,      2439,         0,   0.090,pymatching,19a54a0c9b4305cf892a109c3d89e375f3d8811b045e0fb2462ab556e73e6f42,"{""config"":[""X+"",""X""],""d"":3,""p"":0.012861538461538462}",
    269312,         0,         0,   0.099,pymatching,dc9413d892a0e376eb90d62699aa3fef82bd54bb8b05d85d217022fc1a107e90,"{""config"":[""X+"",""X""],""d"":3,""p"":1e-05}",
     90112,       327,         0,   0.058,pymatching,c7555e8cf025416f403216cd716307b6304ef7934e8bf16d87646e097c1cc243,"{""config"":[""X+"",""X""],""d"":3,""p"":0.0035948717948717946}",
     45056,      1322,         0,   0.060,pymatching,5e9f9889c1ddffe64a9d156ed0da2c8433f7c0172f900b1a92c0063dd37fcf34,"{""config"":[""X+"",""X""],""d"":3,""p"":0.01107948717948718}",
    145408,        17,         0,   0.059,pymatching,9de28e9261d95d90c51f529e5005c407396a4fde98124dd98b848309d8a9ecd5,"{""config"":[""X+"",""X""],""d"":3,""p"":0.0005994842503189409}",
     13312,         1,         0,   0.032,pymatching,c0d6877e7b645f898e893ac18e383808a71d71c812f9e927d453cca722236fea,"{""config"":[""X+"",""X""],""d"":5,""p"":0.0018128205128205128}",
     81920,       623,         0,   0.065,pymatching,87a70fb9b96f9f81b9de2e8f8c46419d414977f56f786b57b005836c0eaa5d05,"{""config"":[""X+"",""X""],""d"":3,""p"":0.005376923076923077}",
    129024,        77,         0,   0.061,pymatching,8c8b66baa9b4e197b15aadbf5d2b866eed5e7e94629f170ffe8a003d8b82f4eb,"{""config"":[""X+"",""X""],""d"":3,""p"":0.0014564102564102565}",
     87040,        68,         0,   0.048,pymatching,058ac43f042324bd07527645ded112db535a7af8c975f9081e402e4198cb309c,"{""config"":[""X+"",""X""],""d"":3,""p"":0.0018128205128205128}",
     37888,       845,         0,   0.052,pymatching,121d6326335ce67ec7e47315f3c71d92f0c85f155bf225e023f7bf10e2eb73e0,"{""config"":[""X+"",""X""],""d"":3,""p"":0.009297435897435898}",
    122880,         0,         0,   0.051,pymatching,b502aaca068b5f4bab605802b115f623ae7d7b016476812f063d5f0c0b180c22,"{""config"":[""X+"",""X""],""d"":3,""p"":1.6681005372000593e-05}",
     33792,      1511,         0,   0.053,pymatching,11725d389e634d2a74e0f474e5e697f2680b8d8d2d7f04c7acbaadfe07b79c93,"{""config"":[""X+"",""X""],""d"":3,""p"":0.013574358974358974}",
     44032,      1042,         0,   0.054,pymatching,cc61eb031fd329821706d0f62b9f1e475ab6b390442dadf3bd556657bc061e66,"{""config"":[""X+"",""X""],""d"":3,""p"":0.009653846153846153}",
      9216,         0,         0,   0.033,pymatching,3db1cf03750305d3692f56b9dbabbec5a556ac93e14497828f25c987ee55dba3,"{""config"":[""X+"",""X""],""d"":5,""p"":1.6681005372000593e-05}",
     36864,         0,         0,   0.058,pymatching,455d07a92268dd240edf63b507f0929a8e72be5078e203e820213aab6c508180,"{""config"":[""X+"",""X""],""d"":5,""p"":4.641588833612782e-05}",
     80896,       499,         0,   0.060,pymatching,d7e8bd51672d027c6bb8f867a2debca363ea1e5c2f26c326ae40a2ae68e77688,"{""config"":[""X+"",""X""],""d"":3,""p"":0.004664102564102564}",
     60416,       880,         0,   0.062,pymatching,4e1e6deedac6a243368e47cc7b9b84075836201480abb986bce0e237d0589d10,"{""config"":[""X+"",""X""],""d"":3,""p"":0.007515384615384615}",
     45056,      1486,         0,   0.063,pymatching,04e37dbc07fc695186057337b985f1b3b2a7515c33735f940e4e2e10b10a949e,"{""config"":[""X+"",""X""],""d"":3,""p"":0.011792307692307692}",
     90112,       452,         0,   0.063,pymatching,3482c2a735dbb0160b66ed9d2fc55e604af6b87ab46c3edbe72a3a620a1dfeb4,"{""config"":[""X+"",""X""],""d"":3,""p"":0.0043076923076923075}",
     40960,         0,         0,   0.065,pymatching,97c541594f2f2428033c1e26bc58f9096edf4396bc9e3fb3c1379c40f0535fbe,"{""config"":[""X+"",""X""],""d"":5,""p"":2.782559402207126e-05}",
     77824,       685,         0,   0.065,pymatching,5a8b1db0d13889be125d49166e0359bdad7116cf7504bd4f0a4bf252488304e9,"{""config"":[""X+"",""X""],""d"":3,""p"":0.005733333333333333}",
     36864,      1672,         0,   0.067,pymatching,d9e1f89b95cc4d4b0c46d4d4da6df2a73e9132f4175d200850e8dfd280c26787,"{""config"":[""X+"",""X""],""d"":3,""p"":0.01393076923076923}",
     11264,         1,         0,   0.042,pymatching,e01a52abca50f807b94c98c2ff3fe10204eb819d04d5cf83a605e06cb2ac34ab,"{""config"":[""X+"",""X""],""d"":5,""p"":0.0014564102564102565}",
     87040,        94,         0,   0.045,pymatching,737d06dfd9d73ba6328c05f46e4e4627962b545ad1a85cc9fa44dbf745c7bd1e,"{""config"":[""X+"",""X""],""d"":3,""p"":0.002169230769230769}",
     53248,       557,         0,   0.047,pymatching,e2fd48df8e68eb5cbd9004e96f42017ab57cc95fd0c105de97b24d13142c1c96,"{""config"":[""X+"",""X""],""d"":3,""p"":0.006446153846153846}",
     29696,         0,         0,   0.048,pymatching,380ed4285f0d76a6b5fca81eff3e635554acfef7efee4e714f932ced9f50eb26,"{""config"":[""X+"",""X""],""d"":5,""p"":1e-05}",
     18432,         6,         0,   0.048,pymatching,2e666ff94e32b22ba1e2eb7ee872bad7156a7f14148ede0723cb6bd578f00ff7,"{""config"":[""X+"",""X""],""d"":5,""p"":0.002169230769230769}",
     57344,       587,         0,   0.049,pymatching,77656b1e4c3130c0c21d2eb10aeb38e81580c25db393ea3f46dbfbb101f0ee90,"{""config"":[""X+"",""X""],""d"":3,""p"":0.00608974358974359}",
      8192,         0,         0,   0.015,pymatching,451551e0f19ea9c859961d3df875cbd0bdb49c492317dda790a54e697358891a,"{""config"":[""X+"",""X""],""d"":5,""p"":0.00035938136638046257}",
     25600,         1,         0,   0.051,pymatching,a5c09728ca1e0840e6b2a73a571cbf4cfda9ea5b2b3a5ec65723e06b3616dff1,"{""config"":[""X+"",""X""],""d"":5,""p"":0.001}",
    105472,        22,         0,   0.049,pymatching,4aa5d8260eb9ee1b62a08d3bfee9a36a177dac6c5a7cf5a37c2da9635a6282fa,"{""config"":[""X+"",""X""],""d"":3,""p"":0.001}",
     47104,       191,         0,   0.032,pymatching,faec4046d303ca430c7edb632cdef277999e0fda859f9cbf68ccb18621edb8c8,"{""config"":[""X+"",""X""],""d"":3,""p"":0.003951282051282051}",
    190464,         2,         0,   0.071,pymatching,777dbe826ba25cd9dfc2fef9082ca3bd862a81337ca534229931257c517c84cf,"{""config"":[""X+"",""X""],""d"":3,""p"":0.00021544346900318823}",
     72704,       495,         0,   0.057,pymatching,0177c23aa5ce45f6dae30f0ffb6c76e09b1f824562194b48e74f86a33f7a926e,"{""config"":[""X+"",""X""],""d"":3,""p"":0.00502051282051282}",
     20480,         0,         0,   0.034,pymatching,b0fee0578d8b301aacbbd71b704d435900d564bfae07aea6d55c7e90fd1c25d3,"{""config"":[""X+"",""X""],""d"":5,""p"":0.0001291549665014884}",
     87040,         5,         0,   0.033,pymatching,b1dd79a82714d6a7ab6afc7ce4f8fd50be36ec1f3daf674e5877ab896fb4319c,"{""config"":[""X+"",""X""],""d"":3,""p"":0.00035938136638046257}",
     21504,         0,         0,   0.036,pymatching,3cd491eb7979b7d9cf5036ff141c116fe7abb6cce529a088faa0d87f2348b9ff,"{""config"":[""X+"",""X""],""d"":5,""p"":0.00021544346900318823}",
     63488,       149,         0,   0.037,pymatching,ad4d9ddc1cd975635e2ebddcf758a3df2eef2c22430eddaf3280bcd213db5576,"{""config"":[""X+"",""X""],""d"":3,""p"":0.0028820512820512817}",
     23552,      1188,         0,   0.038,pymatching,88a8c1eb0c4654194c8735e078db6d860143f8bb6a860d43e413a4da1d3dfe22,"{""config"":[""X+"",""X""],""d"":3,""p"":0.014287179487179487}",
     31744,        14,         0,   0.032,pymatching,33bea3fc408d0f3b212141d8f1ce4f74afc5faeb859c398aef2e444c9509a22e,"{""config"":[""X+"",""X""],""d"":3,""p"":0.0011}",
     32768,      1188,         0,   0.047,pymatching,d8b527a55fd58e25f11a843fb80dae6486cd9b1fd9ad878e55123fabfe32c74f,"{""config"":[""X+"",""X""],""d"":3,""p"":0.012148717948717948}",
     69632,      1313,         0,   0.075,pymatching,1a29b8026e58bc70bc9f053589eab90c5de506b6aeb044d52c1c5cb1e5853cde,"{""config"":[""X+"",""X""],""d"":3,""p"":0.008584615384615385}",
     36864,         0,         0,   0.076,pymatching,0f0696523286979d7977786c8650b695f858d42e8290cc3da00edabece421f20,"{""config"":[""X+"",""X""],""d"":5,""p"":0.0011}",
     51200,      2109,         0,   0.077,pymatching,31b2b04e9ab46b9dd2801023598a994adb3d9f0fd50388c8140ad89e99b7a96d,"{""config"":[""X+"",""X""],""d"":3,""p"":0.013217948717948718}",
     32768,       869,         0,   0.041,pymatching,96bf547214abb82653ba8d5737fe95aa8e07402cdb36828885056cdd19737351,"{""config"":[""X+"",""X""],""d"":3,""p"":0.010366666666666666}",
     54272,      1765,         0,   0.078,pymatching,f3850e6d35b30f29818f35b9e8cee383326a91d429c9aa4bacc6859c9c47382c,"{""config"":[""X+"",""X""],""d"":3,""p"":0.011435897435897435}",
    143360,       263,         0,   0.079,pymatching,6dfaea01acf21bb285f5fa04f40ecf1aa0753121e08474a376f48016089a8138,"{""config"":[""X+"",""X""],""d"":3,""p"":0.0025256410256410257}",
     79872,      1308,         0,   0.081,pymatching,3695b9f66e998bd4c32a2e8eff1baa2b357098f27ab22362ffb8dcbcbfb62276,"{""config"":[""X+"",""X""],""d"":3,""p"":0.007871794871794872}",
     56320,      1115,         0,   0.063,pymatching,ddab2defe45ed082b27a997915b445fa5b941c1a2d3ec794860a6b47eb3097aa,"{""config"":[""X+"",""X""],""d"":3,""p"":0.00894102564102564}",
     33792,      1328,         0,   0.050,pymatching,19a54a0c9b4305cf892a109c3d89e375f3d8811b045e0fb2462ab556e73e6f42,"{""config"":[""X+"",""X""],""d"":3,""p"":0.012861538461538462}",
     55296,      1393,         0,   0.067,pymatching,72040d60fd5633c1da3abf6ba27efd7607ce5607a5a1dc19c34ea91faa334d92,"{""config"":[""X+"",""X""],""d"":3,""p"":0.010010256410256409}",
     40960,         0,         0,   0.075,pymatching,23d8ec2eb0610d1bae940b803cf06440d088a084fe863e96d060046f4150e9d7,"{""config"":[""X+"",""X""],""d"":5,""p"":0.0005994842503189409}",
     30720,       242,         0,   0.043,pymatching,87a70fb9b96f9f81b9de2e8f8c46419d414977f56f786b57b005836c0eaa5d05,"{""config"":[""X+"",""X""],""d"":3,""p"":0.005376923076923077}",
     57344,      1641,         0,   0.075,pymatching,8efeff7a791b615a11a29f0f065f77491f8c783e0726c89ea45cb69f37c86792,"{""config"":[""X+"",""X""],""d"":3,""p"":0.010723076923076922}",
    196608,         2,         0,   0.072,pymatching,6c9aa8ec921e9440877f17e4aab5f2f11d5c82a360fbac7e966883b37466b86a,"{""config"":[""X+"",""X""],""d"":3,""p"":0.0001291549665014884}",
    175407,         0,         0,   0.065,pymatching,dc9413d892a0e376eb90d62699aa3fef82bd54bb8b05d85d217022fc1a107e90,"{""config"":[""X+"",""X""],""d"":3,""p"":1e-05}",
    204800,         0,         0,   0.076,pymatching,dfdc9fd10baf329fe33fa9c5f8c16bd6589467249cad8545c0d5250f008e411b,"{""config"":[""X+"",""X""],""d"":3,""p"":4.641588833612782e-05}",
     83968,      1143,         0,   0.080,pymatching,afc695a28ce6a98f5e2ad3e33077ec8ba63b501e132514afb902483fcabacbae,"{""config"":[""X+"",""X""],""d"":3,""p"":0.007158974358974359}",
     84992,      1062,         0,   0.080,pymatching,e028bdd40053e2ba1590c8c110a1c2de43fe242cd182579bbdd573092eb86c9b,"{""config"":[""X+"",""X""],""d"":3,""p"":0.006802564102564103}",
     55296,      2120,         0,   0.081,pymatching,d6c48caba574441e86f9a0db2d8fcb48c5ff3d800a789530464150193818464d,"{""config"":[""X+"",""X""],""d"":3,""p"":0.012505128205128205}",
    208175,         0,         0,   0.078,pymatching,f3bcbd6ce5f4ac70541a5b56bd329f7f9e93ad3bfed1950af2d5805ea85930df,"{""config"":[""X+"",""X""],""d"":3,""p"":2.782559402207126e-05}",
     76800,      1371,         0,   0.080,pymatching,96b7ea2bb1d7b28f5e841d3a35e060408ff3ef1689cfe0b6724a211053bdfc1b,"{""config"":[""X+"",""X""],""d"":3,""p"":0.008228205128205128}",
     49152,      2409,         0,   0.082,pymatching,3def4d1df3a67b9fe676ddbc5ac08650c631072413aad47dec86e1cea9ad6919,"{""config"":[""X+"",""X""],""d"":3,""p"":0.014643589743589744}",
     40960,      1238,         0,   0.070,pymatching,5e9f9889c1ddffe64a9d156ed0da2c8433f7c0172f900b1a92c0063dd37fcf34,"{""config"":[""X+"",""X""],""d"":3,""p"":0.01107948717948718}",
    131072,       473,         0,   0.085,pymatching,c7555e8cf025416f403216cd716307b6304ef7934e8bf16d87646e097c1cc243,"{""config"":[""X+"",""X""],""d"":3,""p"":0.0035948717948717946}",
    164864,        21,         0,   0.070,pymatching,9de28e9261d95d90c51f529e5005c407396a4fde98124dd98b848309d8a9ecd5,"{""config"":[""X+"",""X""],""d"":3,""p"":0.0005994842503189409}",
    257024,         0,         0,   0.099,pymatching,4e17aa265d5777b57e59ea0bfdfc56560a32293c768de66c3893d16dea7a7324,"{""config"":[""X+"",""X""],""d"":3,""p"":7.742636826811278e-05}",
    146432,        96,         0,   0.071,pymatching,8c8b66baa9b4e197b15aadbf5d2b866eed5e7e94629f170ffe8a003d8b82f4eb,"{""config"":[""X+"",""X""],""d"":3,""p"":0.0014564102564102565}",
     73728,         0,         0,   0.050,pymatching,777dbe826ba25cd9dfc2fef9082ca3bd862a81337ca534229931257c517c84cf,"{""config"":[""X+"",""X""],""d"":3,""p"":0.00021544346900318823}",
    143360,       122,         0,   0.071,pymatching,058ac43f042324bd07527645ded112db535a7af8c975f9081e402e4198cb309c,"{""config"":[""X+"",""X""],""d"":3,""p"":0.0018128205128205128}",
     32768,      1578,         0,   0.053,pymatching,d9e1f89b95cc4d4b0c46d4d4da6df2a73e9132f4175d200850e8dfd280c26787,"{""config"":[""X+"",""X""],""d"":3,""p"":0.01393076923076923}",
    166912,         0,         0,   0.073,pymatching,b502aaca068b5f4bab605802b115f623ae7d7b016476812f063d5f0c0b180c22,"{""config"":[""X+"",""X""],""d"":3,""p"":1.6681005372000593e-05}",
     52224,      1134,         0,   0.077,pymatching,121d6326335ce67ec7e47315f3c71d92f0c85f155bf225e023f7bf10e2eb73e0,"{""config"":[""X+"",""X""],""d"":3,""p"":0.009297435897435898}",
     48128,      2039,         0,   0.078,pymatching,11725d389e634d2a74e0f474e5e697f2680b8d8d2d7f04c7acbaadfe07b79c93,"{""config"":[""X+"",""X""],""d"":3,""p"":0.013574358974358974}",
     62464,      1486,         0,   0.078,pymatching,cc61eb031fd329821706d0f62b9f1e475ab6b390442dadf3bd556657bc061e66,"{""config"":[""X+"",""X""],""d"":3,""p"":0.009653846153846153}",
     53248,         0,         0,   0.083,pymatching,455d07a92268dd240edf63b507f0929a8e72be5078e203e820213aab6c508180,"{""config"":[""X+"",""X""],""d"":5,""p"":4.641588833612782e-05}",
     25600,       149,         0,   0.045,pymatching,0177c23aa5ce45f6dae30f0ffb6c76e09b1f824562194b48e74f86a33f7a926e,"{""config"":[""X+"",""X""],""d"":3,""p"":0.00502051282051282}",
    109568,       616,         0,   0.083,pymatching,d7e8bd51672d027c6bb8f867a2debca363ea1e5c2f26c326ae40a2ae68e77688,"{""config"":[""X+"",""X""],""d"":3,""p"":0.004664102564102564}",
     82944,      1216,         0,   0.085,pymatching,4e1e6deedac6a243368e47cc7b9b84075836201480abb986bce0e237d0589d10,"{""config"":[""X+"",""X""],""d"":3,""p"":0.007515384615384615}",
     67584,       363,         0,   0.067,pymatching,3482c2a735dbb0160b66ed9d2fc55e604af6b87ab46c3edbe72a3a620a1dfeb4,"{""config"":[""X+"",""X""],""d"":3,""p"":0.0043076923076923075}",
     60416,      2011,         0,   0.088,pymatching,04e37dbc07fc695186057337b985f1b3b2a7515c33735f940e4e2e10b10a949e,"{""config"":[""X+"",""X""],""d"":3,""p"":0.011792307692307692}",
     44032,         0,         0,   0.069,pymatching,97c541594f2f2428033c1e26bc58f9096edf4396bc9e3fb3c1379c40f0535fbe,"{""config"":[""X+"",""X""],""d"":5,""p"":2.782559402207126e-05}",
     78848,       687,         0,   0.069,pymatching,5a8b1db0d13889be125d49166e0359bdad7116cf7504bd4f0a4bf252488304e9,"{""config"":[""X+"",""X""],""d"":3,""p"":0.005733333333333333}",
     32768,         3,         0,   0.073,pymatching,e01a52abca50f807b94c98c2ff3fe10204eb819d04d5cf83a605e06cb2ac34ab,"{""config"":[""X+"",""X""],""d"":5,""p"":0.0014564102564102565}",
     36864,      1488,         0,   0.056,pymatching,31b2b04e9ab46b9dd2801023598a994adb3d9f0fd50388c8140ad89e99b7a96d,"{""config"":[""X+"",""X""],""d"":3,""p"":0.013217948717948718}",
    132096,       187,         0,   0.073,pymatching,737d06dfd9d73ba6328c05f46e4e4627962b545ad1a85cc9fa44dbf745c7bd1e,"{""config"":[""X+"",""X""],""d"":3,""p"":0.002169230769230769}",
     83968,       932,         0,   0.076,pymatching,e2fd48df8e68eb5cbd9004e96f42017ab57cc95fd0c105de97b24d13142c1c96,"{""config"":[""X+"",""X""],""d"":3,""p"":0.006446153846153846}",
     46080,         0,         0,   0.078,pymatching,380ed4285f0d76a6b5fca81eff3e635554acfef7efee4e714f932ced9f50eb26,"{""config"":[""X+"",""X""],""d"":5,""p"":1e-05}",
     28672,         8,         0,   0.079,pymatching,2e666ff94e32b22ba1e2eb7ee872bad7156a7f14148ede0723cb6bd578f00ff7,"{""config"":[""X+"",""X""],""d"":5,""p"":0.002169230769230769}",
     74752,         0,         0,   0.119,pymatching,80cf9077c4399287e25010c4837b6d08342ce001fcd1c2031b5a11a59af49a47,"{""config"":[""X+"",""X""],""d"":5,""p"":7.742636826811278e-05}",
     86016,       827,         0,   0.078,pymatching,77656b1e4c3130c0c21d2eb10aeb38e81580c25db393ea3f46dbfbb101f0ee90,"{""config"":[""X+"",""X""],""d"":3,""p"":0.00608974358974359}",
     27648,         0,         0,   0.079,pymatching,451551e0f19ea9c859961d3df875cbd0bdb49c492317dda790a54e697358891a,"{""config"":[""X+"",""X""],""d"":5,""p"":0.00035938136638046257}",
     37888,         2,         0,   0.080,pymatching,a5c09728ca1e0840e6b2a73a571cbf4cfda9ea5b2b3a5ec65723e06b3616dff1,"{""config"":[""X+"",""X""],""d"":5,""p"":0.001}",
    167936,        44,         0,   0.077,pymatching,4aa5d8260eb9ee1b62a08d3bfee9a36a177dac6c5a7cf5a37c2da9635a6282fa,"{""config"":[""X+"",""X""],""d"":3,""p"":0.001}",
    114688,       509,         0,   0.081,pymatching,faec4046d303ca430c7edb632cdef277999e0fda859f9cbf68ccb18621edb8c8,"{""config"":[""X+"",""X""],""d"":3,""p"":0.003951282051282051}",
     24576,      1179,         0,   0.041,pymatching,3def4d1df3a67b9fe676ddbc5ac08650c631072413aad47dec86e1cea9ad6919,"{""config"":[""X+"",""X""],""d"":3,""p"":0.014643589743589744}",
     58368,         0,         0,   0.105,pymatching,3db1cf03750305d3692f56b9dbabbec5a556ac93e14497828f25c987ee55dba3,"{""config"":[""X+"",""X""],""d"":5,""p"":1.6681005372000593e-05}",
     41984,        12,         0,   0.106,pymatching,c0d6877e7b645f898e893ac18e383808a71d71c812f9e927d453cca722236fea,"{""config"":[""X+"",""X""],""d"":5,""p"":0.0018128205128205128}",
     26624,         0,         0,   0.069,pymatching,b0fee0578d8b301aacbbd71b704d435900d564bfae07aea6d55c7e90fd1c25d3,"{""config"":[""X+"",""X""],""d"":5,""p"":0.0001291549665014884}",
    105472,         7,         0,   0.066,pymatching,b1dd79a82714d6a7ab6afc7ce4f8fd50be36ec1f3daf674e5877ab896fb4319c,"{""config"":[""X+"",""X""],""d"":3,""p"":0.00035938136638046257}",
     38912,         0,         0,   0.070,pymatching,3cd491eb7979b7d9cf5036ff141c116fe7abb6cce529a088faa0d87f2348b9ff,"{""config"":[""X+"",""X""],""d"":5,""p"":0.00021544346900318823}",
    194560,       545,         0,   0.123,pymatching,f36897b0bc2e053583c3e363516babbeb7fd43bfec23c78a22bcdf8033835671,"{""config"":[""X+"",""X""],""d"":3,""p"":0.003238461538461538}",
    112640,       268,         0,   0.070,pymatching,ad4d9ddc1cd975635e2ebddcf758a3df2eef2c22430eddaf3280bcd213db5576,"{""config"":[""X+"",""X""],""d"":3,""p"":0.0028820512820512817}",
     45056,      2090,         0,   0.073,pymatching,88a8c1eb0c4654194c8735e078db6d860143f8bb6a860d43e413a4da1d3dfe22,"{""config"":[""X+"",""X""],""d"":3,""p"":0.014287179487179487}",
    123904,        43,         0,   0.078,pymatching,33bea3fc408d0f3b212141d8f1ce4f74afc5faeb859c398aef2e444c9509a22e,"{""config"":[""X+"",""X""],""d"":3,""p"":0.0011}",
     53248,      1871,         0,   0.082,pymatching,d8b527a55fd58e25f11a843fb80dae6486cd9b1fd9ad878e55123fabfe32c74f,"{""config"":[""X+"",""X""],""d"":3,""p"":0.012148717948717948}",
     39936,         1,         0,   0.088,pymatching,0f0696523286979d7977786c8650b695f858d42e8290cc3da00edabece421f20,"{""config"":[""X+"",""X""],""d"":5,""p"":0.0011}",
     65536,      1761,         0,   0.089,pymatching,96bf547214abb82653ba8d5737fe95aa8e07402cdb36828885056cdd19737351,"{""config"":[""X+"",""X""],""d"":3,""p"":0.010366666666666666}",
     63488,      2388,         0,   0.092,pymatching,d6c48caba574441e86f9a0db2d8fcb48c5ff3d800a789530464150193818464d,"{""config"":[""X+"",""X""],""d"":3,""p"":0.012505128205128205}",
    268591,         0,         0,   0.098,pymatching,6c9aa8ec921e9440877f17e4aab5f2f11d5c82a360fbac7e966883b37466b86a,"{""config"":[""X+"",""X""],""d"":3,""p"":0.0001291549665014884}",
    210223,         0,         0,   0.084,pymatching,4e17aa265d5777b57e59ea0bfdfc56560a32293c768de66c3893d16dea7a7324,"{""config"":[""X+"",""X""],""d"":3,""p"":7.742636826811278e-05}",
     94208,      3001,         0,   0.127,pymatching,f3850e6d35b30f29818f35b9e8cee383326a91d429c9aa4bacc6859c9c47382c,"{""config"":[""X+"",""X""],""d"":3,""p"":0.011435897435897435}",
    109568,      2064,         0,   0.129,pymatching,1a29b8026e58bc70bc9f053589eab90c5de506b6aeb044d52c1c5cb1e5853cde,"{""config"":[""X+"",""X""],""d"":3,""p"":0.008584615384615385}",
    241664,       416,         0,   0.131,pymatching,6dfaea01acf21bb285f5fa04f40ecf1aa0753121e08474a376f48016089a8138,"{""config"":[""X+"",""X""],""d"":3,""p"":0.0025256410256410257}",
    123904,      1926,         0,   0.136,pymatching,3695b9f66e998bd4c32a2e8eff1baa2b357098f27ab22362ffb8dcbcbfb62276,"{""config"":[""X+"",""X""],""d"":3,""p"":0.007871794871794872}",
     57344,      2424,         0,   0.097,pymatching,11725d389e634d2a74e0f474e5e697f2680b8d8d2d7f04c7acbaadfe07b79c93,"{""config"":[""X+"",""X""],""d"":3,""p"":0.013574358974358974}",
     94208,      1908,         0,   0.122,pymatching,ddab2defe45ed082b27a997915b445fa5b941c1a2d3ec794860a6b47eb3097aa,"{""config"":[""X+"",""X""],""d"":3,""p"":0.00894102564102564}",
    282927,         0,         0,   0.112,pymatching,dfdc9fd10baf329fe33fa9c5f8c16bd6589467249cad8545c0d5250f008e411b,"{""config"":[""X+"",""X""],""d"":3,""p"":4.641588833612782e-05}",
    100352,      2511,         0,   0.126,pymatching,72040d60fd5633c1da3abf6ba27efd7607ce5607a5a1dc19c34ea91faa334d92,"{""config"":[""X+"",""X""],""d"":3,""p"":0.010010256410256409}",
     74752,         0,         0,   0.134,pymatching,23d8ec2eb0610d1bae940b803cf06440d088a084fe863e96d060046f4150e9d7,"{""config"":[""X+"",""X""],""d"":5,""p"":0.0005994842503189409}",
    168960,      1251,         0,   0.132,pymatching,87a70fb9b96f9f81b9de2e8f8c46419d414977f56f786b57b005836c0eaa5d05,"{""config"":[""X+"",""X""],""d"":3,""p"":0.005376923076923077}",
     95232,      2679,         0,   0.134,pymatching,8efeff7a791b615a11a29f0f065f77491f8c783e0726c89ea45cb69f37c86792,"{""config"":[""X+"",""X""],""d"":3,""p"":0.010723076923076922}",
    320815,         0,         0,   0.115,pymatching,b502aaca068b5f4bab605802b115f623ae7d7b016476812f063d5f0c0b180c22,"{""config"":[""X+"",""X""],""d"":3,""p"":1.6681005372000593e-05}",
    331055,         1,         0,   0.122,pymatching,777dbe826ba25cd9dfc2fef9082ca3bd862a81337ca534229931257c517c84cf,"{""config"":[""X+"",""X""],""d"":3,""p"":0.00021544346900318823}",
    152576,      2003,         0,   0.144,pymatching,afc695a28ce6a98f5e2ad3e33077ec8ba63b501e132514afb902483fcabacbae,"{""config"":[""X+"",""X""],""d"":3,""p"":0.007158974358974359}",
    145408,      1762,         0,   0.144,pymatching,e028bdd40053e2ba1590c8c110a1c2de43fe242cd182579bbdd573092eb86c9b,"{""config"":[""X+"",""X""],""d"":3,""p"":0.006802564102564103}",
    139264,      2405,         0,   0.145,pymatching,96b7ea2bb1d7b28f5e841d3a35e060408ff3ef1689cfe0b6724a211053bdfc1b,"{""config"":[""X+"",""X""],""d"":3,""p"":0.008228205128205128}",
    202752,       696,         0,   0.140,pymatching,c7555e8cf025416f403216cd716307b6304ef7934e8bf16d87646e097c1cc243,"{""config"":[""X+"",""X""],""d"":3,""p"":0.0035948717948717946}",
     64512,      3039,         0,   0.104,pymatching,88a8c1eb0c4654194c8735e078db6d860143f8bb6a860d43e413a4da1d3dfe22,"{""config"":[""X+"",""X""],""d"":3,""p"":0.014287179487179487}",
    109568,      3268,         0,   0.143,pymatching,5e9f9889c1ddffe64a9d156ed0da2c8433f7c0172f900b1a92c0063dd37fcf34,"{""config"":[""X+"",""X""],""d"":3,""p"":0.01107948717948718}",
    320512,        48,         0,   0.140,pymatching,9de28e9261d95d90c51f529e5005c407396a4fde98124dd98b848309d8a9ecd5,"{""config"":[""X+"",""X""],""d"":3,""p"":0.0005994842503189409}",
    278528,       161,         0,   0.141,pymatching,8c8b66baa9b4e197b15aadbf5d2b866eed5e7e94629f170ffe8a003d8b82f4eb,"{""config"":[""X+"",""X""],""d"":3,""p"":0.0014564102564102565}",
    290816,       289,         0,   0.141,pymatching,058ac43f042324bd07527645ded112db535a7af8c975f9081e402e4198cb309c,"{""config"":[""X+"",""X""],""d"":3,""p"":0.0018128205128205128}",
    116736,      2530,         0,   0.144,pymatching,121d6326335ce67ec7e47315f3c71d92f0c85f155bf225e023f7bf10e2eb73e0,"{""config"":[""X+"",""X""],""d"":3,""p"":0.009297435897435898}",
    111616,      2706,         0,   0.145,pymatching,cc61eb031fd329821706d0f62b9f1e475ab6b390442dadf3bd556657bc061e66,"{""config"":[""X+"",""X""],""d"":3,""p"":0.009653846153846153}",
    167936,      1180,         0,   0.143,pymatching,0177c23aa5ce45f6dae30f0ffb6c76e09b1f824562194b48e74f86a33f7a926e,"{""config"":[""X+"",""X""],""d"":3,""p"":0.00502051282051282}",
     94208,         0,         0,   0.146,pymatching,455d07a92268dd240edf63b507f0929a8e72be5078e203e820213aab6c508180,"{""config"":[""X+"",""X""],""d"":5,""p"":4.641588833612782e-05}",
    181248,      1068,         0,   0.143,pymatching,d7e8bd51672d027c6bb8f867a2debca363ea1e5c2f26c326ae40a2ae68e77688,"{""config"":[""X+"",""X""],""d"":3,""p"":0.004664102564102564}",
    133120,      2072,         0,   0.142,pymatching,4e1e6deedac6a243368e47cc7b9b84075836201480abb986bce0e237d0589d10,"{""config"":[""X+"",""X""],""d"":3,""p"":0.007515384615384615}",
     35119,         3,         0,   0.015,pymatching,9de28e9261d95d90c51f529e5005c407396a4fde98124dd98b848309d8a9ecd5,"{""config"":[""X+"",""X""],""d"":3,""p"":0.0005994842503189409}",
    189440,       956,         0,   0.143,pymatching,3482c2a735dbb0160b66ed9d2fc55e604af6b87ab46c3edbe72a3a620a1dfeb4,"{""config"":[""X+"",""X""],""d"":3,""p"":0.0043076923076923075}",
     93184,         0,         0,   0.146,pymatching,97c541594f2f2428033c1e26bc58f9096edf4396bc9e3fb3c1379c40f0535fbe,"{""config"":[""X+"",""X""],""d"":5,""p"":2.782559402207126e-05}",
     97280,      3265,         0,   0.146,pymatching,04e37dbc07fc695186057337b985f1b3b2a7515c33735f940e4e2e10b10a949e,"{""config"":[""X+"",""X""],""d"":3,""p"":0.011792307692307692}",
    161792,      1462,         0,   0.144,pymatching,5a8b1db0d13889be125d49166e0359bdad7116cf7504bd4f0a4bf252488304e9,"{""config"":[""X+"",""X""],""d"":3,""p"":0.005733333333333333}",
      2048,        82,         0,   0.003,pymatching,04e37dbc07fc695186057337b985f1b3b2a7515c33735f940e4e2e10b10a949e,"{""config"":[""X+"",""X""],""d"":3,""p"":0.011792307692307692}",
     66560,        10,         0,   0.146,pymatching,e01a52abca50f807b94c98c2ff3fe10204eb819d04d5cf83a605e06cb2ac34ab,"{""config"":[""X+"",""X""],""d"":5,""p"":0.0014564102564102565}",
     18432,       546,         0,   0.024,pymatching,5e9f9889c1ddffe64a9d156ed0da2c8433f7c0172f900b1a92c0063dd37fcf34,"{""config"":[""X+"",""X""],""d"":3,""p"":0.01107948717948718}",
    251904,       356,         0,   0.141,pymatching,737d06dfd9d73ba6328c05f46e4e4627962b545ad1a85cc9fa44dbf745c7bd1e,"{""config"":[""X+"",""X""],""d"":3,""p"":0.002169230769230769}",
    163840,      1848,         0,   0.144,pymatching,e2fd48df8e68eb5cbd9004e96f42017ab57cc95fd0c105de97b24d13142c1c96,"{""config"":[""X+"",""X""],""d"":3,""p"":0.006446153846153846}",
     52224,        22,         0,   0.146,pymatching,2e666ff94e32b22ba1e2eb7ee872bad7156a7f14148ede0723cb6bd578f00ff7,"{""config"":[""X+"",""X""],""d"":5,""p"":0.002169230769230769}",
    155648,      1555,         0,   0.144,pymatching,77656b1e4c3130c0c21d2eb10aeb38e81580c25db393ea3f46dbfbb101f0ee90,"{""config"":[""X+"",""X""],""d"":3,""p"":0.00608974358974359}",
     86016,         0,         0,   0.147,pymatching,380ed4285f0d76a6b5fca81eff3e635554acfef7efee4e714f932ced9f50eb26,"{""config"":[""X+"",""X""],""d"":5,""p"":1e-05}",
     78848,         0,         0,   0.146,pymatching,451551e0f19ea9c859961d3df875cbd0bdb49c492317dda790a54e697358891a,"{""config"":[""X+"",""X""],""d"":5,""p"":0.00035938136638046257}",
    292864,        98,         0,   0.137,pymatching,4aa5d8260eb9ee1b62a08d3bfee9a36a177dac6c5a7cf5a37c2da9635a6282fa,"{""config"":[""X+"",""X""],""d"":3,""p"":0.001}",
     40960,      1171,         0,   0.057,pymatching,8efeff7a791b615a11a29f0f065f77491f8c783e0726c89ea45cb69f37c86792,"{""config"":[""X+"",""X""],""d"":3,""p"":0.010723076923076922}",
     68608,         4,         0,   0.148,pymatching,a5c09728ca1e0840e6b2a73a571cbf4cfda9ea5b2b3a5ec65723e06b3616dff1,"{""config"":[""X+"",""X""],""d"":5,""p"":0.001}",
    196608,       872,         0,   0.141,pymatching,faec4046d303ca430c7edb632cdef277999e0fda859f9cbf68ccb18621edb8c8,"{""config"":[""X+"",""X""],""d"":3,""p"":0.003951282051282051}",
     56320,        21,         0,   0.146,pymatching,c0d6877e7b645f898e893ac18e383808a71d71c812f9e927d453cca722236fea,"{""config"":[""X+"",""X""],""d"":5,""p"":0.0018128205128205128}",
     86016,         0,         0,   0.146,pymatching,3db1cf03750305d3692f56b9dbabbec5a556ac93e14497828f25c987ee55dba3,"{""config"":[""X+"",""X""],""d"":5,""p"":1.6681005372000593e-05}",
    338944,        14,         0,   0.140,pymatching,b1dd79a82714d6a7ab6afc7ce4f8fd50be36ec1f3daf674e5877ab896fb4319c,"{""config"":[""X+"",""X""],""d"":3,""p"":0.00035938136638046257}",
     59392,      1492,         0,   0.071,pymatching,72040d60fd5633c1da3abf6ba27efd7607ce5607a5a1dc19c34ea91faa334d92,"{""config"":[""X+"",""X""],""d"":3,""p"":0.010010256410256409}",
     83968,         0,         0,   0.147,pymatching,b0fee0578d8b301aacbbd71b704d435900d564bfae07aea6d55c7e90fd1c25d3,"{""config"":[""X+"",""X""],""d"":5,""p"":0.0001291549665014884}",
     81920,         0,         0,   0.146,pymatching,3cd491eb7979b7d9cf5036ff141c116fe7abb6cce529a088faa0d87f2348b9ff,"{""config"":[""X+"",""X""],""d"":5,""p"":0.00021544346900318823}",
    228352,       536,         0,   0.142,pymatching,ad4d9ddc1cd975635e2ebddcf758a3df2eef2c22430eddaf3280bcd213db5576,"{""config"":[""X+"",""X""],""d"":3,""p"":0.0028820512820512817}",
    295936,       111,         0,   0.140,pymatching,33bea3fc408d0f3b212141d8f1ce4f74afc5faeb859c398aef2e444c9509a22e,"{""config"":[""X+"",""X""],""d"":3,""p"":0.0011}",
     95232,      3337,         0,   0.146,pymatching,d8b527a55fd58e25f11a843fb80dae6486cd9b1fd9ad878e55123fabfe32c74f,"{""config"":[""X+"",""X""],""d"":3,""p"":0.012148717948717948}",
     66560,         9,         0,   0.146,pymatching,0f0696523286979d7977786c8650b695f858d42e8290cc3da00edabece421f20,"{""config"":[""X+"",""X""],""d"":5,""p"":0.0011}",
    108544,      2968,         0,   0.145,pymatching,96bf547214abb82653ba8d5737fe95aa8e07402cdb36828885056cdd19737351,"{""config"":[""X+"",""X""],""d"":3,""p"":0.010366666666666666}",
     15360,       580,         0,   0.023,pymatching,d8b527a55fd58e25f11a843fb80dae6486cd9b1fd9ad878e55123fabfe32c74f,"{""config"":[""X+"",""X""],""d"":3,""p"":0.012148717948717948}",
    218415,       399,         0,   0.118,pymatching,6dfaea01acf21bb285f5fa04f40ecf1aa0753121e08474a376f48016089a8138,"{""config"":[""X+"",""X""],""d"":3,""p"":0.0025256410256410257}",
    152879,       101,         0,   0.075,pymatching,8c8b66baa9b4e197b15aadbf5d2b866eed5e7e94629f170ffe8a003d8b82f4eb,"{""config"":[""X+"",""X""],""d"":3,""p"":0.0014564102564102565}",
    167215,       163,         0,   0.081,pymatching,058ac43f042324bd07527645ded112db535a7af8c975f9081e402e4198cb309c,"{""config"":[""X+"",""X""],""d"":3,""p"":0.0018128205128205128}",
    129024,         0,         0,   0.204,pymatching,80cf9077c4399287e25010c4837b6d08342ce001fcd1c2031b5a11a59af49a47,"{""config"":[""X+"",""X""],""d"":5,""p"":7.742636826811278e-05}",
    308224,       943,         0,   0.199,pymatching,f36897b0bc2e053583c3e363516babbeb7fd43bfec23c78a22bcdf8033835671,"{""config"":[""X+"",""X""],""d"":3,""p"":0.003238461538461538}",
    162095,         5,         0,   0.065,pymatching,b1dd79a82714d6a7ab6afc7ce4f8fd50be36ec1f3daf674e5877ab896fb4319c,"{""config"":[""X+"",""X""],""d"":3,""p"":0.00035938136638046257}",
     16687,        55,         0,   0.010,pymatching,f36897b0bc2e053583c3e363516babbeb7fd43bfec23c78a22bcdf8033835671,"{""config"":[""X+"",""X""],""d"":3,""p"":0.003238461538461538}",
    164143,        50,         0,   0.074,pymatching,4aa5d8260eb9ee1b62a08d3bfee9a36a177dac6c5a7cf5a37c2da9635a6282fa,"{""config"":[""X+"",""X""],""d"":3,""p"":0.001}",
     86016,      2015,         0,   0.107,pymatching,cc61eb031fd329821706d0f62b9f1e475ab6b390442dadf3bd556657bc061e66,"{""config"":[""X+"",""X""],""d"":3,""p"":0.009653846153846153}",
    154624,      3007,         0,   0.176,pymatching,1a29b8026e58bc70bc9f053589eab90c5de506b6aeb044d52c1c5cb1e5853cde,"{""config"":[""X+"",""X""],""d"":3,""p"":0.008584615384615385}",
    148480,      2693,         0,   0.155,pymatching,96b7ea2bb1d7b28f5e841d3a35e060408ff3ef1689cfe0b6724a211053bdfc1b,"{""config"":[""X+"",""X""],""d"":3,""p"":0.008228205128205128}",
     71680,      1988,         0,   0.092,pymatching,96bf547214abb82653ba8d5737fe95aa8e07402cdb36828885056cdd19737351,"{""config"":[""X+"",""X""],""d"":3,""p"":0.010366666666666666}",
    192512,      3054,         0,   0.202,pymatching,3695b9f66e998bd4c32a2e8eff1baa2b357098f27ab22362ffb8dcbcbfb62276,"{""config"":[""X+"",""X""],""d"":3,""p"":0.007871794871794872}",
    132096,      3002,         0,   0.156,pymatching,121d6326335ce67ec7e47315f3c71d92f0c85f155bf225e023f7bf10e2eb73e0,"{""config"":[""X+"",""X""],""d"":3,""p"":0.009297435897435898}",
    176128,      3591,         0,   0.203,pymatching,ddab2defe45ed082b27a997915b445fa5b941c1a2d3ec794860a6b47eb3097aa,"{""config"":[""X+"",""X""],""d"":3,""p"":0.00894102564102564}",
    268591,       363,         0,   0.142,pymatching,737d06dfd9d73ba6328c05f46e4e4627962b545ad1a85cc9fa44dbf745c7bd1e,"{""config"":[""X+"",""X""],""d"":3,""p"":0.002169230769230769}",
    113664,         1,         0,   0.204,pymatching,23d8ec2eb0610d1bae940b803cf06440d088a084fe863e96d060046f4150e9d7,"{""config"":[""X+"",""X""],""d"":5,""p"":0.0005994842503189409}",
    258048,      1964,         0,   0.201,pymatching,87a70fb9b96f9f81b9de2e8f8c46419d414977f56f786b57b005836c0eaa5d05,"{""config"":[""X+"",""X""],""d"":3,""p"":0.005376923076923077}",
    287023,       110,         0,   0.129,pymatching,33bea3fc408d0f3b212141d8f1ce4f74afc5faeb859c398aef2e444c9509a22e,"{""config"":[""X+"",""X""],""d"":3,""p"":0.0011}",
     28672,       467,         0,   0.029,pymatching,3695b9f66e998bd4c32a2e8eff1baa2b357098f27ab22362ffb8dcbcbfb62276,"{""config"":[""X+"",""X""],""d"":3,""p"":0.007871794871794872}",
    212992,      2863,         0,   0.201,pymatching,afc695a28ce6a98f5e2ad3e33077ec8ba63b501e132514afb902483fcabacbae,"{""config"":[""X+"",""X""],""d"":3,""p"":0.007158974358974359}",
    215040,      2680,         0,   0.202,pymatching,e028bdd40053e2ba1590c8c110a1c2de43fe242cd182579bbdd573092eb86c9b,"{""config"":[""X+"",""X""],""d"":3,""p"":0.006802564102564103}",
      1297,         1,         0,   0.010,pymatching,55f0ed9f8176943b4c005b3e5fc47e6a71a5178d4a05504719fafde26c3155f6,"{""config"":[""X+"",""X""],""d"":5,""p"":0.0028820512820512817}",
    307200,      1127,         0,   0.199,pymatching,c7555e8cf025416f403216cd716307b6304ef7934e8bf16d87646e097c1cc243,"{""config"":[""X+"",""X""],""d"":3,""p"":0.0035948717948717946}",
      2321,         3,         0,   0.016,pymatching,ea09a4b32abbf3bc2d7a93bce8a6270a07c9a8fbb82a401d27da7d7dbe3d981c,"{""config"":[""X+"",""X""],""d"":5,""p"":0.0025256410256410257}",
      3072,         8,         0,   0.018,pymatching,55f0ed9f8176943b4c005b3e5fc47e6a71a5178d4a05504719fafde26c3155f6,"{""config"":[""X+"",""X""],""d"":5,""p"":0.0028820512820512817}",
    253952,      1746,         0,   0.200,pymatching,0177c23aa5ce45f6dae30f0ffb6c76e09b1f824562194b48e74f86a33f7a926e,"{""config"":[""X+"",""X""],""d"":3,""p"":0.00502051282051282}",
    131072,         0,         0,   0.204,pymatching,455d07a92268dd240edf63b507f0929a8e72be5078e203e820213aab6c508180,"{""config"":[""X+"",""X""],""d"":5,""p"":4.641588833612782e-05}",
    270336,      1605,         0,   0.200,pymatching,d7e8bd51672d027c6bb8f867a2debca363ea1e5c2f26c326ae40a2ae68e77688,"{""config"":[""X+"",""X""],""d"":3,""p"":0.004664102564102564}",
    201728,      2998,         0,   0.202,pymatching,4e1e6deedac6a243368e47cc7b9b84075836201480abb986bce0e237d0589d10,"{""config"":[""X+"",""X""],""d"":3,""p"":0.007515384615384615}",
    283648,      1442,         0,   0.200,pymatching,3482c2a735dbb0160b66ed9d2fc55e604af6b87ab46c3edbe72a3a620a1dfeb4,"{""config"":[""X+"",""X""],""d"":3,""p"":0.0043076923076923075}",
    130048,         0,         0,   0.204,pymatching,97c541594f2f2428033c1e26bc58f9096edf4396bc9e3fb3c1379c40f0535fbe,"{""config"":[""X+"",""X""],""d"":5,""p"":2.782559402207126e-05}",
    240640,      2114,         0,   0.201,pymatching,5a8b1db0d13889be125d49166e0359bdad7116cf7504bd4f0a4bf252488304e9,"{""config"":[""X+"",""X""],""d"":3,""p"":0.005733333333333333}",
     53248,      1098,         0,   0.059,pymatching,ddab2defe45ed082b27a997915b445fa5b941c1a2d3ec794860a6b47eb3097aa,"{""config"":[""X+"",""X""],""d"":3,""p"":0.00894102564102564}",
     93184,        10,         0,   0.205,pymatching,e01a52abca50f807b94c98c2ff3fe10204eb819d04d5cf83a605e06cb2ac34ab,"{""config"":[""X+"",""X""],""d"":5,""p"":0.0014564102564102565}",
      5120,         7,         0,   0.015,pymatching,ea09a4b32abbf3bc2d7a93bce8a6270a07c9a8fbb82a401d27da7d7dbe3d981c,"{""config"":[""X+"",""X""],""d"":5,""p"":0.0025256410256410257}",
      1297,         3,         0,   0.010,pymatching,aeff48f169dd48fdb8f5bde148f264f232aa739f34c7ed8667501a8ce4d3c9d4,"{""config"":[""X+"",""X""],""d"":5,""p"":0.003951282051282051}",
    228352,      2573,         0,   0.201,pymatching,e2fd48df8e68eb5cbd9004e96f42017ab57cc95fd0c105de97b24d13142c1c96,"{""config"":[""X+"",""X""],""d"":3,""p"":0.006446153846153846}",
     77824,        47,         0,   0.205,pymatching,2e666ff94e32b22ba1e2eb7ee872bad7156a7f14148ede0723cb6bd578f00ff7,"{""config"":[""X+"",""X""],""d"":5,""p"":0.002169230769230769}",
      1297,         1,         0,   0.011,pymatching,f4c7839beb20af417732a61ca7391b9f30de7e6a282b049c366866eba571b6d7,"{""config"":[""X+"",""X""],""d"":5,""p"":0.003238461538461538}",
    231424,      2297,         0,   0.201,pymatching,77656b1e4c3130c0c21d2eb10aeb38e81580c25db393ea3f46dbfbb101f0ee90,"{""config"":[""X+"",""X""],""d"":3,""p"":0.00608974358974359}",
    118784,         1,         0,   0.205,pymatching,451551e0f19ea9c859961d3df875cbd0bdb49c492317dda790a54e697358891a,"{""config"":[""X+"",""X""],""d"":5,""p"":0.00035938136638046257}",
    128000,         0,         0,   0.205,pymatching,380ed4285f0d76a6b5fca81eff3e635554acfef7efee4e714f932ced9f50eb26,"{""config"":[""X+"",""X""],""d"":5,""p"":1e-05}",
      6144,         6,         0,   0.020,pymatching,55f0ed9f8176943b4c005b3e5fc47e6a71a5178d4a05504719fafde26c3155f6,"{""config"":[""X+"",""X""],""d"":5,""p"":0.0028820512820512817}",
    101376,         0,         0,   0.205,pymatching,a5c09728ca1e0840e6b2a73a571cbf4cfda9ea5b2b3a5ec65723e06b3616dff1,"{""config"":[""X+"",""X""],""d"":5,""p"":0.001}",
    296960,      1309,         0,   0.200,pymatching,faec4046d303ca430c7edb632cdef277999e0fda859f9cbf68ccb18621edb8c8,"{""config"":[""X+"",""X""],""d"":3,""p"":0.003951282051282051}",
     54575,       189,         0,   0.034,pymatching,c7555e8cf025416f403216cd716307b6304ef7934e8bf16d87646e097c1cc243,"{""config"":[""X+"",""X""],""d"":3,""p"":0.0035948717948717946}",
     83968,        17,         0,   0.205,pymatching,c0d6877e7b645f898e893ac18e383808a71d71c812f9e927d453cca722236fea,"{""config"":[""X+"",""X""],""d"":5,""p"":0.0018128205128205128}",
    128000,         0,         0,   0.205,pymatching,3db1cf03750305d3692f56b9dbabbec5a556ac93e14497828f25c987ee55dba3,"{""config"":[""X+"",""X""],""d"":5,""p"":1.6681005372000593e-05}",
    124928,         0,         0,   0.204,pymatching,b0fee0578d8b301aacbbd71b704d435900d564bfae07aea6d55c7e90fd1c25d3,"{""config"":[""X+"",""X""],""d"":5,""p"":0.0001291549665014884}",
      2048,         7,         0,   0.014,pymatching,aeff48f169dd48fdb8f5bde148f264f232aa739f34c7ed8667501a8ce4d3c9d4,"{""config"":[""X+"",""X""],""d"":5,""p"":0.003951282051282051}",
    122880,         0,         0,   0.205,pymatching,3cd491eb7979b7d9cf5036ff141c116fe7abb6cce529a088faa0d87f2348b9ff,"{""config"":[""X+"",""X""],""d"":5,""p"":0.00021544346900318823}",
    342016,       810,         0,   0.199,pymatching,ad4d9ddc1cd975635e2ebddcf758a3df2eef2c22430eddaf3280bcd213db5576,"{""config"":[""X+"",""X""],""d"":3,""p"":0.0028820512820512817}",
      1297,         4,         0,   0.012,pymatching,17773444cd5fca4526e8956b2d4ccb99ed3a2ed01d0590d62425274c27aea840,"{""config"":[""X+"",""X""],""d"":5,""p"":0.0035948717948717946}",
      2048,         3,         0,   0.014,pymatching,f4c7839beb20af417732a61ca7391b9f30de7e6a282b049c366866eba571b6d7,"{""config"":[""X+"",""X""],""d"":5,""p"":0.003238461538461538}",
      7168,         4,         0,   0.020,pymatching,ea09a4b32abbf3bc2d7a93bce8a6270a07c9a8fbb82a401d27da7d7dbe3d981c,"{""config"":[""X+"",""X""],""d"":5,""p"":0.0025256410256410257}",
      1297,         5,         0,   0.012,pymatching,02581ace4ad1eaaa3b5aa5e02022fb59aa46d24c5e785fc68481be4d0f39e9f5,"{""config"":[""X+"",""X""],""d"":5,""p"":0.0043076923076923075}",
      1297,         5,         0,   0.013,pymatching,09574f58fd2678fb903e2784af40010e505918a25596da3f5f07a554aeecc264,"{""config"":[""X+"",""X""],""d"":5,""p"":0.004664102564102564}",
     99328,        10,         0,   0.204,pymatching,0f0696523286979d7977786c8650b695f858d42e8290cc3da00edabece421f20,"{""config"":[""X+"",""X""],""d"":5,""p"":0.0011}",
      2048,         4,         0,   0.014,pymatching,17773444cd5fca4526e8956b2d4ccb99ed3a2ed01d0590d62425274c27aea840,"{""config"":[""X+"",""X""],""d"":5,""p"":0.0035948717948717946}",
      2321,        16,         0,   0.011,pymatching,10f577cbcf1bdd20075b94ea4e01021d99f35b55ea222976e0987393a966a3ff,"{""config"":[""X+"",""X""],""d"":5,""p"":0.00502051282051282}",
      9216,         9,         0,   0.027,pymatching,55f0ed9f8176943b4c005b3e5fc47e6a71a5178d4a05504719fafde26c3155f6,"{""config"":[""X+"",""X""],""d"":5,""p"":0.0028820512820512817}",
      5120,        19,         0,   0.022,pymatching,aeff48f169dd48fdb8f5bde148f264f232aa739f34c7ed8667501a8ce4d3c9d4,"{""config"":[""X+"",""X""],""d"":5,""p"":0.003951282051282051}",
     38191,        78,         0,   0.022,pymatching,ad4d9ddc1cd975635e2ebddcf758a3df2eef2c22430eddaf3280bcd213db5576,"{""config"":[""X+"",""X""],""d"":3,""p"":0.0028820512820512817}",
     73728,       984,         0,   0.070,pymatching,afc695a28ce6a98f5e2ad3e33077ec8ba63b501e132514afb902483fcabacbae,"{""config"":[""X+"",""X""],""d"":3,""p"":0.007158974358974359}",
      2048,         9,         0,   0.015,pymatching,02581ace4ad1eaaa3b5aa5e02022fb59aa46d24c5e785fc68481be4d0f39e9f5,"{""config"":[""X+"",""X""],""d"":5,""p"":0.0043076923076923075}",
      6144,        12,         0,   0.022,pymatching,f4c7839beb20af417732a61ca7391b9f30de7e6a282b049c366866eba571b6d7,"{""config"":[""X+"",""X""],""d"":5,""p"":0.003238461538461538}",
     51200,       743,         0,   0.050,pymatching,4e1e6deedac6a243368e47cc7b9b84075836201480abb986bce0e237d0589d10,"{""config"":[""X+"",""X""],""d"":3,""p"":0.007515384615384615}",
      2048,         7,         0,   0.016,pymatching,09574f58fd2678fb903e2784af40010e505918a25596da3f5f07a554aeecc264,"{""config"":[""X+"",""X""],""d"":5,""p"":0.004664102564102564}",
     10240,         9,         0,   0.029,pymatching,ea09a4b32abbf3bc2d7a93bce8a6270a07c9a8fbb82a401d27da7d7dbe3d981c,"{""config"":[""X+"",""X""],""d"":5,""p"":0.0025256410256410257}",
      4096,        24,         0,   0.017,pymatching,10f577cbcf1bdd20075b94ea4e01021d99f35b55ea222976e0987393a966a3ff,"{""config"":[""X+"",""X""],""d"":5,""p"":0.00502051282051282}",
      5120,        14,         0,   0.020,pymatching,17773444cd5fca4526e8956b2d4ccb99ed3a2ed01d0590d62425274c27aea840,"{""config"":[""X+"",""X""],""d"":5,""p"":0.0035948717948717946}",
      5120,        17,         0,   0.020,pymatching,02581ace4ad1eaaa3b5aa5e02022fb59aa46d24c5e785fc68481be4d0f39e9f5,"{""config"":[""X+"",""X""],""d"":5,""p"":0.0043076923076923075}",
      8192,        23,         0,   0.030,pymatching,aeff48f169dd48fdb8f5bde148f264f232aa739f34c7ed8667501a8ce4d3c9d4,"{""config"":[""X+"",""X""],""d"":5,""p"":0.003951282051282051}",
      5120,        18,         0,   0.021,pymatching,09574f58fd2678fb903e2784af40010e505918a25596da3f5f07a554aeecc264,"{""config"":[""X+"",""X""],""d"":5,""p"":0.004664102564102564}",
         1,         0,         0,   0.001,pymatching,690a4757ff9d21e680de127366c7222eef0035037b5e3d448941cdca909349aa,"{""config"":[""X+"",""X""],""d"":5,""p"":0.005376923076923077}",
      9216,        18,         0,   0.029,pymatching,f4c7839beb20af417732a61ca7391b9f30de7e6a282b049c366866eba571b6d7,"{""config"":[""X+"",""X""],""d"":5,""p"":0.003238461538461538}",
      5120,        37,         0,   0.022,pymatching,10f577cbcf1bdd20075b94ea4e01021d99f35b55ea222976e0987393a966a3ff,"{""config"":[""X+"",""X""],""d"":5,""p"":0.00502051282051282}",
     13312,        15,         0,   0.039,pymatching,55f0ed9f8176943b4c005b3e5fc47e6a71a5178d4a05504719fafde26c3155f6,"{""config"":[""X+"",""X""],""d"":5,""p"":0.0028820512820512817}",
      8192,        22,         0,   0.028,pymatching,17773444cd5fca4526e8956b2d4ccb99ed3a2ed01d0590d62425274c27aea840,"{""config"":[""X+"",""X""],""d"":5,""p"":0.0035948717948717946}",
      1296,         8,         0,   0.014,pymatching,690a4757ff9d21e680de127366c7222eef0035037b5e3d448941cdca909349aa,"{""config"":[""X+"",""X""],""d"":5,""p"":0.005376923076923077}",
      7168,        38,         0,   0.028,pymatching,02581ace4ad1eaaa3b5aa5e02022fb59aa46d24c5e785fc68481be4d0f39e9f5,"{""config"":[""X+"",""X""],""d"":5,""p"":0.0043076923076923075}",
     14336,         9,         0,   0.040,pymatching,ea09a4b32abbf3bc2d7a93bce8a6270a07c9a8fbb82a401d27da7d7dbe3d981c,"{""config"":[""X+"",""X""],""d"":5,""p"":0.0025256410256410257}",
      7168,        42,         0,   0.029,pymatching,09574f58fd2678fb903e2784af40010e505918a25596da3f5f07a554aeecc264,"{""config"":[""X+"",""X""],""d"":5,""p"":0.004664102564102564}",
    144384,      1843,         0,   0.131,pymatching,e028bdd40053e2ba1590c8c110a1c2de43fe242cd182579bbdd573092eb86c9b,"{""config"":[""X+"",""X""],""d"":3,""p"":0.006802564102564103}",
      7168,        38,         0,   0.031,pymatching,10f577cbcf1bdd20075b94ea4e01021d99f35b55ea222976e0987393a966a3ff,"{""config"":[""X+"",""X""],""d"":5,""p"":0.00502051282051282}",
      2048,        13,         0,   0.020,pymatching,690a4757ff9d21e680de127366c7222eef0035037b5e3d448941cdca909349aa,"{""config"":[""X+"",""X""],""d"":5,""p"":0.005376923076923077}",
     11264,        30,         0,   0.041,pymatching,aeff48f169dd48fdb8f5bde148f264f232aa739f34c7ed8667501a8ce4d3c9d4,"{""config"":[""X+"",""X""],""d"":5,""p"":0.003951282051282051}",
     12288,        26,         0,   0.039,pymatching,f4c7839beb20af417732a61ca7391b9f30de7e6a282b049c366866eba571b6d7,"{""config"":[""X+"",""X""],""d"":5,""p"":0.003238461538461538}",
    169263,      1048,         0,   0.122,pymatching,d7e8bd51672d027c6bb8f867a2debca363ea1e5c2f26c326ae40a2ae68e77688,"{""config"":[""X+"",""X""],""d"":3,""p"":0.004664102564102564}",
    156975,       654,         0,   0.104,pymatching,faec4046d303ca430c7edb632cdef277999e0fda859f9cbf68ccb18621edb8c8,"{""config"":[""X+"",""X""],""d"":3,""p"":0.003951282051282051}",
     12288,        22,         0,   0.041,pymatching,17773444cd5fca4526e8956b2d4ccb99ed3a2ed01d0590d62425274c27aea840,"{""config"":[""X+"",""X""],""d"":5,""p"":0.0035948717948717946}",
    181551,       937,         0,   0.124,pymatching,3482c2a735dbb0160b66ed9d2fc55e604af6b87ab46c3edbe72a3a620a1dfeb4,"{""config"":[""X+"",""X""],""d"":3,""p"":0.0043076923076923075}",
      1297,        17,         0,   0.015,pymatching,6100f7b5e28a8fcdf09022bb678e2f535ef01f2158e71fe77cc99001fec31d71,"{""config"":[""X+"",""X""],""d"":5,""p"":0.005733333333333333}",
     10240,        33,         0,   0.040,pymatching,02581ace4ad1eaaa3b5aa5e02022fb59aa46d24c5e785fc68481be4d0f39e9f5,"{""config"":[""X+"",""X""],""d"":5,""p"":0.0043076923076923075}",
     18432,        28,         0,   0.055,pymatching,55f0ed9f8176943b4c005b3e5fc47e6a71a5178d4a05504719fafde26c3155f6,"{""config"":[""X+"",""X""],""d"":5,""p"":0.0028820512820512817}",
      5120,        34,         0,   0.029,pymatching,690a4757ff9d21e680de127366c7222eef0035037b5e3d448941cdca909349aa,"{""config"":[""X+"",""X""],""d"":5,""p"":0.005376923076923077}",
      1297,         9,         0,   0.016,pymatching,5c51941673fa0638a7e502da459654d6bd1a21f74cce026e39539d89fb900517,"{""config"":[""X+"",""X""],""d"":5,""p"":0.00608974358974359}",
     10240,        49,         0,   0.042,pymatching,09574f58fd2678fb903e2784af40010e505918a25596da3f5f07a554aeecc264,"{""config"":[""X+"",""X""],""d"":5,""p"":0.004664102564102564}",
      2048,        19,         0,   0.016,pymatching,6100f7b5e28a8fcdf09022bb678e2f535ef01f2158e71fe77cc99001fec31d71,"{""config"":[""X+"",""X""],""d"":5,""p"":0.005733333333333333}",
      9216,        51,         0,   0.040,pymatching,10f577cbcf1bdd20075b94ea4e01021d99f35b55ea222976e0987393a966a3ff,"{""config"":[""X+"",""X""],""d"":5,""p"":0.00502051282051282}",
     19456,        13,         0,   0.055,pymatching,ea09a4b32abbf3bc2d7a93bce8a6270a07c9a8fbb82a401d27da7d7dbe3d981c,"{""config"":[""X+"",""X""],""d"":5,""p"":0.0025256410256410257}",
    180224,         0,         0,   0.286,pymatching,80cf9077c4399287e25010c4837b6d08342ce001fcd1c2031b5a11a59af49a47,"{""config"":[""X+"",""X""],""d"":5,""p"":7.742636826811278e-05}",
      1297,         9,         0,   0.017,pymatching,a4efaafae06c4766e4466e47d1b6daeff18e9546db0e687d940b808682b90995,"{""config"":[""X+"",""X""],""d"":5,""p"":0.006446153846153846}",
    257327,      2030,         0,   0.202,pymatching,87a70fb9b96f9f81b9de2e8f8c46419d414977f56f786b57b005836c0eaa5d05,"{""config"":[""X+"",""X""],""d"":3,""p"":0.005376923076923077}",
      2048,        17,         0,   0.017,pymatching,5c51941673fa0638a7e502da459654d6bd1a21f74cce026e39539d89fb900517,"{""config"":[""X+"",""X""],""d"":5,""p"":0.00608974358974359}",
      4096,        38,         0,   0.019,pymatching,6100f7b5e28a8fcdf09022bb678e2f535ef01f2158e71fe77cc99001fec31d71,"{""config"":[""X+"",""X""],""d"":5,""p"":0.005733333333333333}",
     15360,        44,         0,   0.056,pymatching,aeff48f169dd48fdb8f5bde148f264f232aa739f34c7ed8667501a8ce4d3c9d4,"{""config"":[""X+"",""X""],""d"":5,""p"":0.003951282051282051}",
      1297,        15,         0,   0.018,pymatching,5b5925c842ce4f5ad9cb6ca3245e58f2a07203b412dec315df13ca3b6c550941,"{""config"":[""X+"",""X""],""d"":5,""p"":0.006802564102564103}",
     17408,        25,         0,   0.055,pymatching,f4c7839beb20af417732a61ca7391b9f30de7e6a282b049c366866eba571b6d7,"{""config"":[""X+"",""X""],""d"":5,""p"":0.003238461538461538}",
      2048,        20,         0,   0.017,pymatching,a4efaafae06c4766e4466e47d1b6daeff18e9546db0e687d940b808682b90995,"{""config"":[""X+"",""X""],""d"":5,""p"":0.006446153846153846}",
      2321,        57,         0,   0.016,pymatching,2e51d5c6279620f381b953edda12230310e0e55dc99e3286f6c3e7a9300760d2,"{""config"":[""X+"",""X""],""d"":5,""p"":0.007871794871794872}",
      1297,        29,         0,   0.019,pymatching,32cd31c1c4f08999a88eaa96f52ba32d7208e333a5cc32e55a848545f2246465,"{""config"":[""X+"",""X""],""d"":5,""p"":0.007515384615384615}",
      4096,        40,         0,   0.021,pymatching,5c51941673fa0638a7e502da459654d6bd1a21f74cce026e39539d89fb900517,"{""config"":[""X+"",""X""],""d"":5,""p"":0.00608974358974359}",
      9216,        72,         0,   0.042,pymatching,690a4757ff9d21e680de127366c7222eef0035037b5e3d448941cdca909349aa,"{""config"":[""X+"",""X""],""d"":5,""p"":0.005376923076923077}",
     16384,        52,         0,   0.055,pymatching,17773444cd5fca4526e8956b2d4ccb99ed3a2ed01d0590d62425274c27aea840,"{""config"":[""X+"",""X""],""d"":5,""p"":0.0035948717948717946}",
      2048,        21,         0,   0.018,pymatching,5b5925c842ce4f5ad9cb6ca3245e58f2a07203b412dec315df13ca3b6c550941,"{""config"":[""X+"",""X""],""d"":5,""p"":0.006802564102564103}",
      2048,        43,         0,   0.014,pymatching,2e51d5c6279620f381b953edda12230310e0e55dc99e3286f6c3e7a9300760d2,"{""config"":[""X+"",""X""],""d"":5,""p"":0.007871794871794872}",
     14336,        57,         0,   0.056,pymatching,02581ace4ad1eaaa3b5aa5e02022fb59aa46d24c5e785fc68481be4d0f39e9f5,"{""config"":[""X+"",""X""],""d"":5,""p"":0.0043076923076923075}",
      1297,        34,         0,   0.020,pymatching,0a23164326e71ef334486c04eea418f99a9ee0fed55239d004ad01368dcb11da,"{""config"":[""X+"",""X""],""d"":5,""p"":0.008228205128205128}",
      2048,        38,         0,   0.019,pymatching,32cd31c1c4f08999a88eaa96f52ba32d7208e333a5cc32e55a848545f2246465,"{""config"":[""X+"",""X""],""d"":5,""p"":0.007515384615384615}",
      1297,        21,         0,   0.018,pymatching,f2747844340327fb3bc51ad5b61c374f9c11e983edb52ff05170b943debfca16,"{""config"":[""X+"",""X""],""d"":5,""p"":0.007158974358974359}",
      4096,        46,         0,   0.022,pymatching,a4efaafae06c4766e4466e47d1b6daeff18e9546db0e687d940b808682b90995,"{""config"":[""X+"",""X""],""d"":5,""p"":0.006446153846153846}",
      6144,        51,         0,   0.030,pymatching,6100f7b5e28a8fcdf09022bb678e2f535ef01f2158e71fe77cc99001fec31d71,"{""config"":[""X+"",""X""],""d"":5,""p"":0.005733333333333333}",
      1297,        33,         0,   0.018,pymatching,bb9a12c3e97ed6fbcb8337f6ceafc00934246bdd657b40bc6c95fb4257dd9b58,"{""config"":[""X+"",""X""],""d"":5,""p"":0.008584615384615385}",
      1297,        55,         0,   0.024,pymatching,6faa466af17fbbff588d8ddfab80acc710cb914eccee0fea2b31d143e578f6c3,"{""config"":[""X+"",""X""],""d"":5,""p"":0.010366666666666666}",
     13312,        73,         0,   0.055,pymatching,09574f58fd2678fb903e2784af40010e505918a25596da3f5f07a554aeecc264,"{""config"":[""X+"",""X""],""d"":5,""p"":0.004664102564102564}",
     13312,       100,         0,   0.057,pymatching,10f577cbcf1bdd20075b94ea4e01021d99f35b55ea222976e0987393a966a3ff,"{""config"":[""X+"",""X""],""d"":5,""p"":0.00502051282051282}",
    221184,      2462,         0,   0.195,pymatching,e2fd48df8e68eb5cbd9004e96f42017ab57cc95fd0c105de97b24d13142c1c96,"{""config"":[""X+"",""X""],""d"":3,""p"":0.006446153846153846}",
      3072,        67,         0,   0.020,pymatching,2e51d5c6279620f381b953edda12230310e0e55dc99e3286f6c3e7a9300760d2,"{""config"":[""X+"",""X""],""d"":5,""p"":0.007871794871794872}",
     25600,        31,         0,   0.076,pymatching,55f0ed9f8176943b4c005b3e5fc47e6a71a5178d4a05504719fafde26c3155f6,"{""config"":[""X+"",""X""],""d"":5,""p"":0.0028820512820512817}",
      4096,        75,         0,   0.023,pymatching,5b5925c842ce4f5ad9cb6ca3245e58f2a07203b412dec315df13ca3b6c550941,"{""config"":[""X+"",""X""],""d"":5,""p"":0.006802564102564103}",
      2048,        40,         0,   0.020,pymatching,0a23164326e71ef334486c04eea418f99a9ee0fed55239d004ad01368dcb11da,"{""config"":[""X+"",""X""],""d"":5,""p"":0.008228205128205128}",
      6144,        49,         0,   0.031,pymatching,5c51941673fa0638a7e502da459654d6bd1a21f74cce026e39539d89fb900517,"{""config"":[""X+"",""X""],""d"":5,""p"":0.00608974358974359}",
      1297,        50,         0,   0.023,pymatching,d5e500e4c6e90193847df79157c0ef2a64f00f7f28926bd5d3cb0c498df1deb9,"{""config"":[""X+"",""X""],""d"":5,""p"":0.009653846153846153}",
      1024,        36,         0,   0.014,pymatching,6faa466af17fbbff588d8ddfab80acc710cb914eccee0fea2b31d143e578f6c3,"{""config"":[""X+"",""X""],""d"":5,""p"":0.010366666666666666}",
      2048,        25,         0,   0.018,pymatching,f2747844340327fb3bc51ad5b61c374f9c11e983edb52ff05170b943debfca16,"{""config"":[""X+"",""X""],""d"":5,""p"":0.007158974358974359}",
      2048,        47,         0,   0.019,pymatching,bb9a12c3e97ed6fbcb8337f6ceafc00934246bdd657b40bc6c95fb4257dd9b58,"{""config"":[""X+"",""X""],""d"":5,""p"":0.008584615384615385}",
      4096,        77,         0,   0.025,pymatching,32cd31c1c4f08999a88eaa96f52ba32d7208e333a5cc32e55a848545f2246465,"{""config"":[""X+"",""X""],""d"":5,""p"":0.007515384615384615}",
      1297,        35,         0,   0.022,pymatching,df829187c4a2c82a29ccf685369196cd12aee454d267be67ba5aa458bc84349e,"{""config"":[""X+"",""X""],""d"":5,""p"":0.009297435897435898}",
      5120,        59,         0,   0.027,pymatching,a4efaafae06c4766e4466e47d1b6daeff18e9546db0e687d940b808682b90995,"{""config"":[""X+"",""X""],""d"":5,""p"":0.006446153846153846}",
     27648,        15,         0,   0.077,pymatching,ea09a4b32abbf3bc2d7a93bce8a6270a07c9a8fbb82a401d27da7d7dbe3d981c,"{""config"":[""X+"",""X""],""d"":5,""p"":0.0025256410256410257}",
      1297,        35,         0,   0.022,pymatching,f1daf6f4ee0447145dfc80171bd159961c12b65f1bee0d3716c4f3494df26778,"{""config"":[""X+"",""X""],""d"":5,""p"":0.00894102564102564}",
      2048,        67,         0,   0.019,pymatching,d5e500e4c6e90193847df79157c0ef2a64f00f7f28926bd5d3cb0c498df1deb9,"{""config"":[""X+"",""X""],""d"":5,""p"":0.009653846153846153}",
      3072,        79,         0,   0.021,pymatching,0a23164326e71ef334486c04eea418f99a9ee0fed55239d004ad01368dcb11da,"{""config"":[""X+"",""X""],""d"":5,""p"":0.008228205128205128}",
      1297,        53,         0,   0.024,pymatching,3c6851ca62951af86b9e0a3ae8fb81ba3c4455bc74ce6bf082c9147df97a2efb,"{""config"":[""X+"",""X""],""d"":5,""p"":0.010010256410256409}",
      8192,        71,         0,   0.039,pymatching,6100f7b5e28a8fcdf09022bb678e2f535ef01f2158e71fe77cc99001fec31d71,"{""config"":[""X+"",""X""],""d"":5,""p"":0.005733333333333333}",
      1297,        58,         0,   0.026,pymatching,7ee4e4f29d72a4011a8935e36a7ce57ad8dba258ad71f559ed776e11ae635594,"{""config"":[""X+"",""X""],""d"":5,""p"":0.01107948717948718}",
    281903,      2546,         0,   0.230,pymatching,5a8b1db0d13889be125d49166e0359bdad7116cf7504bd4f0a4bf252488304e9,"{""config"":[""X+"",""X""],""d"":3,""p"":0.005733333333333333}",
      4096,        66,         0,   0.024,pymatching,f2747844340327fb3bc51ad5b61c374f9c11e983edb52ff05170b943debfca16,"{""config"":[""X+"",""X""],""d"":5,""p"":0.007158974358974359}",
     12288,        94,         0,   0.056,pymatching,690a4757ff9d21e680de127366c7222eef0035037b5e3d448941cdca909349aa,"{""config"":[""X+"",""X""],""d"":5,""p"":0.005376923076923077}",
      3072,        98,         0,   0.022,pymatching,bb9a12c3e97ed6fbcb8337f6ceafc00934246bdd657b40bc6c95fb4257dd9b58,"{""config"":[""X+"",""X""],""d"":5,""p"":0.008584615384615385}",
      2048,        76,         0,   0.019,pymatching,df829187c4a2c82a29ccf685369196cd12aee454d267be67ba5aa458bc84349e,"{""config"":[""X+"",""X""],""d"":5,""p"":0.009297435897435898}",
    302383,      2170,         0,   0.238,pymatching,0177c23aa5ce45f6dae30f0ffb6c76e09b1f824562194b48e74f86a33f7a926e,"{""config"":[""X+"",""X""],""d"":3,""p"":0.00502051282051282}",
      3072,       154,         0,   0.027,pymatching,6faa466af17fbbff588d8ddfab80acc710cb914eccee0fea2b31d143e578f6c3,"{""config"":[""X+"",""X""],""d"":5,""p"":0.010366666666666666}",
      5120,        66,         0,   0.029,pymatching,5b5925c842ce4f5ad9cb6ca3245e58f2a07203b412dec315df13ca3b6c550941,"{""config"":[""X+"",""X""],""d"":5,""p"":0.006802564102564103}",
      5120,       117,         0,   0.033,pymatching,2e51d5c6279620f381b953edda12230310e0e55dc99e3286f6c3e7a9300760d2,"{""config"":[""X+"",""X""],""d"":5,""p"":0.007871794871794872}",
    158720,         3,         0,   0.286,pymatching,23d8ec2eb0610d1bae940b803cf06440d088a084fe863e96d060046f4150e9d7,"{""config"":[""X+"",""X""],""d"":5,""p"":0.0005994842503189409}",
      2048,        72,         0,   0.017,pymatching,f1daf6f4ee0447145dfc80171bd159961c12b65f1bee0d3716c4f3494df26778,"{""config"":[""X+"",""X""],""d"":5,""p"":0.00894102564102564}",
     23552,        33,         0,   0.076,pymatching,f4c7839beb20af417732a61ca7391b9f30de7e6a282b049c366866eba571b6d7,"{""config"":[""X+"",""X""],""d"":5,""p"":0.003238461538461538}",
      1297,        76,         0,   0.027,pymatching,08a7353db2c7a0d74c2c5afd21ffab4da484ab8f68ef1bcd4d92d65e58eba070,"{""config"":[""X+"",""X""],""d"":5,""p"":0.010723076923076922}",
     21504,        62,         0,   0.078,pymatching,aeff48f169dd48fdb8f5bde148f264f232aa739f34c7ed8667501a8ce4d3c9d4,"{""config"":[""X+"",""X""],""d"":5,""p"":0.003951282051282051}",
      5120,        93,         0,   0.032,pymatching,32cd31c1c4f08999a88eaa96f52ba32d7208e333a5cc32e55a848545f2246465,"{""config"":[""X+"",""X""],""d"":5,""p"":0.007515384615384615}",
      2048,       100,         0,   0.020,pymatching,3c6851ca62951af86b9e0a3ae8fb81ba3c4455bc74ce6bf082c9147df97a2efb,"{""config"":[""X+"",""X""],""d"":5,""p"":0.010010256410256409}",
      8192,       100,         0,   0.041,pymatching,5c51941673fa0638a7e502da459654d6bd1a21f74cce026e39539d89fb900517,"{""config"":[""X+"",""X""],""d"":5,""p"":0.00608974358974359}",
      3072,       104,         0,   0.024,pymatching,d5e500e4c6e90193847df79157c0ef2a64f00f7f28926bd5d3cb0c498df1deb9,"{""config"":[""X+"",""X""],""d"":5,""p"":0.009653846153846153}",
      2048,       106,         0,   0.019,pymatching,7ee4e4f29d72a4011a8935e36a7ce57ad8dba258ad71f559ed776e11ae635594,"{""config"":[""X+"",""X""],""d"":5,""p"":0.01107948717948718}",
     22528,        47,         0,   0.076,pymatching,17773444cd5fca4526e8956b2d4ccb99ed3a2ed01d0590d62425274c27aea840,"{""config"":[""X+"",""X""],""d"":5,""p"":0.0035948717948717946}",
      4096,        91,         0,   0.027,pymatching,0a23164326e71ef334486c04eea418f99a9ee0fed55239d004ad01368dcb11da,"{""config"":[""X+"",""X""],""d"":5,""p"":0.008228205128205128}",
      7168,        77,         0,   0.038,pymatching,a4efaafae06c4766e4466e47d1b6daeff18e9546db0e687d940b808682b90995,"{""config"":[""X+"",""X""],""d"":5,""p"":0.006446153846153846}",
      3072,       122,         0,   0.023,pymatching,df829187c4a2c82a29ccf685369196cd12aee454d267be67ba5aa458bc84349e,"{""config"":[""X+"",""X""],""d"":5,""p"":0.009297435897435898}",
     19456,        83,         0,   0.075,pymatching,02581ace4ad1eaaa3b5aa5e02022fb59aa46d24c5e785fc68481be4d0f39e9f5,"{""config"":[""X+"",""X""],""d"":5,""p"":0.0043076923076923075}",
      2048,        89,         0,   0.020,pymatching,08a7353db2c7a0d74c2c5afd21ffab4da484ab8f68ef1bcd4d92d65e58eba070,"{""config"":[""X+"",""X""],""d"":5,""p"":0.010723076923076922}",
      4096,       123,         0,   0.029,pymatching,bb9a12c3e97ed6fbcb8337f6ceafc00934246bdd657b40bc6c95fb4257dd9b58,"{""config"":[""X+"",""X""],""d"":5,""p"":0.008584615384615385}",
      5120,        82,         0,   0.030,pymatching,f2747844340327fb3bc51ad5b61c374f9c11e983edb52ff05170b943debfca16,"{""config"":[""X+"",""X""],""d"":5,""p"":0.007158974358974359}",
      3072,       106,         0,   0.022,pymatching,f1daf6f4ee0447145dfc80171bd159961c12b65f1bee0d3716c4f3494df26778,"{""config"":[""X+"",""X""],""d"":5,""p"":0.00894102564102564}",
      4096,       172,         0,   0.035,pymatching,6faa466af17fbbff588d8ddfab80acc710cb914eccee0fea2b31d143e578f6c3,"{""config"":[""X+"",""X""],""d"":5,""p"":0.010366666666666666}",
     18432,        86,         0,   0.075,pymatching,09574f58fd2678fb903e2784af40010e505918a25596da3f5f07a554aeecc264,"{""config"":[""X+"",""X""],""d"":5,""p"":0.004664102564102564}",
      3072,       122,         0,   0.025,pymatching,3c6851ca62951af86b9e0a3ae8fb81ba3c4455bc74ce6bf082c9147df97a2efb,"{""config"":[""X+"",""X""],""d"":5,""p"":0.010010256410256409}",
      7168,       130,         0,   0.040,pymatching,5b5925c842ce4f5ad9cb6ca3245e58f2a07203b412dec315df13ca3b6c550941,"{""config"":[""X+"",""X""],""d"":5,""p"":0.006802564102564103}",
      6144,       144,         0,   0.039,pymatching,2e51d5c6279620f381b953edda12230310e0e55dc99e3286f6c3e7a9300760d2,"{""config"":[""X+"",""X""],""d"":5,""p"":0.007871794871794872}",
    183296,         0,         0,   0.285,pymatching,455d07a92268dd240edf63b507f0929a8e72be5078e203e820213aab6c508180,"{""config"":[""X+"",""X""],""d"":5,""p"":4.641588833612782e-05}",
      3072,       155,         0,   0.028,pymatching,7ee4e4f29d72a4011a8935e36a7ce57ad8dba258ad71f559ed776e11ae635594,"{""config"":[""X+"",""X""],""d"":5,""p"":0.01107948717948718}",
     18432,       105,         0,   0.079,pymatching,10f577cbcf1bdd20075b94ea4e01021d99f35b55ea222976e0987393a966a3ff,"{""config"":[""X+"",""X""],""d"":5,""p"":0.00502051282051282}",
      4096,       138,         0,   0.033,pymatching,d5e500e4c6e90193847df79157c0ef2a64f00f7f28926bd5d3cb0c498df1deb9,"{""config"":[""X+"",""X""],""d"":5,""p"":0.009653846153846153}",
    182272,         0,         0,   0.286,pymatching,97c541594f2f2428033c1e26bc58f9096edf4396bc9e3fb3c1379c40f0535fbe,"{""config"":[""X+"",""X""],""d"":5,""p"":2.782559402207126e-05}",
     11264,        99,         0,   0.054,pymatching,6100f7b5e28a8fcdf09022bb678e2f535ef01f2158e71fe77cc99001fec31d71,"{""config"":[""X+"",""X""],""d"":5,""p"":0.005733333333333333}",
    325632,      3330,         0,   0.275,pymatching,77656b1e4c3130c0c21d2eb10aeb38e81580c25db393ea3f46dbfbb101f0ee90,"{""config"":[""X+"",""X""],""d"":3,""p"":0.00608974358974359}",
    130048,        24,         0,   0.286,pymatching,e01a52abca50f807b94c98c2ff3fe10204eb819d04d5cf83a605e06cb2ac34ab,"{""config"":[""X+"",""X""],""d"":5,""p"":0.0014564102564102565}",
      4096,       147,         0,   0.031,pymatching,df829187c4a2c82a29ccf685369196cd12aee454d267be67ba5aa458bc84349e,"{""config"":[""X+"",""X""],""d"":5,""p"":0.009297435897435898}",
       273,        22,         0,   0.010,pymatching,a68a43b4f16616a5c09654f0609574b6918dd974e2f71b3b77cca70e9b412734,"{""config"":[""X+"",""X""],""d"":5,""p"":0.012148717948717948}",
      7168,       111,         0,   0.044,pymatching,32cd31c1c4f08999a88eaa96f52ba32d7208e333a5cc32e55a848545f2246465,"{""config"":[""X+"",""X""],""d"":5,""p"":0.007515384615384615}",
      3072,       167,         0,   0.028,pymatching,08a7353db2c7a0d74c2c5afd21ffab4da484ab8f68ef1bcd4d92d65e58eba070,"{""config"":[""X+"",""X""],""d"":5,""p"":0.010723076923076922}",
      1297,        69,         0,   0.025,pymatching,9c75514be268991ee70500cba93e674345c210722bc9a4cbf30b711959ef5e84,"{""config"":[""X+"",""X""],""d"":5,""p"":0.011435897435897435}",
      4096,       113,         0,   0.029,pymatching,f1daf6f4ee0447145dfc80171bd159961c12b65f1bee0d3716c4f3494df26778,"{""config"":[""X+"",""X""],""d"":5,""p"":0.00894102564102564}",
    168960,         0,         0,   0.285,pymatching,451551e0f19ea9c859961d3df875cbd0bdb49c492317dda790a54e697358891a,"{""config"":[""X+"",""X""],""d"":5,""p"":0.00035938136638046257}",
    111616,        47,         0,   0.288,pymatching,2e666ff94e32b22ba1e2eb7ee872bad7156a7f14148ede0723cb6bd578f00ff7,"{""config"":[""X+"",""X""],""d"":5,""p"":0.002169230769230769}",
      6144,       127,         0,   0.041,pymatching,0a23164326e71ef334486c04eea418f99a9ee0fed55239d004ad01368dcb11da,"{""config"":[""X+"",""X""],""d"":5,""p"":0.008228205128205128}",
    182272,         0,         0,   0.286,pymatching,380ed4285f0d76a6b5fca81eff3e635554acfef7efee4e714f932ced9f50eb26,"{""config"":[""X+"",""X""],""d"":5,""p"":1e-05}",
    144384,         5,         0,   0.286,pymatching,a5c09728ca1e0840e6b2a73a571cbf4cfda9ea5b2b3a5ec65723e06b3616dff1,"{""config"":[""X+"",""X""],""d"":5,""p"":0.001}",
      1297,        82,         0,   0.030,pymatching,54bc9edd42a0c10fded7ab620ab16a9f4479b0c2ca6f319a1346f46207b00be9,"{""config"":[""X+"",""X""],""d"":5,""p"":0.011792307692307692}",
    119808,        42,         0,   0.288,pymatching,c0d6877e7b645f898e893ac18e383808a71d71c812f9e927d453cca722236fea,"{""config"":[""X+"",""X""],""d"":5,""p"":0.0018128205128205128}",
    182272,         0,         0,   0.286,pymatching,3db1cf03750305d3692f56b9dbabbec5a556ac93e14497828f25c987ee55dba3,"{""config"":[""X+"",""X""],""d"":5,""p"":1.6681005372000593e-05}",
    174080,         0,         0,   0.285,pymatching,3cd491eb7979b7d9cf5036ff141c116fe7abb6cce529a088faa0d87f2348b9ff,"{""config"":[""X+"",""X""],""d"":5,""p"":0.00021544346900318823}",
    178176,         0,         0,   0.286,pymatching,b0fee0578d8b301aacbbd71b704d435900d564bfae07aea6d55c7e90fd1c25d3,"{""config"":[""X+"",""X""],""d"":5,""p"":0.0001291549665014884}",
      7168,       130,         0,   0.042,pymatching,f2747844340327fb3bc51ad5b61c374f9c11e983edb52ff05170b943debfca16,"{""config"":[""X+"",""X""],""d"":5,""p"":0.007158974358974359}",
     11264,       101,         0,   0.057,pymatching,5c51941673fa0638a7e502da459654d6bd1a21f74cce026e39539d89fb900517,"{""config"":[""X+"",""X""],""d"":5,""p"":0.00608974358974359}",
      6144,       168,         0,   0.043,pymatching,bb9a12c3e97ed6fbcb8337f6ceafc00934246bdd657b40bc6c95fb4257dd9b58,"{""config"":[""X+"",""X""],""d"":5,""p"":0.008584615384615385}",
      3072,       151,         0,   0.028,pymatching,7ee4e4f29d72a4011a8935e36a7ce57ad8dba258ad71f559ed776e11ae635594,"{""config"":[""X+"",""X""],""d"":5,""p"":0.01107948717948718}",
      4096,       157,         0,   0.033,pymatching,3c6851ca62951af86b9e0a3ae8fb81ba3c4455bc74ce6bf082c9147df97a2efb,"{""config"":[""X+"",""X""],""d"":5,""p"":0.010010256410256409}",
     16384,       106,         0,   0.075,pymatching,690a4757ff9d21e680de127366c7222eef0035037b5e3d448941cdca909349aa,"{""config"":[""X+"",""X""],""d"":5,""p"":0.005376923076923077}",
      1024,        61,         0,   0.021,pymatching,a68a43b4f16616a5c09654f0609574b6918dd974e2f71b3b77cca70e9b412734,"{""config"":[""X+"",""X""],""d"":5,""p"":0.012148717948717948}",
      2048,       114,         0,   0.020,pymatching,9c75514be268991ee70500cba93e674345c210722bc9a4cbf30b711959ef5e84,"{""config"":[""X+"",""X""],""d"":5,""p"":0.011435897435897435}",
      5120,       221,         0,   0.043,pymatching,6faa466af17fbbff588d8ddfab80acc710cb914eccee0fea2b31d143e578f6c3,"{""config"":[""X+"",""X""],""d"":5,""p"":0.010366666666666666}",
     35840,        39,         0,   0.106,pymatching,55f0ed9f8176943b4c005b3e5fc47e6a71a5178d4a05504719fafde26c3155f6,"{""config"":[""X+"",""X""],""d"":5,""p"":0.0028820512820512817}",
     10240,       138,         0,   0.055,pymatching,a4efaafae06c4766e4466e47d1b6daeff18e9546db0e687d940b808682b90995,"{""config"":[""X+"",""X""],""d"":5,""p"":0.006446153846153846}",
      2048,       147,         0,   0.021,pymatching,54bc9edd42a0c10fded7ab620ab16a9f4479b0c2ca6f319a1346f46207b00be9,"{""config"":[""X+"",""X""],""d"":5,""p"":0.011792307692307692}",
    141312,        11,         0,   0.286,pymatching,0f0696523286979d7977786c8650b695f858d42e8290cc3da00edabece421f20,"{""config"":[""X+"",""X""],""d"":5,""p"":0.0011}",
      5120,       201,         0,   0.040,pymatching,d5e500e4c6e90193847df79157c0ef2a64f00f7f28926bd5d3cb0c498df1deb9,"{""config"":[""X+"",""X""],""d"":5,""p"":0.009653846153846153}",
      4096,       175,         0,   0.036,pymatching,08a7353db2c7a0d74c2c5afd21ffab4da484ab8f68ef1bcd4d92d65e58eba070,"{""config"":[""X+"",""X""],""d"":5,""p"":0.010723076923076922}",
      5120,       174,         0,   0.039,pymatching,df829187c4a2c82a29ccf685369196cd12aee454d267be67ba5aa458bc84349e,"{""config"":[""X+"",""X""],""d"":5,""p"":0.009297435897435898}",
     37888,        40,         0,   0.105,pymatching,ea09a4b32abbf3bc2d7a93bce8a6270a07c9a8fbb82a401d27da7d7dbe3d981c,"{""config"":[""X+"",""X""],""d"":5,""p"":0.0025256410256410257}",
      2048,       149,         0,   0.021,pymatching,a68a43b4f16616a5c09654f0609574b6918dd974e2f71b3b77cca70e9b412734,"{""config"":[""X+"",""X""],""d"":5,""p"":0.012148717948717948}",
      2048,       126,         0,   0.020,pymatching,9c75514be268991ee70500cba93e674345c210722bc9a4cbf30b711959ef5e84,"{""config"":[""X+"",""X""],""d"":5,""p"":0.011435897435897435}",
      1297,       104,         0,   0.029,pymatching,82e5e19a070f65bea575d2eb822b81819c49883daab43295d7739723f5289471,"{""config"":[""X+"",""X""],""d"":5,""p"":0.012505128205128205}",
     10240,       162,         0,   0.058,pymatching,5b5925c842ce4f5ad9cb6ca3245e58f2a07203b412dec315df13ca3b6c550941,"{""config"":[""X+"",""X""],""d"":5,""p"":0.006802564102564103}",
      9216,       201,         0,   0.060,pymatching,2e51d5c6279620f381b953edda12230310e0e55dc99e3286f6c3e7a9300760d2,"{""config"":[""X+"",""X""],""d"":5,""p"":0.007871794871794872}",
      1297,       112,         0,   0.016,pymatching,ca2f554788cb570b44fa4ab33dc427a6016586ce277d511855c9e514d3e6cf71,"{""config"":[""X+"",""X""],""d"":5,""p"":0.013574358974358974}",
      6144,       177,         0,   0.045,pymatching,f1daf6f4ee0447145dfc80171bd159961c12b65f1bee0d3716c4f3494df26778,"{""config"":[""X+"",""X""],""d"":5,""p"":0.00894102564102564}",
      2048,       109,         0,   0.020,pymatching,54bc9edd42a0c10fded7ab620ab16a9f4479b0c2ca6f319a1346f46207b00be9,"{""config"":[""X+"",""X""],""d"":5,""p"":0.011792307692307692}",
      1297,        91,         0,   0.028,pymatching,61b04be8d87def2e34550a7c62c84647810ecd359835bed0b46f84dd17601dd5,"{""config"":[""X+"",""X""],""d"":5,""p"":0.012861538461538462}",
      4096,       206,         0,   0.039,pymatching,7ee4e4f29d72a4011a8935e36a7ce57ad8dba258ad71f559ed776e11ae635594,"{""config"":[""X+"",""X""],""d"":5,""p"":0.01107948717948718}",
      9216,       166,         0,   0.056,pymatching,32cd31c1c4f08999a88eaa96f52ba32d7208e333a5cc32e55a848545f2246465,"{""config"":[""X+"",""X""],""d"":5,""p"":0.007515384615384615}",
     28672,        90,         0,   0.105,pymatching,aeff48f169dd48fdb8f5bde148f264f232aa739f34c7ed8667501a8ce4d3c9d4,"{""config"":[""X+"",""X""],""d"":5,""p"":0.003951282051282051}",
      5120,       216,         0,   0.042,pymatching,3c6851ca62951af86b9e0a3ae8fb81ba3c4455bc74ce6bf082c9147df97a2efb,"{""config"":[""X+"",""X""],""d"":5,""p"":0.010010256410256409}",
       273,        28,         0,   0.010,pymatching,d3ff968e4ddbd9f196ba15b5d41653712b459499bae0dccf16936bf597614cff,"{""config"":[""X+"",""X""],""d"":5,""p"":0.014643589743589744}",
     33792,        62,         0,   0.107,pymatching,f4c7839beb20af417732a61ca7391b9f30de7e6a282b049c366866eba571b6d7,"{""config"":[""X+"",""X""],""d"":5,""p"":0.003238461538461538}",
      8192,       228,         0,   0.055,pymatching,0a23164326e71ef334486c04eea418f99a9ee0fed55239d004ad01368dcb11da,"{""config"":[""X+"",""X""],""d"":5,""p"":0.008228205128205128}",
      2048,       142,         0,   0.021,pymatching,82e5e19a070f65bea575d2eb822b81819c49883daab43295d7739723f5289471,"{""config"":[""X+"",""X""],""d"":5,""p"":0.012505128205128205}",
     30720,        67,         0,   0.105,pymatching,17773444cd5fca4526e8956b2d4ccb99ed3a2ed01d0590d62425274c27aea840,"{""config"":[""X+"",""X""],""d"":5,""p"":0.0035948717948717946}",
      9216,       150,         0,   0.054,pymatching,f2747844340327fb3bc51ad5b61c374f9c11e983edb52ff05170b943debfca16,"{""config"":[""X+"",""X""],""d"":5,""p"":0.007158974358974359}",
      3072,       200,         0,   0.031,pymatching,a68a43b4f16616a5c09654f0609574b6918dd974e2f71b3b77cca70e9b412734,"{""config"":[""X+"",""X""],""d"":5,""p"":0.012148717948717948}",
      2048,       176,         0,   0.024,pymatching,ca2f554788cb570b44fa4ab33dc427a6016586ce277d511855c9e514d3e6cf71,"{""config"":[""X+"",""X""],""d"":5,""p"":0.013574358974358974}",
      2048,       129,         0,   0.022,pymatching,61b04be8d87def2e34550a7c62c84647810ecd359835bed0b46f84dd17601dd5,"{""config"":[""X+"",""X""],""d"":5,""p"":0.012861538461538462}",
      1297,       113,         0,   0.026,pymatching,dfdcfca9f59ce6e1fe21a65a20b30d742ad540d0b39f9401d8d58ec8e820e112,"{""config"":[""X+"",""X""],""d"":5,""p"":0.013217948717948718}",
      3072,       162,         0,   0.031,pymatching,9c75514be268991ee70500cba93e674345c210722bc9a4cbf30b711959ef5e84,"{""config"":[""X+"",""X""],""d"":5,""p"":0.011435897435897435}",
      8192,       233,         0,   0.058,pymatching,bb9a12c3e97ed6fbcb8337f6ceafc00934246bdd657b40bc6c95fb4257dd9b58,"{""config"":[""X+"",""X""],""d"":5,""p"":0.008584615384615385}",
     16384,       148,         0,   0.079,pymatching,6100f7b5e28a8fcdf09022bb678e2f535ef01f2158e71fe77cc99001fec31d71,"{""config"":[""X+"",""X""],""d"":5,""p"":0.005733333333333333}",
      1297,       115,         0,   0.034,pymatching,407e6a98459076e4e0358fe77d6b353b8611344627233728f4c5190bb8cd2780,"{""config"":[""X+"",""X""],""d"":5,""p"":0.01393076923076923}",
      1297,       119,         0,   0.033,pymatching,0f6d6817133aacf49c93431d32c4e691345aefb6dad21102da36d35ebe26720d,"{""config"":[""X+"",""X""],""d"":5,""p"":0.014287179487179487}",
     27648,        95,         0,   0.108,pymatching,02581ace4ad1eaaa3b5aa5e02022fb59aa46d24c5e785fc68481be4d0f39e9f5,"{""config"":[""X+"",""X""],""d"":5,""p"":0.0043076923076923075}",
      3072,       197,         0,   0.032,pymatching,54bc9edd42a0c10fded7ab620ab16a9f4479b0c2ca6f319a1346f46207b00be9,"{""config"":[""X+"",""X""],""d"":5,""p"":0.011792307692307692}",
      5120,       250,         0,   0.046,pymatching,08a7353db2c7a0d74c2c5afd21ffab4da484ab8f68ef1bcd4d92d65e58eba070,"{""config"":[""X+"",""X""],""d"":5,""p"":0.010723076923076922}",
      1297,       134,         0,   0.035,pymatching,caf5e2199dcdbc82711a5f2af9e59b07201cb37f5cf1880b7e3bba0e130cbbc4,"{""config"":[""X+"",""X""],""d"":5,""p"":0.014999999999999998}",
      1024,       114,         0,   0.025,pymatching,d3ff968e4ddbd9f196ba15b5d41653712b459499bae0dccf16936bf597614cff,"{""config"":[""X+"",""X""],""d"":5,""p"":0.014643589743589744}",
      7168,       303,         0,   0.062,pymatching,6faa466af17fbbff588d8ddfab80acc710cb914eccee0fea2b31d143e578f6c3,"{""config"":[""X+"",""X""],""d"":5,""p"":0.010366666666666666}",
      2048,       135,         0,   0.022,pymatching,82e5e19a070f65bea575d2eb822b81819c49883daab43295d7739723f5289471,"{""config"":[""X+"",""X""],""d"":5,""p"":0.012505128205128205}",
     24576,       137,         0,   0.109,pymatching,09574f58fd2678fb903e2784af40010e505918a25596da3f5f07a554aeecc264,"{""config"":[""X+"",""X""],""d"":5,""p"":0.004664102564102564}",
      7168,       238,         0,   0.057,pymatching,d5e500e4c6e90193847df79157c0ef2a64f00f7f28926bd5d3cb0c498df1deb9,"{""config"":[""X+"",""X""],""d"":5,""p"":0.009653846153846153}",
      7168,       228,         0,   0.054,pymatching,df829187c4a2c82a29ccf685369196cd12aee454d267be67ba5aa458bc84349e,"{""config"":[""X+"",""X""],""d"":5,""p"":0.009297435897435898}",
      2048,       133,         0,   0.022,pymatching,61b04be8d87def2e34550a7c62c84647810ecd359835bed0b46f84dd17601dd5,"{""config"":[""X+"",""X""],""d"":5,""p"":0.012861538461538462}",
     15360,       155,         0,   0.080,pymatching,5c51941673fa0638a7e502da459654d6bd1a21f74cce026e39539d89fb900517,"{""config"":[""X+"",""X""],""d"":5,""p"":0.00608974358974359}",
      2048,       190,         0,   0.025,pymatching,ca2f554788cb570b44fa4ab33dc427a6016586ce277d511855c9e514d3e6cf71,"{""config"":[""X+"",""X""],""d"":5,""p"":0.013574358974358974}",
      2048,       163,         0,   0.024,pymatching,dfdcfca9f59ce6e1fe21a65a20b30d742ad540d0b39f9401d8d58ec8e820e112,"{""config"":[""X+"",""X""],""d"":5,""p"":0.013217948717948718}",
     24576,       140,         0,   0.107,pymatching,10f577cbcf1bdd20075b94ea4e01021d99f35b55ea222976e0987393a966a3ff,"{""config"":[""X+"",""X""],""d"":5,""p"":0.00502051282051282}",
      1024,       111,         0,   0.014,pymatching,caf5e2199dcdbc82711a5f2af9e59b07201cb37f5cf1880b7e3bba0e130cbbc4,"{""config"":[""X+"",""X""],""d"":5,""p"":0.014999999999999998}",
      2048,       166,         0,   0.025,pymatching,407e6a98459076e4e0358fe77d6b353b8611344627233728f4c5190bb8cd2780,"{""config"":[""X+"",""X""],""d"":5,""p"":0.01393076923076923}",
     14336,       171,         0,   0.079,pymatching,a4efaafae06c4766e4466e47d1b6daeff18e9546db0e687d940b808682b90995,"{""config"":[""X+"",""X""],""d"":5,""p"":0.006446153846153846}",
      7168,       212,         0,   0.055,pymatching,f1daf6f4ee0447145dfc80171bd159961c12b65f1bee0d3716c4f3494df26778,"{""config"":[""X+"",""X""],""d"":5,""p"":0.00894102564102564}",
      2048,       201,         0,   0.026,pymatching,0f6d6817133aacf49c93431d32c4e691345aefb6dad21102da36d35ebe26720d,"{""config"":[""X+"",""X""],""d"":5,""p"":0.014287179487179487}",
      2048,       210,         0,   0.027,pymatching,d3ff968e4ddbd9f196ba15b5d41653712b459499bae0dccf16936bf597614cff,"{""config"":[""X+"",""X""],""d"":5,""p"":0.014643589743589744}",
      6144,       340,         0,   0.056,pymatching,7ee4e4f29d72a4011a8935e36a7ce57ad8dba258ad71f559ed776e11ae635594,"{""config"":[""X+"",""X""],""d"":5,""p"":0.01107948717948718}",
      4096,       246,         0,   0.041,pymatching,a68a43b4f16616a5c09654f0609574b6918dd974e2f71b3b77cca70e9b412734,"{""config"":[""X+"",""X""],""d"":5,""p"":0.012148717948717948}",
      4096,       219,         0,   0.043,pymatching,9c75514be268991ee70500cba93e674345c210722bc9a4cbf30b711959ef5e84,"{""config"":[""X+"",""X""],""d"":5,""p"":0.011435897435897435}",
      7168,       283,         0,   0.059,pymatching,3c6851ca62951af86b9e0a3ae8fb81ba3c4455bc74ce6bf082c9147df97a2efb,"{""config"":[""X+"",""X""],""d"":5,""p"":0.010010256410256409}",
      3072,       221,         0,   0.034,pymatching,82e5e19a070f65bea575d2eb822b81819c49883daab43295d7739723f5289471,"{""config"":[""X+"",""X""],""d"":5,""p"":0.012505128205128205}",
     13312,       201,         0,   0.077,pymatching,5b5925c842ce4f5ad9cb6ca3245e58f2a07203b412dec315df13ca3b6c550941,"{""config"":[""X+"",""X""],""d"":5,""p"":0.006802564102564103}",
      2048,       148,         0,   0.024,pymatching,dfdcfca9f59ce6e1fe21a65a20b30d742ad540d0b39f9401d8d58ec8e820e112,"{""config"":[""X+"",""X""],""d"":5,""p"":0.013217948717948718}",
     11264,       257,         0,   0.076,pymatching,2e51d5c6279620f381b953edda12230310e0e55dc99e3286f6c3e7a9300760d2,"{""config"":[""X+"",""X""],""d"":5,""p"":0.007871794871794872}",
      2321,         0,         0,   0.012,pymatching,31a70efccbfeaa6db2ece252f400b79af90591c7fff0b63a3b1949e78df8ba26,"{""config"":[""X+"",""X""],""d"":7,""p"":1e-05}",
      4096,       263,         0,   0.043,pymatching,54bc9edd42a0c10fded7ab620ab16a9f4479b0c2ca6f319a1346f46207b00be9,"{""config"":[""X+"",""X""],""d"":5,""p"":0.011792307692307692}",
      2321,         0,         0,   0.012,pymatching,16ca885fde609826572f5298647d12dfaf2af332193be923bfddac3c3bd642ff,"{""config"":[""X+"",""X""],""d"":7,""p"":1.6681005372000593e-05}",
      3072,       244,         0,   0.033,pymatching,61b04be8d87def2e34550a7c62c84647810ecd359835bed0b46f84dd17601dd5,"{""config"":[""X+"",""X""],""d"":5,""p"":0.012861538461538462}",
     22528,       158,         0,   0.107,pymatching,690a4757ff9d21e680de127366c7222eef0035037b5e3d448941cdca909349aa,"{""config"":[""X+"",""X""],""d"":5,""p"":0.005376923076923077}",
      2048,       215,         0,   0.028,pymatching,caf5e2199dcdbc82711a5f2af9e59b07201cb37f5cf1880b7e3bba0e130cbbc4,"{""config"":[""X+"",""X""],""d"":5,""p"":0.014999999999999998}",
      2048,       175,         0,   0.025,pymatching,407e6a98459076e4e0358fe77d6b353b8611344627233728f4c5190bb8cd2780,"{""config"":[""X+"",""X""],""d"":5,""p"":0.01393076923076923}",
      2048,       214,         0,   0.025,pymatching,0f6d6817133aacf49c93431d32c4e691345aefb6dad21102da36d35ebe26720d,"{""config"":[""X+"",""X""],""d"":5,""p"":0.014287179487179487}",
      3072,       259,         0,   0.038,pymatching,ca2f554788cb570b44fa4ab33dc427a6016586ce277d511855c9e514d3e6cf71,"{""config"":[""X+"",""X""],""d"":5,""p"":0.013574358974358974}",
      3072,         0,         0,   0.014,pymatching,31a70efccbfeaa6db2ece252f400b79af90591c7fff0b63a3b1949e78df8ba26,"{""config"":[""X+"",""X""],""d"":7,""p"":1e-05}",
     12288,       254,         0,   0.081,pymatching,32cd31c1c4f08999a88eaa96f52ba32d7208e333a5cc32e55a848545f2246465,"{""config"":[""X+"",""X""],""d"":5,""p"":0.007515384615384615}",
      2321,         0,         0,   0.013,pymatching,e4370498d036834c3ffed00723d3559db44010721266769ada6696c66c3f556e,"{""config"":[""X+"",""X""],""d"":7,""p"":4.641588833612782e-05}",
      3072,         0,         0,   0.014,pymatching,16ca885fde609826572f5298647d12dfaf2af332193be923bfddac3c3bd642ff,"{""config"":[""X+"",""X""],""d"":7,""p"":1.6681005372000593e-05}",
      2048,       231,         0,   0.028,pymatching,d3ff968e4ddbd9f196ba15b5d41653712b459499bae0dccf16936bf597614cff,"{""config"":[""X+"",""X""],""d"":5,""p"":0.014643589743589744}",
      6144,       310,         0,   0.058,pymatching,08a7353db2c7a0d74c2c5afd21ffab4da484ab8f68ef1bcd4d92d65e58eba070,"{""config"":[""X+"",""X""],""d"":5,""p"":0.010723076923076922}",
     11264,       274,         0,   0.080,pymatching,0a23164326e71ef334486c04eea418f99a9ee0fed55239d004ad01368dcb11da,"{""config"":[""X+"",""X""],""d"":5,""p"":0.008228205128205128}",
     12288,       196,         0,   0.078,pymatching,f2747844340327fb3bc51ad5b61c374f9c11e983edb52ff05170b943debfca16,"{""config"":[""X+"",""X""],""d"":5,""p"":0.007158974358974359}",
      2321,         0,         0,   0.012,pymatching,4892b451c253103dff8830a265fe51a9fcf22517ec8e3586a17a0c7e8bec142a,"{""config"":[""X+"",""X""],""d"":7,""p"":7.742636826811278e-05}",
      3072,         0,         0,   0.015,pymatching,e4370498d036834c3ffed00723d3559db44010721266769ada6696c66c3f556e,"{""config"":[""X+"",""X""],""d"":7,""p"":4.641588833612782e-05}",
     11264,       303,         0,   0.079,pymatching,bb9a12c3e97ed6fbcb8337f6ceafc00934246bdd657b40bc6c95fb4257dd9b58,"{""config"":[""X+"",""X""],""d"":5,""p"":0.008584615384615385}",
      2048,       192,         0,   0.028,pymatching,caf5e2199dcdbc82711a5f2af9e59b07201cb37f5cf1880b7e3bba0e130cbbc4,"{""config"":[""X+"",""X""],""d"":5,""p"":0.014999999999999998}",
      2321,         0,         0,   0.013,pymatching,52872054ed79909810df5215ef5423a021491e18943524a21b4efd4c172d9d6d,"{""config"":[""X+"",""X""],""d"":7,""p"":2.782559402207126e-05}",
      4096,         0,         0,   0.020,pymatching,31a70efccbfeaa6db2ece252f400b79af90591c7fff0b63a3b1949e78df8ba26,"{""config"":[""X+"",""X""],""d"":7,""p"":1e-05}",
      4096,         0,         0,   0.020,pymatching,16ca885fde609826572f5298647d12dfaf2af332193be923bfddac3c3bd642ff,"{""config"":[""X+"",""X""],""d"":7,""p"":1.6681005372000593e-05}",
      3072,       247,         0,   0.040,pymatching,dfdcfca9f59ce6e1fe21a65a20b30d742ad540d0b39f9401d8d58ec8e820e112,"{""config"":[""X+"",""X""],""d"":5,""p"":0.013217948717948718}",
      3072,       312,         0,   0.038,pymatching,0f6d6817133aacf49c93431d32c4e691345aefb6dad21102da36d35ebe26720d,"{""config"":[""X+"",""X""],""d"":5,""p"":0.014287179487179487}",
      3072,       277,         0,   0.040,pymatching,407e6a98459076e4e0358fe77d6b353b8611344627233728f4c5190bb8cd2780,"{""config"":[""X+"",""X""],""d"":5,""p"":0.01393076923076923}",
      4096,       277,         0,   0.047,pymatching,82e5e19a070f65bea575d2eb822b81819c49883daab43295d7739723f5289471,"{""config"":[""X+"",""X""],""d"":5,""p"":0.012505128205128205}",
     10240,       325,         0,   0.076,pymatching,df829187c4a2c82a29ccf685369196cd12aee454d267be67ba5aa458bc84349e,"{""config"":[""X+"",""X""],""d"":5,""p"":0.009297435897435898}",
      9216,       418,         0,   0.084,pymatching,6faa466af17fbbff588d8ddfab80acc710cb914eccee0fea2b31d143e578f6c3,"{""config"":[""X+"",""X""],""d"":5,""p"":0.010366666666666666}",
      2321,         0,         0,   0.013,pymatching,eff24e668d249c740fb5a200cf98f353e899df1dedfa4bb8c1442c3ffc909199,"{""config"":[""X+"",""X""],""d"":7,""p"":0.0001291549665014884}",
      4096,       334,         0,   0.044,pymatching,61b04be8d87def2e34550a7c62c84647810ecd359835bed0b46f84dd17601dd5,"{""config"":[""X+"",""X""],""d"":5,""p"":0.012861538461538462}",
      4096,         0,         0,   0.018,pymatching,4892b451c253103dff8830a265fe51a9fcf22517ec8e3586a17a0c7e8bec142a,"{""config"":[""X+"",""X""],""d"":7,""p"":7.742636826811278e-05}",
      3072,         0,         0,   0.015,pymatching,52872054ed79909810df5215ef5423a021491e18943524a21b4efd4c172d9d6d,"{""config"":[""X+"",""X""],""d"":7,""p"":2.782559402207126e-05}",
     10240,       367,         0,   0.081,pymatching,d5e500e4c6e90193847df79157c0ef2a64f00f7f28926bd5d3cb0c498df1deb9,"{""config"":[""X+"",""X""],""d"":5,""p"":0.009653846153846153}",
      4096,         0,         0,   0.020,pymatching,e4370498d036834c3ffed00723d3559db44010721266769ada6696c66c3f556e,"{""config"":[""X+"",""X""],""d"":7,""p"":4.641588833612782e-05}",
      3072,       263,         0,   0.038,pymatching,ca2f554788cb570b44fa4ab33dc427a6016586ce277d511855c9e514d3e6cf71,"{""config"":[""X+"",""X""],""d"":5,""p"":0.013574358974358974}",
     46080,        57,         0,   0.150,pymatching,55f0ed9f8176943b4c005b3e5fc47e6a71a5178d4a05504719fafde26c3155f6,"{""config"":[""X+"",""X""],""d"":5,""p"":0.0028820512820512817}",
      6144,       373,         0,   0.062,pymatching,a68a43b4f16616a5c09654f0609574b6918dd974e2f71b3b77cca70e9b412734,"{""config"":[""X+"",""X""],""d"":5,""p"":0.012148717948717948}",
      5120,       308,         0,   0.055,pymatching,54bc9edd42a0c10fded7ab620ab16a9f4479b0c2ca6f319a1346f46207b00be9,"{""config"":[""X+"",""X""],""d"":5,""p"":0.011792307692307692}",
      6144,       361,         0,   0.064,pymatching,9c75514be268991ee70500cba93e674345c210722bc9a4cbf30b711959ef5e84,"{""config"":[""X+"",""X""],""d"":5,""p"":0.011435897435897435}",
      3072,       335,         0,   0.042,pymatching,d3ff968e4ddbd9f196ba15b5d41653712b459499bae0dccf16936bf597614cff,"{""config"":[""X+"",""X""],""d"":5,""p"":0.014643589743589744}",
     22528,       209,         0,   0.108,pymatching,6100f7b5e28a8fcdf09022bb678e2f535ef01f2158e71fe77cc99001fec31d71,"{""config"":[""X+"",""X""],""d"":5,""p"":0.005733333333333333}",
      3072,         0,         0,   0.015,pymatching,eff24e668d249c740fb5a200cf98f353e899df1dedfa4bb8c1442c3ffc909199,"{""config"":[""X+"",""X""],""d"":7,""p"":0.0001291549665014884}",
      6144,         0,         0,   0.029,pymatching,31a70efccbfeaa6db2ece252f400b79af90591c7fff0b63a3b1949e78df8ba26,"{""config"":[""X+"",""X""],""d"":7,""p"":1e-05}",
     11264,       316,         0,   0.081,pymatching,f1daf6f4ee0447145dfc80171bd159961c12b65f1bee0d3716c4f3494df26778,"{""config"":[""X+"",""X""],""d"":5,""p"":0.00894102564102564}",
     50176,        35,         0,   0.148,pymatching,ea09a4b32abbf3bc2d7a93bce8a6270a07c9a8fbb82a401d27da7d7dbe3d981c,"{""config"":[""X+"",""X""],""d"":5,""p"":0.0025256410256410257}",
      8192,       412,         0,   0.075,pymatching,7ee4e4f29d72a4011a8935e36a7ce57ad8dba258ad71f559ed776e11ae635594,"{""config"":[""X+"",""X""],""d"":5,""p"":0.01107948717948718}",
      6144,         0,         0,   0.029,pymatching,16ca885fde609826572f5298647d12dfaf2af332193be923bfddac3c3bd642ff,"{""config"":[""X+"",""X""],""d"":7,""p"":1.6681005372000593e-05}",
      5120,         0,         0,   0.023,pymatching,4892b451c253103dff8830a265fe51a9fcf22517ec8e3586a17a0c7e8bec142a,"{""config"":[""X+"",""X""],""d"":7,""p"":7.742636826811278e-05}",
      9216,       391,         0,   0.075,pymatching,3c6851ca62951af86b9e0a3ae8fb81ba3c4455bc74ce6bf082c9147df97a2efb,"{""config"":[""X+"",""X""],""d"":5,""p"":0.010010256410256409}",
      5120,         0,         0,   0.024,pymatching,52872054ed79909810df5215ef5423a021491e18943524a21b4efd4c172d9d6d,"{""config"":[""X+"",""X""],""d"":7,""p"":2.782559402207126e-05}",
      3072,       320,         0,   0.043,pymatching,caf5e2199dcdbc82711a5f2af9e59b07201cb37f5cf1880b7e3bba0e130cbbc4,"{""config"":[""X+"",""X""],""d"":5,""p"":0.014999999999999998}",
      6144,         0,         0,   0.029,pymatching,e4370498d036834c3ffed00723d3559db44010721266769ada6696c66c3f556e,"{""config"":[""X+"",""X""],""d"":7,""p"":4.641588833612782e-05}",
     19456,       206,         0,   0.107,pymatching,5c51941673fa0638a7e502da459654d6bd1a21f74cce026e39539d89fb900517,"{""config"":[""X+"",""X""],""d"":5,""p"":0.00608974358974359}",
      4096,         0,         0,   0.020,pymatching,eff24e668d249c740fb5a200cf98f353e899df1dedfa4bb8c1442c3ffc909199,"{""config"":[""X+"",""X""],""d"":7,""p"":0.0001291549665014884}",
      3072,       286,         0,   0.039,pymatching,407e6a98459076e4e0358fe77d6b353b8611344627233728f4c5190bb8cd2780,"{""config"":[""X+"",""X""],""d"":5,""p"":0.01393076923076923}",
     46080,        58,         0,   0.146,pymatching,f4c7839beb20af417732a61ca7391b9f30de7e6a282b049c366866eba571b6d7,"{""config"":[""X+"",""X""],""d"":5,""p"":0.003238461538461538}",
     37888,       106,         0,   0.150,pymatching,aeff48f169dd48fdb8f5bde148f264f232aa739f34c7ed8667501a8ce4d3c9d4,"{""config"":[""X+"",""X""],""d"":5,""p"":0.003951282051282051}",
      4096,       342,         0,   0.049,pymatching,dfdcfca9f59ce6e1fe21a65a20b30d742ad540d0b39f9401d8d58ec8e820e112,"{""config"":[""X+"",""X""],""d"":5,""p"":0.013217948717948718}",
     20480,       247,         0,   0.110,pymatching,a4efaafae06c4766e4466e47d1b6daeff18e9546db0e687d940b808682b90995,"{""config"":[""X+"",""X""],""d"":5,""p"":0.006446153846153846}",
      2321,         0,         0,   0.013,pymatching,bccd2d64531109f380a62cff62014824789a2ef03dae0ed42ef58c649ca22336,"{""config"":[""X+"",""X""],""d"":7,""p"":0.00021544346900318823}",
      4096,       359,         0,   0.049,pymatching,0f6d6817133aacf49c93431d32c4e691345aefb6dad21102da36d35ebe26720d,"{""config"":[""X+"",""X""],""d"":5,""p"":0.014287179487179487}",
     39936,        90,         0,   0.146,pymatching,17773444cd5fca4526e8956b2d4ccb99ed3a2ed01d0590d62425274c27aea840,"{""config"":[""X+"",""X""],""d"":5,""p"":0.0035948717948717946}",
      8192,       381,         0,   0.081,pymatching,08a7353db2c7a0d74c2c5afd21ffab4da484ab8f68ef1bcd4d92d65e58eba070,"{""config"":[""X+"",""X""],""d"":5,""p"":0.010723076923076922}",
      8192,         0,         0,   0.039,pymatching,31a70efccbfeaa6db2ece252f400b79af90591c7fff0b63a3b1949e78df8ba26,"{""config"":[""X+"",""X""],""d"":7,""p"":1e-05}",
      7168,         0,         0,   0.031,pymatching,4892b451c253103dff8830a265fe51a9fcf22517ec8e3586a17a0c7e8bec142a,"{""config"":[""X+"",""X""],""d"":7,""p"":7.742636826811278e-05}",
      6144,         0,         0,   0.029,pymatching,52872054ed79909810df5215ef5423a021491e18943524a21b4efd4c172d9d6d,"{""config"":[""X+"",""X""],""d"":7,""p"":2.782559402207126e-05}",
      5120,       366,         0,   0.055,pymatching,61b04be8d87def2e34550a7c62c84647810ecd359835bed0b46f84dd17601dd5,"{""config"":[""X+"",""X""],""d"":5,""p"":0.012861538461538462}",
     37888,       129,         0,   0.147,pymatching,02581ace4ad1eaaa3b5aa5e02022fb59aa46d24c5e785fc68481be4d0f39e9f5,"{""config"":[""X+"",""X""],""d"":5,""p"":0.0043076923076923075}",
      5120,       350,         0,   0.058,pymatching,82e5e19a070f65bea575d2eb822b81819c49883daab43295d7739723f5289471,"{""config"":[""X+"",""X""],""d"":5,""p"":0.012505128205128205}",
      8192,         0,         0,   0.039,pymatching,16ca885fde609826572f5298647d12dfaf2af332193be923bfddac3c3bd642ff,"{""config"":[""X+"",""X""],""d"":7,""p"":1.6681005372000593e-05}",
     16384,       333,         0,   0.105,pymatching,2e51d5c6279620f381b953edda12230310e0e55dc99e3286f6c3e7a9300760d2,"{""config"":[""X+"",""X""],""d"":5,""p"":0.007871794871794872}",
     17408,       249,         0,   0.106,pymatching,5b5925c842ce4f5ad9cb6ca3245e58f2a07203b412dec315df13ca3b6c550941,"{""config"":[""X+"",""X""],""d"":5,""p"":0.006802564102564103}",
      3072,         0,         0,   0.015,pymatching,bccd2d64531109f380a62cff62014824789a2ef03dae0ed42ef58c649ca22336,"{""config"":[""X+"",""X""],""d"":7,""p"":0.00021544346900318823}",
      6144,         0,         0,   0.029,pymatching,eff24e668d249c740fb5a200cf98f353e899df1dedfa4bb8c1442c3ffc909199,"{""config"":[""X+"",""X""],""d"":7,""p"":0.0001291549665014884}",
      5120,       428,         0,   0.064,pymatching,ca2f554788cb570b44fa4ab33dc427a6016586ce277d511855c9e514d3e6cf71,"{""config"":[""X+"",""X""],""d"":5,""p"":0.013574358974358974}",
      4096,       438,         0,   0.055,pymatching,d3ff968e4ddbd9f196ba15b5d41653712b459499bae0dccf16936bf597614cff,"{""config"":[""X+"",""X""],""d"":5,""p"":0.014643589743589744}",
     36864,       177,         0,   0.150,pymatching,09574f58fd2678fb903e2784af40010e505918a25596da3f5f07a554aeecc264,"{""config"":[""X+"",""X""],""d"":5,""p"":0.004664102564102564}",
      8192,         0,         0,   0.039,pymatching,e4370498d036834c3ffed00723d3559db44010721266769ada6696c66c3f556e,"{""config"":[""X+"",""X""],""d"":7,""p"":4.641588833612782e-05}",
      2321,         0,         0,   0.015,pymatching,870b2715199e1c7b6e1be0d5ff7df0086af81c1d733f2cbf0ed299fe72dadb53,"{""config"":[""X+"",""X""],""d"":7,""p"":0.001}",
     14336,       379,         0,   0.105,pymatching,0a23164326e71ef334486c04eea418f99a9ee0fed55239d004ad01368dcb11da,"{""config"":[""X+"",""X""],""d"":5,""p"":0.008228205128205128}",
     34816,       228,         0,   0.150,pymatching,10f577cbcf1bdd20075b94ea4e01021d99f35b55ea222976e0987393a966a3ff,"{""config"":[""X+"",""X""],""d"":5,""p"":0.00502051282051282}",
     16384,       304,         0,   0.110,pymatching,32cd31c1c4f08999a88eaa96f52ba32d7208e333a5cc32e55a848545f2246465,"{""config"":[""X+"",""X""],""d"":5,""p"":0.007515384615384615}",
      4096,         0,         0,   0.020,pymatching,bccd2d64531109f380a62cff62014824789a2ef03dae0ed42ef58c649ca22336,"{""config"":[""X+"",""X""],""d"":7,""p"":0.00021544346900318823}",
     16384,       237,         0,   0.106,pymatching,f2747844340327fb3bc51ad5b61c374f9c11e983edb52ff05170b943debfca16,"{""config"":[""X+"",""X""],""d"":5,""p"":0.007158974358974359}",
      4096,       426,         0,   0.057,pymatching,caf5e2199dcdbc82711a5f2af9e59b07201cb37f5cf1880b7e3bba0e130cbbc4,"{""config"":[""X+"",""X""],""d"":5,""p"":0.014999999999999998}",
      8192,       550,         0,   0.081,pymatching,a68a43b4f16616a5c09654f0609574b6918dd974e2f71b3b77cca70e9b412734,"{""config"":[""X+"",""X""],""d"":5,""p"":0.012148717948717948}",
     15360,       413,         0,   0.108,pymatching,bb9a12c3e97ed6fbcb8337f6ceafc00934246bdd657b40bc6c95fb4257dd9b58,"{""config"":[""X+"",""X""],""d"":5,""p"":0.008584615384615385}",
    251904,         0,         0,   0.400,pymatching,80cf9077c4399287e25010c4837b6d08342ce001fcd1c2031b5a11a59af49a47,"{""config"":[""X+"",""X""],""d"":5,""p"":7.742636826811278e-05}",
      3072,         1,         0,   0.017,pymatching,870b2715199e1c7b6e1be0d5ff7df0086af81c1d733f2cbf0ed299fe72dadb53,"{""config"":[""X+"",""X""],""d"":7,""p"":0.001}",
      8192,       436,         0,   0.084,pymatching,9c75514be268991ee70500cba93e674345c210722bc9a4cbf30b711959ef5e84,"{""config"":[""X+"",""X""],""d"":5,""p"":0.011435897435897435}",
      8192,         0,         0,   0.039,pymatching,52872054ed79909810df5215ef5423a021491e18943524a21b4efd4c172d9d6d,"{""config"":[""X+"",""X""],""d"":7,""p"":2.782559402207126e-05}",
      9216,         0,         0,   0.041,pymatching,4892b451c253103dff8830a265fe51a9fcf22517ec8e3586a17a0c7e8bec142a,"{""config"":[""X+"",""X""],""d"":7,""p"":7.742636826811278e-05}",
      2321,         0,         0,   0.014,pymatching,a8eedd6e5e3a6e4d59662f5f0c45d7600841a89a60324496a9cbda10aee7f64e,"{""config"":[""X+"",""X""],""d"":7,""p"":0.00035938136638046257}",
      8192,       477,         0,   0.086,pymatching,54bc9edd42a0c10fded7ab620ab16a9f4479b0c2ca6f319a1346f46207b00be9,"{""config"":[""X+"",""X""],""d"":5,""p"":0.011792307692307692}",
      5120,       467,         0,   0.066,pymatching,407e6a98459076e4e0358fe77d6b353b8611344627233728f4c5190bb8cd2780,"{""config"":[""X+"",""X""],""d"":5,""p"":0.01393076923076923}",
      5120,       389,         0,   0.062,pymatching,dfdcfca9f59ce6e1fe21a65a20b30d742ad540d0b39f9401d8d58ec8e820e112,"{""config"":[""X+"",""X""],""d"":5,""p"":0.013217948717948718}",
      8192,         0,         0,   0.040,pymatching,eff24e668d249c740fb5a200cf98f353e899df1dedfa4bb8c1442c3ffc909199,"{""config"":[""X+"",""X""],""d"":7,""p"":0.0001291549665014884}",
     11264,       508,         0,   0.105,pymatching,6faa466af17fbbff588d8ddfab80acc710cb914eccee0fea2b31d143e578f6c3,"{""config"":[""X+"",""X""],""d"":5,""p"":0.010366666666666666}",
     29696,       232,         0,   0.147,pymatching,690a4757ff9d21e680de127366c7222eef0035037b5e3d448941cdca909349aa,"{""config"":[""X+"",""X""],""d"":5,""p"":0.005376923076923077}",
     14336,       482,         0,   0.108,pymatching,df829187c4a2c82a29ccf685369196cd12aee454d267be67ba5aa458bc84349e,"{""config"":[""X+"",""X""],""d"":5,""p"":0.009297435897435898}",
     11264,         0,         0,   0.054,pymatching,31a70efccbfeaa6db2ece252f400b79af90591c7fff0b63a3b1949e78df8ba26,"{""config"":[""X+"",""X""],""d"":7,""p"":1e-05}",
      5120,       489,         0,   0.063,pymatching,0f6d6817133aacf49c93431d32c4e691345aefb6dad21102da36d35ebe26720d,"{""config"":[""X+"",""X""],""d"":5,""p"":0.014287179487179487}",
      6144,         0,         0,   0.030,pymatching,bccd2d64531109f380a62cff62014824789a2ef03dae0ed42ef58c649ca22336,"{""config"":[""X+"",""X""],""d"":7,""p"":0.00021544346900318823}",
     11264,         0,         0,   0.054,pymatching,16ca885fde609826572f5298647d12dfaf2af332193be923bfddac3c3bd642ff,"{""config"":[""X+"",""X""],""d"":7,""p"":1.6681005372000593e-05}",
      3072,         0,         0,   0.017,pymatching,a8eedd6e5e3a6e4d59662f5f0c45d7600841a89a60324496a9cbda10aee7f64e,"{""config"":[""X+"",""X""],""d"":7,""p"":0.00035938136638046257}",
     14336,       509,         0,   0.112,pymatching,d5e500e4c6e90193847df79157c0ef2a64f00f7f28926bd5d3cb0c498df1deb9,"{""config"":[""X+"",""X""],""d"":5,""p"":0.009653846153846153}",
      4096,         0,         0,   0.023,pymatching,870b2715199e1c7b6e1be0d5ff7df0086af81c1d733f2cbf0ed299fe72dadb53,"{""config"":[""X+"",""X""],""d"":7,""p"":0.001}",
      2321,         0,         0,   0.015,pymatching,6b9f4e34b0f0daa1aa6b4585b18a7139bbe081519dd004fb0636a443e3fd37e2,"{""config"":[""X+"",""X""],""d"":7,""p"":0.0005994842503189409}",
     11264,         0,         0,   0.054,pymatching,e4370498d036834c3ffed00723d3559db44010721266769ada6696c66c3f556e,"{""config"":[""X+"",""X""],""d"":7,""p"":4.641588833612782e-05}",
     15360,       454,         0,   0.112,pymatching,f1daf6f4ee0447145dfc80171bd159961c12b65f1bee0d3716c4f3494df26778,"{""config"":[""X+"",""X""],""d"":5,""p"":0.00894102564102564}",
      1297,         0,         0,   0.010,pymatching,66673a494991db4a8a277166cf80056f33c68c5b85e1c95aa453533d394581a1,"{""config"":[""X+"",""X""],""d"":7,""p"":0.0011}",
     12288,       650,         0,   0.111,pymatching,7ee4e4f29d72a4011a8935e36a7ce57ad8dba258ad71f559ed776e11ae635594,"{""config"":[""X+"",""X""],""d"":5,""p"":0.01107948717948718}",
      7168,       529,         0,   0.077,pymatching,61b04be8d87def2e34550a7c62c84647810ecd359835bed0b46f84dd17601dd5,"{""config"":[""X+"",""X""],""d"":5,""p"":0.012861538461538462}",
     13312,       571,         0,   0.109,pymatching,3c6851ca62951af86b9e0a3ae8fb81ba3c4455bc74ce6bf082c9147df97a2efb,"{""config"":[""X+"",""X""],""d"":5,""p"":0.010010256410256409}",
      4096,         0,         0,   0.021,pymatching,a8eedd6e5e3a6e4d59662f5f0c45d7600841a89a60324496a9cbda10aee7f64e,"{""config"":[""X+"",""X""],""d"":7,""p"":0.00035938136638046257}",
      7168,       483,         0,   0.080,pymatching,82e5e19a070f65bea575d2eb822b81819c49883daab43295d7739723f5289471,"{""config"":[""X+"",""X""],""d"":5,""p"":0.012505128205128205}",
      3072,         0,         0,   0.018,pymatching,6b9f4e34b0f0daa1aa6b4585b18a7139bbe081519dd004fb0636a443e3fd37e2,"{""config"":[""X+"",""X""],""d"":7,""p"":0.0005994842503189409}",
      5120,         0,         0,   0.029,pymatching,870b2715199e1c7b6e1be0d5ff7df0086af81c1d733f2cbf0ed299fe72dadb53,"{""config"":[""X+"",""X""],""d"":7,""p"":0.001}",
      6144,       561,         0,   0.078,pymatching,ca2f554788cb570b44fa4ab33dc427a6016586ce277d511855c9e514d3e6cf71,"{""config"":[""X+"",""X""],""d"":5,""p"":0.013574358974358974}",
     11264,         0,         0,   0.054,pymatching,52872054ed79909810df5215ef5423a021491e18943524a21b4efd4c172d9d6d,"{""config"":[""X+"",""X""],""d"":7,""p"":2.782559402207126e-05}",
     12288,         0,         0,   0.053,pymatching,4892b451c253103dff8830a265fe51a9fcf22517ec8e3586a17a0c7e8bec142a,"{""config"":[""X+"",""X""],""d"":7,""p"":7.742636826811278e-05}",
      3072,         0,         0,   0.020,pymatching,66673a494991db4a8a277166cf80056f33c68c5b85e1c95aa453533d394581a1,"{""config"":[""X+"",""X""],""d"":7,""p"":0.0011}",
      8192,         0,         0,   0.041,pymatching,bccd2d64531109f380a62cff62014824789a2ef03dae0ed42ef58c649ca22336,"{""config"":[""X+"",""X""],""d"":7,""p"":0.00021544346900318823}",
      1297,         0,         0,   0.010,pymatching,24a10e6b8a3e2350a887e4da4bd2406151cb9f8b73a2840ac7cc3dcfe1ff6292,"{""config"":[""X+"",""X""],""d"":7,""p"":0.0014564102564102565}",
      6144,       660,         0,   0.085,pymatching,d3ff968e4ddbd9f196ba15b5d41653712b459499bae0dccf16936bf597614cff,"{""config"":[""X+"",""X""],""d"":5,""p"":0.014643589743589744}",
     11264,         0,         0,   0.055,pymatching,eff24e668d249c740fb5a200cf98f353e899df1dedfa4bb8c1442c3ffc909199,"{""config"":[""X+"",""X""],""d"":7,""p"":0.0001291549665014884}",
     11264,       500,         0,   0.109,pymatching,08a7353db2c7a0d74c2c5afd21ffab4da484ab8f68ef1bcd4d92d65e58eba070,"{""config"":[""X+"",""X""],""d"":5,""p"":0.010723076923076922}",
     30720,       264,         0,   0.148,pymatching,6100f7b5e28a8fcdf09022bb678e2f535ef01f2158e71fe77cc99001fec31d71,"{""config"":[""X+"",""X""],""d"":5,""p"":0.005733333333333333}",
      4096,         0,         0,   0.022,pymatching,6b9f4e34b0f0daa1aa6b4585b18a7139bbe081519dd004fb0636a443e3fd37e2,"{""config"":[""X+"",""X""],""d"":7,""p"":0.0005994842503189409}",
      6144,         0,         0,   0.032,pymatching,a8eedd6e5e3a6e4d59662f5f0c45d7600841a89a60324496a9cbda10aee7f64e,"{""config"":[""X+"",""X""],""d"":7,""p"":0.00035938136638046257}",
      2048,         0,         0,   0.016,pymatching,24a10e6b8a3e2350a887e4da4bd2406151cb9f8b73a2840ac7cc3dcfe1ff6292,"{""config"":[""X+"",""X""],""d"":7,""p"":0.0014564102564102565}",
      3072,         0,         0,   0.020,pymatching,66673a494991db4a8a277166cf80056f33c68c5b85e1c95aa453533d394581a1,"{""config"":[""X+"",""X""],""d"":7,""p"":0.0011}",
      6144,       686,         0,   0.088,pymatching,caf5e2199dcdbc82711a5f2af9e59b07201cb37f5cf1880b7e3bba0e130cbbc4,"{""config"":[""X+"",""X""],""d"":5,""p"":0.014999999999999998}",
    220160,         4,         0,   0.399,pymatching,23d8ec2eb0610d1bae940b803cf06440d088a084fe863e96d060046f4150e9d7,"{""config"":[""X+"",""X""],""d"":5,""p"":0.0005994842503189409}",
      6144,       575,         0,   0.080,pymatching,407e6a98459076e4e0358fe77d6b353b8611344627233728f4c5190bb8cd2780,"{""config"":[""X+"",""X""],""d"":5,""p"":0.01393076923076923}",
     26624,       281,         0,   0.148,pymatching,5c51941673fa0638a7e502da459654d6bd1a21f74cce026e39539d89fb900517,"{""config"":[""X+"",""X""],""d"":5,""p"":0.00608974358974359}",
      7168,         0,         0,   0.041,pymatching,870b2715199e1c7b6e1be0d5ff7df0086af81c1d733f2cbf0ed299fe72dadb53,"{""config"":[""X+"",""X""],""d"":7,""p"":0.001}",
      6144,       586,         0,   0.077,pymatching,0f6d6817133aacf49c93431d32c4e691345aefb6dad21102da36d35ebe26720d,"{""config"":[""X+"",""X""],""d"":5,""p"":0.014287179487179487}",
     15360,         0,         0,   0.075,pymatching,16ca885fde609826572f5298647d12dfaf2af332193be923bfddac3c3bd642ff,"{""config"":[""X+"",""X""],""d"":7,""p"":1.6681005372000593e-05}",
     16384,         0,         0,   0.079,pymatching,31a70efccbfeaa6db2ece252f400b79af90591c7fff0b63a3b1949e78df8ba26,"{""config"":[""X+"",""X""],""d"":7,""p"":1e-05}",
      7168,       594,         0,   0.087,pymatching,dfdcfca9f59ce6e1fe21a65a20b30d742ad540d0b39f9401d8d58ec8e820e112,"{""config"":[""X+"",""X""],""d"":5,""p"":0.013217948717948718}",
      3072,         0,         0,   0.022,pymatching,24a10e6b8a3e2350a887e4da4bd2406151cb9f8b73a2840ac7cc3dcfe1ff6292,"{""config"":[""X+"",""X""],""d"":7,""p"":0.0014564102564102565}",
      5120,         0,         0,   0.029,pymatching,6b9f4e34b0f0daa1aa6b4585b18a7139bbe081519dd004fb0636a443e3fd37e2,"{""config"":[""X+"",""X""],""d"":7,""p"":0.0005994842503189409}",
     27648,       340,         0,   0.150,pymatching,a4efaafae06c4766e4466e47d1b6daeff18e9546db0e687d940b808682b90995,"{""config"":[""X+"",""X""],""d"":5,""p"":0.006446153846153846}",
     11264,       735,         0,   0.113,pymatching,a68a43b4f16616a5c09654f0609574b6918dd974e2f71b3b77cca70e9b412734,"{""config"":[""X+"",""X""],""d"":5,""p"":0.012148717948717948}",
     10240,       560,         0,   0.106,pymatching,9c75514be268991ee70500cba93e674345c210722bc9a4cbf30b711959ef5e84,"{""config"":[""X+"",""X""],""d"":5,""p"":0.011435897435897435}",
      5120,         0,         0,   0.033,pymatching,66673a494991db4a8a277166cf80056f33c68c5b85e1c95aa453533d394581a1,"{""config"":[""X+"",""X""],""d"":7,""p"":0.0011}",
     16384,         0,         0,   0.079,pymatching,e4370498d036834c3ffed00723d3559db44010721266769ada6696c66c3f556e,"{""config"":[""X+"",""X""],""d"":7,""p"":4.641588833612782e-05}",
     10240,       601,         0,   0.110,pymatching,54bc9edd42a0c10fded7ab620ab16a9f4479b0c2ca6f319a1346f46207b00be9,"{""config"":[""X+"",""X""],""d"":5,""p"":0.011792307692307692}",
     21504,       482,         0,   0.149,pymatching,2e51d5c6279620f381b953edda12230310e0e55dc99e3286f6c3e7a9300760d2,"{""config"":[""X+"",""X""],""d"":5,""p"":0.007871794871794872}",
     11264,         0,         0,   0.057,pymatching,bccd2d64531109f380a62cff62014824789a2ef03dae0ed42ef58c649ca22336,"{""config"":[""X+"",""X""],""d"":7,""p"":0.00021544346900318823}",
     24576,       350,         0,   0.151,pymatching,5b5925c842ce4f5ad9cb6ca3245e58f2a07203b412dec315df13ca3b6c550941,"{""config"":[""X+"",""X""],""d"":5,""p"":0.006802564102564103}",
      8192,         0,         0,   0.043,pymatching,a8eedd6e5e3a6e4d59662f5f0c45d7600841a89a60324496a9cbda10aee7f64e,"{""config"":[""X+"",""X""],""d"":7,""p"":0.00035938136638046257}",
     62464,        78,         0,   0.206,pymatching,55f0ed9f8176943b4c005b3e5fc47e6a71a5178d4a05504719fafde26c3155f6,"{""config"":[""X+"",""X""],""d"":5,""p"":0.0028820512820512817}",
      4096,         0,         0,   0.028,pymatching,24a10e6b8a3e2350a887e4da4bd2406151cb9f8b73a2840ac7cc3dcfe1ff6292,"{""config"":[""X+"",""X""],""d"":7,""p"":0.0014564102564102565}",
    254976,         0,         0,   0.399,pymatching,455d07a92268dd240edf63b507f0929a8e72be5078e203e820213aab6c508180,"{""config"":[""X+"",""X""],""d"":5,""p"":4.641588833612782e-05}",
     17408,         0,         0,   0.076,pymatching,4892b451c253103dff8830a265fe51a9fcf22517ec8e3586a17a0c7e8bec142a,"{""config"":[""X+"",""X""],""d"":7,""p"":7.742636826811278e-05}",
     67584,        61,         0,   0.207,pymatching,ea09a4b32abbf3bc2d7a93bce8a6270a07c9a8fbb82a401d27da7d7dbe3d981c,"{""config"":[""X+"",""X""],""d"":5,""p"":0.0025256410256410257}",
     16384,         0,         0,   0.079,pymatching,52872054ed79909810df5215ef5423a021491e18943524a21b4efd4c172d9d6d,"{""config"":[""X+"",""X""],""d"":7,""p"":2.782559402207126e-05}",
    252928,         0,         0,   0.399,pymatching,97c541594f2f2428033c1e26bc58f9096edf4396bc9e3fb3c1379c40f0535fbe,"{""config"":[""X+"",""X""],""d"":5,""p"":2.782559402207126e-05}",
     20480,       506,         0,   0.154,pymatching,0a23164326e71ef334486c04eea418f99a9ee0fed55239d004ad01368dcb11da,"{""config"":[""X+"",""X""],""d"":5,""p"":0.008228205128205128}",
    181248,        27,         0,   0.401,pymatching,e01a52abca50f807b94c98c2ff3fe10204eb819d04d5cf83a605e06cb2ac34ab,"{""config"":[""X+"",""X""],""d"":5,""p"":0.0014564102564102565}",
     22528,       449,         0,   0.153,pymatching,32cd31c1c4f08999a88eaa96f52ba32d7208e333a5cc32e55a848545f2246465,"{""config"":[""X+"",""X""],""d"":5,""p"":0.007515384615384615}",
      7168,         0,         0,   0.040,pymatching,6b9f4e34b0f0daa1aa6b4585b18a7139bbe081519dd004fb0636a443e3fd37e2,"{""config"":[""X+"",""X""],""d"":7,""p"":0.0005994842503189409}",
     15360,         0,         0,   0.076,pymatching,eff24e668d249c740fb5a200cf98f353e899df1dedfa4bb8c1442c3ffc909199,"{""config"":[""X+"",""X""],""d"":7,""p"":0.0001291549665014884}",
     23552,       410,         0,   0.153,pymatching,f2747844340327fb3bc51ad5b61c374f9c11e983edb52ff05170b943debfca16,"{""config"":[""X+"",""X""],""d"":5,""p"":0.007158974358974359}",
    219136,         0,         0,   0.400,pymatching,451551e0f19ea9c859961d3df875cbd0bdb49c492317dda790a54e697358891a,"{""config"":[""X+"",""X""],""d"":5,""p"":0.00035938136638046257}",
    144384,        73,         0,   0.402,pymatching,2e666ff94e32b22ba1e2eb7ee872bad7156a7f14148ede0723cb6bd578f00ff7,"{""config"":[""X+"",""X""],""d"":5,""p"":0.002169230769230769}",
    237568,         0,         0,   0.400,pymatching,380ed4285f0d76a6b5fca81eff3e635554acfef7efee4e714f932ced9f50eb26,"{""config"":[""X+"",""X""],""d"":5,""p"":1e-05}",
     21504,       593,         0,   0.150,pymatching,bb9a12c3e97ed6fbcb8337f6ceafc00934246bdd657b40bc6c95fb4257dd9b58,"{""config"":[""X+"",""X""],""d"":5,""p"":0.008584615384615385}",
     10240,       771,         0,   0.110,pymatching,61b04be8d87def2e34550a7c62c84647810ecd359835bed0b46f84dd17601dd5,"{""config"":[""X+"",""X""],""d"":5,""p"":0.012861538461538462}",
      6144,         0,         0,   0.041,pymatching,66673a494991db4a8a277166cf80056f33c68c5b85e1c95aa453533d394581a1,"{""config"":[""X+"",""X""],""d"":7,""p"":0.0011}",
    187392,        10,         0,   0.402,pymatching,a5c09728ca1e0840e6b2a73a571cbf4cfda9ea5b2b3a5ec65723e06b3616dff1,"{""config"":[""X+"",""X""],""d"":5,""p"":0.001}",
     64512,       102,         0,   0.205,pymatching,f4c7839beb20af417732a61ca7391b9f30de7e6a282b049c366866eba571b6d7,"{""config"":[""X+"",""X""],""d"":5,""p"":0.003238461538461538}",
     10240,         0,         0,   0.058,pymatching,870b2715199e1c7b6e1be0d5ff7df0086af81c1d733f2cbf0ed299fe72dadb53,"{""config"":[""X+"",""X""],""d"":7,""p"":0.001}",
      9216,       690,         0,   0.107,pymatching,82e5e19a070f65bea575d2eb822b81819c49883daab43295d7739723f5289471,"{""config"":[""X+"",""X""],""d"":5,""p"":0.012505128205128205}",
    154624,        38,         0,   0.401,pymatching,c0d6877e7b645f898e893ac18e383808a71d71c812f9e927d453cca722236fea,"{""config"":[""X+"",""X""],""d"":5,""p"":0.0018128205128205128}",
    235520,         0,         0,   0.399,pymatching,3db1cf03750305d3692f56b9dbabbec5a556ac93e14497828f25c987ee55dba3,"{""config"":[""X+"",""X""],""d"":5,""p"":1.6681005372000593e-05}",
    229376,         0,         0,   0.399,pymatching,b0fee0578d8b301aacbbd71b704d435900d564bfae07aea6d55c7e90fd1c25d3,"{""config"":[""X+"",""X""],""d"":5,""p"":0.0001291549665014884}",
    226304,         0,         0,   0.400,pymatching,3cd491eb7979b7d9cf5036ff141c116fe7abb6cce529a088faa0d87f2348b9ff,"{""config"":[""X+"",""X""],""d"":5,""p"":0.00021544346900318823}",
     51200,       164,         0,   0.209,pymatching,aeff48f169dd48fdb8f5bde148f264f232aa739f34c7ed8667501a8ce4d3c9d4,"{""config"":[""X+"",""X""],""d"":5,""p"":0.003951282051282051}",
     19456,       681,         0,   0.147,pymatching,df829187c4a2c82a29ccf685369196cd12aee454d267be67ba5aa458bc84349e,"{""config"":[""X+"",""X""],""d"":5,""p"":0.009297435897435898}",
     55296,       127,         0,   0.208,pymatching,17773444cd5fca4526e8956b2d4ccb99ed3a2ed01d0590d62425274c27aea840,"{""config"":[""X+"",""X""],""d"":5,""p"":0.0035948717948717946}",
     16384,       708,         0,   0.155,pymatching,6faa466af17fbbff588d8ddfab80acc710cb914eccee0fea2b31d143e578f6c3,"{""config"":[""X+"",""X""],""d"":5,""p"":0.010366666666666666}",
      6144,         0,         0,   0.043,pymatching,24a10e6b8a3e2350a887e4da4bd2406151cb9f8b73a2840ac7cc3dcfe1ff6292,"{""config"":[""X+"",""X""],""d"":7,""p"":0.0014564102564102565}",
     10240,         0,         0,   0.054,pymatching,a8eedd6e5e3a6e4d59662f5f0c45d7600841a89a60324496a9cbda10aee7f64e,"{""config"":[""X+"",""X""],""d"":7,""p"":0.00035938136638046257}",
      9216,       799,         0,   0.118,pymatching,ca2f554788cb570b44fa4ab33dc427a6016586ce277d511855c9e514d3e6cf71,"{""config"":[""X+"",""X""],""d"":5,""p"":0.013574358974358974}",
     53248,       218,         0,   0.208,pymatching,02581ace4ad1eaaa3b5aa5e02022fb59aa46d24c5e785fc68481be4d0f39e9f5,"{""config"":[""X+"",""X""],""d"":5,""p"":0.0043076923076923075}",
      1297,         0,         0,   0.010,pymatching,ffb8a5c905873fa065329cbf5137555e915ef843bbbf1a1e263982a34543812c,"{""config"":[""X+"",""X""],""d"":7,""p"":0.0018128205128205128}",
    182272,        11,         0,   0.401,pymatching,0f0696523286979d7977786c8650b695f858d42e8290cc3da00edabece421f20,"{""config"":[""X+"",""X""],""d"":5,""p"":0.0011}",
      8192,       864,         0,   0.113,pymatching,d3ff968e4ddbd9f196ba15b5d41653712b459499bae0dccf16936bf597614cff,"{""config"":[""X+"",""X""],""d"":5,""p"":0.014643589743589744}",
     19456,       723,         0,   0.154,pymatching,d5e500e4c6e90193847df79157c0ef2a64f00f7f28926bd5d3cb0c498df1deb9,"{""config"":[""X+"",""X""],""d"":5,""p"":0.009653846153846153}",
     19456,       581,         0,   0.147,pymatching,f1daf6f4ee0447145dfc80171bd159961c12b65f1bee0d3716c4f3494df26778,"{""config"":[""X+"",""X""],""d"":5,""p"":0.00894102564102564}",
     16384,       864,         0,   0.150,pymatching,7ee4e4f29d72a4011a8935e36a7ce57ad8dba258ad71f559ed776e11ae635594,"{""config"":[""X+"",""X""],""d"":5,""p"":0.01107948717948718}",
      2048,         0,         0,   0.014,pymatching,ffb8a5c905873fa065329cbf5137555e915ef843bbbf1a1e263982a34543812c,"{""config"":[""X+"",""X""],""d"":7,""p"":0.0018128205128205128}",
     51200,       230,         0,   0.208,pymatching,09574f58fd2678fb903e2784af40010e505918a25596da3f5f07a554aeecc264,"{""config"":[""X+"",""X""],""d"":5,""p"":0.004664102564102564}",
     18432,       781,         0,   0.150,pymatching,3c6851ca62951af86b9e0a3ae8fb81ba3c4455bc74ce6bf082c9147df97a2efb,"{""config"":[""X+"",""X""],""d"":5,""p"":0.010010256410256409}",
     15360,         0,         0,   0.077,pymatching,bccd2d64531109f380a62cff62014824789a2ef03dae0ed42ef58c649ca22336,"{""config"":[""X+"",""X""],""d"":7,""p"":0.00021544346900318823}",
     48128,       301,         0,   0.208,pymatching,10f577cbcf1bdd20075b94ea4e01021d99f35b55ea222976e0987393a966a3ff,"{""config"":[""X+"",""X""],""d"":5,""p"":0.00502051282051282}",
      8192,       880,         0,   0.115,pymatching,caf5e2199dcdbc82711a5f2af9e59b07201cb37f5cf1880b7e3bba0e130cbbc4,"{""config"":[""X+"",""X""],""d"":5,""p"":0.014999999999999998}",
      8192,       747,         0,   0.107,pymatching,407e6a98459076e4e0358fe77d6b353b8611344627233728f4c5190bb8cd2780,"{""config"":[""X+"",""X""],""d"":5,""p"":0.01393076923076923}",
     10240,         0,         0,   0.058,pymatching,6b9f4e34b0f0daa1aa6b4585b18a7139bbe081519dd004fb0636a443e3fd37e2,"{""config"":[""X+"",""X""],""d"":7,""p"":0.0005994842503189409}",
     22528,         0,         0,   0.109,pymatching,16ca885fde609826572f5298647d12dfaf2af332193be923bfddac3c3bd642ff,"{""config"":[""X+"",""X""],""d"":7,""p"":1.6681005372000593e-05}",
     22528,         0,         0,   0.109,pymatching,31a70efccbfeaa6db2ece252f400b79af90591c7fff0b63a3b1949e78df8ba26,"{""config"":[""X+"",""X""],""d"":7,""p"":1e-05}",
      3072,         1,         0,   0.021,pymatching,ffb8a5c905873fa065329cbf5137555e915ef843bbbf1a1e263982a34543812c,"{""config"":[""X+"",""X""],""d"":7,""p"":0.0018128205128205128}",
      9216,       909,         0,   0.115,pymatching,0f6d6817133aacf49c93431d32c4e691345aefb6dad21102da36d35ebe26720d,"{""config"":[""X+"",""X""],""d"":5,""p"":0.014287179487179487}",
      9216,       731,         0,   0.113,pymatching,dfdcfca9f59ce6e1fe21a65a20b30d742ad540d0b39f9401d8d58ec8e820e112,"{""config"":[""X+"",""X""],""d"":5,""p"":0.013217948717948718}",
      9216,         0,         0,   0.059,pymatching,66673a494991db4a8a277166cf80056f33c68c5b85e1c95aa453533d394581a1,"{""config"":[""X+"",""X""],""d"":7,""p"":0.0011}",
     15360,       750,         0,   0.151,pymatching,08a7353db2c7a0d74c2c5afd21ffab4da484ab8f68ef1bcd4d92d65e58eba070,"{""config"":[""X+"",""X""],""d"":5,""p"":0.010723076923076922}",
     40960,       283,         0,   0.207,pymatching,690a4757ff9d21e680de127366c7222eef0035037b5e3d448941cdca909349aa,"{""config"":[""X+"",""X""],""d"":5,""p"":0.005376923076923077}",
     22528,         0,         0,   0.109,pymatching,e4370498d036834c3ffed00723d3559db44010721266769ada6696c66c3f556e,"{""config"":[""X+"",""X""],""d"":7,""p"":4.641588833612782e-05}",
      8192,         0,         0,   0.056,pymatching,24a10e6b8a3e2350a887e4da4bd2406151cb9f8b73a2840ac7cc3dcfe1ff6292,"{""config"":[""X+"",""X""],""d"":7,""p"":0.0014564102564102565}",
     13312,         0,         0,   0.076,pymatching,870b2715199e1c7b6e1be0d5ff7df0086af81c1d733f2cbf0ed299fe72dadb53,"{""config"":[""X+"",""X""],""d"":7,""p"":0.001}",
      4096,         0,         0,   0.030,pymatching,ffb8a5c905873fa065329cbf5137555e915ef843bbbf1a1e263982a34543812c,"{""config"":[""X+"",""X""],""d"":7,""p"":0.0018128205128205128}",
     24576,         0,         0,   0.108,pymatching,4892b451c253103dff8830a265fe51a9fcf22517ec8e3586a17a0c7e8bec142a,"{""config"":[""X+"",""X""],""d"":7,""p"":7.742636826811278e-05}",
     22528,         0,         0,   0.109,pymatching,52872054ed79909810df5215ef5423a021491e18943524a21b4efd4c172d9d6d,"{""config"":[""X+"",""X""],""d"":7,""p"":2.782559402207126e-05}",
     14336,         0,         0,   0.076,pymatching,a8eedd6e5e3a6e4d59662f5f0c45d7600841a89a60324496a9cbda10aee7f64e,"{""config"":[""X+"",""X""],""d"":7,""p"":0.00035938136638046257}",
     21504,         0,         0,   0.105,pymatching,eff24e668d249c740fb5a200cf98f353e899df1dedfa4bb8c1442c3ffc909199,"{""config"":[""X+"",""X""],""d"":7,""p"":0.0001291549665014884}",
    154927,         0,         0,   0.246,pymatching,80cf9077c4399287e25010c4837b6d08342ce001fcd1c2031b5a11a59af49a47,"{""config"":[""X+"",""X""],""d"":5,""p"":7.742636826811278e-05}",
     14336,       817,         0,   0.151,pymatching,9c75514be268991ee70500cba93e674345c210722bc9a4cbf30b711959ef5e84,"{""config"":[""X+"",""X""],""d"":5,""p"":0.011435897435897435}",
     15360,      1000,         0,   0.155,pymatching,a68a43b4f16616a5c09654f0609574b6918dd974e2f71b3b77cca70e9b412734,"{""config"":[""X+"",""X""],""d"":5,""p"":0.012148717948717948}",
     14336,       912,         0,   0.155,pymatching,54bc9edd42a0c10fded7ab620ab16a9f4479b0c2ca6f319a1346f46207b00be9,"{""config"":[""X+"",""X""],""d"":5,""p"":0.011792307692307692}",
     13312,         0,         0,   0.076,pymatching,6b9f4e34b0f0daa1aa6b4585b18a7139bbe081519dd004fb0636a443e3fd37e2,"{""config"":[""X+"",""X""],""d"":7,""p"":0.0005994842503189409}",
     43008,       362,         0,   0.208,pymatching,6100f7b5e28a8fcdf09022bb678e2f535ef01f2158e71fe77cc99001fec31d71,"{""config"":[""X+"",""X""],""d"":5,""p"":0.005733333333333333}",
      6144,         0,         0,   0.043,pymatching,ffb8a5c905873fa065329cbf5137555e915ef843bbbf1a1e263982a34543812c,"{""config"":[""X+"",""X""],""d"":7,""p"":0.0018128205128205128}",
     12288,         0,         0,   0.080,pymatching,66673a494991db4a8a277166cf80056f33c68c5b85e1c95aa453533d394581a1,"{""config"":[""X+"",""X""],""d"":7,""p"":0.0011}",
     20480,         0,         0,   0.105,pymatching,bccd2d64531109f380a62cff62014824789a2ef03dae0ed42ef58c649ca22336,"{""config"":[""X+"",""X""],""d"":7,""p"":0.00021544346900318823}",
     36864,       409,         0,   0.209,pymatching,5c51941673fa0638a7e502da459654d6bd1a21f74cce026e39539d89fb900517,"{""config"":[""X+"",""X""],""d"":5,""p"":0.00608974358974359}",
     11264,         1,         0,   0.079,pymatching,24a10e6b8a3e2350a887e4da4bd2406151cb9f8b73a2840ac7cc3dcfe1ff6292,"{""config"":[""X+"",""X""],""d"":7,""p"":0.0014564102564102565}",
     14336,      1080,         0,   0.154,pymatching,61b04be8d87def2e34550a7c62c84647810ecd359835bed0b46f84dd17601dd5,"{""config"":[""X+"",""X""],""d"":5,""p"":0.012861538461538462}",
     13312,       934,         0,   0.154,pymatching,82e5e19a070f65bea575d2eb822b81819c49883daab43295d7739723f5289471,"{""config"":[""X+"",""X""],""d"":5,""p"":0.012505128205128205}",
     38912,       532,         0,   0.209,pymatching,a4efaafae06c4766e4466e47d1b6daeff18e9546db0e687d940b808682b90995,"{""config"":[""X+"",""X""],""d"":5,""p"":0.006446153846153846}",
     32768,       702,         0,   0.212,pymatching,2e51d5c6279620f381b953edda12230310e0e55dc99e3286f6c3e7a9300760d2,"{""config"":[""X+"",""X""],""d"":5,""p"":0.007871794871794872}",
     33792,       483,         0,   0.210,pymatching,5b5925c842ce4f5ad9cb6ca3245e58f2a07203b412dec315df13ca3b6c550941,"{""config"":[""X+"",""X""],""d"":5,""p"":0.006802564102564103}",
     12288,      1105,         0,   0.157,pymatching,ca2f554788cb570b44fa4ab33dc427a6016586ce277d511855c9e514d3e6cf71,"{""config"":[""X+"",""X""],""d"":5,""p"":0.013574358974358974}",
     11264,      1158,         0,   0.157,pymatching,d3ff968e4ddbd9f196ba15b5d41653712b459499bae0dccf16936bf597614cff,"{""config"":[""X+"",""X""],""d"":5,""p"":0.014643589743589744}",
     19456,         0,         0,   0.110,pymatching,870b2715199e1c7b6e1be0d5ff7df0086af81c1d733f2cbf0ed299fe72dadb53,"{""config"":[""X+"",""X""],""d"":7,""p"":0.001}",
      8192,         0,         0,   0.056,pymatching,ffb8a5c905873fa065329cbf5137555e915ef843bbbf1a1e263982a34543812c,"{""config"":[""X+"",""X""],""d"":7,""p"":0.0018128205128205128}",
     11264,      1067,         0,   0.148,pymatching,407e6a98459076e4e0358fe77d6b353b8611344627233728f4c5190bb8cd2780,"{""config"":[""X+"",""X""],""d"":5,""p"":0.01393076923076923}",
     27648,       667,         0,   0.208,pymatching,0a23164326e71ef334486c04eea418f99a9ee0fed55239d004ad01368dcb11da,"{""config"":[""X+"",""X""],""d"":5,""p"":0.008228205128205128}",
     30720,       591,         0,   0.209,pymatching,32cd31c1c4f08999a88eaa96f52ba32d7208e333a5cc32e55a848545f2246465,"{""config"":[""X+"",""X""],""d"":5,""p"":0.007515384615384615}",
     30720,         0,         0,   0.150,pymatching,16ca885fde609826572f5298647d12dfaf2af332193be923bfddac3c3bd642ff,"{""config"":[""X+"",""X""],""d"":7,""p"":1.6681005372000593e-05}",
     30720,         0,         0,   0.149,pymatching,31a70efccbfeaa6db2ece252f400b79af90591c7fff0b63a3b1949e78df8ba26,"{""config"":[""X+"",""X""],""d"":7,""p"":1e-05}",
     31744,       546,         0,   0.209,pymatching,f2747844340327fb3bc51ad5b61c374f9c11e983edb52ff05170b943debfca16,"{""config"":[""X+"",""X""],""d"":5,""p"":0.007158974358974359}",
     20480,         0,         0,   0.108,pymatching,a8eedd6e5e3a6e4d59662f5f0c45d7600841a89a60324496a9cbda10aee7f64e,"{""config"":[""X+"",""X""],""d"":7,""p"":0.00035938136638046257}",
     11264,      1197,         0,   0.161,pymatching,caf5e2199dcdbc82711a5f2af9e59b07201cb37f5cf1880b7e3bba0e130cbbc4,"{""config"":[""X+"",""X""],""d"":5,""p"":0.014999999999999998}",
     29696,       818,         0,   0.209,pymatching,bb9a12c3e97ed6fbcb8337f6ceafc00934246bdd657b40bc6c95fb4257dd9b58,"{""config"":[""X+"",""X""],""d"":5,""p"":0.008584615384615385}",
     12288,       974,         0,   0.150,pymatching,dfdcfca9f59ce6e1fe21a65a20b30d742ad540d0b39f9401d8d58ec8e820e112,"{""config"":[""X+"",""X""],""d"":5,""p"":0.013217948717948718}",
     12288,      1148,         0,   0.151,pymatching,0f6d6817133aacf49c93431d32c4e691345aefb6dad21102da36d35ebe26720d,"{""config"":[""X+"",""X""],""d"":5,""p"":0.014287179487179487}",
    147759,         0,         0,   0.231,pymatching,455d07a92268dd240edf63b507f0929a8e72be5078e203e820213aab6c508180,"{""config"":[""X+"",""X""],""d"":5,""p"":4.641588833612782e-05}",
      1297,         0,         0,   0.024,pymatching,330944079abe525578c3d0d47137c24a58919f87f916eb882800ac41fd692b35,"{""config"":[""X+"",""X""],""d"":7,""p"":0.002169230769230769}",
     27648,       933,         0,   0.210,pymatching,df829187c4a2c82a29ccf685369196cd12aee454d267be67ba5aa458bc84349e,"{""config"":[""X+"",""X""],""d"":5,""p"":0.009297435897435898}",
     30720,         0,         0,   0.150,pymatching,e4370498d036834c3ffed00723d3559db44010721266769ada6696c66c3f556e,"{""config"":[""X+"",""X""],""d"":7,""p"":4.641588833612782e-05}",
     22528,      1012,         0,   0.211,pymatching,6faa466af17fbbff588d8ddfab80acc710cb914eccee0fea2b31d143e578f6c3,"{""config"":[""X+"",""X""],""d"":5,""p"":0.010366666666666666}",
     19456,         0,         0,   0.110,pymatching,6b9f4e34b0f0daa1aa6b4585b18a7139bbe081519dd004fb0636a443e3fd37e2,"{""config"":[""X+"",""X""],""d"":7,""p"":0.0005994842503189409}",
      1024,         0,         0,   0.015,pymatching,330944079abe525578c3d0d47137c24a58919f87f916eb882800ac41fd692b35,"{""config"":[""X+"",""X""],""d"":7,""p"":0.002169230769230769}",
     26624,      1010,         0,   0.212,pymatching,d5e500e4c6e90193847df79157c0ef2a64f00f7f28926bd5d3cb0c498df1deb9,"{""config"":[""X+"",""X""],""d"":5,""p"":0.009653846153846153}",
     33792,         0,         0,   0.149,pymatching,4892b451c253103dff8830a265fe51a9fcf22517ec8e3586a17a0c7e8bec142a,"{""config"":[""X+"",""X""],""d"":7,""p"":7.742636826811278e-05}",
     28672,       897,         0,   0.211,pymatching,f1daf6f4ee0447145dfc80171bd159961c12b65f1bee0d3716c4f3494df26778,"{""config"":[""X+"",""X""],""d"":5,""p"":0.00894102564102564}",
     22528,      1247,         0,   0.208,pymatching,7ee4e4f29d72a4011a8935e36a7ce57ad8dba258ad71f559ed776e11ae635594,"{""config"":[""X+"",""X""],""d"":5,""p"":0.01107948717948718}",
     30720,         0,         0,   0.149,pymatching,52872054ed79909810df5215ef5423a021491e18943524a21b4efd4c172d9d6d,"{""config"":[""X+"",""X""],""d"":7,""p"":2.782559402207126e-05}",
     30720,         0,         0,   0.151,pymatching,eff24e668d249c740fb5a200cf98f353e899df1dedfa4bb8c1442c3ffc909199,"{""config"":[""X+"",""X""],""d"":7,""p"":0.0001291549665014884}",
    163119,         0,         0,   0.259,pymatching,97c541594f2f2428033c1e26bc58f9096edf4396bc9e3fb3c1379c40f0535fbe,"{""config"":[""X+"",""X""],""d"":5,""p"":2.782559402207126e-05}",
     17408,         0,         0,   0.111,pymatching,66673a494991db4a8a277166cf80056f33c68c5b85e1c95aa453533d394581a1,"{""config"":[""X+"",""X""],""d"":7,""p"":0.0011}",
     25600,      1031,         0,   0.211,pymatching,3c6851ca62951af86b9e0a3ae8fb81ba3c4455bc74ce6bf082c9147df97a2efb,"{""config"":[""X+"",""X""],""d"":5,""p"":0.010010256410256409}",
      2048,         1,         0,   0.020,pymatching,330944079abe525578c3d0d47137c24a58919f87f916eb882800ac41fd692b35,"{""config"":[""X+"",""X""],""d"":7,""p"":0.002169230769230769}",
     86016,        99,         0,   0.289,pymatching,55f0ed9f8176943b4c005b3e5fc47e6a71a5178d4a05504719fafde26c3155f6,"{""config"":[""X+"",""X""],""d"":5,""p"":0.0028820512820512817}",
     15360,         0,         0,   0.106,pymatching,24a10e6b8a3e2350a887e4da4bd2406151cb9f8b73a2840ac7cc3dcfe1ff6292,"{""config"":[""X+"",""X""],""d"":7,""p"":0.0014564102564102565}",
     11264,         0,         0,   0.077,pymatching,ffb8a5c905873fa065329cbf5137555e915ef843bbbf1a1e263982a34543812c,"{""config"":[""X+"",""X""],""d"":7,""p"":0.0018128205128205128}",
     94208,        62,         0,   0.289,pymatching,ea09a4b32abbf3bc2d7a93bce8a6270a07c9a8fbb82a401d27da7d7dbe3d981c,"{""config"":[""X+"",""X""],""d"":5,""p"":0.0025256410256410257}",
     21504,       994,         0,   0.209,pymatching,08a7353db2c7a0d74c2c5afd21ffab4da484ab8f68ef1bcd4d92d65e58eba070,"{""config"":[""X+"",""X""],""d"":5,""p"":0.010723076923076922}",
      4096,         0,         0,   0.033,pymatching,330944079abe525578c3d0d47137c24a58919f87f916eb882800ac41fd692b35,"{""config"":[""X+"",""X""],""d"":7,""p"":0.002169230769230769}",
     90112,       170,         0,   0.289,pymatching,f4c7839beb20af417732a61ca7391b9f30de7e6a282b049c366866eba571b6d7,"{""config"":[""X+"",""X""],""d"":5,""p"":0.003238461538461538}",
     71680,       227,         0,   0.288,pymatching,aeff48f169dd48fdb8f5bde148f264f232aa739f34c7ed8667501a8ce4d3c9d4,"{""config"":[""X+"",""X""],""d"":5,""p"":0.003951282051282051}",
     29696,         0,         0,   0.149,pymatching,bccd2d64531109f380a62cff62014824789a2ef03dae0ed42ef58c649ca22336,"{""config"":[""X+"",""X""],""d"":7,""p"":0.00021544346900318823}",
     76800,       176,         0,   0.288,pymatching,17773444cd5fca4526e8956b2d4ccb99ed3a2ed01d0590d62425274c27aea840,"{""config"":[""X+"",""X""],""d"":5,""p"":0.0035948717948717946}",
     73728,       267,         0,   0.287,pymatching,02581ace4ad1eaaa3b5aa5e02022fb59aa46d24c5e785fc68481be4d0f39e9f5,"{""config"":[""X+"",""X""],""d"":5,""p"":0.0043076923076923075}",
     20480,      1356,         0,   0.206,pymatching,a68a43b4f16616a5c09654f0609574b6918dd974e2f71b3b77cca70e9b412734,"{""config"":[""X+"",""X""],""d"":5,""p"":0.012148717948717948}",
     20480,      1165,         0,   0.214,pymatching,9c75514be268991ee70500cba93e674345c210722bc9a4cbf30b711959ef5e84,"{""config"":[""X+"",""X""],""d"":5,""p"":0.011435897435897435}",
     70656,       342,         0,   0.289,pymatching,09574f58fd2678fb903e2784af40010e505918a25596da3f5f07a554aeecc264,"{""config"":[""X+"",""X""],""d"":5,""p"":0.004664102564102564}",
     19456,      1195,         0,   0.209,pymatching,54bc9edd42a0c10fded7ab620ab16a9f4479b0c2ca6f319a1346f46207b00be9,"{""config"":[""X+"",""X""],""d"":5,""p"":0.011792307692307692}",
      5120,         1,         0,   0.042,pymatching,330944079abe525578c3d0d47137c24a58919f87f916eb882800ac41fd692b35,"{""config"":[""X+"",""X""],""d"":7,""p"":0.002169230769230769}",
     66560,       375,         0,   0.288,pymatching,10f577cbcf1bdd20075b94ea4e01021d99f35b55ea222976e0987393a966a3ff,"{""config"":[""X+"",""X""],""d"":5,""p"":0.00502051282051282}",
     26624,         0,         0,   0.151,pymatching,870b2715199e1c7b6e1be0d5ff7df0086af81c1d733f2cbf0ed299fe72dadb53,"{""config"":[""X+"",""X""],""d"":7,""p"":0.001}",
     28672,         0,         0,   0.152,pymatching,a8eedd6e5e3a6e4d59662f5f0c45d7600841a89a60324496a9cbda10aee7f64e,"{""config"":[""X+"",""X""],""d"":7,""p"":0.00035938136638046257}",
     57344,       389,         0,   0.291,pymatching,690a4757ff9d21e680de127366c7222eef0035037b5e3d448941cdca909349aa,"{""config"":[""X+"",""X""],""d"":5,""p"":0.005376923076923077}",
     19456,      1484,         0,   0.209,pymatching,61b04be8d87def2e34550a7c62c84647810ecd359835bed0b46f84dd17601dd5,"{""config"":[""X+"",""X""],""d"":5,""p"":0.012861538461538462}",
     18432,      1262,         0,   0.212,pymatching,82e5e19a070f65bea575d2eb822b81819c49883daab43295d7739723f5289471,"{""config"":[""X+"",""X""],""d"":5,""p"":0.012505128205128205}",
     15360,         0,         0,   0.105,pymatching,ffb8a5c905873fa065329cbf5137555e915ef843bbbf1a1e263982a34543812c,"{""config"":[""X+"",""X""],""d"":7,""p"":0.0018128205128205128}",
    218415,         0,         0,   0.378,pymatching,380ed4285f0d76a6b5fca81eff3e635554acfef7efee4e714f932ced9f50eb26,"{""config"":[""X+"",""X""],""d"":5,""p"":1e-05}",
     26624,         0,         0,   0.148,pymatching,6b9f4e34b0f0daa1aa6b4585b18a7139bbe081519dd004fb0636a443e3fd37e2,"{""config"":[""X+"",""X""],""d"":7,""p"":0.0005994842503189409}",
     16384,      1416,         0,   0.207,pymatching,ca2f554788cb570b44fa4ab33dc427a6016586ce277d511855c9e514d3e6cf71,"{""config"":[""X+"",""X""],""d"":5,""p"":0.013574358974358974}",
      7168,         2,         0,   0.060,pymatching,330944079abe525578c3d0d47137c24a58919f87f916eb882800ac41fd692b35,"{""config"":[""X+"",""X""],""d"":7,""p"":0.002169230769230769}",
    219439,         0,         0,   0.383,pymatching,3db1cf03750305d3692f56b9dbabbec5a556ac93e14497828f25c987ee55dba3,"{""config"":[""X+"",""X""],""d"":5,""p"":1.6681005372000593e-05}",
     15360,      1591,         0,   0.213,pymatching,d3ff968e4ddbd9f196ba15b5d41653712b459499bae0dccf16936bf597614cff,"{""config"":[""X+"",""X""],""d"":5,""p"":0.014643589743589744}",
     23552,         0,         0,   0.151,pymatching,66673a494991db4a8a277166cf80056f33c68c5b85e1c95aa453533d394581a1,"{""config"":[""X+"",""X""],""d"":7,""p"":0.0011}",
     16384,      1493,         0,   0.213,pymatching,407e6a98459076e4e0358fe77d6b353b8611344627233728f4c5190bb8cd2780,"{""config"":[""X+"",""X""],""d"":5,""p"":0.01393076923076923}",
     21504,         3,         0,   0.148,pymatching,24a10e6b8a3e2350a887e4da4bd2406151cb9f8b73a2840ac7cc3dcfe1ff6292,"{""config"":[""X+"",""X""],""d"":7,""p"":0.0014564102564102565}",
     43008,         0,         0,   0.207,pymatching,31a70efccbfeaa6db2ece252f400b79af90591c7fff0b63a3b1949e78df8ba26,"{""config"":[""X+"",""X""],""d"":7,""p"":1e-05}",
     43008,         0,         0,   0.207,pymatching,16ca885fde609826572f5298647d12dfaf2af332193be923bfddac3c3bd642ff,"{""config"":[""X+"",""X""],""d"":7,""p"":1.6681005372000593e-05}",
     60416,       557,         0,   0.293,pymatching,6100f7b5e28a8fcdf09022bb678e2f535ef01f2158e71fe77cc99001fec31d71,"{""config"":[""X+"",""X""],""d"":5,""p"":0.005733333333333333}",
     17408,      1385,         0,   0.213,pymatching,dfdcfca9f59ce6e1fe21a65a20b30d742ad540d0b39f9401d8d58ec8e820e112,"{""config"":[""X+"",""X""],""d"":5,""p"":0.013217948717948718}",
     17408,      1685,         0,   0.213,pymatching,0f6d6817133aacf49c93431d32c4e691345aefb6dad21102da36d35ebe26720d,"{""config"":[""X+"",""X""],""d"":5,""p"":0.014287179487179487}",
    264495,         4,         0,   0.480,pymatching,23d8ec2eb0610d1bae940b803cf06440d088a084fe863e96d060046f4150e9d7,"{""config"":[""X+"",""X""],""d"":5,""p"":0.0005994842503189409}",
     15360,      1660,         0,   0.219,pymatching,caf5e2199dcdbc82711a5f2af9e59b07201cb37f5cf1880b7e3bba0e130cbbc4,"{""config"":[""X+"",""X""],""d"":5,""p"":0.014999999999999998}",
     43008,         0,         0,   0.209,pymatching,e4370498d036834c3ffed00723d3559db44010721266769ada6696c66c3f556e,"{""config"":[""X+"",""X""],""d"":7,""p"":4.641588833612782e-05}",
      1297,         0,         0,   0.012,pymatching,12c5b41cabf9ff9110faad88f46cbfbd5d7e48235d7d185ace2136e311ffa750,"{""config"":[""X+"",""X""],""d"":7,""p"":0.0025256410256410257}",
     51200,       549,         0,   0.288,pymatching,5c51941673fa0638a7e502da459654d6bd1a21f74cce026e39539d89fb900517,"{""config"":[""X+"",""X""],""d"":5,""p"":0.00608974358974359}",
     53248,       697,         0,   0.288,pymatching,a4efaafae06c4766e4466e47d1b6daeff18e9546db0e687d940b808682b90995,"{""config"":[""X+"",""X""],""d"":5,""p"":0.006446153846153846}",
     47104,         0,         0,   0.209,pymatching,4892b451c253103dff8830a265fe51a9fcf22517ec8e3586a17a0c7e8bec142a,"{""config"":[""X+"",""X""],""d"":7,""p"":7.742636826811278e-05}",
      1297,         0,         0,   0.013,pymatching,082955c518b24bd60c17f3af52bf5862d964bf74023753b47da27119da6b0a49,"{""config"":[""X+"",""X""],""d"":7,""p"":0.003238461538461538}",
      2048,         0,         0,   0.017,pymatching,12c5b41cabf9ff9110faad88f46cbfbd5d7e48235d7d185ace2136e311ffa750,"{""config"":[""X+"",""X""],""d"":7,""p"":0.0025256410256410257}",
     43008,         0,         0,   0.209,pymatching,52872054ed79909810df5215ef5423a021491e18943524a21b4efd4c172d9d6d,"{""config"":[""X+"",""X""],""d"":7,""p"":2.782559402207126e-05}",
     41984,         0,         0,   0.209,pymatching,eff24e668d249c740fb5a200cf98f353e899df1dedfa4bb8c1442c3ffc909199,"{""config"":[""X+"",""X""],""d"":7,""p"":0.0001291549665014884}",
     44032,       949,         0,   0.289,pymatching,2e51d5c6279620f381b953edda12230310e0e55dc99e3286f6c3e7a9300760d2,"{""config"":[""X+"",""X""],""d"":5,""p"":0.007871794871794872}",
      1297,         0,         0,   0.014,pymatching,7e730e1bef7adf1cae3895dd9e7eb6ad020c2938095f342009740893cd4ce019,"{""config"":[""X+"",""X""],""d"":7,""p"":0.0028820512820512817}",
    255279,         0,         0,   0.460,pymatching,b0fee0578d8b301aacbbd71b704d435900d564bfae07aea6d55c7e90fd1c25d3,"{""config"":[""X+"",""X""],""d"":5,""p"":0.0001291549665014884}",
     47104,       675,         0,   0.293,pymatching,5b5925c842ce4f5ad9cb6ca3245e58f2a07203b412dec315df13ca3b6c550941,"{""config"":[""X+"",""X""],""d"":5,""p"":0.006802564102564103}",
      9216,         1,         0,   0.079,pymatching,330944079abe525578c3d0d47137c24a58919f87f916eb882800ac41fd692b35,"{""config"":[""X+"",""X""],""d"":7,""p"":0.002169230769230769}",
      2048,         2,         0,   0.021,pymatching,082955c518b24bd60c17f3af52bf5862d964bf74023753b47da27119da6b0a49,"{""config"":[""X+"",""X""],""d"":7,""p"":0.003238461538461538}",
      3072,         1,         0,   0.025,pymatching,12c5b41cabf9ff9110faad88f46cbfbd5d7e48235d7d185ace2136e311ffa750,"{""config"":[""X+"",""X""],""d"":7,""p"":0.0025256410256410257}",
    257327,         0,         0,   0.469,pymatching,3cd491eb7979b7d9cf5036ff141c116fe7abb6cce529a088faa0d87f2348b9ff,"{""config"":[""X+"",""X""],""d"":5,""p"":0.00021544346900318823}",
      1297,         3,         0,   0.018,pymatching,3017794d13067d71bbe69fc9a487c4d5a46e9c4e42027a610cbc4e396de22ffb,"{""config"":[""X+"",""X""],""d"":7,""p"":0.003951282051282051}",
      2048,         1,         0,   0.018,pymatching,7e730e1bef7adf1cae3895dd9e7eb6ad020c2938095f342009740893cd4ce019,"{""config"":[""X+"",""X""],""d"":7,""p"":0.0028820512820512817}",
     38912,       919,         0,   0.293,pymatching,0a23164326e71ef334486c04eea418f99a9ee0fed55239d004ad01368dcb11da,"{""config"":[""X+"",""X""],""d"":5,""p"":0.008228205128205128}",
     41984,       817,         0,   0.289,pymatching,32cd31c1c4f08999a88eaa96f52ba32d7208e333a5cc32e55a848545f2246465,"{""config"":[""X+"",""X""],""d"":5,""p"":0.007515384615384615}",
      2048,         1,         0,   0.020,pymatching,082955c518b24bd60c17f3af52bf5862d964bf74023753b47da27119da6b0a49,"{""config"":[""X+"",""X""],""d"":7,""p"":0.003238461538461538}",
     45056,       750,         0,   0.294,pymatching,f2747844340327fb3bc51ad5b61c374f9c11e983edb52ff05170b943debfca16,"{""config"":[""X+"",""X""],""d"":5,""p"":0.007158974358974359}",
      1297,         0,         0,   0.017,pymatching,7236879ddc1304042a8322f1a3f6274c3fbdb49118d290a3484ab208161cd894,"{""config"":[""X+"",""X""],""d"":7,""p"":0.0035948717948717946}",
     41984,      1111,         0,   0.295,pymatching,bb9a12c3e97ed6fbcb8337f6ceafc00934246bdd657b40bc6c95fb4257dd9b58,"{""config"":[""X+"",""X""],""d"":5,""p"":0.008584615384615385}",
     39936,         0,         0,   0.206,pymatching,bccd2d64531109f380a62cff62014824789a2ef03dae0ed42ef58c649ca22336,"{""config"":[""X+"",""X""],""d"":7,""p"":0.00021544346900318823}",
      2048,         0,         0,   0.025,pymatching,3017794d13067d71bbe69fc9a487c4d5a46e9c4e42027a610cbc4e396de22ffb,"{""config"":[""X+"",""X""],""d"":7,""p"":0.003951282051282051}",
      2048,         2,         0,   0.020,pymatching,7e730e1bef7adf1cae3895dd9e7eb6ad020c2938095f342009740893cd4ce019,"{""config"":[""X+"",""X""],""d"":7,""p"":0.0028820512820512817}",
      4096,         0,         0,   0.033,pymatching,12c5b41cabf9ff9110faad88f46cbfbd5d7e48235d7d185ace2136e311ffa750,"{""config"":[""X+"",""X""],""d"":7,""p"":0.0025256410256410257}",
      1297,         0,         0,   0.016,pymatching,8330916b8be5d1095e8d49076ab85fa486347616b42dbc0912a58b9c140ca6e2,"{""config"":[""X+"",""X""],""d"":7,""p"":0.0043076923076923075}",
     38912,      1312,         0,   0.296,pymatching,df829187c4a2c82a29ccf685369196cd12aee454d267be67ba5aa458bc84349e,"{""config"":[""X+"",""X""],""d"":5,""p"":0.009297435897435898}",
     21504,         0,         0,   0.151,pymatching,ffb8a5c905873fa065329cbf5137555e915ef843bbbf1a1e263982a34543812c,"{""config"":[""X+"",""X""],""d"":7,""p"":0.0018128205128205128}",
     30720,      1316,         0,   0.293,pymatching,6faa466af17fbbff588d8ddfab80acc710cb914eccee0fea2b31d143e578f6c3,"{""config"":[""X+"",""X""],""d"":5,""p"":0.010366666666666666}",
      3072,         3,         0,   0.029,pymatching,082955c518b24bd60c17f3af52bf5862d964bf74023753b47da27119da6b0a49,"{""config"":[""X+"",""X""],""d"":7,""p"":0.003238461538461538}",
      2048,         1,         0,   0.024,pymatching,7236879ddc1304042a8322f1a3f6274c3fbdb49118d290a3484ab208161cd894,"{""config"":[""X+"",""X""],""d"":7,""p"":0.0035948717948717946}",
     35840,      1357,         0,   0.289,pymatching,d5e500e4c6e90193847df79157c0ef2a64f00f7f28926bd5d3cb0c498df1deb9,"{""config"":[""X+"",""X""],""d"":5,""p"":0.009653846153846153}",
      2048,         1,         0,   0.025,pymatching,3017794d13067d71bbe69fc9a487c4d5a46e9c4e42027a610cbc4e396de22ffb,"{""config"":[""X+"",""X""],""d"":7,""p"":0.003951282051282051}",
     38912,      1179,         0,   0.288,pymatching,f1daf6f4ee0447145dfc80171bd159961c12b65f1bee0d3716c4f3494df26778,"{""config"":[""X+"",""X""],""d"":5,""p"":0.00894102564102564}",
     31744,      1617,         0,   0.291,pymatching,7ee4e4f29d72a4011a8935e36a7ce57ad8dba258ad71f559ed776e11ae635594,"{""config"":[""X+"",""X""],""d"":5,""p"":0.01107948717948718}",
      3072,         1,         0,   0.028,pymatching,7e730e1bef7adf1cae3895dd9e7eb6ad020c2938095f342009740893cd4ce019,"{""config"":[""X+"",""X""],""d"":7,""p"":0.0028820512820512817}",
      2048,         4,         0,   0.024,pymatching,8330916b8be5d1095e8d49076ab85fa486347616b42dbc0912a58b9c140ca6e2,"{""config"":[""X+"",""X""],""d"":7,""p"":0.0043076923076923075}",
     34816,      1442,         0,   0.292,pymatching,3c6851ca62951af86b9e0a3ae8fb81ba3c4455bc74ce6bf082c9147df97a2efb,"{""config"":[""X+"",""X""],""d"":5,""p"":0.010010256410256409}",
     36864,         0,         0,   0.208,pymatching,870b2715199e1c7b6e1be0d5ff7df0086af81c1d733f2cbf0ed299fe72dadb53,"{""config"":[""X+"",""X""],""d"":7,""p"":0.001}",
      2048,         7,         0,   0.024,pymatching,7236879ddc1304042a8322f1a3f6274c3fbdb49118d290a3484ab208161cd894,"{""config"":[""X+"",""X""],""d"":7,""p"":0.0035948717948717946}",
      5120,         0,         0,   0.041,pymatching,12c5b41cabf9ff9110faad88f46cbfbd5d7e48235d7d185ace2136e311ffa750,"{""config"":[""X+"",""X""],""d"":7,""p"":0.0025256410256410257}",
    252928,        44,         0,   0.561,pymatching,e01a52abca50f807b94c98c2ff3fe10204eb819d04d5cf83a605e06cb2ac34ab,"{""config"":[""X+"",""X""],""d"":5,""p"":0.0014564102564102565}",
      4096,         1,         0,   0.039,pymatching,082955c518b24bd60c17f3af52bf5862d964bf74023753b47da27119da6b0a49,"{""config"":[""X+"",""X""],""d"":7,""p"":0.003238461538461538}",
    294912,         0,         0,   0.559,pymatching,451551e0f19ea9c859961d3df875cbd0bdb49c492317dda790a54e697358891a,"{""config"":[""X+"",""X""],""d"":5,""p"":0.00035938136638046257}",
      1297,         4,         0,   0.020,pymatching,b91760ea78cf9f4833c45a5ecc1020af69d569f33061d60ac02f8c5f0093edff,"{""config"":[""X+"",""X""],""d"":7,""p"":0.004664102564102564}",
     37888,         0,         0,   0.206,pymatching,a8eedd6e5e3a6e4d59662f5f0c45d7600841a89a60324496a9cbda10aee7f64e,"{""config"":[""X+"",""X""],""d"":7,""p"":0.00035938136638046257}",
      2048,         6,         0,   0.024,pymatching,8330916b8be5d1095e8d49076ab85fa486347616b42dbc0912a58b9c140ca6e2,"{""config"":[""X+"",""X""],""d"":7,""p"":0.0043076923076923075}",
    195584,        96,         0,   0.564,pymatching,2e666ff94e32b22ba1e2eb7ee872bad7156a7f14148ede0723cb6bd578f00ff7,"{""config"":[""X+"",""X""],""d"":5,""p"":0.002169230769230769}",
    249856,        12,         0,   0.561,pymatching,a5c09728ca1e0840e6b2a73a571cbf4cfda9ea5b2b3a5ec65723e06b3616dff1,"{""config"":[""X+"",""X""],""d"":5,""p"":0.001}",
      3072,         2,         0,   0.038,pymatching,3017794d13067d71bbe69fc9a487c4d5a46e9c4e42027a610cbc4e396de22ffb,"{""config"":[""X+"",""X""],""d"":7,""p"":0.003951282051282051}",
    208896,        56,         0,   0.561,pymatching,c0d6877e7b645f898e893ac18e383808a71d71c812f9e927d453cca722236fea,"{""config"":[""X+"",""X""],""d"":5,""p"":0.0018128205128205128}",
     29696,      1481,         0,   0.298,pymatching,08a7353db2c7a0d74c2c5afd21ffab4da484ab8f68ef1bcd4d92d65e58eba070,"{""config"":[""X+"",""X""],""d"":5,""p"":0.010723076923076922}",
     12288,         2,         0,   0.106,pymatching,330944079abe525578c3d0d47137c24a58919f87f916eb882800ac41fd692b35,"{""config"":[""X+"",""X""],""d"":7,""p"":0.002169230769230769}",
      1024,         1,         0,   0.014,pymatching,b91760ea78cf9f4833c45a5ecc1020af69d569f33061d60ac02f8c5f0093edff,"{""config"":[""X+"",""X""],""d"":7,""p"":0.004664102564102564}",
      5120,         3,         0,   0.045,pymatching,7e730e1bef7adf1cae3895dd9e7eb6ad020c2938095f342009740893cd4ce019,"{""config"":[""X+"",""X""],""d"":7,""p"":0.0028820512820512817}",
     10543,         0,         0,   0.020,pymatching,451551e0f19ea9c859961d3df875cbd0bdb49c492317dda790a54e697358891a,"{""config"":[""X+"",""X""],""d"":5,""p"":0.00035938136638046257}",
      3072,         2,         0,   0.035,pymatching,7236879ddc1304042a8322f1a3f6274c3fbdb49118d290a3484ab208161cd894,"{""config"":[""X+"",""X""],""d"":7,""p"":0.0035948717948717946}",
    247808,        14,         0,   0.561,pymatching,0f0696523286979d7977786c8650b695f858d42e8290cc3da00edabece421f20,"{""config"":[""X+"",""X""],""d"":5,""p"":0.0011}",
     35840,         0,         0,   0.208,pymatching,6b9f4e34b0f0daa1aa6b4585b18a7139bbe081519dd004fb0636a443e3fd37e2,"{""config"":[""X+"",""X""],""d"":7,""p"":0.0005994842503189409}",
      3072,        10,         0,   0.035,pymatching,8330916b8be5d1095e8d49076ab85fa486347616b42dbc0912a58b9c140ca6e2,"{""config"":[""X+"",""X""],""d"":7,""p"":0.0043076923076923075}",
      2048,         5,         0,   0.029,pymatching,b91760ea78cf9f4833c45a5ecc1020af69d569f33061d60ac02f8c5f0093edff,"{""config"":[""X+"",""X""],""d"":7,""p"":0.004664102564102564}",
      1297,         4,         0,   0.021,pymatching,ee0990691a329ed8e229b152d184ce2d683d0c3d6b834929772c40e736d548ee,"{""config"":[""X+"",""X""],""d"":7,""p"":0.00502051282051282}",
      7168,         1,         0,   0.058,pymatching,12c5b41cabf9ff9110faad88f46cbfbd5d7e48235d7d185ace2136e311ffa750,"{""config"":[""X+"",""X""],""d"":7,""p"":0.0025256410256410257}",
     31744,         1,         0,   0.208,pymatching,66673a494991db4a8a277166cf80056f33c68c5b85e1c95aa453533d394581a1,"{""config"":[""X+"",""X""],""d"":7,""p"":0.0011}",
     29696,      1978,         0,   0.298,pymatching,a68a43b4f16616a5c09654f0609574b6918dd974e2f71b3b77cca70e9b412734,"{""config"":[""X+"",""X""],""d"":5,""p"":0.012148717948717948}",
      4096,        10,         0,   0.049,pymatching,3017794d13067d71bbe69fc9a487c4d5a46e9c4e42027a610cbc4e396de22ffb,"{""config"":[""X+"",""X""],""d"":7,""p"":0.003951282051282051}",
      6144,         4,         0,   0.057,pymatching,082955c518b24bd60c17f3af52bf5862d964bf74023753b47da27119da6b0a49,"{""config"":[""X+"",""X""],""d"":7,""p"":0.003238461538461538}",
     29696,         0,         0,   0.210,pymatching,24a10e6b8a3e2350a887e4da4bd2406151cb9f8b73a2840ac7cc3dcfe1ff6292,"{""config"":[""X+"",""X""],""d"":7,""p"":0.0014564102564102565}",
     27648,      1533,         0,   0.297,pymatching,9c75514be268991ee70500cba93e674345c210722bc9a4cbf30b711959ef5e84,"{""config"":[""X+"",""X""],""d"":5,""p"":0.011435897435897435}",
     26624,      1607,         0,   0.295,pymatching,54bc9edd42a0c10fded7ab620ab16a9f4479b0c2ca6f319a1346f46207b00be9,"{""config"":[""X+"",""X""],""d"":5,""p"":0.011792307692307692}",
      1024,         3,         0,   0.015,pymatching,ee0990691a329ed8e229b152d184ce2d683d0c3d6b834929772c40e736d548ee,"{""config"":[""X+"",""X""],""d"":7,""p"":0.00502051282051282}",
      4096,         6,         0,   0.046,pymatching,7236879ddc1304042a8322f1a3f6274c3fbdb49118d290a3484ab208161cd894,"{""config"":[""X+"",""X""],""d"":7,""p"":0.0035948717948717946}",
      2048,        10,         0,   0.028,pymatching,b91760ea78cf9f4833c45a5ecc1020af69d569f33061d60ac02f8c5f0093edff,"{""config"":[""X+"",""X""],""d"":7,""p"":0.004664102564102564}",
      6144,         2,         0,   0.056,pymatching,7e730e1bef7adf1cae3895dd9e7eb6ad020c2938095f342009740893cd4ce019,"{""config"":[""X+"",""X""],""d"":7,""p"":0.0028820512820512817}",
      4096,        12,         0,   0.046,pymatching,8330916b8be5d1095e8d49076ab85fa486347616b42dbc0912a58b9c140ca6e2,"{""config"":[""X+"",""X""],""d"":7,""p"":0.0043076923076923075}",
      2048,        10,         0,   0.030,pymatching,ee0990691a329ed8e229b152d184ce2d683d0c3d6b834929772c40e736d548ee,"{""config"":[""X+"",""X""],""d"":7,""p"":0.00502051282051282}",
     27648,      2122,         0,   0.295,pymatching,61b04be8d87def2e34550a7c62c84647810ecd359835bed0b46f84dd17601dd5,"{""config"":[""X+"",""X""],""d"":5,""p"":0.012861538461538462}",
    120832,       131,         0,   0.404,pymatching,55f0ed9f8176943b4c005b3e5fc47e6a71a5178d4a05504719fafde26c3155f6,"{""config"":[""X+"",""X""],""d"":5,""p"":0.0028820512820512817}",
     25600,      1845,         0,   0.300,pymatching,82e5e19a070f65bea575d2eb822b81819c49883daab43295d7739723f5289471,"{""config"":[""X+"",""X""],""d"":5,""p"":0.012505128205128205}",
      3072,        12,         0,   0.043,pymatching,b91760ea78cf9f4833c45a5ecc1020af69d569f33061d60ac02f8c5f0093edff,"{""config"":[""X+"",""X""],""d"":7,""p"":0.004664102564102564}",
    129024,        90,         0,   0.403,pymatching,ea09a4b32abbf3bc2d7a93bce8a6270a07c9a8fbb82a401d27da7d7dbe3d981c,"{""config"":[""X+"",""X""],""d"":5,""p"":0.0025256410256410257}",
      5120,         9,         0,   0.062,pymatching,3017794d13067d71bbe69fc9a487c4d5a46e9c4e42027a610cbc4e396de22ffb,"{""config"":[""X+"",""X""],""d"":7,""p"":0.003951282051282051}",
     22528,      1960,         0,   0.295,pymatching,ca2f554788cb570b44fa4ab33dc427a6016586ce277d511855c9e514d3e6cf71,"{""config"":[""X+"",""X""],""d"":5,""p"":0.013574358974358974}",
      2048,        11,         0,   0.030,pymatching,ee0990691a329ed8e229b152d184ce2d683d0c3d6b834929772c40e736d548ee,"{""config"":[""X+"",""X""],""d"":7,""p"":0.00502051282051282}",
     20480,      2107,         0,   0.291,pymatching,d3ff968e4ddbd9f196ba15b5d41653712b459499bae0dccf16936bf597614cff,"{""config"":[""X+"",""X""],""d"":5,""p"":0.014643589743589744}",
      5120,         4,         0,   0.058,pymatching,7236879ddc1304042a8322f1a3f6274c3fbdb49118d290a3484ab208161cd894,"{""config"":[""X+"",""X""],""d"":7,""p"":0.0035948717948717946}",
     10240,         4,         0,   0.083,pymatching,12c5b41cabf9ff9110faad88f46cbfbd5d7e48235d7d185ace2136e311ffa750,"{""config"":[""X+"",""X""],""d"":7,""p"":0.0025256410256410257}",
      8192,         2,         0,   0.076,pymatching,082955c518b24bd60c17f3af52bf5862d964bf74023753b47da27119da6b0a49,"{""config"":[""X+"",""X""],""d"":7,""p"":0.003238461538461538}",
    125952,       212,         0,   0.404,pymatching,f4c7839beb20af417732a61ca7391b9f30de7e6a282b049c366866eba571b6d7,"{""config"":[""X+"",""X""],""d"":5,""p"":0.003238461538461538}",
     58368,         0,         0,   0.288,pymatching,16ca885fde609826572f5298647d12dfaf2af332193be923bfddac3c3bd642ff,"{""config"":[""X+"",""X""],""d"":7,""p"":1.6681005372000593e-05}",
     97280,       272,         0,   0.403,pymatching,aeff48f169dd48fdb8f5bde148f264f232aa739f34c7ed8667501a8ce4d3c9d4,"{""config"":[""X+"",""X""],""d"":5,""p"":0.003951282051282051}",
     59392,         0,         0,   0.291,pymatching,31a70efccbfeaa6db2ece252f400b79af90591c7fff0b63a3b1949e78df8ba26,"{""config"":[""X+"",""X""],""d"":7,""p"":1e-05}",
      5120,        12,         0,   0.058,pymatching,8330916b8be5d1095e8d49076ab85fa486347616b42dbc0912a58b9c140ca6e2,"{""config"":[""X+"",""X""],""d"":7,""p"":0.0043076923076923075}",
     22528,      2096,         0,   0.300,pymatching,407e6a98459076e4e0358fe77d6b353b8611344627233728f4c5190bb8cd2780,"{""config"":[""X+"",""X""],""d"":5,""p"":0.01393076923076923}",
    104448,       225,         0,   0.403,pymatching,17773444cd5fca4526e8956b2d4ccb99ed3a2ed01d0590d62425274c27aea840,"{""config"":[""X+"",""X""],""d"":5,""p"":0.0035948717948717946}",
      1297,         7,         0,   0.036,pymatching,7c53fb4e615d31e5d4c99bf35992fe8d9581d34af76bf8d8eb41aacc4eb492e8,"{""config"":[""X+"",""X""],""d"":7,""p"":0.005376923076923077}",
     23552,      2229,         0,   0.290,pymatching,0f6d6817133aacf49c93431d32c4e691345aefb6dad21102da36d35ebe26720d,"{""config"":[""X+"",""X""],""d"":5,""p"":0.014287179487179487}",
     23552,      1900,         0,   0.294,pymatching,dfdcfca9f59ce6e1fe21a65a20b30d742ad540d0b39f9401d8d58ec8e820e112,"{""config"":[""X+"",""X""],""d"":5,""p"":0.013217948717948718}",
    104448,       406,         0,   0.405,pymatching,02581ace4ad1eaaa3b5aa5e02022fb59aa46d24c5e785fc68481be4d0f39e9f5,"{""config"":[""X+"",""X""],""d"":5,""p"":0.0043076923076923075}",
      9216,         5,         0,   0.083,pymatching,7e730e1bef7adf1cae3895dd9e7eb6ad020c2938095f342009740893cd4ce019,"{""config"":[""X+"",""X""],""d"":7,""p"":0.0028820512820512817}",
     58368,         0,         0,   0.289,pymatching,e4370498d036834c3ffed00723d3559db44010721266769ada6696c66c3f556e,"{""config"":[""X+"",""X""],""d"":7,""p"":4.641588833612782e-05}",
     20480,      2290,         0,   0.299,pymatching,caf5e2199dcdbc82711a5f2af9e59b07201cb37f5cf1880b7e3bba0e130cbbc4,"{""config"":[""X+"",""X""],""d"":5,""p"":0.014999999999999998}",
      3072,        19,         0,   0.045,pymatching,ee0990691a329ed8e229b152d184ce2d683d0c3d6b834929772c40e736d548ee,"{""config"":[""X+"",""X""],""d"":7,""p"":0.00502051282051282}",
     18432,         5,         0,   0.153,pymatching,330944079abe525578c3d0d47137c24a58919f87f916eb882800ac41fd692b35,"{""config"":[""X+"",""X""],""d"":7,""p"":0.002169230769230769}",
     98304,       444,         0,   0.402,pymatching,09574f58fd2678fb903e2784af40010e505918a25596da3f5f07a554aeecc264,"{""config"":[""X+"",""X""],""d"":5,""p"":0.004664102564102564}",
     30720,         1,         0,   0.210,pymatching,ffb8a5c905873fa065329cbf5137555e915ef843bbbf1a1e263982a34543812c,"{""config"":[""X+"",""X""],""d"":7,""p"":0.0018128205128205128}",
      4096,        11,         0,   0.056,pymatching,b91760ea78cf9f4833c45a5ecc1020af69d569f33061d60ac02f8c5f0093edff,"{""config"":[""X+"",""X""],""d"":7,""p"":0.004664102564102564}",
      1024,         6,         0,   0.026,pymatching,7c53fb4e615d31e5d4c99bf35992fe8d9581d34af76bf8d8eb41aacc4eb492e8,"{""config"":[""X+"",""X""],""d"":7,""p"":0.005376923076923077}",
     65536,         0,         0,   0.289,pymatching,4892b451c253103dff8830a265fe51a9fcf22517ec8e3586a17a0c7e8bec142a,"{""config"":[""X+"",""X""],""d"":7,""p"":7.742636826811278e-05}",
     94208,       561,         0,   0.406,pymatching,10f577cbcf1bdd20075b94ea4e01021d99f35b55ea222976e0987393a966a3ff,"{""config"":[""X+"",""X""],""d"":5,""p"":0.00502051282051282}",
     59392,         0,         0,   0.291,pymatching,52872054ed79909810df5215ef5423a021491e18943524a21b4efd4c172d9d6d,"{""config"":[""X+"",""X""],""d"":7,""p"":2.782559402207126e-05}",
     57344,         0,         0,   0.289,pymatching,eff24e668d249c740fb5a200cf98f353e899df1dedfa4bb8c1442c3ffc909199,"{""config"":[""X+"",""X""],""d"":7,""p"":0.0001291549665014884}",
      1024,         8,         0,   0.022,pymatching,7c53fb4e615d31e5d4c99bf35992fe8d9581d34af76bf8d8eb41aacc4eb492e8,"{""config"":[""X+"",""X""],""d"":7,""p"":0.005376923076923077}",
      7168,         9,         0,   0.086,pymatching,3017794d13067d71bbe69fc9a487c4d5a46e9c4e42027a610cbc4e396de22ffb,"{""config"":[""X+"",""X""],""d"":7,""p"":0.003951282051282051}",
      7168,         5,         0,   0.079,pymatching,7236879ddc1304042a8322f1a3f6274c3fbdb49118d290a3484ab208161cd894,"{""config"":[""X+"",""X""],""d"":7,""p"":0.0035948717948717946}",
     77824,       577,         0,   0.404,pymatching,690a4757ff9d21e680de127366c7222eef0035037b5e3d448941cdca909349aa,"{""config"":[""X+"",""X""],""d"":5,""p"":0.005376923076923077}",
      7168,        18,         0,   0.082,pymatching,8330916b8be5d1095e8d49076ab85fa486347616b42dbc0912a58b9c140ca6e2,"{""config"":[""X+"",""X""],""d"":7,""p"":0.0043076923076923075}",
      4096,        20,         0,   0.060,pymatching,ee0990691a329ed8e229b152d184ce2d683d0c3d6b834929772c40e736d548ee,"{""config"":[""X+"",""X""],""d"":7,""p"":0.00502051282051282}",
      2048,        15,         0,   0.037,pymatching,7c53fb4e615d31e5d4c99bf35992fe8d9581d34af76bf8d8eb41aacc4eb492e8,"{""config"":[""X+"",""X""],""d"":7,""p"":0.005376923076923077}",
     56320,         0,         0,   0.290,pymatching,bccd2d64531109f380a62cff62014824789a2ef03dae0ed42ef58c649ca22336,"{""config"":[""X+"",""X""],""d"":7,""p"":0.00021544346900318823}",
     13312,         4,         0,   0.107,pymatching,12c5b41cabf9ff9110faad88f46cbfbd5d7e48235d7d185ace2136e311ffa750,"{""config"":[""X+"",""X""],""d"":7,""p"":0.0025256410256410257}",
     12288,         4,         0,   0.114,pymatching,082955c518b24bd60c17f3af52bf5862d964bf74023753b47da27119da6b0a49,"{""config"":[""X+"",""X""],""d"":7,""p"":0.003238461538461538}",
      6144,        23,         0,   0.083,pymatching,b91760ea78cf9f4833c45a5ecc1020af69d569f33061d60ac02f8c5f0093edff,"{""config"":[""X+"",""X""],""d"":7,""p"":0.004664102564102564}",
     83968,       725,         0,   0.405,pymatching,6100f7b5e28a8fcdf09022bb678e2f535ef01f2158e71fe77cc99001fec31d71,"{""config"":[""X+"",""X""],""d"":5,""p"":0.005733333333333333}",
     12288,         9,         0,   0.110,pymatching,7e730e1bef7adf1cae3895dd9e7eb6ad020c2938095f342009740893cd4ce019,"{""config"":[""X+"",""X""],""d"":7,""p"":0.0028820512820512817}",
     51200,         0,         0,   0.288,pymatching,870b2715199e1c7b6e1be0d5ff7df0086af81c1d733f2cbf0ed299fe72dadb53,"{""config"":[""X+"",""X""],""d"":7,""p"":0.001}",
    121135,         4,         0,   0.268,pymatching,a5c09728ca1e0840e6b2a73a571cbf4cfda9ea5b2b3a5ec65723e06b3616dff1,"{""config"":[""X+"",""X""],""d"":5,""p"":0.001}",
     70656,       763,         0,   0.405,pymatching,5c51941673fa0638a7e502da459654d6bd1a21f74cce026e39539d89fb900517,"{""config"":[""X+"",""X""],""d"":5,""p"":0.00608974358974359}",
      3072,        13,         0,   0.053,pymatching,7c53fb4e615d31e5d4c99bf35992fe8d9581d34af76bf8d8eb41aacc4eb492e8,"{""config"":[""X+"",""X""],""d"":7,""p"":0.005376923076923077}",
     54272,         0,         0,   0.289,pymatching,a8eedd6e5e3a6e4d59662f5f0c45d7600841a89a60324496a9cbda10aee7f64e,"{""config"":[""X+"",""X""],""d"":7,""p"":0.00035938136638046257}",
     74752,       890,         0,   0.407,pymatching,a4efaafae06c4766e4466e47d1b6daeff18e9546db0e687d940b808682b90995,"{""config"":[""X+"",""X""],""d"":5,""p"":0.006446153846153846}",
    119087,        11,         0,   0.269,pymatching,0f0696523286979d7977786c8650b695f858d42e8290cc3da00edabece421f20,"{""config"":[""X+"",""X""],""d"":5,""p"":0.0011}",
     63488,      1346,         0,   0.407,pymatching,2e51d5c6279620f381b953edda12230310e0e55dc99e3286f6c3e7a9300760d2,"{""config"":[""X+"",""X""],""d"":5,""p"":0.007871794871794872}",
      9216,        16,         0,   0.109,pymatching,3017794d13067d71bbe69fc9a487c4d5a46e9c4e42027a610cbc4e396de22ffb,"{""config"":[""X+"",""X""],""d"":7,""p"":0.003951282051282051}",
      6144,        18,         0,   0.088,pymatching,ee0990691a329ed8e229b152d184ce2d683d0c3d6b834929772c40e736d548ee,"{""config"":[""X+"",""X""],""d"":7,""p"":0.00502051282051282}",
     64512,       955,         0,   0.408,pymatching,5b5925c842ce4f5ad9cb6ca3245e58f2a07203b412dec315df13ca3b6c550941,"{""config"":[""X+"",""X""],""d"":5,""p"":0.006802564102564103}",
     10240,        16,         0,   0.114,pymatching,7236879ddc1304042a8322f1a3f6274c3fbdb49118d290a3484ab208161cd894,"{""config"":[""X+"",""X""],""d"":7,""p"":0.0035948717948717946}",
     51200,         0,         0,   0.291,pymatching,6b9f4e34b0f0daa1aa6b4585b18a7139bbe081519dd004fb0636a443e3fd37e2,"{""config"":[""X+"",""X""],""d"":7,""p"":0.0005994842503189409}",
      9216,        15,         0,   0.105,pymatching,8330916b8be5d1095e8d49076ab85fa486347616b42dbc0912a58b9c140ca6e2,"{""config"":[""X+"",""X""],""d"":7,""p"":0.0043076923076923075}",
     58368,      1100,         0,   0.405,pymatching,32cd31c1c4f08999a88eaa96f52ba32d7208e333a5cc32e55a848545f2246465,"{""config"":[""X+"",""X""],""d"":5,""p"":0.007515384615384615}",
     54272,      1326,         0,   0.410,pymatching,0a23164326e71ef334486c04eea418f99a9ee0fed55239d004ad01368dcb11da,"{""config"":[""X+"",""X""],""d"":5,""p"":0.008228205128205128}",
     45056,         0,         0,   0.291,pymatching,66673a494991db4a8a277166cf80056f33c68c5b85e1c95aa453533d394581a1,"{""config"":[""X+"",""X""],""d"":7,""p"":0.0011}",
     61440,      1057,         0,   0.405,pymatching,f2747844340327fb3bc51ad5b61c374f9c11e983edb52ff05170b943debfca16,"{""config"":[""X+"",""X""],""d"":5,""p"":0.007158974358974359}",
      4096,        17,         0,   0.062,pymatching,7c53fb4e615d31e5d4c99bf35992fe8d9581d34af76bf8d8eb41aacc4eb492e8,"{""config"":[""X+"",""X""],""d"":7,""p"":0.005376923076923077}",
     41984,         1,         0,   0.293,pymatching,24a10e6b8a3e2350a887e4da4bd2406151cb9f8b73a2840ac7cc3dcfe1ff6292,"{""config"":[""X+"",""X""],""d"":7,""p"":0.0014564102564102565}",
     58368,      1589,         0,   0.410,pymatching,bb9a12c3e97ed6fbcb8337f6ceafc00934246bdd657b40bc6c95fb4257dd9b58,"{""config"":[""X+"",""X""],""d"":5,""p"":0.008584615384615385}",
    164143,        35,         0,   0.362,pymatching,e01a52abca50f807b94c98c2ff3fe10204eb819d04d5cf83a605e06cb2ac34ab,"{""config"":[""X+"",""X""],""d"":5,""p"":0.0014564102564102565}",
      8192,        22,         0,   0.110,pymatching,b91760ea78cf9f4833c45a5ecc1020af69d569f33061d60ac02f8c5f0093edff,"{""config"":[""X+"",""X""],""d"":7,""p"":0.004664102564102564}",
     54272,      1792,         0,   0.410,pymatching,df829187c4a2c82a29ccf685369196cd12aee454d267be67ba5aa458bc84349e,"{""config"":[""X+"",""X""],""d"":5,""p"":0.009297435897435898}",
     43008,      1855,         0,   0.408,pymatching,6faa466af17fbbff588d8ddfab80acc710cb914eccee0fea2b31d143e578f6c3,"{""config"":[""X+"",""X""],""d"":5,""p"":0.010366666666666666}",
     51200,      2024,         0,   0.404,pymatching,d5e500e4c6e90193847df79157c0ef2a64f00f7f28926bd5d3cb0c498df1deb9,"{""config"":[""X+"",""X""],""d"":5,""p"":0.009653846153846153}",
     55296,      1631,         0,   0.404,pymatching,f1daf6f4ee0447145dfc80171bd159961c12b65f1bee0d3716c4f3494df26778,"{""config"":[""X+"",""X""],""d"":5,""p"":0.00894102564102564}",
     18432,      1839,         0,   0.224,pymatching,0f6d6817133aacf49c93431d32c4e691345aefb6dad21102da36d35ebe26720d,"{""config"":[""X+"",""X""],""d"":5,""p"":0.014287179487179487}",
     44032,      2271,         0,   0.404,pymatching,7ee4e4f29d72a4011a8935e36a7ce57ad8dba258ad71f559ed776e11ae635594,"{""config"":[""X+"",""X""],""d"":5,""p"":0.01107948717948718}",
     25600,         5,         0,   0.213,pymatching,330944079abe525578c3d0d47137c24a58919f87f916eb882800ac41fd692b35,"{""config"":[""X+"",""X""],""d"":7,""p"":0.002169230769230769}",
     18432,         5,         0,   0.148,pymatching,12c5b41cabf9ff9110faad88f46cbfbd5d7e48235d7d185ace2136e311ffa750,"{""config"":[""X+"",""X""],""d"":7,""p"":0.0025256410256410257}",
     50176,      2006,         0,   0.409,pymatching,3c6851ca62951af86b9e0a3ae8fb81ba3c4455bc74ce6bf082c9147df97a2efb,"{""config"":[""X+"",""X""],""d"":5,""p"":0.010010256410256409}",
      1297,         5,         0,   0.026,pymatching,0e55159f8cc3e9ff5036fc15139dd300d40c086444c609c580809a7d5005181b,"{""config"":[""X+"",""X""],""d"":7,""p"":0.005733333333333333}",
      1297,        14,         0,   0.025,pymatching,c38f3fbcd05be71b19ac276a153e0c2484f355d31ecd184d275a4b399a271ace,"{""config"":[""X+"",""X""],""d"":7,""p"":0.00608974358974359}",
     16384,        17,         0,   0.154,pymatching,082955c518b24bd60c17f3af52bf5862d964bf74023753b47da27119da6b0a49,"{""config"":[""X+"",""X""],""d"":7,""p"":0.003238461538461538}",
      1024,         7,         0,   0.017,pymatching,0e55159f8cc3e9ff5036fc15139dd300d40c086444c609c580809a7d5005181b,"{""config"":[""X+"",""X""],""d"":7,""p"":0.005733333333333333}",
     17408,      1899,         0,   0.249,pymatching,caf5e2199dcdbc82711a5f2af9e59b07201cb37f5cf1880b7e3bba0e130cbbc4,"{""config"":[""X+"",""X""],""d"":5,""p"":0.014999999999999998}",
      1024,        10,         0,   0.019,pymatching,c38f3fbcd05be71b19ac276a153e0c2484f355d31ecd184d275a4b399a271ace,"{""config"":[""X+"",""X""],""d"":7,""p"":0.00608974358974359}",
     40960,      2034,         0,   0.404,pymatching,08a7353db2c7a0d74c2c5afd21ffab4da484ab8f68ef1bcd4d92d65e58eba070,"{""config"":[""X+"",""X""],""d"":5,""p"":0.010723076923076922}",
     17408,        10,         0,   0.155,pymatching,7e730e1bef7adf1cae3895dd9e7eb6ad020c2938095f342009740893cd4ce019,"{""config"":[""X+"",""X""],""d"":7,""p"":0.0028820512820512817}",
      5120,        21,         0,   0.079,pymatching,7c53fb4e615d31e5d4c99bf35992fe8d9581d34af76bf8d8eb41aacc4eb492e8,"{""config"":[""X+"",""X""],""d"":7,""p"":0.005376923076923077}",
      8192,        29,         0,   0.119,pymatching,ee0990691a329ed8e229b152d184ce2d683d0c3d6b834929772c40e736d548ee,"{""config"":[""X+"",""X""],""d"":7,""p"":0.00502051282051282}",
     22528,      2380,         0,   0.316,pymatching,d3ff968e4ddbd9f196ba15b5d41653712b459499bae0dccf16936bf597614cff,"{""config"":[""X+"",""X""],""d"":5,""p"":0.014643589743589744}",
       273,         4,         0,   0.010,pymatching,23c6762b737c8f172d70a38cb24337e07ab695cfa3677a29c39ada478a50c087,"{""config"":[""X+"",""X""],""d"":7,""p"":0.006446153846153846}",
      2048,        21,         0,   0.038,pymatching,c38f3fbcd05be71b19ac276a153e0c2484f355d31ecd184d275a4b399a271ace,"{""config"":[""X+"",""X""],""d"":7,""p"":0.00608974358974359}",
      2048,        11,         0,   0.044,pymatching,0e55159f8cc3e9ff5036fc15139dd300d40c086444c609c580809a7d5005181b,"{""config"":[""X+"",""X""],""d"":7,""p"":0.005733333333333333}",
     12288,        19,         0,   0.150,pymatching,3017794d13067d71bbe69fc9a487c4d5a46e9c4e42027a610cbc4e396de22ffb,"{""config"":[""X+"",""X""],""d"":7,""p"":0.003951282051282051}",
     40960,         2,         0,   0.294,pymatching,ffb8a5c905873fa065329cbf5137555e915ef843bbbf1a1e263982a34543812c,"{""config"":[""X+"",""X""],""d"":7,""p"":0.0018128205128205128}",
      1024,        13,         0,   0.026,pymatching,23c6762b737c8f172d70a38cb24337e07ab695cfa3677a29c39ada478a50c087,"{""config"":[""X+"",""X""],""d"":7,""p"":0.006446153846153846}",
     39936,      2611,         0,   0.415,pymatching,a68a43b4f16616a5c09654f0609574b6918dd974e2f71b3b77cca70e9b412734,"{""config"":[""X+"",""X""],""d"":5,""p"":0.012148717948717948}",
     12288,        18,         0,   0.151,pymatching,7236879ddc1304042a8322f1a3f6274c3fbdb49118d290a3484ab208161cd894,"{""config"":[""X+"",""X""],""d"":7,""p"":0.0035948717948717946}",
     37888,      2158,         0,   0.413,pymatching,9c75514be268991ee70500cba93e674345c210722bc9a4cbf30b711959ef5e84,"{""config"":[""X+"",""X""],""d"":5,""p"":0.011435897435897435}",
     34816,      2734,         0,   0.378,pymatching,61b04be8d87def2e34550a7c62c84647810ecd359835bed0b46f84dd17601dd5,"{""config"":[""X+"",""X""],""d"":5,""p"":0.012861538461538462}",
     36864,      2185,         0,   0.416,pymatching,54bc9edd42a0c10fded7ab620ab16a9f4479b0c2ca6f319a1346f46207b00be9,"{""config"":[""X+"",""X""],""d"":5,""p"":0.011792307692307692}",
     11264,        29,         0,   0.149,pymatching,8330916b8be5d1095e8d49076ab85fa486347616b42dbc0912a58b9c140ca6e2,"{""config"":[""X+"",""X""],""d"":7,""p"":0.0043076923076923075}",
      2048,        15,         0,   0.040,pymatching,c38f3fbcd05be71b19ac276a153e0c2484f355d31ecd184d275a4b399a271ace,"{""config"":[""X+"",""X""],""d"":7,""p"":0.00608974358974359}",
      2048,        12,         0,   0.046,pymatching,0e55159f8cc3e9ff5036fc15139dd300d40c086444c609c580809a7d5005181b,"{""config"":[""X+"",""X""],""d"":7,""p"":0.005733333333333333}",
      1297,        10,         0,   0.034,pymatching,44206ae84723ba1ca5b7b273593872b991680c9ab3e4933e072fe09f027cc7ef,"{""config"":[""X+"",""X""],""d"":7,""p"":0.006802564102564103}",
      2048,        16,         0,   0.039,pymatching,23c6762b737c8f172d70a38cb24337e07ab695cfa3677a29c39ada478a50c087,"{""config"":[""X+"",""X""],""d"":7,""p"":0.006446153846153846}",
     34816,      2549,         0,   0.414,pymatching,82e5e19a070f65bea575d2eb822b81819c49883daab43295d7739723f5289471,"{""config"":[""X+"",""X""],""d"":5,""p"":0.012505128205128205}",
      9216,        34,         0,   0.159,pymatching,b91760ea78cf9f4833c45a5ecc1020af69d569f33061d60ac02f8c5f0093edff,"{""config"":[""X+"",""X""],""d"":7,""p"":0.004664102564102564}",
     30720,      2625,         0,   0.408,pymatching,ca2f554788cb570b44fa4ab33dc427a6016586ce277d511855c9e514d3e6cf71,"{""config"":[""X+"",""X""],""d"":5,""p"":0.013574358974358974}",
      1024,         8,         0,   0.026,pymatching,44206ae84723ba1ca5b7b273593872b991680c9ab3e4933e072fe09f027cc7ef,"{""config"":[""X+"",""X""],""d"":7,""p"":0.006802564102564103}",
      2048,        13,         0,   0.041,pymatching,c38f3fbcd05be71b19ac276a153e0c2484f355d31ecd184d275a4b399a271ace,"{""config"":[""X+"",""X""],""d"":7,""p"":0.00608974358974359}",
      6144,        34,         0,   0.106,pymatching,7c53fb4e615d31e5d4c99bf35992fe8d9581d34af76bf8d8eb41aacc4eb492e8,"{""config"":[""X+"",""X""],""d"":7,""p"":0.005376923076923077}",
      2048,        10,         0,   0.041,pymatching,0e55159f8cc3e9ff5036fc15139dd300d40c086444c609c580809a7d5005181b,"{""config"":[""X+"",""X""],""d"":7,""p"":0.005733333333333333}",
      2048,        29,         0,   0.042,pymatching,23c6762b737c8f172d70a38cb24337e07ab695cfa3677a29c39ada478a50c087,"{""config"":[""X+"",""X""],""d"":7,""p"":0.006446153846153846}",
     80896,         0,         0,   0.407,pymatching,16ca885fde609826572f5298647d12dfaf2af332193be923bfddac3c3bd642ff,"{""config"":[""X+"",""X""],""d"":7,""p"":1.6681005372000593e-05}",
     80896,         0,         0,   0.405,pymatching,31a70efccbfeaa6db2ece252f400b79af90591c7fff0b63a3b1949e78df8ba26,"{""config"":[""X+"",""X""],""d"":7,""p"":1e-05}",
     29696,      2609,         0,   0.403,pymatching,407e6a98459076e4e0358fe77d6b353b8611344627233728f4c5190bb8cd2780,"{""config"":[""X+"",""X""],""d"":5,""p"":0.01393076923076923}",
      1024,        13,         0,   0.024,pymatching,44206ae84723ba1ca5b7b273593872b991680c9ab3e4933e072fe09f027cc7ef,"{""config"":[""X+"",""X""],""d"":7,""p"":0.006802564102564103}",
      2048,       176,         0,   0.030,pymatching,ca2f554788cb570b44fa4ab33dc427a6016586ce277d511855c9e514d3e6cf71,"{""config"":[""X+"",""X""],""d"":5,""p"":0.013574358974358974}",
      1297,        21,         0,   0.034,pymatching,f386f3dbd4a32ae34d04b6483c8b0485cf353fc6c027dc42cac209eb6d9f0692,"{""config"":[""X+"",""X""],""d"":7,""p"":0.007158974358974359}",
     29696,      2384,         0,   0.411,pymatching,dfdcfca9f59ce6e1fe21a65a20b30d742ad540d0b39f9401d8d58ec8e820e112,"{""config"":[""X+"",""X""],""d"":5,""p"":0.013217948717948718}",
     79872,         0,         0,   0.404,pymatching,e4370498d036834c3ffed00723d3559db44010721266769ada6696c66c3f556e,"{""config"":[""X+"",""X""],""d"":7,""p"":4.641588833612782e-05}",
      1297,        30,         0,   0.037,pymatching,6aa347dd498ef9eab5063a08f336e609f14f0e078992c644e8370c8e3e95fdc5,"{""config"":[""X+"",""X""],""d"":7,""p"":0.007515384615384615}",
     80896,         0,         0,   0.403,pymatching,4892b451c253103dff8830a265fe51a9fcf22517ec8e3586a17a0c7e8bec142a,"{""config"":[""X+"",""X""],""d"":7,""p"":7.742636826811278e-05}",
      9216,        43,         0,   0.150,pymatching,ee0990691a329ed8e229b152d184ce2d683d0c3d6b834929772c40e736d548ee,"{""config"":[""X+"",""X""],""d"":7,""p"":0.00502051282051282}",
      1024,        13,         0,   0.025,pymatching,f386f3dbd4a32ae34d04b6483c8b0485cf353fc6c027dc42cac209eb6d9f0692,"{""config"":[""X+"",""X""],""d"":7,""p"":0.007158974358974359}",
      2048,        20,         0,   0.040,pymatching,23c6762b737c8f172d70a38cb24337e07ab695cfa3677a29c39ada478a50c087,"{""config"":[""X+"",""X""],""d"":7,""p"":0.006446153846153846}",
     75776,         0,         0,   0.403,pymatching,52872054ed79909810df5215ef5423a021491e18943524a21b4efd4c172d9d6d,"{""config"":[""X+"",""X""],""d"":7,""p"":2.782559402207126e-05}",
     73728,         0,         0,   0.403,pymatching,eff24e668d249c740fb5a200cf98f353e899df1dedfa4bb8c1442c3ffc909199,"{""config"":[""X+"",""X""],""d"":7,""p"":0.0001291549665014884}",
      3072,        39,         0,   0.060,pymatching,c38f3fbcd05be71b19ac276a153e0c2484f355d31ecd184d275a4b399a271ace,"{""config"":[""X+"",""X""],""d"":7,""p"":0.00608974358974359}",
      1024,        22,         0,   0.025,pymatching,6aa347dd498ef9eab5063a08f336e609f14f0e078992c644e8370c8e3e95fdc5,"{""config"":[""X+"",""X""],""d"":7,""p"":0.007515384615384615}",
     19456,         9,         0,   0.208,pymatching,12c5b41cabf9ff9110faad88f46cbfbd5d7e48235d7d185ace2136e311ffa750,"{""config"":[""X+"",""X""],""d"":7,""p"":0.0025256410256410257}",
      2048,        21,         0,   0.042,pymatching,44206ae84723ba1ca5b7b273593872b991680c9ab3e4933e072fe09f027cc7ef,"{""config"":[""X+"",""X""],""d"":7,""p"":0.006802564102564103}",
      1297,        39,         0,   0.031,pymatching,d8032c7aaa6000da39e4b676adf7a6db39d55d43680cbe13128b46e395971b69,"{""config"":[""X+"",""X""],""d"":7,""p"":0.007871794871794872}",
      3072,        15,         0,   0.062,pymatching,0e55159f8cc3e9ff5036fc15139dd300d40c086444c609c580809a7d5005181b,"{""config"":[""X+"",""X""],""d"":7,""p"":0.005733333333333333}",
      1024,        24,         0,   0.025,pymatching,f386f3dbd4a32ae34d04b6483c8b0485cf353fc6c027dc42cac209eb6d9f0692,"{""config"":[""X+"",""X""],""d"":7,""p"":0.007158974358974359}",
     19456,        12,         0,   0.217,pymatching,082955c518b24bd60c17f3af52bf5862d964bf74023753b47da27119da6b0a49,"{""config"":[""X+"",""X""],""d"":7,""p"":0.003238461538461538}",
      1024,        16,         0,   0.026,pymatching,6aa347dd498ef9eab5063a08f336e609f14f0e078992c644e8370c8e3e95fdc5,"{""config"":[""X+"",""X""],""d"":7,""p"":0.007515384615384615}",
      1024,        24,         0,   0.023,pymatching,d8032c7aaa6000da39e4b676adf7a6db39d55d43680cbe13128b46e395971b69,"{""config"":[""X+"",""X""],""d"":7,""p"":0.007871794871794872}",
      2048,        23,         0,   0.040,pymatching,44206ae84723ba1ca5b7b273593872b991680c9ab3e4933e072fe09f027cc7ef,"{""config"":[""X+"",""X""],""d"":7,""p"":0.006802564102564103}",
     21504,        11,         0,   0.213,pymatching,7e730e1bef7adf1cae3895dd9e7eb6ad020c2938095f342009740893cd4ce019,"{""config"":[""X+"",""X""],""d"":7,""p"":0.0028820512820512817}",
     74752,         0,         0,   0.403,pymatching,bccd2d64531109f380a62cff62014824789a2ef03dae0ed42ef58c649ca22336,"{""config"":[""X+"",""X""],""d"":7,""p"":0.00021544346900318823}",
     12288,       774,         0,   0.168,pymatching,a68a43b4f16616a5c09654f0609574b6918dd974e2f71b3b77cca70e9b412734,"{""config"":[""X+"",""X""],""d"":5,""p"":0.012148717948717948}",
      3072,        30,         0,   0.056,pymatching,23c6762b737c8f172d70a38cb24337e07ab695cfa3677a29c39ada478a50c087,"{""config"":[""X+"",""X""],""d"":7,""p"":0.006446153846153846}",
      1024,        23,         0,   0.027,pymatching,6aa347dd498ef9eab5063a08f336e609f14f0e078992c644e8370c8e3e95fdc5,"{""config"":[""X+"",""X""],""d"":7,""p"":0.007515384615384615}",
      1024,        26,         0,   0.024,pymatching,d8032c7aaa6000da39e4b676adf7a6db39d55d43680cbe13128b46e395971b69,"{""config"":[""X+"",""X""],""d"":7,""p"":0.007871794871794872}",
      2048,        27,         0,   0.048,pymatching,f386f3dbd4a32ae34d04b6483c8b0485cf353fc6c027dc42cac209eb6d9f0692,"{""config"":[""X+"",""X""],""d"":7,""p"":0.007158974358974359}",
     15360,        30,         0,   0.208,pymatching,3017794d13067d71bbe69fc9a487c4d5a46e9c4e42027a610cbc4e396de22ffb,"{""config"":[""X+"",""X""],""d"":7,""p"":0.003951282051282051}",
    154624,       165,         0,   0.563,pymatching,55f0ed9f8176943b4c005b3e5fc47e6a71a5178d4a05504719fafde26c3155f6,"{""config"":[""X+"",""X""],""d"":5,""p"":0.0028820512820512817}",
      4096,        39,         0,   0.081,pymatching,c38f3fbcd05be71b19ac276a153e0c2484f355d31ecd184d275a4b399a271ace,"{""config"":[""X+"",""X""],""d"":7,""p"":0.00608974358974359}",
     27648,         6,         0,   0.297,pymatching,330944079abe525578c3d0d47137c24a58919f87f916eb882800ac41fd692b35,"{""config"":[""X+"",""X""],""d"":7,""p"":0.002169230769230769}",
     57344,         1,         0,   0.406,pymatching,870b2715199e1c7b6e1be0d5ff7df0086af81c1d733f2cbf0ed299fe72dadb53,"{""config"":[""X+"",""X""],""d"":7,""p"":0.001}",
    173056,       142,         0,   0.562,pymatching,ea09a4b32abbf3bc2d7a93bce8a6270a07c9a8fbb82a401d27da7d7dbe3d981c,"{""config"":[""X+"",""X""],""d"":5,""p"":0.0025256410256410257}",
     13312,        10,         0,   0.213,pymatching,7236879ddc1304042a8322f1a3f6274c3fbdb49118d290a3484ab208161cd894,"{""config"":[""X+"",""X""],""d"":7,""p"":0.0035948717948717946}",
      1297,        34,         0,   0.040,pymatching,227de2d86eeda9bea1a6f8078969462458ae0b33e00660b16aba1e8327ed3482,"{""config"":[""X+"",""X""],""d"":7,""p"":0.008584615384615385}",
      3072,        16,         0,   0.079,pymatching,0e55159f8cc3e9ff5036fc15139dd300d40c086444c609c580809a7d5005181b,"{""config"":[""X+"",""X""],""d"":7,""p"":0.005733333333333333}",
      8192,       698,         0,   0.119,pymatching,dfdcfca9f59ce6e1fe21a65a20b30d742ad540d0b39f9401d8d58ec8e820e112,"{""config"":[""X+"",""X""],""d"":5,""p"":0.013217948717948718}",
       273,         8,         0,   0.018,pymatching,41c2474327ea7943aa544757a21c759d7876f17f25a502ce90be6f75aaaff781,"{""config"":[""X+"",""X""],""d"":7,""p"":0.008228205128205128}",
     12288,        31,         0,   0.208,pymatching,8330916b8be5d1095e8d49076ab85fa486347616b42dbc0912a58b9c140ca6e2,"{""config"":[""X+"",""X""],""d"":7,""p"":0.0043076923076923075}",
      9216,        43,         0,   0.159,pymatching,7c53fb4e615d31e5d4c99bf35992fe8d9581d34af76bf8d8eb41aacc4eb492e8,"{""config"":[""X+"",""X""],""d"":7,""p"":0.005376923076923077}",
      2048,        46,         0,   0.050,pymatching,d8032c7aaa6000da39e4b676adf7a6db39d55d43680cbe13128b46e395971b69,"{""config"":[""X+"",""X""],""d"":7,""p"":0.007871794871794872}",
      3072,        43,         0,   0.064,pymatching,44206ae84723ba1ca5b7b273593872b991680c9ab3e4933e072fe09f027cc7ef,"{""config"":[""X+"",""X""],""d"":7,""p"":0.006802564102564103}",
      2048,        34,         0,   0.053,pymatching,6aa347dd498ef9eab5063a08f336e609f14f0e078992c644e8370c8e3e95fdc5,"{""config"":[""X+"",""X""],""d"":7,""p"":0.007515384615384615}",
     61440,         0,         0,   0.405,pymatching,a8eedd6e5e3a6e4d59662f5f0c45d7600841a89a60324496a9cbda10aee7f64e,"{""config"":[""X+"",""X""],""d"":7,""p"":0.00035938136638046257}",
    165888,       262,         0,   0.564,pymatching,f4c7839beb20af417732a61ca7391b9f30de7e6a282b049c366866eba571b6d7,"{""config"":[""X+"",""X""],""d"":5,""p"":0.003238461538461538}",
    120832,       342,         0,   0.566,pymatching,aeff48f169dd48fdb8f5bde148f264f232aa739f34c7ed8667501a8ce4d3c9d4,"{""config"":[""X+"",""X""],""d"":5,""p"":0.003951282051282051}",
      2048,        25,         0,   0.050,pymatching,f386f3dbd4a32ae34d04b6483c8b0485cf353fc6c027dc42cac209eb6d9f0692,"{""config"":[""X+"",""X""],""d"":7,""p"":0.007158974358974359}",
      1024,        31,         0,   0.029,pymatching,227de2d86eeda9bea1a6f8078969462458ae0b33e00660b16aba1e8327ed3482,"{""config"":[""X+"",""X""],""d"":7,""p"":0.008584615384615385}",
    133120,       330,         0,   0.564,pymatching,17773444cd5fca4526e8956b2d4ccb99ed3a2ed01d0590d62425274c27aea840,"{""config"":[""X+"",""X""],""d"":5,""p"":0.0035948717948717946}",
     15360,      1063,         0,   0.201,pymatching,82e5e19a070f65bea575d2eb822b81819c49883daab43295d7739723f5289471,"{""config"":[""X+"",""X""],""d"":5,""p"":0.012505128205128205}",
      4096,        36,         0,   0.081,pymatching,23c6762b737c8f172d70a38cb24337e07ab695cfa3677a29c39ada478a50c087,"{""config"":[""X+"",""X""],""d"":7,""p"":0.006446153846153846}",
    136192,       499,         0,   0.567,pymatching,02581ace4ad1eaaa3b5aa5e02022fb59aa46d24c5e785fc68481be4d0f39e9f5,"{""config"":[""X+"",""X""],""d"":5,""p"":0.0043076923076923075}",
     64512,         0,         0,   0.406,pymatching,6b9f4e34b0f0daa1aa6b4585b18a7139bbe081519dd004fb0636a443e3fd37e2,"{""config"":[""X+"",""X""],""d"":7,""p"":0.0005994842503189409}",
      1024,        26,         0,   0.043,pymatching,41c2474327ea7943aa544757a21c759d7876f17f25a502ce90be6f75aaaff781,"{""config"":[""X+"",""X""],""d"":7,""p"":0.008228205128205128}",
     12288,        54,         0,   0.207,pymatching,b91760ea78cf9f4833c45a5ecc1020af69d569f33061d60ac02f8c5f0093edff,"{""config"":[""X+"",""X""],""d"":7,""p"":0.004664102564102564}",
    118784,       621,         0,   0.566,pymatching,09574f58fd2678fb903e2784af40010e505918a25596da3f5f07a554aeecc264,"{""config"":[""X+"",""X""],""d"":5,""p"":0.004664102564102564}",
      1024,        32,         0,   0.029,pymatching,227de2d86eeda9bea1a6f8078969462458ae0b33e00660b16aba1e8327ed3482,"{""config"":[""X+"",""X""],""d"":7,""p"":0.008584615384615385}",
     52224,         0,         0,   0.403,pymatching,66673a494991db4a8a277166cf80056f33c68c5b85e1c95aa453533d394581a1,"{""config"":[""X+"",""X""],""d"":7,""p"":0.0011}",
      2048,        43,         0,   0.049,pymatching,d8032c7aaa6000da39e4b676adf7a6db39d55d43680cbe13128b46e395971b69,"{""config"":[""X+"",""X""],""d"":7,""p"":0.007871794871794872}",
    120832,       714,         0,   0.567,pymatching,10f577cbcf1bdd20075b94ea4e01021d99f35b55ea222976e0987393a966a3ff,"{""config"":[""X+"",""X""],""d"":5,""p"":0.00502051282051282}",
      1024,        25,         0,   0.027,pymatching,41c2474327ea7943aa544757a21c759d7876f17f25a502ce90be6f75aaaff781,"{""config"":[""X+"",""X""],""d"":7,""p"":0.008228205128205128}",
     53248,         1,         0,   0.409,pymatching,24a10e6b8a3e2350a887e4da4bd2406151cb9f8b73a2840ac7cc3dcfe1ff6292,"{""config"":[""X+"",""X""],""d"":7,""p"":0.0014564102564102565}",
    267567,        79,         0,   0.754,pymatching,c0d6877e7b645f898e893ac18e383808a71d71c812f9e927d453cca722236fea,"{""config"":[""X+"",""X""],""d"":5,""p"":0.0018128205128205128}",
     37888,      1964,         0,   0.389,pymatching,7ee4e4f29d72a4011a8935e36a7ce57ad8dba258ad71f559ed776e11ae635594,"{""config"":[""X+"",""X""],""d"":5,""p"":0.01107948717948718}",
      1024,        35,         0,   0.028,pymatching,227de2d86eeda9bea1a6f8078969462458ae0b33e00660b16aba1e8327ed3482,"{""config"":[""X+"",""X""],""d"":7,""p"":0.008584615384615385}",
     95232,       725,         0,   0.564,pymatching,690a4757ff9d21e680de127366c7222eef0035037b5e3d448941cdca909349aa,"{""config"":[""X+"",""X""],""d"":5,""p"":0.005376923076923077}",
      1297,        45,         0,   0.040,pymatching,ec494b4727993ce701a9f353fb8d0b33061a04b472a8827628fb0d3c1a50c06e,"{""config"":[""X+"",""X""],""d"":7,""p"":0.00894102564102564}",
      3072,        53,         0,   0.077,pymatching,6aa347dd498ef9eab5063a08f336e609f14f0e078992c644e8370c8e3e95fdc5,"{""config"":[""X+"",""X""],""d"":7,""p"":0.007515384615384615}",
      3072,        53,         0,   0.071,pymatching,f386f3dbd4a32ae34d04b6483c8b0485cf353fc6c027dc42cac209eb6d9f0692,"{""config"":[""X+"",""X""],""d"":7,""p"":0.007158974358974359}",
      4096,        53,         0,   0.082,pymatching,44206ae84723ba1ca5b7b273593872b991680c9ab3e4933e072fe09f027cc7ef,"{""config"":[""X+"",""X""],""d"":7,""p"":0.006802564102564103}",
      6144,        45,         0,   0.119,pymatching,c38f3fbcd05be71b19ac276a153e0c2484f355d31ecd184d275a4b399a271ace,"{""config"":[""X+"",""X""],""d"":7,""p"":0.00608974358974359}",
    246784,       136,         0,   0.785,pymatching,2e666ff94e32b22ba1e2eb7ee872bad7156a7f14148ede0723cb6bd578f00ff7,"{""config"":[""X+"",""X""],""d"":5,""p"":0.002169230769230769}",
       273,         6,         0,   0.010,pymatching,c48a13a7d498dce35d18b2e027ba9c44aa02977ef7b043c12b97c8b42a9bf706,"{""config"":[""X+"",""X""],""d"":7,""p"":0.009297435897435898}",
     13312,        51,         0,   0.217,pymatching,ee0990691a329ed8e229b152d184ce2d683d0c3d6b834929772c40e736d548ee,"{""config"":[""X+"",""X""],""d"":7,""p"":0.00502051282051282}",
      1024,        37,         0,   0.027,pymatching,ec494b4727993ce701a9f353fb8d0b33061a04b472a8827628fb0d3c1a50c06e,"{""config"":[""X+"",""X""],""d"":7,""p"":0.00894102564102564}",
      2048,        51,         0,   0.055,pymatching,41c2474327ea7943aa544757a21c759d7876f17f25a502ce90be6f75aaaff781,"{""config"":[""X+"",""X""],""d"":7,""p"":0.008228205128205128}",
      5120,        37,         0,   0.129,pymatching,0e55159f8cc3e9ff5036fc15139dd300d40c086444c609c580809a7d5005181b,"{""config"":[""X+"",""X""],""d"":7,""p"":0.005733333333333333}",
      3072,        72,         0,   0.069,pymatching,d8032c7aaa6000da39e4b676adf7a6db39d55d43680cbe13128b46e395971b69,"{""config"":[""X+"",""X""],""d"":7,""p"":0.007871794871794872}",
      2048,        66,         0,   0.057,pymatching,227de2d86eeda9bea1a6f8078969462458ae0b33e00660b16aba1e8327ed3482,"{""config"":[""X+"",""X""],""d"":7,""p"":0.008584615384615385}",
      1024,        45,         0,   0.032,pymatching,c48a13a7d498dce35d18b2e027ba9c44aa02977ef7b043c12b97c8b42a9bf706,"{""config"":[""X+"",""X""],""d"":7,""p"":0.009297435897435898}",
       273,         9,         0,   0.011,pymatching,0a0fa3fb2e2a7c7c004b0728d3d81adff078a454172fb00260d0a28337b59b58,"{""config"":[""X+"",""X""],""d"":7,""p"":0.009653846153846153}",
      1024,        36,         0,   0.025,pymatching,ec494b4727993ce701a9f353fb8d0b33061a04b472a8827628fb0d3c1a50c06e,"{""config"":[""X+"",""X""],""d"":7,""p"":0.00894102564102564}",
     98304,       863,         0,   0.563,pymatching,6100f7b5e28a8fcdf09022bb678e2f535ef01f2158e71fe77cc99001fec31d71,"{""config"":[""X+"",""X""],""d"":5,""p"":0.005733333333333333}",
      6144,        82,         0,   0.112,pymatching,23c6762b737c8f172d70a38cb24337e07ab695cfa3677a29c39ada478a50c087,"{""config"":[""X+"",""X""],""d"":7,""p"":0.006446153846153846}",
     92160,      1011,         0,   0.565,pymatching,5c51941673fa0638a7e502da459654d6bd1a21f74cce026e39539d89fb900517,"{""config"":[""X+"",""X""],""d"":5,""p"":0.00608974358974359}",
      1024,        37,         0,   0.032,pymatching,c48a13a7d498dce35d18b2e027ba9c44aa02977ef7b043c12b97c8b42a9bf706,"{""config"":[""X+"",""X""],""d"":7,""p"":0.009297435897435898}",
      1024,        33,         0,   0.033,pymatching,0a0fa3fb2e2a7c7c004b0728d3d81adff078a454172fb00260d0a28337b59b58,"{""config"":[""X+"",""X""],""d"":7,""p"":0.009653846153846153}",
     84992,       993,         0,   0.566,pymatching,a4efaafae06c4766e4466e47d1b6daeff18e9546db0e687d940b808682b90995,"{""config"":[""X+"",""X""],""d"":5,""p"":0.006446153846153846}",
      2048,        55,         0,   0.052,pymatching,41c2474327ea7943aa544757a21c759d7876f17f25a502ce90be6f75aaaff781,"{""config"":[""X+"",""X""],""d"":7,""p"":0.008228205128205128}",
     47104,         1,         0,   0.403,pymatching,ffb8a5c905873fa065329cbf5137555e915ef843bbbf1a1e263982a34543812c,"{""config"":[""X+"",""X""],""d"":7,""p"":0.0018128205128205128}",
      4096,        66,         0,   0.092,pymatching,f386f3dbd4a32ae34d04b6483c8b0485cf353fc6c027dc42cac209eb6d9f0692,"{""config"":[""X+"",""X""],""d"":7,""p"":0.007158974358974359}",
      4096,        96,         0,   0.099,pymatching,6aa347dd498ef9eab5063a08f336e609f14f0e078992c644e8370c8e3e95fdc5,"{""config"":[""X+"",""X""],""d"":7,""p"":0.007515384615384615}",
      2048,        74,         0,   0.048,pymatching,ec494b4727993ce701a9f353fb8d0b33061a04b472a8827628fb0d3c1a50c06e,"{""config"":[""X+"",""X""],""d"":7,""p"":0.00894102564102564}",
      2048,        70,         0,   0.055,pymatching,227de2d86eeda9bea1a6f8078969462458ae0b33e00660b16aba1e8327ed3482,"{""config"":[""X+"",""X""],""d"":7,""p"":0.008584615384615385}",
     74752,      1616,         0,   0.568,pymatching,2e51d5c6279620f381b953edda12230310e0e55dc99e3286f6c3e7a9300760d2,"{""config"":[""X+"",""X""],""d"":5,""p"":0.007871794871794872}",
      1297,        84,         0,   0.039,pymatching,9f3b11242620fc201fc7c3c6af4ea4b603f6773d025efaf91c63a9cc1302963a,"{""config"":[""X+"",""X""],""d"":7,""p"":0.010366666666666666}",
       273,        15,         0,   0.015,pymatching,5de7814fecb77d1c90db56389c6856da3bdd9a777672366f1e77933b35d0d4bb,"{""config"":[""X+"",""X""],""d"":7,""p"":0.010010256410256409}",
     78848,      1126,         0,   0.568,pymatching,5b5925c842ce4f5ad9cb6ca3245e58f2a07203b412dec315df13ca3b6c550941,"{""config"":[""X+"",""X""],""d"":5,""p"":0.006802564102564103}",
      1024,        42,         0,   0.030,pymatching,c48a13a7d498dce35d18b2e027ba9c44aa02977ef7b043c12b97c8b42a9bf706,"{""config"":[""X+"",""X""],""d"":7,""p"":0.009297435897435898}",
     29696,         9,         0,   0.297,pymatching,12c5b41cabf9ff9110faad88f46cbfbd5d7e48235d7d185ace2136e311ffa750,"{""config"":[""X+"",""X""],""d"":7,""p"":0.0025256410256410257}",
      1024,        48,         0,   0.031,pymatching,0a0fa3fb2e2a7c7c004b0728d3d81adff078a454172fb00260d0a28337b59b58,"{""config"":[""X+"",""X""],""d"":7,""p"":0.009653846153846153}",
      6144,        93,         0,   0.111,pymatching,44206ae84723ba1ca5b7b273593872b991680c9ab3e4933e072fe09f027cc7ef,"{""config"":[""X+"",""X""],""d"":7,""p"":0.006802564102564103}",
      4096,        96,         0,   0.084,pymatching,d8032c7aaa6000da39e4b676adf7a6db39d55d43680cbe13128b46e395971b69,"{""config"":[""X+"",""X""],""d"":7,""p"":0.007871794871794872}",
     67584,      1296,         0,   0.568,pymatching,32cd31c1c4f08999a88eaa96f52ba32d7208e333a5cc32e55a848545f2246465,"{""config"":[""X+"",""X""],""d"":5,""p"":0.007515384615384615}",
     62464,      1507,         0,   0.568,pymatching,0a23164326e71ef334486c04eea418f99a9ee0fed55239d004ad01368dcb11da,"{""config"":[""X+"",""X""],""d"":5,""p"":0.008228205128205128}",
     69632,      1114,         0,   0.566,pymatching,f2747844340327fb3bc51ad5b61c374f9c11e983edb52ff05170b943debfca16,"{""config"":[""X+"",""X""],""d"":5,""p"":0.007158974358974359}",
     25600,        19,         0,   0.290,pymatching,082955c518b24bd60c17f3af52bf5862d964bf74023753b47da27119da6b0a49,"{""config"":[""X+"",""X""],""d"":7,""p"":0.003238461538461538}",
      1024,        46,         0,   0.029,pymatching,9f3b11242620fc201fc7c3c6af4ea4b603f6773d025efaf91c63a9cc1302963a,"{""config"":[""X+"",""X""],""d"":7,""p"":0.010366666666666666}",
     30720,      1941,         0,   0.435,pymatching,54bc9edd42a0c10fded7ab620ab16a9f4479b0c2ca6f319a1346f46207b00be9,"{""config"":[""X+"",""X""],""d"":5,""p"":0.011792307692307692}",
     13312,        70,         0,   0.222,pymatching,7c53fb4e615d31e5d4c99bf35992fe8d9581d34af76bf8d8eb41aacc4eb492e8,"{""config"":[""X+"",""X""],""d"":7,""p"":0.005376923076923077}",
     65536,      1745,         0,   0.564,pymatching,bb9a12c3e97ed6fbcb8337f6ceafc00934246bdd657b40bc6c95fb4257dd9b58,"{""config"":[""X+"",""X""],""d"":5,""p"":0.008584615384615385}",
      1024,        32,         0,   0.031,pymatching,0a0fa3fb2e2a7c7c004b0728d3d81adff078a454172fb00260d0a28337b59b58,"{""config"":[""X+"",""X""],""d"":7,""p"":0.009653846153846153}",
      2048,        69,         0,   0.049,pymatching,ec494b4727993ce701a9f353fb8d0b33061a04b472a8827628fb0d3c1a50c06e,"{""config"":[""X+"",""X""],""d"":7,""p"":0.00894102564102564}",
     30720,        10,         0,   0.291,pymatching,7e730e1bef7adf1cae3895dd9e7eb6ad020c2938095f342009740893cd4ce019,"{""config"":[""X+"",""X""],""d"":7,""p"":0.0028820512820512817}",
      1024,        51,         0,   0.046,pymatching,5de7814fecb77d1c90db56389c6856da3bdd9a777672366f1e77933b35d0d4bb,"{""config"":[""X+"",""X""],""d"":7,""p"":0.010010256410256409}",
     64512,      2197,         0,   0.565,pymatching,df829187c4a2c82a29ccf685369196cd12aee454d267be67ba5aa458bc84349e,"{""config"":[""X+"",""X""],""d"":5,""p"":0.009297435897435898}",
     61440,      2284,         0,   0.567,pymatching,d5e500e4c6e90193847df79157c0ef2a64f00f7f28926bd5d3cb0c498df1deb9,"{""config"":[""X+"",""X""],""d"":5,""p"":0.009653846153846153}",
      3072,        81,         0,   0.076,pymatching,41c2474327ea7943aa544757a21c759d7876f17f25a502ce90be6f75aaaff781,"{""config"":[""X+"",""X""],""d"":7,""p"":0.008228205128205128}",
     38912,      2310,         0,   0.467,pymatching,9c75514be268991ee70500cba93e674345c210722bc9a4cbf30b711959ef5e84,"{""config"":[""X+"",""X""],""d"":5,""p"":0.011435897435897435}",
     52224,      2410,         0,   0.573,pymatching,6faa466af17fbbff588d8ddfab80acc710cb914eccee0fea2b31d143e578f6c3,"{""config"":[""X+"",""X""],""d"":5,""p"":0.010366666666666666}",
      1024,        60,         0,   0.030,pymatching,9f3b11242620fc201fc7c3c6af4ea4b603f6773d025efaf91c63a9cc1302963a,"{""config"":[""X+"",""X""],""d"":7,""p"":0.010366666666666666}",
     64512,      1926,         0,   0.566,pymatching,f1daf6f4ee0447145dfc80171bd159961c12b65f1bee0d3716c4f3494df26778,"{""config"":[""X+"",""X""],""d"":5,""p"":0.00894102564102564}",
      8192,        74,         0,   0.150,pymatching,c38f3fbcd05be71b19ac276a153e0c2484f355d31ecd184d275a4b399a271ace,"{""config"":[""X+"",""X""],""d"":7,""p"":0.00608974358974359}",
      2048,        87,         0,   0.059,pymatching,c48a13a7d498dce35d18b2e027ba9c44aa02977ef7b043c12b97c8b42a9bf706,"{""config"":[""X+"",""X""],""d"":7,""p"":0.009297435897435898}",
     63488,      2656,         0,   0.565,pymatching,3c6851ca62951af86b9e0a3ae8fb81ba3c4455bc74ce6bf082c9147df97a2efb,"{""config"":[""X+"",""X""],""d"":5,""p"":0.010010256410256409}",
     22528,        37,         0,   0.291,pymatching,3017794d13067d71bbe69fc9a487c4d5a46e9c4e42027a610cbc4e396de22ffb,"{""config"":[""X+"",""X""],""d"":7,""p"":0.003951282051282051}",
      3072,        84,         0,   0.081,pymatching,227de2d86eeda9bea1a6f8078969462458ae0b33e00660b16aba1e8327ed3482,"{""config"":[""X+"",""X""],""d"":7,""p"":0.008584615384615385}",
      1024,        50,         0,   0.033,pymatching,5de7814fecb77d1c90db56389c6856da3bdd9a777672366f1e77933b35d0d4bb,"{""config"":[""X+"",""X""],""d"":7,""p"":0.010010256410256409}",
      1024,        52,         0,   0.030,pymatching,9f3b11242620fc201fc7c3c6af4ea4b603f6773d025efaf91c63a9cc1302963a,"{""config"":[""X+"",""X""],""d"":7,""p"":0.010366666666666666}",
     22528,        28,         0,   0.290,pymatching,7236879ddc1304042a8322f1a3f6274c3fbdb49118d290a3484ab208161cd894,"{""config"":[""X+"",""X""],""d"":7,""p"":0.0035948717948717946}",
      9216,        57,         0,   0.161,pymatching,0e55159f8cc3e9ff5036fc15139dd300d40c086444c609c580809a7d5005181b,"{""config"":[""X+"",""X""],""d"":7,""p"":0.005733333333333333}",
     23552,        46,         0,   0.291,pymatching,8330916b8be5d1095e8d49076ab85fa486347616b42dbc0912a58b9c140ca6e2,"{""config"":[""X+"",""X""],""d"":7,""p"":0.0043076923076923075}",
      5120,        77,         0,   0.110,pymatching,f386f3dbd4a32ae34d04b6483c8b0485cf353fc6c027dc42cac209eb6d9f0692,"{""config"":[""X+"",""X""],""d"":7,""p"":0.007158974358974359}",
      2048,       100,         0,   0.064,pymatching,0a0fa3fb2e2a7c7c004b0728d3d81adff078a454172fb00260d0a28337b59b58,"{""config"":[""X+"",""X""],""d"":7,""p"":0.009653846153846153}",
      9216,        99,         0,   0.155,pymatching,23c6762b737c8f172d70a38cb24337e07ab695cfa3677a29c39ada478a50c087,"{""config"":[""X+"",""X""],""d"":7,""p"":0.006446153846153846}",
     47104,      2329,         0,   0.572,pymatching,08a7353db2c7a0d74c2c5afd21ffab4da484ab8f68ef1bcd4d92d65e58eba070,"{""config"":[""X+"",""X""],""d"":5,""p"":0.010723076923076922}",
      5120,        99,         0,   0.118,pymatching,6aa347dd498ef9eab5063a08f336e609f14f0e078992c644e8370c8e3e95fdc5,"{""config"":[""X+"",""X""],""d"":7,""p"":0.007515384615384615}",
      1024,        66,         0,   0.034,pymatching,5de7814fecb77d1c90db56389c6856da3bdd9a777672366f1e77933b35d0d4bb,"{""config"":[""X+"",""X""],""d"":7,""p"":0.010010256410256409}",
      3072,       107,         0,   0.073,pymatching,ec494b4727993ce701a9f353fb8d0b33061a04b472a8827628fb0d3c1a50c06e,"{""config"":[""X+"",""X""],""d"":7,""p"":0.00894102564102564}",
      5120,       199,         0,   0.043,pymatching,3c6851ca62951af86b9e0a3ae8fb81ba3c4455bc74ce6bf082c9147df97a2efb,"{""config"":[""X+"",""X""],""d"":5,""p"":0.010010256410256409}",
     67887,        33,         0,   0.205,pymatching,2e666ff94e32b22ba1e2eb7ee872bad7156a7f14148ede0723cb6bd578f00ff7,"{""config"":[""X+"",""X""],""d"":5,""p"":0.002169230769230769}",
      5120,       113,         0,   0.105,pymatching,d8032c7aaa6000da39e4b676adf7a6db39d55d43680cbe13128b46e395971b69,"{""config"":[""X+"",""X""],""d"":7,""p"":0.007871794871794872}",
      2048,        90,         0,   0.059,pymatching,c48a13a7d498dce35d18b2e027ba9c44aa02977ef7b043c12b97c8b42a9bf706,"{""config"":[""X+"",""X""],""d"":7,""p"":0.009297435897435898}",
       273,        17,         0,   0.011,pymatching,6f4ec4646e76f6575e9ad182043f8c9131831ae1f009da911f924c4848461de6,"{""config"":[""X+"",""X""],""d"":7,""p"":0.010723076923076922}",
      3072,        74,         0,   0.077,pymatching,41c2474327ea7943aa544757a21c759d7876f17f25a502ce90be6f75aaaff781,"{""config"":[""X+"",""X""],""d"":7,""p"":0.008228205128205128}",
     20480,        70,         0,   0.298,pymatching,b91760ea78cf9f4833c45a5ecc1020af69d569f33061d60ac02f8c5f0093edff,"{""config"":[""X+"",""X""],""d"":7,""p"":0.004664102564102564}",
      2048,        91,         0,   0.059,pymatching,9f3b11242620fc201fc7c3c6af4ea4b603f6773d025efaf91c63a9cc1302963a,"{""config"":[""X+"",""X""],""d"":7,""p"":0.010366666666666666}",
      1024,        70,         0,   0.035,pymatching,6f4ec4646e76f6575e9ad182043f8c9131831ae1f009da911f924c4848461de6,"{""config"":[""X+"",""X""],""d"":7,""p"":0.010723076923076922}",
       273,        23,         0,   0.011,pymatching,e14fac3ff9f73925237292ee128f50b77609902dd5fe9dc1721ca4e6dba902e2,"{""config"":[""X+"",""X""],""d"":7,""p"":0.01107948717948718}",
      2048,        90,         0,   0.063,pymatching,0a0fa3fb2e2a7c7c004b0728d3d81adff078a454172fb00260d0a28337b59b58,"{""config"":[""X+"",""X""],""d"":7,""p"":0.009653846153846153}",
      9216,       119,         0,   0.163,pymatching,44206ae84723ba1ca5b7b273593872b991680c9ab3e4933e072fe09f027cc7ef,"{""config"":[""X+"",""X""],""d"":7,""p"":0.006802564102564103}",
      2048,        96,         0,   0.066,pymatching,5de7814fecb77d1c90db56389c6856da3bdd9a777672366f1e77933b35d0d4bb,"{""config"":[""X+"",""X""],""d"":7,""p"":0.010010256410256409}",
      4096,       119,         0,   0.108,pymatching,227de2d86eeda9bea1a6f8078969462458ae0b33e00660b16aba1e8327ed3482,"{""config"":[""X+"",""X""],""d"":7,""p"":0.008584615384615385}",
      1024,        52,         0,   0.035,pymatching,6f4ec4646e76f6575e9ad182043f8c9131831ae1f009da911f924c4848461de6,"{""config"":[""X+"",""X""],""d"":7,""p"":0.010723076923076922}",
      1024,        73,         0,   0.037,pymatching,e14fac3ff9f73925237292ee128f50b77609902dd5fe9dc1721ca4e6dba902e2,"{""config"":[""X+"",""X""],""d"":7,""p"":0.01107948717948718}",
     45056,         4,         0,   0.407,pymatching,330944079abe525578c3d0d47137c24a58919f87f916eb882800ac41fd692b35,"{""config"":[""X+"",""X""],""d"":7,""p"":0.002169230769230769}",
      2048,       101,         0,   0.058,pymatching,9f3b11242620fc201fc7c3c6af4ea4b603f6773d025efaf91c63a9cc1302963a,"{""config"":[""X+"",""X""],""d"":7,""p"":0.010366666666666666}",
       273,        30,         0,   0.011,pymatching,b01cb16ee4fd2a5c762bfd1738fa3ff5aab7aaf84f2dd101a6bb2a4dc081c946,"{""config"":[""X+"",""X""],""d"":7,""p"":0.011792307692307692}",
     19456,        83,         0,   0.294,pymatching,ee0990691a329ed8e229b152d184ce2d683d0c3d6b834929772c40e736d548ee,"{""config"":[""X+"",""X""],""d"":7,""p"":0.00502051282051282}",
      4096,       145,         0,   0.097,pymatching,ec494b4727993ce701a9f353fb8d0b33061a04b472a8827628fb0d3c1a50c06e,"{""config"":[""X+"",""X""],""d"":7,""p"":0.00894102564102564}",
     10240,       488,         0,   0.104,pymatching,08a7353db2c7a0d74c2c5afd21ffab4da484ab8f68ef1bcd4d92d65e58eba070,"{""config"":[""X+"",""X""],""d"":5,""p"":0.010723076923076922}",
      3072,       117,         0,   0.090,pymatching,c48a13a7d498dce35d18b2e027ba9c44aa02977ef7b043c12b97c8b42a9bf706,"{""config"":[""X+"",""X""],""d"":7,""p"":0.009297435897435898}",
       273,        21,         0,   0.015,pymatching,25657772526c41e16bcdcc760778c78ebbeec3c72f19609f193c1a6bb8cfb9dc,"{""config"":[""X+"",""X""],""d"":7,""p"":0.011435897435897435}",
    108544,         0,         0,   0.564,pymatching,31a70efccbfeaa6db2ece252f400b79af90591c7fff0b63a3b1949e78df8ba26,"{""config"":[""X+"",""X""],""d"":7,""p"":1e-05}",
    108544,         0,         0,   0.566,pymatching,16ca885fde609826572f5298647d12dfaf2af332193be923bfddac3c3bd642ff,"{""config"":[""X+"",""X""],""d"":7,""p"":1.6681005372000593e-05}",
      1024,        68,         0,   0.034,pymatching,6f4ec4646e76f6575e9ad182043f8c9131831ae1f009da911f924c4848461de6,"{""config"":[""X+"",""X""],""d"":7,""p"":0.010723076923076922}",
      1024,        88,         0,   0.036,pymatching,e14fac3ff9f73925237292ee128f50b77609902dd5fe9dc1721ca4e6dba902e2,"{""config"":[""X+"",""X""],""d"":7,""p"":0.01107948717948718}",
      1024,        75,         0,   0.035,pymatching,b01cb16ee4fd2a5c762bfd1738fa3ff5aab7aaf84f2dd101a6bb2a4dc081c946,"{""config"":[""X+"",""X""],""d"":7,""p"":0.011792307692307692}",
      2048,       107,         0,   0.066,pymatching,5de7814fecb77d1c90db56389c6856da3bdd9a777672366f1e77933b35d0d4bb,"{""config"":[""X+"",""X""],""d"":7,""p"":0.010010256410256409}",
     19456,       860,         0,   0.190,pymatching,6faa466af17fbbff588d8ddfab80acc710cb914eccee0fea2b31d143e578f6c3,"{""config"":[""X+"",""X""],""d"":5,""p"":0.010366666666666666}",
      7168,       140,         0,   0.153,pymatching,f386f3dbd4a32ae34d04b6483c8b0485cf353fc6c027dc42cac209eb6d9f0692,"{""config"":[""X+"",""X""],""d"":7,""p"":0.007158974358974359}",
    108544,         0,         0,   0.567,pymatching,e4370498d036834c3ffed00723d3559db44010721266769ada6696c66c3f556e,"{""config"":[""X+"",""X""],""d"":7,""p"":4.641588833612782e-05}",
      1024,        84,         0,   0.038,pymatching,25657772526c41e16bcdcc760778c78ebbeec3c72f19609f193c1a6bb8cfb9dc,"{""config"":[""X+"",""X""],""d"":7,""p"":0.011435897435897435}",
      3072,       124,         0,   0.092,pymatching,0a0fa3fb2e2a7c7c004b0728d3d81adff078a454172fb00260d0a28337b59b58,"{""config"":[""X+"",""X""],""d"":7,""p"":0.009653846153846153}",
     25600,       953,         0,   0.203,pymatching,d5e500e4c6e90193847df79157c0ef2a64f00f7f28926bd5d3cb0c498df1deb9,"{""config"":[""X+"",""X""],""d"":5,""p"":0.009653846153846153}",
      5120,       161,         0,   0.128,pymatching,41c2474327ea7943aa544757a21c759d7876f17f25a502ce90be6f75aaaff781,"{""config"":[""X+"",""X""],""d"":7,""p"":0.008228205128205128}",
    121856,         0,         0,   0.566,pymatching,4892b451c253103dff8830a265fe51a9fcf22517ec8e3586a17a0c7e8bec142a,"{""config"":[""X+"",""X""],""d"":7,""p"":7.742636826811278e-05}",
      1024,        72,         0,   0.036,pymatching,e14fac3ff9f73925237292ee128f50b77609902dd5fe9dc1721ca4e6dba902e2,"{""config"":[""X+"",""X""],""d"":7,""p"":0.01107948717948718}",
      7168,       139,         0,   0.162,pymatching,6aa347dd498ef9eab5063a08f336e609f14f0e078992c644e8370c8e3e95fdc5,"{""config"":[""X+"",""X""],""d"":7,""p"":0.007515384615384615}",
    105472,         0,         0,   0.566,pymatching,52872054ed79909810df5215ef5423a021491e18943524a21b4efd4c172d9d6d,"{""config"":[""X+"",""X""],""d"":7,""p"":2.782559402207126e-05}",
    106496,         0,         0,   0.567,pymatching,eff24e668d249c740fb5a200cf98f353e899df1dedfa4bb8c1442c3ffc909199,"{""config"":[""X+"",""X""],""d"":7,""p"":0.0001291549665014884}",
      1024,        71,         0,   0.035,pymatching,b01cb16ee4fd2a5c762bfd1738fa3ff5aab7aaf84f2dd101a6bb2a4dc081c946,"{""config"":[""X+"",""X""],""d"":7,""p"":0.011792307692307692}",
     12288,        99,         0,   0.219,pymatching,c38f3fbcd05be71b19ac276a153e0c2484f355d31ecd184d275a4b399a271ace,"{""config"":[""X+"",""X""],""d"":7,""p"":0.00608974358974359}",
      8192,       175,         0,   0.167,pymatching,d8032c7aaa6000da39e4b676adf7a6db39d55d43680cbe13128b46e395971b69,"{""config"":[""X+"",""X""],""d"":7,""p"":0.007871794871794872}",
      1024,        70,         0,   0.038,pymatching,25657772526c41e16bcdcc760778c78ebbeec3c72f19609f193c1a6bb8cfb9dc,"{""config"":[""X+"",""X""],""d"":7,""p"":0.011435897435897435}",
      3072,       184,         0,   0.088,pymatching,9f3b11242620fc201fc7c3c6af4ea4b603f6773d025efaf91c63a9cc1302963a,"{""config"":[""X+"",""X""],""d"":7,""p"":0.010366666666666666}",
     12288,        83,         0,   0.209,pymatching,0e55159f8cc3e9ff5036fc15139dd300d40c086444c609c580809a7d5005181b,"{""config"":[""X+"",""X""],""d"":7,""p"":0.005733333333333333}",
      2048,       141,         0,   0.070,pymatching,6f4ec4646e76f6575e9ad182043f8c9131831ae1f009da911f924c4848461de6,"{""config"":[""X+"",""X""],""d"":7,""p"":0.010723076923076922}",
      1024,        80,         0,   0.034,pymatching,b01cb16ee4fd2a5c762bfd1738fa3ff5aab7aaf84f2dd101a6bb2a4dc081c946,"{""config"":[""X+"",""X""],""d"":7,""p"":0.011792307692307692}",
       273,        31,         0,   0.013,pymatching,292a1887256be123bb88225c16fd8bc580da5a3b555d8ae5bb8cb6333b8325ea,"{""config"":[""X+"",""X""],""d"":7,""p"":0.012148717948717948}",
     18432,       106,         0,   0.292,pymatching,7c53fb4e615d31e5d4c99bf35992fe8d9581d34af76bf8d8eb41aacc4eb492e8,"{""config"":[""X+"",""X""],""d"":7,""p"":0.005376923076923077}",
    105472,         0,         0,   0.569,pymatching,bccd2d64531109f380a62cff62014824789a2ef03dae0ed42ef58c649ca22336,"{""config"":[""X+"",""X""],""d"":7,""p"":0.00021544346900318823}",
      1024,        62,         0,   0.037,pymatching,25657772526c41e16bcdcc760778c78ebbeec3c72f19609f193c1a6bb8cfb9dc,"{""config"":[""X+"",""X""],""d"":7,""p"":0.011435897435897435}",
     13312,       143,         0,   0.222,pymatching,23c6762b737c8f172d70a38cb24337e07ab695cfa3677a29c39ada478a50c087,"{""config"":[""X+"",""X""],""d"":7,""p"":0.006446153846153846}",
      4096,       163,         0,   0.117,pymatching,c48a13a7d498dce35d18b2e027ba9c44aa02977ef7b043c12b97c8b42a9bf706,"{""config"":[""X+"",""X""],""d"":7,""p"":0.009297435897435898}",
      5120,       186,         0,   0.121,pymatching,ec494b4727993ce701a9f353fb8d0b33061a04b472a8827628fb0d3c1a50c06e,"{""config"":[""X+"",""X""],""d"":7,""p"":0.00894102564102564}",
      2048,       144,         0,   0.073,pymatching,e14fac3ff9f73925237292ee128f50b77609902dd5fe9dc1721ca4e6dba902e2,"{""config"":[""X+"",""X""],""d"":7,""p"":0.01107948717948718}",
      3072,       152,         0,   0.101,pymatching,5de7814fecb77d1c90db56389c6856da3bdd9a777672366f1e77933b35d0d4bb,"{""config"":[""X+"",""X""],""d"":7,""p"":0.010010256410256409}",
      6144,       182,         0,   0.160,pymatching,227de2d86eeda9bea1a6f8078969462458ae0b33e00660b16aba1e8327ed3482,"{""config"":[""X+"",""X""],""d"":7,""p"":0.008584615384615385}",
       273,        21,         0,   0.013,pymatching,9e2f9fffb73a49cba72ab596279f651d1e43889f4392244ad655b397f8e052ca,"{""config"":[""X+"",""X""],""d"":7,""p"":0.012505128205128205}",
      1024,       103,         0,   0.041,pymatching,292a1887256be123bb88225c16fd8bc580da5a3b555d8ae5bb8cb6333b8325ea,"{""config"":[""X+"",""X""],""d"":7,""p"":0.012148717948717948}",
       273,        25,         0,   0.013,pymatching,992103de80056c2c667bfdc6065210d9ad22ecf59bbd816ec41a4ffad5ad51ea,"{""config"":[""X+"",""X""],""d"":7,""p"":0.012861538461538462}",
     96256,         1,         0,   0.567,pymatching,870b2715199e1c7b6e1be0d5ff7df0086af81c1d733f2cbf0ed299fe72dadb53,"{""config"":[""X+"",""X""],""d"":7,""p"":0.001}",
      2048,       139,         0,   0.070,pymatching,6f4ec4646e76f6575e9ad182043f8c9131831ae1f009da911f924c4848461de6,"{""config"":[""X+"",""X""],""d"":7,""p"":0.010723076923076922}",
      4096,       159,         0,   0.123,pymatching,0a0fa3fb2e2a7c7c004b0728d3d81adff078a454172fb00260d0a28337b59b58,"{""config"":[""X+"",""X""],""d"":7,""p"":0.009653846153846153}",
      2048,       185,         0,   0.068,pymatching,b01cb16ee4fd2a5c762bfd1738fa3ff5aab7aaf84f2dd101a6bb2a4dc081c946,"{""config"":[""X+"",""X""],""d"":7,""p"":0.011792307692307692}",
    101376,         0,         0,   0.566,pymatching,a8eedd6e5e3a6e4d59662f5f0c45d7600841a89a60324496a9cbda10aee7f64e,"{""config"":[""X+"",""X""],""d"":7,""p"":0.00035938136638046257}",
     12288,       145,         0,   0.214,pymatching,44206ae84723ba1ca5b7b273593872b991680c9ab3e4933e072fe09f027cc7ef,"{""config"":[""X+"",""X""],""d"":7,""p"":0.006802564102564103}",
     45056,      1505,         0,   0.340,pymatching,df829187c4a2c82a29ccf685369196cd12aee454d267be67ba5aa458bc84349e,"{""config"":[""X+"",""X""],""d"":5,""p"":0.009297435897435898}",
      1024,        98,         0,   0.040,pymatching,292a1887256be123bb88225c16fd8bc580da5a3b555d8ae5bb8cb6333b8325ea,"{""config"":[""X+"",""X""],""d"":7,""p"":0.012148717948717948}",
      1024,        97,         0,   0.043,pymatching,9e2f9fffb73a49cba72ab596279f651d1e43889f4392244ad655b397f8e052ca,"{""config"":[""X+"",""X""],""d"":7,""p"":0.012505128205128205}",
      2048,       179,         0,   0.076,pymatching,25657772526c41e16bcdcc760778c78ebbeec3c72f19609f193c1a6bb8cfb9dc,"{""config"":[""X+"",""X""],""d"":7,""p"":0.011435897435897435}",
      4096,       266,         0,   0.116,pymatching,9f3b11242620fc201fc7c3c6af4ea4b603f6773d025efaf91c63a9cc1302963a,"{""config"":[""X+"",""X""],""d"":7,""p"":0.010366666666666666}",
     95232,         1,         0,   0.564,pymatching,6b9f4e34b0f0daa1aa6b4585b18a7139bbe081519dd004fb0636a443e3fd37e2,"{""config"":[""X+"",""X""],""d"":7,""p"":0.0005994842503189409}",
      6144,       144,         0,   0.151,pymatching,41c2474327ea7943aa544757a21c759d7876f17f25a502ce90be6f75aaaff781,"{""config"":[""X+"",""X""],""d"":7,""p"":0.008228205128205128}",
      1024,       139,         0,   0.049,pymatching,992103de80056c2c667bfdc6065210d9ad22ecf59bbd816ec41a4ffad5ad51ea,"{""config"":[""X+"",""X""],""d"":7,""p"":0.012861538461538462}",
      2048,       163,         0,   0.072,pymatching,e14fac3ff9f73925237292ee128f50b77609902dd5fe9dc1721ca4e6dba902e2,"{""config"":[""X+"",""X""],""d"":7,""p"":0.01107948717948718}",
     44032,         9,         0,   0.411,pymatching,12c5b41cabf9ff9110faad88f46cbfbd5d7e48235d7d185ace2136e311ffa750,"{""config"":[""X+"",""X""],""d"":7,""p"":0.0025256410256410257}",
     83968,         2,         0,   0.565,pymatching,66673a494991db4a8a277166cf80056f33c68c5b85e1c95aa453533d394581a1,"{""config"":[""X+"",""X""],""d"":7,""p"":0.0011}",
     43008,        24,         0,   0.406,pymatching,082955c518b24bd60c17f3af52bf5862d964bf74023753b47da27119da6b0a49,"{""config"":[""X+"",""X""],""d"":7,""p"":0.003238461538461538}",
      1024,        98,         0,   0.040,pymatching,292a1887256be123bb88225c16fd8bc580da5a3b555d8ae5bb8cb6333b8325ea,"{""config"":[""X+"",""X""],""d"":7,""p"":0.012148717948717948}",
      1024,       112,         0,   0.043,pymatching,9e2f9fffb73a49cba72ab596279f651d1e43889f4392244ad655b397f8e052ca,"{""config"":[""X+"",""X""],""d"":7,""p"":0.012505128205128205}",
     77824,         1,         0,   0.565,pymatching,24a10e6b8a3e2350a887e4da4bd2406151cb9f8b73a2840ac7cc3dcfe1ff6292,"{""config"":[""X+"",""X""],""d"":7,""p"":0.0014564102564102565}",
      2048,       165,         0,   0.068,pymatching,b01cb16ee4fd2a5c762bfd1738fa3ff5aab7aaf84f2dd101a6bb2a4dc081c946,"{""config"":[""X+"",""X""],""d"":7,""p"":0.011792307692307692}",
     45056,        14,         0,   0.406,pymatching,7e730e1bef7adf1cae3895dd9e7eb6ad020c2938095f342009740893cd4ce019,"{""config"":[""X+"",""X""],""d"":7,""p"":0.0028820512820512817}",
      1024,       104,         0,   0.046,pymatching,992103de80056c2c667bfdc6065210d9ad22ecf59bbd816ec41a4ffad5ad51ea,"{""config"":[""X+"",""X""],""d"":7,""p"":0.012861538461538462}",
     10240,       153,         0,   0.218,pymatching,f386f3dbd4a32ae34d04b6483c8b0485cf353fc6c027dc42cac209eb6d9f0692,"{""config"":[""X+"",""X""],""d"":7,""p"":0.007158974358974359}",
      1024,       105,         0,   0.040,pymatching,292a1887256be123bb88225c16fd8bc580da5a3b555d8ae5bb8cb6333b8325ea,"{""config"":[""X+"",""X""],""d"":7,""p"":0.012148717948717948}",
       273,        38,         0,   0.012,pymatching,c7ecf1d3211ad95a7cffa8299f3c6634d111635b34a80ee41333b896f3055fea,"{""config"":[""X+"",""X""],""d"":7,""p"":0.013217948717948718}",
      3072,       195,         0,   0.105,pymatching,6f4ec4646e76f6575e9ad182043f8c9131831ae1f009da911f924c4848461de6,"{""config"":[""X+"",""X""],""d"":7,""p"":0.010723076923076922}",
      4096,       202,         0,   0.132,pymatching,5de7814fecb77d1c90db56389c6856da3bdd9a777672366f1e77933b35d0d4bb,"{""config"":[""X+"",""X""],""d"":7,""p"":0.010010256410256409}",
      1024,       104,         0,   0.040,pymatching,9e2f9fffb73a49cba72ab596279f651d1e43889f4392244ad655b397f8e052ca,"{""config"":[""X+"",""X""],""d"":7,""p"":0.012505128205128205}",
      5120,       200,         0,   0.148,pymatching,c48a13a7d498dce35d18b2e027ba9c44aa02977ef7b043c12b97c8b42a9bf706,"{""config"":[""X+"",""X""],""d"":7,""p"":0.009297435897435898}",
      2048,       156,         0,   0.074,pymatching,25657772526c41e16bcdcc760778c78ebbeec3c72f19609f193c1a6bb8cfb9dc,"{""config"":[""X+"",""X""],""d"":7,""p"":0.011435897435897435}",
     33792,        48,         0,   0.414,pymatching,3017794d13067d71bbe69fc9a487c4d5a46e9c4e42027a610cbc4e396de22ffb,"{""config"":[""X+"",""X""],""d"":7,""p"":0.003951282051282051}",
     10240,       247,         0,   0.209,pymatching,d8032c7aaa6000da39e4b676adf7a6db39d55d43680cbe13128b46e395971b69,"{""config"":[""X+"",""X""],""d"":7,""p"":0.007871794871794872}",
     35840,        42,         0,   0.408,pymatching,7236879ddc1304042a8322f1a3f6274c3fbdb49118d290a3484ab208161cd894,"{""config"":[""X+"",""X""],""d"":7,""p"":0.0035948717948717946}",
      7168,       252,         0,   0.169,pymatching,ec494b4727993ce701a9f353fb8d0b33061a04b472a8827628fb0d3c1a50c06e,"{""config"":[""X+"",""X""],""d"":7,""p"":0.00894102564102564}",
     35840,        73,         0,   0.408,pymatching,8330916b8be5d1095e8d49076ab85fa486347616b42dbc0912a58b9c140ca6e2,"{""config"":[""X+"",""X""],""d"":7,""p"":0.0043076923076923075}",
     10240,       222,         0,   0.229,pymatching,6aa347dd498ef9eab5063a08f336e609f14f0e078992c644e8370c8e3e95fdc5,"{""config"":[""X+"",""X""],""d"":7,""p"":0.007515384615384615}",
      1024,       116,         0,   0.050,pymatching,992103de80056c2c667bfdc6065210d9ad22ecf59bbd816ec41a4ffad5ad51ea,"{""config"":[""X+"",""X""],""d"":7,""p"":0.012861538461538462}",
      1024,       102,         0,   0.041,pymatching,c7ecf1d3211ad95a7cffa8299f3c6634d111635b34a80ee41333b896f3055fea,"{""config"":[""X+"",""X""],""d"":7,""p"":0.013217948717948718}",
      1024,        96,         0,   0.045,pymatching,9e2f9fffb73a49cba72ab596279f651d1e43889f4392244ad655b397f8e052ca,"{""config"":[""X+"",""X""],""d"":7,""p"":0.012505128205128205}",
      3072,       231,         0,   0.111,pymatching,e14fac3ff9f73925237292ee128f50b77609902dd5fe9dc1721ca4e6dba902e2,"{""config"":[""X+"",""X""],""d"":7,""p"":0.01107948717948718}",
      5120,       215,         0,   0.157,pymatching,0a0fa3fb2e2a7c7c004b0728d3d81adff078a454172fb00260d0a28337b59b58,"{""config"":[""X+"",""X""],""d"":7,""p"":0.009653846153846153}",
      3072,       250,         0,   0.102,pymatching,b01cb16ee4fd2a5c762bfd1738fa3ff5aab7aaf84f2dd101a6bb2a4dc081c946,"{""config"":[""X+"",""X""],""d"":7,""p"":0.011792307692307692}",
      2048,       151,         0,   0.076,pymatching,25657772526c41e16bcdcc760778c78ebbeec3c72f19609f193c1a6bb8cfb9dc,"{""config"":[""X+"",""X""],""d"":7,""p"":0.011435897435897435}",
     71680,         4,         0,   0.571,pymatching,ffb8a5c905873fa065329cbf5137555e915ef843bbbf1a1e263982a34543812c,"{""config"":[""X+"",""X""],""d"":7,""p"":0.0018128205128205128}",
      1024,       105,         0,   0.045,pymatching,992103de80056c2c667bfdc6065210d9ad22ecf59bbd816ec41a4ffad5ad51ea,"{""config"":[""X+"",""X""],""d"":7,""p"":0.012861538461538462}",
      1024,       115,         0,   0.041,pymatching,c7ecf1d3211ad95a7cffa8299f3c6634d111635b34a80ee41333b896f3055fea,"{""config"":[""X+"",""X""],""d"":7,""p"":0.013217948717948718}",
      2048,       191,         0,   0.084,pymatching,292a1887256be123bb88225c16fd8bc580da5a3b555d8ae5bb8cb6333b8325ea,"{""config"":[""X+"",""X""],""d"":7,""p"":0.012148717948717948}",
     29696,        93,         0,   0.413,pymatching,b91760ea78cf9f4833c45a5ecc1020af69d569f33061d60ac02f8c5f0093edff,"{""config"":[""X+"",""X""],""d"":7,""p"":0.004664102564102564}",
      8192,       256,         0,   0.213,pymatching,227de2d86eeda9bea1a6f8078969462458ae0b33e00660b16aba1e8327ed3482,"{""config"":[""X+"",""X""],""d"":7,""p"":0.008584615384615385}",
     16384,       155,         0,   0.293,pymatching,c38f3fbcd05be71b19ac276a153e0c2484f355d31ecd184d275a4b399a271ace,"{""config"":[""X+"",""X""],""d"":7,""p"":0.00608974358974359}",
    220160,       248,         0,   0.787,pymatching,55f0ed9f8176943b4c005b3e5fc47e6a71a5178d4a05504719fafde26c3155f6,"{""config"":[""X+"",""X""],""d"":5,""p"":0.0028820512820512817}",
      6144,       363,         0,   0.174,pymatching,9f3b11242620fc201fc7c3c6af4ea4b603f6773d025efaf91c63a9cc1302963a,"{""config"":[""X+"",""X""],""d"":7,""p"":0.010366666666666666}",
      3072,       202,         0,   0.107,pymatching,6f4ec4646e76f6575e9ad182043f8c9131831ae1f009da911f924c4848461de6,"{""config"":[""X+"",""X""],""d"":7,""p"":0.010723076923076922}",
    243712,       180,         0,   0.788,pymatching,ea09a4b32abbf3bc2d7a93bce8a6270a07c9a8fbb82a401d27da7d7dbe3d981c,"{""config"":[""X+"",""X""],""d"":5,""p"":0.0025256410256410257}",
     17408,       118,         0,   0.296,pymatching,0e55159f8cc3e9ff5036fc15139dd300d40c086444c609c580809a7d5005181b,"{""config"":[""X+"",""X""],""d"":7,""p"":0.005733333333333333}",
      1024,       134,         0,   0.040,pymatching,c7ecf1d3211ad95a7cffa8299f3c6634d111635b34a80ee41333b896f3055fea,"{""config"":[""X+"",""X""],""d"":7,""p"":0.013217948717948718}",
      2048,       201,         0,   0.086,pymatching,9e2f9fffb73a49cba72ab596279f651d1e43889f4392244ad655b397f8e052ca,"{""config"":[""X+"",""X""],""d"":7,""p"":0.012505128205128205}",
    242688,       396,         0,   0.788,pymatching,f4c7839beb20af417732a61ca7391b9f30de7e6a282b049c366866eba571b6d7,"{""config"":[""X+"",""X""],""d"":5,""p"":0.003238461538461538}",
    185344,       545,         0,   0.789,pymatching,aeff48f169dd48fdb8f5bde148f264f232aa739f34c7ed8667501a8ce4d3c9d4,"{""config"":[""X+"",""X""],""d"":5,""p"":0.003951282051282051}",
     17408,       196,         0,   0.290,pymatching,23c6762b737c8f172d70a38cb24337e07ab695cfa3677a29c39ada478a50c087,"{""config"":[""X+"",""X""],""d"":7,""p"":0.006446153846153846}",
     27648,        99,         0,   0.411,pymatching,ee0990691a329ed8e229b152d184ce2d683d0c3d6b834929772c40e736d548ee,"{""config"":[""X+"",""X""],""d"":7,""p"":0.00502051282051282}",
    196608,       425,         0,   0.790,pymatching,17773444cd5fca4526e8956b2d4ccb99ed3a2ed01d0590d62425274c27aea840,"{""config"":[""X+"",""X""],""d"":5,""p"":0.0035948717948717946}",
     77824,      2332,         0,   0.572,pymatching,f1daf6f4ee0447145dfc80171bd159961c12b65f1bee0d3716c4f3494df26778,"{""config"":[""X+"",""X""],""d"":5,""p"":0.00894102564102564}",
    200704,       799,         0,   0.791,pymatching,02581ace4ad1eaaa3b5aa5e02022fb59aa46d24c5e785fc68481be4d0f39e9f5,"{""config"":[""X+"",""X""],""d"":5,""p"":0.0043076923076923075}",
      1024,       130,         0,   0.040,pymatching,c7ecf1d3211ad95a7cffa8299f3c6634d111635b34a80ee41333b896f3055fea,"{""config"":[""X+"",""X""],""d"":7,""p"":0.013217948717948718}",
      3072,       232,         0,   0.111,pymatching,e14fac3ff9f73925237292ee128f50b77609902dd5fe9dc1721ca4e6dba902e2,"{""config"":[""X+"",""X""],""d"":7,""p"":0.01107948717948718}",
      9216,       241,         0,   0.231,pymatching,41c2474327ea7943aa544757a21c759d7876f17f25a502ce90be6f75aaaff781,"{""config"":[""X+"",""X""],""d"":7,""p"":0.008228205128205128}",
      2048,       183,         0,   0.084,pymatching,292a1887256be123bb88225c16fd8bc580da5a3b555d8ae5bb8cb6333b8325ea,"{""config"":[""X+"",""X""],""d"":7,""p"":0.012148717948717948}",
      5120,       263,         0,   0.168,pymatching,5de7814fecb77d1c90db56389c6856da3bdd9a777672366f1e77933b35d0d4bb,"{""config"":[""X+"",""X""],""d"":7,""p"":0.010010256410256409}",
    191488,       922,         0,   0.789,pymatching,09574f58fd2678fb903e2784af40010e505918a25596da3f5f07a554aeecc264,"{""config"":[""X+"",""X""],""d"":5,""p"":0.004664102564102564}",
      2048,       247,         0,   0.098,pymatching,992103de80056c2c667bfdc6065210d9ad22ecf59bbd816ec41a4ffad5ad51ea,"{""config"":[""X+"",""X""],""d"":7,""p"":0.012861538461538462}",
    181248,      1083,         0,   0.789,pymatching,10f577cbcf1bdd20075b94ea4e01021d99f35b55ea222976e0987393a966a3ff,"{""config"":[""X+"",""X""],""d"":5,""p"":0.00502051282051282}",
      3072,       250,         0,   0.114,pymatching,25657772526c41e16bcdcc760778c78ebbeec3c72f19609f193c1a6bb8cfb9dc,"{""config"":[""X+"",""X""],""d"":7,""p"":0.011435897435897435}",
    149504,      1081,         0,   0.791,pymatching,690a4757ff9d21e680de127366c7222eef0035037b5e3d448941cdca909349aa,"{""config"":[""X+"",""X""],""d"":5,""p"":0.005376923076923077}",
      4096,       365,         0,   0.135,pymatching,b01cb16ee4fd2a5c762bfd1738fa3ff5aab7aaf84f2dd101a6bb2a4dc081c946,"{""config"":[""X+"",""X""],""d"":7,""p"":0.011792307692307692}",
      7168,       280,         0,   0.207,pymatching,c48a13a7d498dce35d18b2e027ba9c44aa02977ef7b043c12b97c8b42a9bf706,"{""config"":[""X+"",""X""],""d"":7,""p"":0.009297435897435898}",
     17408,       207,         0,   0.302,pymatching,44206ae84723ba1ca5b7b273593872b991680c9ab3e4933e072fe09f027cc7ef,"{""config"":[""X+"",""X""],""d"":7,""p"":0.006802564102564103}",
      2048,       210,         0,   0.084,pymatching,9e2f9fffb73a49cba72ab596279f651d1e43889f4392244ad655b397f8e052ca,"{""config"":[""X+"",""X""],""d"":7,""p"":0.012505128205128205}",
      2048,       221,         0,   0.078,pymatching,c7ecf1d3211ad95a7cffa8299f3c6634d111635b34a80ee41333b896f3055fea,"{""config"":[""X+"",""X""],""d"":7,""p"":0.013217948717948718}",
       273,        43,         0,   0.013,pymatching,bd6b117fa1e49fcaec2546037f85570027617b5a1c3552cfaed02cc1c75b725e,"{""config"":[""X+"",""X""],""d"":7,""p"":0.013574358974358974}",
      9216,       338,         0,   0.221,pymatching,ec494b4727993ce701a9f353fb8d0b33061a04b472a8827628fb0d3c1a50c06e,"{""config"":[""X+"",""X""],""d"":7,""p"":0.00894102564102564}",
     25600,       128,         0,   0.405,pymatching,7c53fb4e615d31e5d4c99bf35992fe8d9581d34af76bf8d8eb41aacc4eb492e8,"{""config"":[""X+"",""X""],""d"":7,""p"":0.005376923076923077}",
    163840,      1441,         0,   0.789,pymatching,6100f7b5e28a8fcdf09022bb678e2f535ef01f2158e71fe77cc99001fec31d71,"{""config"":[""X+"",""X""],""d"":5,""p"":0.005733333333333333}",
      2048,       249,         0,   0.087,pymatching,992103de80056c2c667bfdc6065210d9ad22ecf59bbd816ec41a4ffad5ad51ea,"{""config"":[""X+"",""X""],""d"":7,""p"":0.012861538461538462}",
      7168,       355,         0,   0.218,pymatching,0a0fa3fb2e2a7c7c004b0728d3d81adff078a454172fb00260d0a28337b59b58,"{""config"":[""X+"",""X""],""d"":7,""p"":0.009653846153846153}",
      5120,       342,         0,   0.175,pymatching,6f4ec4646e76f6575e9ad182043f8c9131831ae1f009da911f924c4848461de6,"{""config"":[""X+"",""X""],""d"":7,""p"":0.010723076923076922}",
    136192,      1427,         0,   0.792,pymatching,5c51941673fa0638a7e502da459654d6bd1a21f74cce026e39539d89fb900517,"{""config"":[""X+"",""X""],""d"":5,""p"":0.00608974358974359}",
      1024,       144,         0,   0.041,pymatching,bd6b117fa1e49fcaec2546037f85570027617b5a1c3552cfaed02cc1c75b725e,"{""config"":[""X+"",""X""],""d"":7,""p"":0.013574358974358974}",
      3072,       276,         0,   0.123,pymatching,292a1887256be123bb88225c16fd8bc580da5a3b555d8ae5bb8cb6333b8325ea,"{""config"":[""X+"",""X""],""d"":7,""p"":0.012148717948717948}",
    103424,      2729,         0,   0.730,pymatching,bb9a12c3e97ed6fbcb8337f6ceafc00934246bdd657b40bc6c95fb4257dd9b58,"{""config"":[""X+"",""X""],""d"":5,""p"":0.008584615384615385}",
     65536,        19,         0,   0.565,pymatching,330944079abe525578c3d0d47137c24a58919f87f916eb882800ac41fd692b35,"{""config"":[""X+"",""X""],""d"":7,""p"":0.002169230769230769}",
    129024,      1473,         0,   0.791,pymatching,a4efaafae06c4766e4466e47d1b6daeff18e9546db0e687d940b808682b90995,"{""config"":[""X+"",""X""],""d"":5,""p"":0.006446153846153846}",
     14336,       221,         0,   0.308,pymatching,f386f3dbd4a32ae34d04b6483c8b0485cf353fc6c027dc42cac209eb6d9f0692,"{""config"":[""X+"",""X""],""d"":7,""p"":0.007158974358974359}",
    122880,      2603,         0,   0.791,pymatching,2e51d5c6279620f381b953edda12230310e0e55dc99e3286f6c3e7a9300760d2,"{""config"":[""X+"",""X""],""d"":5,""p"":0.007871794871794872}",
     14336,       317,         0,   0.295,pymatching,d8032c7aaa6000da39e4b676adf7a6db39d55d43680cbe13128b46e395971b69,"{""config"":[""X+"",""X""],""d"":7,""p"":0.007871794871794872}",
      2048,       247,         0,   0.079,pymatching,c7ecf1d3211ad95a7cffa8299f3c6634d111635b34a80ee41333b896f3055fea,"{""config"":[""X+"",""X""],""d"":7,""p"":0.013217948717948718}",
    122880,      1822,         0,   0.794,pymatching,5b5925c842ce4f5ad9cb6ca3245e58f2a07203b412dec315df13ca3b6c550941,"{""config"":[""X+"",""X""],""d"":5,""p"":0.006802564102564103}",
      1024,       131,         0,   0.041,pymatching,bd6b117fa1e49fcaec2546037f85570027617b5a1c3552cfaed02cc1c75b725e,"{""config"":[""X+"",""X""],""d"":7,""p"":0.013574358974358974}",
     13312,       273,         0,   0.301,pymatching,6aa347dd498ef9eab5063a08f336e609f14f0e078992c644e8370c8e3e95fdc5,"{""config"":[""X+"",""X""],""d"":7,""p"":0.007515384615384615}",
    111616,      2060,         0,   0.790,pymatching,32cd31c1c4f08999a88eaa96f52ba32d7208e333a5cc32e55a848545f2246465,"{""config"":[""X+"",""X""],""d"":5,""p"":0.007515384615384615}",
      8192,       501,         0,   0.232,pymatching,9f3b11242620fc201fc7c3c6af4ea4b603f6773d025efaf91c63a9cc1302963a,"{""config"":[""X+"",""X""],""d"":7,""p"":0.010366666666666666}",
    102400,      2446,         0,   0.792,pymatching,0a23164326e71ef334486c04eea418f99a9ee0fed55239d004ad01368dcb11da,"{""config"":[""X+"",""X""],""d"":5,""p"":0.008228205128205128}",
      3072,       298,         0,   0.125,pymatching,9e2f9fffb73a49cba72ab596279f651d1e43889f4392244ad655b397f8e052ca,"{""config"":[""X+"",""X""],""d"":7,""p"":0.012505128205128205}",
      4096,       326,         0,   0.150,pymatching,25657772526c41e16bcdcc760778c78ebbeec3c72f19609f193c1a6bb8cfb9dc,"{""config"":[""X+"",""X""],""d"":7,""p"":0.011435897435897435}",
      5120,       351,         0,   0.181,pymatching,e14fac3ff9f73925237292ee128f50b77609902dd5fe9dc1721ca4e6dba902e2,"{""config"":[""X+"",""X""],""d"":7,""p"":0.01107948717948718}",
    117760,      1881,         0,   0.795,pymatching,f2747844340327fb3bc51ad5b61c374f9c11e983edb52ff05170b943debfca16,"{""config"":[""X+"",""X""],""d"":5,""p"":0.007158974358974359}",
      1024,       130,         0,   0.041,pymatching,bd6b117fa1e49fcaec2546037f85570027617b5a1c3552cfaed02cc1c75b725e,"{""config"":[""X+"",""X""],""d"":7,""p"":0.013574358974358974}",
     11264,       341,         0,   0.295,pymatching,227de2d86eeda9bea1a6f8078969462458ae0b33e00660b16aba1e8327ed3482,"{""config"":[""X+"",""X""],""d"":7,""p"":0.008584615384615385}",
      5120,       439,         0,   0.170,pymatching,b01cb16ee4fd2a5c762bfd1738fa3ff5aab7aaf84f2dd101a6bb2a4dc081c946,"{""config"":[""X+"",""X""],""d"":7,""p"":0.011792307692307692}",
       273,        45,         0,   0.013,pymatching,d3d4a18d42a3b86d4609e3e54b5ad47dd792d6eca48a2a51c3b35a68fafdbe97,"{""config"":[""X+"",""X""],""d"":7,""p"":0.01393076923076923}",
      7168,       390,         0,   0.226,pymatching,5de7814fecb77d1c90db56389c6856da3bdd9a777672366f1e77933b35d0d4bb,"{""config"":[""X+"",""X""],""d"":7,""p"":0.010010256410256409}",
      3072,       334,         0,   0.133,pymatching,992103de80056c2c667bfdc6065210d9ad22ecf59bbd816ec41a4ffad5ad51ea,"{""config"":[""X+"",""X""],""d"":7,""p"":0.012861538461538462}",
      1024,       148,         0,   0.042,pymatching,bd6b117fa1e49fcaec2546037f85570027617b5a1c3552cfaed02cc1c75b725e,"{""config"":[""X+"",""X""],""d"":7,""p"":0.013574358974358974}",
      1024,       140,         0,   0.045,pymatching,d3d4a18d42a3b86d4609e3e54b5ad47dd792d6eca48a2a51c3b35a68fafdbe97,"{""config"":[""X+"",""X""],""d"":7,""p"":0.01393076923076923}",
      3072,       402,         0,   0.118,pymatching,c7ecf1d3211ad95a7cffa8299f3c6634d111635b34a80ee41333b896f3055fea,"{""config"":[""X+"",""X""],""d"":7,""p"":0.013217948717948718}",
      4096,       393,         0,   0.161,pymatching,292a1887256be123bb88225c16fd8bc580da5a3b555d8ae5bb8cb6333b8325ea,"{""config"":[""X+"",""X""],""d"":7,""p"":0.012148717948717948}",
     12288,       365,         0,   0.301,pymatching,41c2474327ea7943aa544757a21c759d7876f17f25a502ce90be6f75aaaff781,"{""config"":[""X+"",""X""],""d"":7,""p"":0.008228205128205128}",
      1024,       159,         0,   0.042,pymatching,d3d4a18d42a3b86d4609e3e54b5ad47dd792d6eca48a2a51c3b35a68fafdbe97,"{""config"":[""X+"",""X""],""d"":7,""p"":0.01393076923076923}",
      2048,       275,         0,   0.083,pymatching,bd6b117fa1e49fcaec2546037f85570027617b5a1c3552cfaed02cc1c75b725e,"{""config"":[""X+"",""X""],""d"":7,""p"":0.013574358974358974}",
      6144,       417,         0,   0.209,pymatching,6f4ec4646e76f6575e9ad182043f8c9131831ae1f009da911f924c4848461de6,"{""config"":[""X+"",""X""],""d"":7,""p"":0.010723076923076922}",
     10240,       411,         0,   0.290,pymatching,c48a13a7d498dce35d18b2e027ba9c44aa02977ef7b043c12b97c8b42a9bf706,"{""config"":[""X+"",""X""],""d"":7,""p"":0.009297435897435898}",
    118063,        88,         0,   0.389,pymatching,ea09a4b32abbf3bc2d7a93bce8a6270a07c9a8fbb82a401d27da7d7dbe3d981c,"{""config"":[""X+"",""X""],""d"":5,""p"":0.0025256410256410257}",
      4096,       415,         0,   0.166,pymatching,9e2f9fffb73a49cba72ab596279f651d1e43889f4392244ad655b397f8e052ca,"{""config"":[""X+"",""X""],""d"":7,""p"":0.012505128205128205}",
      1024,       150,         0,   0.044,pymatching,d3d4a18d42a3b86d4609e3e54b5ad47dd792d6eca48a2a51c3b35a68fafdbe97,"{""config"":[""X+"",""X""],""d"":7,""p"":0.01393076923076923}",
     23552,       217,         0,   0.418,pymatching,c38f3fbcd05be71b19ac276a153e0c2484f355d31ecd184d275a4b399a271ace,"{""config"":[""X+"",""X""],""d"":7,""p"":0.00608974358974359}",
     62464,        18,         0,   0.573,pymatching,12c5b41cabf9ff9110faad88f46cbfbd5d7e48235d7d185ace2136e311ffa750,"{""config"":[""X+"",""X""],""d"":7,""p"":0.0025256410256410257}",
     59392,        46,         0,   0.566,pymatching,082955c518b24bd60c17f3af52bf5862d964bf74023753b47da27119da6b0a49,"{""config"":[""X+"",""X""],""d"":7,""p"":0.003238461538461538}",
     24576,       174,         0,   0.411,pymatching,0e55159f8cc3e9ff5036fc15139dd300d40c086444c609c580809a7d5005181b,"{""config"":[""X+"",""X""],""d"":7,""p"":0.005733333333333333}",
     12288,       436,         0,   0.290,pymatching,ec494b4727993ce701a9f353fb8d0b33061a04b472a8827628fb0d3c1a50c06e,"{""config"":[""X+"",""X""],""d"":7,""p"":0.00894102564102564}",
     63488,        30,         0,   0.567,pymatching,7e730e1bef7adf1cae3895dd9e7eb6ad020c2938095f342009740893cd4ce019,"{""config"":[""X+"",""X""],""d"":7,""p"":0.0028820512820512817}",
    159744,         0,         0,   0.792,pymatching,31a70efccbfeaa6db2ece252f400b79af90591c7fff0b63a3b1949e78df8ba26,"{""config"":[""X+"",""X""],""d"":7,""p"":1e-05}",
    159744,         0,         0,   0.793,pymatching,16ca885fde609826572f5298647d12dfaf2af332193be923bfddac3c3bd642ff,"{""config"":[""X+"",""X""],""d"":7,""p"":1.6681005372000593e-05}",
     24576,       284,         0,   0.406,pymatching,23c6762b737c8f172d70a38cb24337e07ab695cfa3677a29c39ada478a50c087,"{""config"":[""X+"",""X""],""d"":7,""p"":0.006446153846153846}",
      4096,       447,         0,   0.154,pymatching,992103de80056c2c667bfdc6065210d9ad22ecf59bbd816ec41a4ffad5ad51ea,"{""config"":[""X+"",""X""],""d"":7,""p"":0.012861538461538462}",
      1024,       154,         0,   0.042,pymatching,d3d4a18d42a3b86d4609e3e54b5ad47dd792d6eca48a2a51c3b35a68fafdbe97,"{""config"":[""X+"",""X""],""d"":7,""p"":0.01393076923076923}",
      6144,       431,         0,   0.216,pymatching,e14fac3ff9f73925237292ee128f50b77609902dd5fe9dc1721ca4e6dba902e2,"{""config"":[""X+"",""X""],""d"":7,""p"":0.01107948717948718}",
      6144,       502,         0,   0.221,pymatching,25657772526c41e16bcdcc760778c78ebbeec3c72f19609f193c1a6bb8cfb9dc,"{""config"":[""X+"",""X""],""d"":7,""p"":0.011435897435897435}",
    158720,         0,         0,   0.790,pymatching,e4370498d036834c3ffed00723d3559db44010721266769ada6696c66c3f556e,"{""config"":[""X+"",""X""],""d"":7,""p"":4.641588833612782e-05}",
      2048,       264,         0,   0.082,pymatching,bd6b117fa1e49fcaec2546037f85570027617b5a1c3552cfaed02cc1c75b725e,"{""config"":[""X+"",""X""],""d"":7,""p"":0.013574358974358974}",
     10240,       484,         0,   0.300,pymatching,0a0fa3fb2e2a7c7c004b0728d3d81adff078a454172fb00260d0a28337b59b58,"{""config"":[""X+"",""X""],""d"":7,""p"":0.009653846153846153}",
    179200,         0,         0,   0.789,pymatching,4892b451c253103dff8830a265fe51a9fcf22517ec8e3586a17a0c7e8bec142a,"{""config"":[""X+"",""X""],""d"":7,""p"":7.742636826811278e-05}",
      4096,       475,         0,   0.157,pymatching,c7ecf1d3211ad95a7cffa8299f3c6634d111635b34a80ee41333b896f3055fea,"{""config"":[""X+"",""X""],""d"":7,""p"":0.013217948717948718}",
    159744,         0,         0,   0.793,pymatching,52872054ed79909810df5215ef5423a021491e18943524a21b4efd4c172d9d6d,"{""config"":[""X+"",""X""],""d"":7,""p"":2.782559402207126e-05}",
     47104,        66,         0,   0.576,pymatching,3017794d13067d71bbe69fc9a487c4d5a46e9c4e42027a610cbc4e396de22ffb,"{""config"":[""X+"",""X""],""d"":7,""p"":0.003951282051282051}",
    157696,         0,         0,   0.791,pymatching,eff24e668d249c740fb5a200cf98f353e899df1dedfa4bb8c1442c3ffc909199,"{""config"":[""X+"",""X""],""d"":7,""p"":0.0001291549665014884}",
     50176,        58,         0,   0.574,pymatching,7236879ddc1304042a8322f1a3f6274c3fbdb49118d290a3484ab208161cd894,"{""config"":[""X+"",""X""],""d"":7,""p"":0.0035948717948717946}",
     50176,       130,         0,   0.572,pymatching,8330916b8be5d1095e8d49076ab85fa486347616b42dbc0912a58b9c140ca6e2,"{""config"":[""X+"",""X""],""d"":7,""p"":0.0043076923076923075}",
       273,        42,         0,   0.018,pymatching,d806b72799bfe753e865063b006987d3035049b94b7720f4921e9a766e0b4336,"{""config"":[""X+"",""X""],""d"":7,""p"":0.014287179487179487}",
      7168,       595,         0,   0.236,pymatching,b01cb16ee4fd2a5c762bfd1738fa3ff5aab7aaf84f2dd101a6bb2a4dc081c946,"{""config"":[""X+"",""X""],""d"":7,""p"":0.011792307692307692}",
     23552,       288,         0,   0.408,pymatching,44206ae84723ba1ca5b7b273593872b991680c9ab3e4933e072fe09f027cc7ef,"{""config"":[""X+"",""X""],""d"":7,""p"":0.006802564102564103}",
     10240,       651,         0,   0.291,pymatching,9f3b11242620fc201fc7c3c6af4ea4b603f6773d025efaf91c63a9cc1302963a,"{""config"":[""X+"",""X""],""d"":7,""p"":0.010366666666666666}",
     49152,      1095,         0,   0.316,pymatching,2e51d5c6279620f381b953edda12230310e0e55dc99e3286f6c3e7a9300760d2,"{""config"":[""X+"",""X""],""d"":5,""p"":0.007871794871794872}",
      2048,       283,         0,   0.086,pymatching,d3d4a18d42a3b86d4609e3e54b5ad47dd792d6eca48a2a51c3b35a68fafdbe97,"{""config"":[""X+"",""X""],""d"":7,""p"":0.01393076923076923}",
    152576,         0,         0,   0.791,pymatching,bccd2d64531109f380a62cff62014824789a2ef03dae0ed42ef58c649ca22336,"{""config"":[""X+"",""X""],""d"":7,""p"":0.00021544346900318823}",
    159023,       293,         0,   0.507,pymatching,f4c7839beb20af417732a61ca7391b9f30de7e6a282b049c366866eba571b6d7,"{""config"":[""X+"",""X""],""d"":5,""p"":0.003238461538461538}",
     40960,       116,         0,   0.569,pymatching,b91760ea78cf9f4833c45a5ecc1020af69d569f33061d60ac02f8c5f0093edff,"{""config"":[""X+"",""X""],""d"":7,""p"":0.004664102564102564}",
      1024,       144,         0,   0.056,pymatching,d806b72799bfe753e865063b006987d3035049b94b7720f4921e9a766e0b4336,"{""config"":[""X+"",""X""],""d"":7,""p"":0.014287179487179487}",
    141312,         0,         0,   0.793,pymatching,870b2715199e1c7b6e1be0d5ff7df0086af81c1d733f2cbf0ed299fe72dadb53,"{""config"":[""X+"",""X""],""d"":7,""p"":0.001}",
      6144,       640,         0,   0.244,pymatching,292a1887256be123bb88225c16fd8bc580da5a3b555d8ae5bb8cb6333b8325ea,"{""config"":[""X+"",""X""],""d"":7,""p"":0.012148717948717948}",
      3072,       433,         0,   0.123,pymatching,bd6b117fa1e49fcaec2546037f85570027617b5a1c3552cfaed02cc1c75b725e,"{""config"":[""X+"",""X""],""d"":7,""p"":0.013574358974358974}",
    145408,         0,         0,   0.790,pymatching,a8eedd6e5e3a6e4d59662f5f0c45d7600841a89a60324496a9cbda10aee7f64e,"{""config"":[""X+"",""X""],""d"":7,""p"":0.00035938136638046257}",
     19456,       304,         0,   0.408,pymatching,f386f3dbd4a32ae34d04b6483c8b0485cf353fc6c027dc42cac209eb6d9f0692,"{""config"":[""X+"",""X""],""d"":7,""p"":0.007158974358974359}",
     10240,       530,         0,   0.319,pymatching,5de7814fecb77d1c90db56389c6856da3bdd9a777672366f1e77933b35d0d4bb,"{""config"":[""X+"",""X""],""d"":7,""p"":0.010010256410256409}",
      5120,       508,         0,   0.211,pymatching,9e2f9fffb73a49cba72ab596279f651d1e43889f4392244ad655b397f8e052ca,"{""config"":[""X+"",""X""],""d"":7,""p"":0.012505128205128205}",
     38912,       161,         0,   0.572,pymatching,ee0990691a329ed8e229b152d184ce2d683d0c3d6b834929772c40e736d548ee,"{""config"":[""X+"",""X""],""d"":7,""p"":0.00502051282051282}",
       273,        44,         0,   0.013,pymatching,5a572918e89b7d0a6c8f661270444cff8829e5e69bac219ff4fc249a4104d6a6,"{""config"":[""X+"",""X""],""d"":7,""p"":0.014643589743589744}",
       273,        43,         0,   0.014,pymatching,7e9c346e0026071282336bac1d7ee6959a97851efacf66806a035d9308a3f2fb,"{""config"":[""X+"",""X""],""d"":7,""p"":0.014999999999999998}",
      2048,       319,         0,   0.087,pymatching,d3d4a18d42a3b86d4609e3e54b5ad47dd792d6eca48a2a51c3b35a68fafdbe97,"{""config"":[""X+"",""X""],""d"":7,""p"":0.01393076923076923}",
    137216,         0,         0,   0.792,pymatching,6b9f4e34b0f0daa1aa6b4585b18a7139bbe081519dd004fb0636a443e3fd37e2,"{""config"":[""X+"",""X""],""d"":7,""p"":0.0005994842503189409}",
      1024,       164,         0,   0.061,pymatching,d806b72799bfe753e865063b006987d3035049b94b7720f4921e9a766e0b4336,"{""config"":[""X+"",""X""],""d"":7,""p"":0.014287179487179487}",
     20480,       447,         0,   0.419,pymatching,d8032c7aaa6000da39e4b676adf7a6db39d55d43680cbe13128b46e395971b69,"{""config"":[""X+"",""X""],""d"":7,""p"":0.007871794871794872}",
     18432,       386,         0,   0.408,pymatching,6aa347dd498ef9eab5063a08f336e609f14f0e078992c644e8370c8e3e95fdc5,"{""config"":[""X+"",""X""],""d"":7,""p"":0.007515384615384615}",
    120832,         0,         0,   0.793,pymatching,66673a494991db4a8a277166cf80056f33c68c5b85e1c95aa453533d394581a1,"{""config"":[""X+"",""X""],""d"":7,""p"":0.0011}",
    111616,         2,         0,   0.793,pymatching,24a10e6b8a3e2350a887e4da4bd2406151cb9f8b73a2840ac7cc3dcfe1ff6292,"{""config"":[""X+"",""X""],""d"":7,""p"":0.0014564102564102565}",
      1024,       166,         0,   0.045,pymatching,5a572918e89b7d0a6c8f661270444cff8829e5e69bac219ff4fc249a4104d6a6,"{""config"":[""X+"",""X""],""d"":7,""p"":0.014643589743589744}",
      1024,       175,         0,   0.046,pymatching,7e9c346e0026071282336bac1d7ee6959a97851efacf66806a035d9308a3f2fb,"{""config"":[""X+"",""X""],""d"":7,""p"":0.014999999999999998}",
    196911,       239,         0,   0.675,pymatching,55f0ed9f8176943b4c005b3e5fc47e6a71a5178d4a05504719fafde26c3155f6,"{""config"":[""X+"",""X""],""d"":5,""p"":0.0028820512820512817}",
      6144,       670,         0,   0.232,pymatching,992103de80056c2c667bfdc6065210d9ad22ecf59bbd816ec41a4ffad5ad51ea,"{""config"":[""X+"",""X""],""d"":7,""p"":0.012861538461538462}",
     58368,      1390,         0,   0.444,pymatching,0a23164326e71ef334486c04eea418f99a9ee0fed55239d004ad01368dcb11da,"{""config"":[""X+"",""X""],""d"":5,""p"":0.008228205128205128}",
    164864,       391,         0,   0.635,pymatching,17773444cd5fca4526e8956b2d4ccb99ed3a2ed01d0590d62425274c27aea840,"{""config"":[""X+"",""X""],""d"":5,""p"":0.0035948717948717946}",
      1024,       147,         0,   0.056,pymatching,d806b72799bfe753e865063b006987d3035049b94b7720f4921e9a766e0b4336,"{""config"":[""X+"",""X""],""d"":7,""p"":0.014287179487179487}",
     16384,       512,         0,   0.421,pymatching,227de2d86eeda9bea1a6f8078969462458ae0b33e00660b16aba1e8327ed3482,"{""config"":[""X+"",""X""],""d"":7,""p"":0.008584615384615385}",
      9216,       574,         0,   0.309,pymatching,6f4ec4646e76f6575e9ad182043f8c9131831ae1f009da911f924c4848461de6,"{""config"":[""X+"",""X""],""d"":7,""p"":0.010723076923076922}",
      1024,       168,         0,   0.045,pymatching,5a572918e89b7d0a6c8f661270444cff8829e5e69bac219ff4fc249a4104d6a6,"{""config"":[""X+"",""X""],""d"":7,""p"":0.014643589743589744}",
      1024,       164,         0,   0.046,pymatching,7e9c346e0026071282336bac1d7ee6959a97851efacf66806a035d9308a3f2fb,"{""config"":[""X+"",""X""],""d"":7,""p"":0.014999999999999998}",
      6144,       725,         0,   0.235,pymatching,c7ecf1d3211ad95a7cffa8299f3c6634d111635b34a80ee41333b896f3055fea,"{""config"":[""X+"",""X""],""d"":7,""p"":0.013217948717948718}",
      3345,         4,         0,   0.013,pymatching,17773444cd5fca4526e8956b2d4ccb99ed3a2ed01d0590d62425274c27aea840,"{""config"":[""X+"",""X""],""d"":5,""p"":0.0035948717948717946}",
     36864,       195,         0,   0.576,pymatching,7c53fb4e615d31e5d4c99bf35992fe8d9581d34af76bf8d8eb41aacc4eb492e8,"{""config"":[""X+"",""X""],""d"":7,""p"":0.005376923076923077}",
      1024,       161,         0,   0.045,pymatching,d806b72799bfe753e865063b006987d3035049b94b7720f4921e9a766e0b4336,"{""config"":[""X+"",""X""],""d"":7,""p"":0.014287179487179487}",
      4096,         8,         0,   0.016,pymatching,17773444cd5fca4526e8956b2d4ccb99ed3a2ed01d0590d62425274c27aea840,"{""config"":[""X+"",""X""],""d"":5,""p"":0.0035948717948717946}",
      2321,         5,         0,   0.012,pymatching,aeff48f169dd48fdb8f5bde148f264f232aa739f34c7ed8667501a8ce4d3c9d4,"{""config"":[""X+"",""X""],""d"":5,""p"":0.003951282051282051}",
    171160,       529,         0,   0.707,pymatching,aeff48f169dd48fdb8f5bde148f264f232aa739f34c7ed8667501a8ce4d3c9d4,"{""config"":[""X+"",""X""],""d"":5,""p"":0.003951282051282051}",
      3072,       446,         0,   0.129,pymatching,d3d4a18d42a3b86d4609e3e54b5ad47dd792d6eca48a2a51c3b35a68fafdbe97,"{""config"":[""X+"",""X""],""d"":7,""p"":0.01393076923076923}",
      1024,       180,         0,   0.045,pymatching,5a572918e89b7d0a6c8f661270444cff8829e5e69bac219ff4fc249a4104d6a6,"{""config"":[""X+"",""X""],""d"":7,""p"":0.014643589743589744}",
      8192,       638,         0,   0.296,pymatching,25657772526c41e16bcdcc760778c78ebbeec3c72f19609f193c1a6bb8cfb9dc,"{""config"":[""X+"",""X""],""d"":7,""p"":0.011435897435897435}",
      4096,       552,         0,   0.164,pymatching,bd6b117fa1e49fcaec2546037f85570027617b5a1c3552cfaed02cc1c75b725e,"{""config"":[""X+"",""X""],""d"":7,""p"":0.013574358974358974}",
      3072,        11,         0,   0.015,pymatching,aeff48f169dd48fdb8f5bde148f264f232aa739f34c7ed8667501a8ce4d3c9d4,"{""config"":[""X+"",""X""],""d"":5,""p"":0.003951282051282051}",
      5120,        10,         0,   0.020,pymatching,17773444cd5fca4526e8956b2d4ccb99ed3a2ed01d0590d62425274c27aea840,"{""config"":[""X+"",""X""],""d"":5,""p"":0.0035948717948717946}",
      1024,       193,         0,   0.046,pymatching,7e9c346e0026071282336bac1d7ee6959a97851efacf66806a035d9308a3f2fb,"{""config"":[""X+"",""X""],""d"":7,""p"":0.014999999999999998}",
    102400,         4,         0,   0.791,pymatching,ffb8a5c905873fa065329cbf5137555e915ef843bbbf1a1e263982a34543812c,"{""config"":[""X+"",""X""],""d"":7,""p"":0.0018128205128205128}",
      4096,         9,         0,   0.020,pymatching,aeff48f169dd48fdb8f5bde148f264f232aa739f34c7ed8667501a8ce4d3c9d4,"{""config"":[""X+"",""X""],""d"":5,""p"":0.003951282051282051}",
      9216,       641,         0,   0.324,pymatching,e14fac3ff9f73925237292ee128f50b77609902dd5fe9dc1721ca4e6dba902e2,"{""config"":[""X+"",""X""],""d"":7,""p"":0.01107948717948718}",
      7168,        11,         0,   0.027,pymatching,17773444cd5fca4526e8956b2d4ccb99ed3a2ed01d0590d62425274c27aea840,"{""config"":[""X+"",""X""],""d"":5,""p"":0.0035948717948717946}",
     17408,       486,         0,   0.427,pymatching,41c2474327ea7943aa544757a21c759d7876f17f25a502ce90be6f75aaaff781,"{""config"":[""X+"",""X""],""d"":7,""p"":0.008228205128205128}",
      1024,       187,         0,   0.047,pymatching,5a572918e89b7d0a6c8f661270444cff8829e5e69bac219ff4fc249a4104d6a6,"{""config"":[""X+"",""X""],""d"":7,""p"":0.014643589743589744}",
      1024,       179,         0,   0.045,pymatching,7e9c346e0026071282336bac1d7ee6959a97851efacf66806a035d9308a3f2fb,"{""config"":[""X+"",""X""],""d"":7,""p"":0.014999999999999998}",
      6144,        15,         0,   0.029,pymatching,aeff48f169dd48fdb8f5bde148f264f232aa739f34c7ed8667501a8ce4d3c9d4,"{""config"":[""X+"",""X""],""d"":5,""p"":0.003951282051282051}",
      9216,       748,         0,   0.305,pymatching,b01cb16ee4fd2a5c762bfd1738fa3ff5aab7aaf84f2dd101a6bb2a4dc081c946,"{""config"":[""X+"",""X""],""d"":7,""p"":0.011792307692307692}",
      2048,       284,         0,   0.088,pymatching,d806b72799bfe753e865063b006987d3035049b94b7720f4921e9a766e0b4336,"{""config"":[""X+"",""X""],""d"":7,""p"":0.014287179487179487}",
     10240,        19,         0,   0.040,pymatching,17773444cd5fca4526e8956b2d4ccb99ed3a2ed01d0590d62425274c27aea840,"{""config"":[""X+"",""X""],""d"":5,""p"":0.0035948717948717946}",
     15360,       667,         0,   0.433,pymatching,c48a13a7d498dce35d18b2e027ba9c44aa02977ef7b043c12b97c8b42a9bf706,"{""config"":[""X+"",""X""],""d"":7,""p"":0.009297435897435898}",
     17408,       640,         0,   0.413,pymatching,ec494b4727993ce701a9f353fb8d0b33061a04b472a8827628fb0d3c1a50c06e,"{""config"":[""X+"",""X""],""d"":7,""p"":0.00894102564102564}",
      9216,        39,         0,   0.041,pymatching,aeff48f169dd48fdb8f5bde148f264f232aa739f34c7ed8667501a8ce4d3c9d4,"{""config"":[""X+"",""X""],""d"":5,""p"":0.003951282051282051}",
     14336,        28,         0,   0.054,pymatching,17773444cd5fca4526e8956b2d4ccb99ed3a2ed01d0590d62425274c27aea840,"{""config"":[""X+"",""X""],""d"":5,""p"":0.0035948717948717946}",
      2048,       321,         0,   0.090,pymatching,5a572918e89b7d0a6c8f661270444cff8829e5e69bac219ff4fc249a4104d6a6,"{""config"":[""X+"",""X""],""d"":7,""p"":0.014643589743589744}",
     14336,       637,         0,   0.419,pymatching,0a0fa3fb2e2a7c7c004b0728d3d81adff078a454172fb00260d0a28337b59b58,"{""config"":[""X+"",""X""],""d"":7,""p"":0.009653846153846153}",
      2048,       382,         0,   0.094,pymatching,7e9c346e0026071282336bac1d7ee6959a97851efacf66806a035d9308a3f2fb,"{""config"":[""X+"",""X""],""d"":7,""p"":0.014999999999999998}",
     13312,        41,         0,   0.054,pymatching,aeff48f169dd48fdb8f5bde148f264f232aa739f34c7ed8667501a8ce4d3c9d4,"{""config"":[""X+"",""X""],""d"":5,""p"":0.003951282051282051}",
      2048,       327,         0,   0.090,pymatching,d806b72799bfe753e865063b006987d3035049b94b7720f4921e9a766e0b4336,"{""config"":[""X+"",""X""],""d"":7,""p"":0.014287179487179487}",
      8192,       796,         0,   0.319,pymatching,292a1887256be123bb88225c16fd8bc580da5a3b555d8ae5bb8cb6333b8325ea,"{""config"":[""X+"",""X""],""d"":7,""p"":0.012148717948717948}",
      4096,       553,         0,   0.169,pymatching,d3d4a18d42a3b86d4609e3e54b5ad47dd792d6eca48a2a51c3b35a68fafdbe97,"{""config"":[""X+"",""X""],""d"":7,""p"":0.01393076923076923}",
     14336,       843,         0,   0.408,pymatching,9f3b11242620fc201fc7c3c6af4ea4b603f6773d025efaf91c63a9cc1302963a,"{""config"":[""X+"",""X""],""d"":7,""p"":0.010366666666666666}",
      8192,       858,         0,   0.331,pymatching,9e2f9fffb73a49cba72ab596279f651d1e43889f4392244ad655b397f8e052ca,"{""config"":[""X+"",""X""],""d"":7,""p"":0.012505128205128205}",
     65176,       160,         0,   0.250,pymatching,17773444cd5fca4526e8956b2d4ccb99ed3a2ed01d0590d62425274c27aea840,"{""config"":[""X+"",""X""],""d"":5,""p"":0.0035948717948717946}",
     18432,        40,         0,   0.071,pymatching,17773444cd5fca4526e8956b2d4ccb99ed3a2ed01d0590d62425274c27aea840,"{""config"":[""X+"",""X""],""d"":5,""p"":0.0035948717948717946}",
      1219,         4,         0,   0.005,pymatching,17773444cd5fca4526e8956b2d4ccb99ed3a2ed01d0590d62425274c27aea840,"{""config"":[""X+"",""X""],""d"":5,""p"":0.0035948717948717946}",
      1024,         2,         0,   0.004,pymatching,17773444cd5fca4526e8956b2d4ccb99ed3a2ed01d0590d62425274c27aea840,"{""config"":[""X+"",""X""],""d"":5,""p"":0.0035948717948717946}",
        98,         0,         0,   0.000,pymatching,17773444cd5fca4526e8956b2d4ccb99ed3a2ed01d0590d62425274c27aea840,"{""config"":[""X+"",""X""],""d"":5,""p"":0.0035948717948717946}",
        49,         0,         0,   0.000,pymatching,17773444cd5fca4526e8956b2d4ccb99ed3a2ed01d0590d62425274c27aea840,"{""config"":[""X+"",""X""],""d"":5,""p"":0.0035948717948717946}",
     18432,        67,         0,   0.078,pymatching,aeff48f169dd48fdb8f5bde148f264f232aa739f34c7ed8667501a8ce4d3c9d4,"{""config"":[""X+"",""X""],""d"":5,""p"":0.003951282051282051}",
     32768,       299,         0,   0.574,pymatching,c38f3fbcd05be71b19ac276a153e0c2484f355d31ecd184d275a4b399a271ace,"{""config"":[""X+"",""X""],""d"":7,""p"":0.00608974358974359}",
      2048,       312,         0,   0.092,pymatching,5a572918e89b7d0a6c8f661270444cff8829e5e69bac219ff4fc249a4104d6a6,"{""config"":[""X+"",""X""],""d"":7,""p"":0.014643589743589744}",
        24,         0,         0,   0.000,pymatching,17773444cd5fca4526e8956b2d4ccb99ed3a2ed01d0590d62425274c27aea840,"{""config"":[""X+"",""X""],""d"":5,""p"":0.0035948717948717946}",
        12,         0,         0,   0.000,pymatching,17773444cd5fca4526e8956b2d4ccb99ed3a2ed01d0590d62425274c27aea840,"{""config"":[""X+"",""X""],""d"":5,""p"":0.0035948717948717946}",
      8192,       898,         0,   0.308,pymatching,992103de80056c2c667bfdc6065210d9ad22ecf59bbd816ec41a4ffad5ad51ea,"{""config"":[""X+"",""X""],""d"":7,""p"":0.012861538461538462}",
     95232,        18,         0,   0.798,pymatching,330944079abe525578c3d0d47137c24a58919f87f916eb882800ac41fd692b35,"{""config"":[""X+"",""X""],""d"":7,""p"":0.002169230769230769}",
      2048,       331,         0,   0.093,pymatching,7e9c346e0026071282336bac1d7ee6959a97851efacf66806a035d9308a3f2fb,"{""config"":[""X+"",""X""],""d"":7,""p"":0.014999999999999998}",
         6,         0,         0,   0.000,pymatching,17773444cd5fca4526e8956b2d4ccb99ed3a2ed01d0590d62425274c27aea840,"{""config"":[""X+"",""X""],""d"":5,""p"":0.0035948717948717946}",
      6144,       823,         0,   0.247,pymatching,bd6b117fa1e49fcaec2546037f85570027617b5a1c3552cfaed02cc1c75b725e,"{""config"":[""X+"",""X""],""d"":7,""p"":0.013574358974358974}",
     35840,       228,         0,   0.579,pymatching,0e55159f8cc3e9ff5036fc15139dd300d40c086444c609c580809a7d5005181b,"{""config"":[""X+"",""X""],""d"":7,""p"":0.005733333333333333}",
         3,         0,         0,   0.000,pymatching,17773444cd5fca4526e8956b2d4ccb99ed3a2ed01d0590d62425274c27aea840,"{""config"":[""X+"",""X""],""d"":5,""p"":0.0035948717948717946}",
     34816,       338,         0,   0.569,pymatching,23c6762b737c8f172d70a38cb24337e07ab695cfa3677a29c39ada478a50c087,"{""config"":[""X+"",""X""],""d"":7,""p"":0.006446153846153846}",
         2,         0,         0,   0.000,pymatching,17773444cd5fca4526e8956b2d4ccb99ed3a2ed01d0590d62425274c27aea840,"{""config"":[""X+"",""X""],""d"":5,""p"":0.0035948717948717946}",
         1,         0,         0,   0.000,pymatching,17773444cd5fca4526e8956b2d4ccb99ed3a2ed01d0590d62425274c27aea840,"{""config"":[""X+"",""X""],""d"":5,""p"":0.0035948717948717946}",
      7168,       916,         0,   0.296,pymatching,c7ecf1d3211ad95a7cffa8299f3c6634d111635b34a80ee41333b896f3055fea,"{""config"":[""X+"",""X""],""d"":7,""p"":0.013217948717948718}",
     13312,       659,         0,   0.411,pymatching,5de7814fecb77d1c90db56389c6856da3bdd9a777672366f1e77933b35d0d4bb,"{""config"":[""X+"",""X""],""d"":7,""p"":0.010010256410256409}",
    235520,      1050,         0,   0.953,pymatching,09574f58fd2678fb903e2784af40010e505918a25596da3f5f07a554aeecc264,"{""config"":[""X+"",""X""],""d"":5,""p"":0.004664102564102564}",
    250880,       971,         0,   0.973,pymatching,02581ace4ad1eaaa3b5aa5e02022fb59aa46d24c5e785fc68481be4d0f39e9f5,"{""config"":[""X+"",""X""],""d"":5,""p"":0.0043076923076923075}",
      3072,       462,         0,   0.132,pymatching,d806b72799bfe753e865063b006987d3035049b94b7720f4921e9a766e0b4336,"{""config"":[""X+"",""X""],""d"":7,""p"":0.014287179487179487}",
      2321,         7,         0,   0.012,pymatching,09574f58fd2678fb903e2784af40010e505918a25596da3f5f07a554aeecc264,"{""config"":[""X+"",""X""],""d"":5,""p"":0.004664102564102564}",
      3072,        17,         0,   0.014,pymatching,09574f58fd2678fb903e2784af40010e505918a25596da3f5f07a554aeecc264,"{""config"":[""X+"",""X""],""d"":5,""p"":0.004664102564102564}",
     25600,        77,         0,   0.105,pymatching,aeff48f169dd48fdb8f5bde148f264f232aa739f34c7ed8667501a8ce4d3c9d4,"{""config"":[""X+"",""X""],""d"":5,""p"":0.003951282051282051}",
      2321,         5,         0,   0.012,pymatching,02581ace4ad1eaaa3b5aa5e02022fb59aa46d24c5e785fc68481be4d0f39e9f5,"{""config"":[""X+"",""X""],""d"":5,""p"":0.0043076923076923075}",
     32768,       430,         0,   0.573,pymatching,44206ae84723ba1ca5b7b273593872b991680c9ab3e4933e072fe09f027cc7ef,"{""config"":[""X+"",""X""],""d"":7,""p"":0.006802564102564103}",
      3072,        14,         0,   0.017,pymatching,02581ace4ad1eaaa3b5aa5e02022fb59aa46d24c5e785fc68481be4d0f39e9f5,"{""config"":[""X+"",""X""],""d"":5,""p"":0.0043076923076923075}",
     84419,       255,         0,   0.345,pymatching,aeff48f169dd48fdb8f5bde148f264f232aa739f34c7ed8667501a8ce4d3c9d4,"{""config"":[""X+"",""X""],""d"":5,""p"":0.003951282051282051}",
      4547,         6,         0,   0.019,pymatching,aeff48f169dd48fdb8f5bde148f264f232aa739f34c7ed8667501a8ce4d3c9d4,"{""config"":[""X+"",""X""],""d"":5,""p"":0.003951282051282051}",
     12288,       833,         0,   0.411,pymatching,6f4ec4646e76f6575e9ad182043f8c9131831ae1f009da911f924c4848461de6,"{""config"":[""X+"",""X""],""d"":7,""p"":0.010723076923076922}",
      4096,        16,         0,   0.024,pymatching,09574f58fd2678fb903e2784af40010e505918a25596da3f5f07a554aeecc264,"{""config"":[""X+"",""X""],""d"":5,""p"":0.004664102564102564}",
      3072,       506,         0,   0.136,pymatching,5a572918e89b7d0a6c8f661270444cff8829e5e69bac219ff4fc249a4104d6a6,"{""config"":[""X+"",""X""],""d"":7,""p"":0.014643589743589744}",
    241664,      1382,         0,    1.04,pymatching,10f577cbcf1bdd20075b94ea4e01021d99f35b55ea222976e0987393a966a3ff,"{""config"":[""X+"",""X""],""d"":5,""p"":0.00502051282051282}",
      5120,        23,         0,   0.022,pymatching,02581ace4ad1eaaa3b5aa5e02022fb59aa46d24c5e785fc68481be4d0f39e9f5,"{""config"":[""X+"",""X""],""d"":5,""p"":0.0043076923076923075}",
      3072,       502,         0,   0.141,pymatching,7e9c346e0026071282336bac1d7ee6959a97851efacf66806a035d9308a3f2fb,"{""config"":[""X+"",""X""],""d"":7,""p"":0.014999999999999998}",
      5120,       711,         0,   0.215,pymatching,d3d4a18d42a3b86d4609e3e54b5ad47dd792d6eca48a2a51c3b35a68fafdbe97,"{""config"":[""X+"",""X""],""d"":7,""p"":0.01393076923076923}",
      5120,        31,         0,   0.028,pymatching,09574f58fd2678fb903e2784af40010e505918a25596da3f5f07a554aeecc264,"{""config"":[""X+"",""X""],""d"":5,""p"":0.004664102564102564}",
     27800,       105,         0,   0.111,pymatching,02581ace4ad1eaaa3b5aa5e02022fb59aa46d24c5e785fc68481be4d0f39e9f5,"{""config"":[""X+"",""X""],""d"":5,""p"":0.0043076923076923075}",
      7168,        36,         0,   0.031,pymatching,02581ace4ad1eaaa3b5aa5e02022fb59aa46d24c5e785fc68481be4d0f39e9f5,"{""config"":[""X+"",""X""],""d"":5,""p"":0.0043076923076923075}",
      2321,        16,         0,   0.013,pymatching,690a4757ff9d21e680de127366c7222eef0035037b5e3d448941cdca909349aa,"{""config"":[""X+"",""X""],""d"":5,""p"":0.005376923076923077}",
      2321,        18,         0,   0.012,pymatching,10f577cbcf1bdd20075b94ea4e01021d99f35b55ea222976e0987393a966a3ff,"{""config"":[""X+"",""X""],""d"":5,""p"":0.00502051282051282}",
     11264,       893,         0,   0.406,pymatching,25657772526c41e16bcdcc760778c78ebbeec3c72f19609f193c1a6bb8cfb9dc,"{""config"":[""X+"",""X""],""d"":7,""p"":0.011435897435897435}",
      3072,        17,         0,   0.016,pymatching,690a4757ff9d21e680de127366c7222eef0035037b5e3d448941cdca909349aa,"{""config"":[""X+"",""X""],""d"":5,""p"":0.005376923076923077}",
      3072,        18,         0,   0.019,pymatching,10f577cbcf1bdd20075b94ea4e01021d99f35b55ea222976e0987393a966a3ff,"{""config"":[""X+"",""X""],""d"":5,""p"":0.00502051282051282}",
     27648,       442,         0,   0.575,pymatching,f386f3dbd4a32ae34d04b6483c8b0485cf353fc6c027dc42cac209eb6d9f0692,"{""config"":[""X+"",""X""],""d"":7,""p"":0.007158974358974359}",
      5059,        13,         0,   0.022,pymatching,02581ace4ad1eaaa3b5aa5e02022fb59aa46d24c5e785fc68481be4d0f39e9f5,"{""config"":[""X+"",""X""],""d"":5,""p"":0.0043076923076923075}",
      7168,        44,         0,   0.042,pymatching,09574f58fd2678fb903e2784af40010e505918a25596da3f5f07a554aeecc264,"{""config"":[""X+"",""X""],""d"":5,""p"":0.004664102564102564}",
      5059,        22,         0,   0.020,pymatching,02581ace4ad1eaaa3b5aa5e02022fb59aa46d24c5e785fc68481be4d0f39e9f5,"{""config"":[""X+"",""X""],""d"":5,""p"":0.0043076923076923075}",
      4096,        39,         0,   0.021,pymatching,690a4757ff9d21e680de127366c7222eef0035037b5e3d448941cdca909349aa,"{""config"":[""X+"",""X""],""d"":5,""p"":0.005376923076923077}",
      4096,        29,         0,   0.020,pymatching,10f577cbcf1bdd20075b94ea4e01021d99f35b55ea222976e0987393a966a3ff,"{""config"":[""X+"",""X""],""d"":5,""p"":0.00502051282051282}",
     12288,       859,         0,   0.423,pymatching,e14fac3ff9f73925237292ee128f50b77609902dd5fe9dc1721ca4e6dba902e2,"{""config"":[""X+"",""X""],""d"":7,""p"":0.01107948717948718}",
     88064,        28,         0,   0.794,pymatching,12c5b41cabf9ff9110faad88f46cbfbd5d7e48235d7d185ace2136e311ffa750,"{""config"":[""X+"",""X""],""d"":7,""p"":0.0025256410256410257}",
    141312,      2635,         0,   0.977,pymatching,32cd31c1c4f08999a88eaa96f52ba32d7208e333a5cc32e55a848545f2246465,"{""config"":[""X+"",""X""],""d"":5,""p"":0.007515384615384615}",
    215040,      1602,         0,    1.11,pymatching,690a4757ff9d21e680de127366c7222eef0035037b5e3d448941cdca909349aa,"{""config"":[""X+"",""X""],""d"":5,""p"":0.005376923076923077}",
     28672,       572,         0,   0.585,pymatching,d8032c7aaa6000da39e4b676adf7a6db39d55d43680cbe13128b46e395971b69,"{""config"":[""X+"",""X""],""d"":7,""p"":0.007871794871794872}",
     26624,       524,         0,   0.584,pymatching,6aa347dd498ef9eab5063a08f336e609f14f0e078992c644e8370c8e3e95fdc5,"{""config"":[""X+"",""X""],""d"":7,""p"":0.007515384615384615}",
      4096,       627,         0,   0.177,pymatching,d806b72799bfe753e865063b006987d3035049b94b7720f4921e9a766e0b4336,"{""config"":[""X+"",""X""],""d"":7,""p"":0.014287179487179487}",
     84992,        52,         0,   0.797,pymatching,082955c518b24bd60c17f3af52bf5862d964bf74023753b47da27119da6b0a49,"{""config"":[""X+"",""X""],""d"":7,""p"":0.003238461538461538}",
      2321,        26,         0,   0.012,pymatching,6100f7b5e28a8fcdf09022bb678e2f535ef01f2158e71fe77cc99001fec31d71,"{""config"":[""X+"",""X""],""d"":5,""p"":0.005733333333333333}",
      6144,        42,         0,   0.032,pymatching,690a4757ff9d21e680de127366c7222eef0035037b5e3d448941cdca909349aa,"{""config"":[""X+"",""X""],""d"":5,""p"":0.005376923076923077}",
      2321,        17,         0,   0.014,pymatching,5c51941673fa0638a7e502da459654d6bd1a21f74cce026e39539d89fb900517,"{""config"":[""X+"",""X""],""d"":5,""p"":0.00608974358974359}",
      6144,        27,         0,   0.030,pymatching,10f577cbcf1bdd20075b94ea4e01021d99f35b55ea222976e0987393a966a3ff,"{""config"":[""X+"",""X""],""d"":5,""p"":0.00502051282051282}",
     12288,      1064,         0,   0.415,pymatching,b01cb16ee4fd2a5c762bfd1738fa3ff5aab7aaf84f2dd101a6bb2a4dc081c946,"{""config"":[""X+"",""X""],""d"":7,""p"":0.011792307692307692}",
     91136,        36,         0,   0.792,pymatching,7e730e1bef7adf1cae3895dd9e7eb6ad020c2938095f342009740893cd4ce019,"{""config"":[""X+"",""X""],""d"":7,""p"":0.0028820512820512817}",
    223896,      1946,         0,    1.07,pymatching,6100f7b5e28a8fcdf09022bb678e2f535ef01f2158e71fe77cc99001fec31d71,"{""config"":[""X+"",""X""],""d"":5,""p"":0.005733333333333333}",
     12288,        67,         0,   0.056,pymatching,09574f58fd2678fb903e2784af40010e505918a25596da3f5f07a554aeecc264,"{""config"":[""X+"",""X""],""d"":5,""p"":0.004664102564102564}",
      3072,        22,         0,   0.015,pymatching,6100f7b5e28a8fcdf09022bb678e2f535ef01f2158e71fe77cc99001fec31d71,"{""config"":[""X+"",""X""],""d"":5,""p"":0.005733333333333333}",
      3072,        31,         0,   0.018,pymatching,5c51941673fa0638a7e502da459654d6bd1a21f74cce026e39539d89fb900517,"{""config"":[""X+"",""X""],""d"":5,""p"":0.00608974358974359}",
      4096,        34,         0,   0.020,pymatching,6100f7b5e28a8fcdf09022bb678e2f535ef01f2158e71fe77cc99001fec31d71,"{""config"":[""X+"",""X""],""d"":5,""p"":0.005733333333333333}",
      7168,        57,         0,   0.039,pymatching,10f577cbcf1bdd20075b94ea4e01021d99f35b55ea222976e0987393a966a3ff,"{""config"":[""X+"",""X""],""d"":5,""p"":0.00502051282051282}",
     22528,       718,         0,   0.573,pymatching,227de2d86eeda9bea1a6f8078969462458ae0b33e00660b16aba1e8327ed3482,"{""config"":[""X+"",""X""],""d"":7,""p"":0.008584615384615385}",
      2321,        24,         0,   0.014,pymatching,a4efaafae06c4766e4466e47d1b6daeff18e9546db0e687d940b808682b90995,"{""config"":[""X+"",""X""],""d"":5,""p"":0.006446153846153846}",
     57496,       253,         0,   0.233,pymatching,09574f58fd2678fb903e2784af40010e505918a25596da3f5f07a554aeecc264,"{""config"":[""X+"",""X""],""d"":5,""p"":0.004664102564102564}",
      8192,        50,         0,   0.042,pymatching,690a4757ff9d21e680de127366c7222eef0035037b5e3d448941cdca909349aa,"{""config"":[""X+"",""X""],""d"":5,""p"":0.005376923076923077}",
      4096,        36,         0,   0.024,pymatching,5c51941673fa0638a7e502da459654d6bd1a21f74cce026e39539d89fb900517,"{""config"":[""X+"",""X""],""d"":5,""p"":0.00608974358974359}",
     65536,       116,         0,   0.792,pymatching,3017794d13067d71bbe69fc9a487c4d5a46e9c4e42027a610cbc4e396de22ffb,"{""config"":[""X+"",""X""],""d"":7,""p"":0.003951282051282051}",
      3072,        35,         0,   0.018,pymatching,a4efaafae06c4766e4466e47d1b6daeff18e9546db0e687d940b808682b90995,"{""config"":[""X+"",""X""],""d"":5,""p"":0.006446153846153846}",
     70656,        74,         0,   0.793,pymatching,7236879ddc1304042a8322f1a3f6274c3fbdb49118d290a3484ab208161cd894,"{""config"":[""X+"",""X""],""d"":7,""p"":0.0035948717948717946}",
     69632,       157,         0,   0.792,pymatching,8330916b8be5d1095e8d49076ab85fa486347616b42dbc0912a58b9c140ca6e2,"{""config"":[""X+"",""X""],""d"":7,""p"":0.0043076923076923075}",
    193536,      1968,         0,    1.11,pymatching,5c51941673fa0638a7e502da459654d6bd1a21f74cce026e39539d89fb900517,"{""config"":[""X+"",""X""],""d"":5,""p"":0.00608974358974359}",
      6144,        55,         0,   0.030,pymatching,6100f7b5e28a8fcdf09022bb678e2f535ef01f2158e71fe77cc99001fec31d71,"{""config"":[""X+"",""X""],""d"":5,""p"":0.005733333333333333}",
     11715,        51,         0,   0.054,pymatching,09574f58fd2678fb903e2784af40010e505918a25596da3f5f07a554aeecc264,"{""config"":[""X+"",""X""],""d"":5,""p"":0.004664102564102564}",
      7168,       968,         0,   0.292,pymatching,bd6b117fa1e49fcaec2546037f85570027617b5a1c3552cfaed02cc1c75b725e,"{""config"":[""X+"",""X""],""d"":7,""p"":0.013574358974358974}",
      4096,       678,         0,   0.182,pymatching,5a572918e89b7d0a6c8f661270444cff8829e5e69bac219ff4fc249a4104d6a6,"{""config"":[""X+"",""X""],""d"":7,""p"":0.014643589743589744}",
      5120,        60,         0,   0.029,pymatching,5c51941673fa0638a7e502da459654d6bd1a21f74cce026e39539d89fb900517,"{""config"":[""X+"",""X""],""d"":5,""p"":0.00608974358974359}",
      5858,        28,         0,   0.024,pymatching,09574f58fd2678fb903e2784af40010e505918a25596da3f5f07a554aeecc264,"{""config"":[""X+"",""X""],""d"":5,""p"":0.004664102564102564}",
    184320,      2247,         0,    1.11,pymatching,a4efaafae06c4766e4466e47d1b6daeff18e9546db0e687d940b808682b90995,"{""config"":[""X+"",""X""],""d"":5,""p"":0.006446153846153846}",
      4096,        43,         0,   0.025,pymatching,a4efaafae06c4766e4466e47d1b6daeff18e9546db0e687d940b808682b90995,"{""config"":[""X+"",""X""],""d"":5,""p"":0.006446153846153846}",
     10240,       965,         0,   0.406,pymatching,292a1887256be123bb88225c16fd8bc580da5a3b555d8ae5bb8cb6333b8325ea,"{""config"":[""X+"",""X""],""d"":7,""p"":0.012148717948717948}",
      2929,        11,         0,   0.013,pymatching,09574f58fd2678fb903e2784af40010e505918a25596da3f5f07a554aeecc264,"{""config"":[""X+"",""X""],""d"":5,""p"":0.004664102564102564}",
      4096,       688,         0,   0.187,pymatching,7e9c346e0026071282336bac1d7ee6959a97851efacf66806a035d9308a3f2fb,"{""config"":[""X+"",""X""],""d"":7,""p"":0.014999999999999998}",
      2048,         9,         0,   0.008,pymatching,09574f58fd2678fb903e2784af40010e505918a25596da3f5f07a554aeecc264,"{""config"":[""X+"",""X""],""d"":5,""p"":0.004664102564102564}",
     11264,        62,         0,   0.054,pymatching,10f577cbcf1bdd20075b94ea4e01021d99f35b55ea222976e0987393a966a3ff,"{""config"":[""X+"",""X""],""d"":5,""p"":0.00502051282051282}",
     11264,        91,         0,   0.057,pymatching,690a4757ff9d21e680de127366c7222eef0035037b5e3d448941cdca909349aa,"{""config"":[""X+"",""X""],""d"":5,""p"":0.005376923076923077}",
       440,         0,         0,   0.002,pymatching,09574f58fd2678fb903e2784af40010e505918a25596da3f5f07a554aeecc264,"{""config"":[""X+"",""X""],""d"":5,""p"":0.004664102564102564}",
      8192,        76,         0,   0.040,pymatching,6100f7b5e28a8fcdf09022bb678e2f535ef01f2158e71fe77cc99001fec31d71,"{""config"":[""X+"",""X""],""d"":5,""p"":0.005733333333333333}",
       440,         0,         0,   0.002,pymatching,09574f58fd2678fb903e2784af40010e505918a25596da3f5f07a554aeecc264,"{""config"":[""X+"",""X""],""d"":5,""p"":0.004664102564102564}",
    176128,      2367,         0,    1.11,pymatching,5b5925c842ce4f5ad9cb6ca3245e58f2a07203b412dec315df13ca3b6c550941,"{""config"":[""X+"",""X""],""d"":5,""p"":0.006802564102564103}",
      7168,        86,         0,   0.041,pymatching,5c51941673fa0638a7e502da459654d6bd1a21f74cce026e39539d89fb900517,"{""config"":[""X+"",""X""],""d"":5,""p"":0.00608974358974359}",
     25240,       174,         0,   0.127,pymatching,690a4757ff9d21e680de127366c7222eef0035037b5e3d448941cdca909349aa,"{""config"":[""X+"",""X""],""d"":5,""p"":0.005376923076923077}",
      5120,        70,         0,   0.032,pymatching,a4efaafae06c4766e4466e47d1b6daeff18e9546db0e687d940b808682b90995,"{""config"":[""X+"",""X""],""d"":5,""p"":0.006446153846153846}",
     58368,       162,         0,   0.797,pymatching,b91760ea78cf9f4833c45a5ecc1020af69d569f33061d60ac02f8c5f0093edff,"{""config"":[""X+"",""X""],""d"":7,""p"":0.004664102564102564}",
    166912,      2634,         0,    1.11,pymatching,f2747844340327fb3bc51ad5b61c374f9c11e983edb52ff05170b943debfca16,"{""config"":[""X+"",""X""],""d"":5,""p"":0.007158974358974359}",
     10240,      1043,         0,   0.416,pymatching,9e2f9fffb73a49cba72ab596279f651d1e43889f4392244ad655b397f8e052ca,"{""config"":[""X+"",""X""],""d"":7,""p"":0.012505128205128205}",
     24576,       684,         0,   0.590,pymatching,41c2474327ea7943aa544757a21c759d7876f17f25a502ce90be6f75aaaff781,"{""config"":[""X+"",""X""],""d"":7,""p"":0.008228205128205128}",
      7168,        93,         0,   0.044,pymatching,a4efaafae06c4766e4466e47d1b6daeff18e9546db0e687d940b808682b90995,"{""config"":[""X+"",""X""],""d"":5,""p"":0.006446153846153846}",
     11264,        91,         0,   0.055,pymatching,6100f7b5e28a8fcdf09022bb678e2f535ef01f2158e71fe77cc99001fec31d71,"{""config"":[""X+"",""X""],""d"":5,""p"":0.005733333333333333}",
      2321,        39,         0,   0.015,pymatching,5b5925c842ce4f5ad9cb6ca3245e58f2a07203b412dec315df13ca3b6c550941,"{""config"":[""X+"",""X""],""d"":5,""p"":0.006802564102564103}",
     15360,        94,         0,   0.076,pymatching,10f577cbcf1bdd20075b94ea4e01021d99f35b55ea222976e0987393a966a3ff,"{""config"":[""X+"",""X""],""d"":5,""p"":0.00502051282051282}",
     10240,        96,         0,   0.058,pymatching,5c51941673fa0638a7e502da459654d6bd1a21f74cce026e39539d89fb900517,"{""config"":[""X+"",""X""],""d"":5,""p"":0.00608974358974359}",
     20480,       828,         0,   0.572,pymatching,c48a13a7d498dce35d18b2e027ba9c44aa02977ef7b043c12b97c8b42a9bf706,"{""config"":[""X+"",""X""],""d"":7,""p"":0.009297435897435898}",
      2321,        41,         0,   0.015,pymatching,f2747844340327fb3bc51ad5b61c374f9c11e983edb52ff05170b943debfca16,"{""config"":[""X+"",""X""],""d"":5,""p"":0.007158974358974359}",
     15360,       102,         0,   0.078,pymatching,690a4757ff9d21e680de127366c7222eef0035037b5e3d448941cdca909349aa,"{""config"":[""X+"",""X""],""d"":5,""p"":0.005376923076923077}",
     64152,       393,         0,   0.278,pymatching,10f577cbcf1bdd20075b94ea4e01021d99f35b55ea222976e0987393a966a3ff,"{""config"":[""X+"",""X""],""d"":5,""p"":0.00502051282051282}",
     11264,      1288,         0,   0.425,pymatching,992103de80056c2c667bfdc6065210d9ad22ecf59bbd816ec41a4ffad5ad51ea,"{""config"":[""X+"",""X""],""d"":7,""p"":0.012861538461538462}",
      3072,        46,         0,   0.019,pymatching,5b5925c842ce4f5ad9cb6ca3245e58f2a07203b412dec315df13ca3b6c550941,"{""config"":[""X+"",""X""],""d"":5,""p"":0.006802564102564103}",
     55296,       226,         0,   0.804,pymatching,ee0990691a329ed8e229b152d184ce2d683d0c3d6b834929772c40e736d548ee,"{""config"":[""X+"",""X""],""d"":7,""p"":0.00502051282051282}",
      3072,        59,         0,   0.018,pymatching,f2747844340327fb3bc51ad5b61c374f9c11e983edb52ff05170b943debfca16,"{""config"":[""X+"",""X""],""d"":5,""p"":0.007158974358974359}",
     24576,       895,         0,   0.585,pymatching,ec494b4727993ce701a9f353fb8d0b33061a04b472a8827628fb0d3c1a50c06e,"{""config"":[""X+"",""X""],""d"":7,""p"":0.00894102564102564}",
      7168,      1026,         0,   0.299,pymatching,d3d4a18d42a3b86d4609e3e54b5ad47dd792d6eca48a2a51c3b35a68fafdbe97,"{""config"":[""X+"",""X""],""d"":7,""p"":0.01393076923076923}",
      7363,        45,         0,   0.036,pymatching,10f577cbcf1bdd20075b94ea4e01021d99f35b55ea222976e0987393a966a3ff,"{""config"":[""X+"",""X""],""d"":5,""p"":0.00502051282051282}",
      5120,        19,         0,   0.022,pymatching,10f577cbcf1bdd20075b94ea4e01021d99f35b55ea222976e0987393a966a3ff,"{""config"":[""X+"",""X""],""d"":5,""p"":0.00502051282051282}",
      4096,        62,         0,   0.026,pymatching,5b5925c842ce4f5ad9cb6ca3245e58f2a07203b412dec315df13ca3b6c550941,"{""config"":[""X+"",""X""],""d"":5,""p"":0.006802564102564103}",
      5120,       757,         0,   0.225,pymatching,d806b72799bfe753e865063b006987d3035049b94b7720f4921e9a766e0b4336,"{""config"":[""X+"",""X""],""d"":7,""p"":0.014287179487179487}",
      9216,       105,         0,   0.056,pymatching,a4efaafae06c4766e4466e47d1b6daeff18e9546db0e687d940b808682b90995,"{""config"":[""X+"",""X""],""d"":5,""p"":0.006446153846153846}",
      4096,        68,         0,   0.024,pymatching,f2747844340327fb3bc51ad5b61c374f9c11e983edb52ff05170b943debfca16,"{""config"":[""X+"",""X""],""d"":5,""p"":0.007158974358974359}",
      1121,         7,         0,   0.005,pymatching,10f577cbcf1bdd20075b94ea4e01021d99f35b55ea222976e0987393a966a3ff,"{""config"":[""X+"",""X""],""d"":5,""p"":0.00502051282051282}",
      1024,         3,         0,   0.004,pymatching,10f577cbcf1bdd20075b94ea4e01021d99f35b55ea222976e0987393a966a3ff,"{""config"":[""X+"",""X""],""d"":5,""p"":0.00502051282051282}",
     11264,      1443,         0,   0.437,pymatching,c7ecf1d3211ad95a7cffa8299f3c6634d111635b34a80ee41333b896f3055fea,"{""config"":[""X+"",""X""],""d"":7,""p"":0.013217948717948718}",
     19456,       910,         0,   0.567,pymatching,0a0fa3fb2e2a7c7c004b0728d3d81adff078a454172fb00260d0a28337b59b58,"{""config"":[""X+"",""X""],""d"":7,""p"":0.009653846153846153}",
        49,         0,         0,   0.000,pymatching,10f577cbcf1bdd20075b94ea4e01021d99f35b55ea222976e0987393a966a3ff,"{""config"":[""X+"",""X""],""d"":5,""p"":0.00502051282051282}",
        25,         0,         0,   0.000,pymatching,10f577cbcf1bdd20075b94ea4e01021d99f35b55ea222976e0987393a966a3ff,"{""config"":[""X+"",""X""],""d"":5,""p"":0.00502051282051282}",
     16384,       148,         0,   0.079,pymatching,6100f7b5e28a8fcdf09022bb678e2f535ef01f2158e71fe77cc99001fec31d71,"{""config"":[""X+"",""X""],""d"":5,""p"":0.005733333333333333}",
        12,         0,         0,   0.000,pymatching,10f577cbcf1bdd20075b94ea4e01021d99f35b55ea222976e0987393a966a3ff,"{""config"":[""X+"",""X""],""d"":5,""p"":0.00502051282051282}",
      5120,        67,         0,   0.031,pymatching,5b5925c842ce4f5ad9cb6ca3245e58f2a07203b412dec315df13ca3b6c550941,"{""config"":[""X+"",""X""],""d"":5,""p"":0.006802564102564103}",
      5120,        95,         0,   0.031,pymatching,f2747844340327fb3bc51ad5b61c374f9c11e983edb52ff05170b943debfca16,"{""config"":[""X+"",""X""],""d"":5,""p"":0.007158974358974359}",
         6,         0,         0,   0.000,pymatching,10f577cbcf1bdd20075b94ea4e01021d99f35b55ea222976e0987393a966a3ff,"{""config"":[""X+"",""X""],""d"":5,""p"":0.00502051282051282}",
     13312,       148,         0,   0.076,pymatching,5c51941673fa0638a7e502da459654d6bd1a21f74cce026e39539d89fb900517,"{""config"":[""X+"",""X""],""d"":5,""p"":0.00608974358974359}",
         3,         0,         0,   0.000,pymatching,10f577cbcf1bdd20075b94ea4e01021d99f35b55ea222976e0987393a966a3ff,"{""config"":[""X+"",""X""],""d"":5,""p"":0.00502051282051282}",
         2,         1,         0,   0.000,pymatching,10f577cbcf1bdd20075b94ea4e01021d99f35b55ea222976e0987393a966a3ff,"{""config"":[""X+"",""X""],""d"":5,""p"":0.00502051282051282}",
         1,         0,         0,   0.000,pymatching,10f577cbcf1bdd20075b94ea4e01021d99f35b55ea222976e0987393a966a3ff,"{""config"":[""X+"",""X""],""d"":5,""p"":0.00502051282051282}",
      6144,        89,         0,   0.038,pymatching,5b5925c842ce4f5ad9cb6ca3245e58f2a07203b412dec315df13ca3b6c550941,"{""config"":[""X+"",""X""],""d"":5,""p"":0.006802564102564103}",
     21504,       156,         0,   0.109,pymatching,690a4757ff9d21e680de127366c7222eef0035037b5e3d448941cdca909349aa,"{""config"":[""X+"",""X""],""d"":5,""p"":0.005376923076923077}",
     20480,      1287,         0,   0.587,pymatching,9f3b11242620fc201fc7c3c6af4ea4b603f6773d025efaf91c63a9cc1302963a,"{""config"":[""X+"",""X""],""d"":7,""p"":0.010366666666666666}",
      7168,       102,         0,   0.043,pymatching,f2747844340327fb3bc51ad5b61c374f9c11e983edb52ff05170b943debfca16,"{""config"":[""X+"",""X""],""d"":5,""p"":0.007158974358974359}",
     12288,       133,         0,   0.075,pymatching,a4efaafae06c4766e4466e47d1b6daeff18e9546db0e687d940b808682b90995,"{""config"":[""X+"",""X""],""d"":5,""p"":0.006446153846153846}",
    221848,         0,         0,    1.08,pymatching,31a70efccbfeaa6db2ece252f400b79af90591c7fff0b63a3b1949e78df8ba26,"{""config"":[""X+"",""X""],""d"":7,""p"":1e-05}",
      5120,       815,         0,   0.227,pymatching,5a572918e89b7d0a6c8f661270444cff8829e5e69bac219ff4fc249a4104d6a6,"{""config"":[""X+"",""X""],""d"":7,""p"":0.014643589743589744}",
     52224,       292,         0,   0.806,pymatching,7c53fb4e615d31e5d4c99bf35992fe8d9581d34af76bf8d8eb41aacc4eb492e8,"{""config"":[""X+"",""X""],""d"":7,""p"":0.005376923076923077}",
    222872,         0,         0,    1.09,pymatching,16ca885fde609826572f5298647d12dfaf2af332193be923bfddac3c3bd642ff,"{""config"":[""X+"",""X""],""d"":7,""p"":1.6681005372000593e-05}",
      5120,       850,         0,   0.234,pymatching,7e9c346e0026071282336bac1d7ee6959a97851efacf66806a035d9308a3f2fb,"{""config"":[""X+"",""X""],""d"":7,""p"":0.014999999999999998}",
      9216,       120,         0,   0.057,pymatching,5b5925c842ce4f5ad9cb6ca3245e58f2a07203b412dec315df13ca3b6c550941,"{""config"":[""X+"",""X""],""d"":5,""p"":0.006802564102564103}",
      9216,       134,         0,   0.054,pymatching,f2747844340327fb3bc51ad5b61c374f9c11e983edb52ff05170b943debfca16,"{""config"":[""X+"",""X""],""d"":5,""p"":0.007158974358974359}",
    226304,         0,         0,    1.11,pymatching,e4370498d036834c3ffed00723d3559db44010721266769ada6696c66c3f556e,"{""config"":[""X+"",""X""],""d"":7,""p"":4.641588833612782e-05}",
     22528,       185,         0,   0.108,pymatching,6100f7b5e28a8fcdf09022bb678e2f535ef01f2158e71fe77cc99001fec31d71,"{""config"":[""X+"",""X""],""d"":5,""p"":0.005733333333333333}",
     18432,       186,         0,   0.108,pymatching,5c51941673fa0638a7e502da459654d6bd1a21f74cce026e39539d89fb900517,"{""config"":[""X+"",""X""],""d"":5,""p"":0.00608974358974359}",
     18432,       961,         0,   0.568,pymatching,5de7814fecb77d1c90db56389c6856da3bdd9a777672366f1e77933b35d0d4bb,"{""config"":[""X+"",""X""],""d"":7,""p"":0.010010256410256409}",
    250880,         0,         0,    1.11,pymatching,4892b451c253103dff8830a265fe51a9fcf22517ec8e3586a17a0c7e8bec142a,"{""config"":[""X+"",""X""],""d"":7,""p"":7.742636826811278e-05}",
      2321,         0,         0,   0.012,pymatching,16ca885fde609826572f5298647d12dfaf2af332193be923bfddac3c3bd642ff,"{""config"":[""X+"",""X""],""d"":7,""p"":1.6681005372000593e-05}",
    227328,         0,         0,    1.11,pymatching,52872054ed79909810df5215ef5423a021491e18943524a21b4efd4c172d9d6d,"{""config"":[""X+"",""X""],""d"":7,""p"":2.782559402207126e-05}",
      2321,         0,         0,   0.013,pymatching,31a70efccbfeaa6db2ece252f400b79af90591c7fff0b63a3b1949e78df8ba26,"{""config"":[""X+"",""X""],""d"":7,""p"":1e-05}",
    224256,         0,         0,    1.11,pymatching,eff24e668d249c740fb5a200cf98f353e899df1dedfa4bb8c1442c3ffc909199,"{""config"":[""X+"",""X""],""d"":7,""p"":0.0001291549665014884}",
      3072,         0,         0,   0.015,pymatching,31a70efccbfeaa6db2ece252f400b79af90591c7fff0b63a3b1949e78df8ba26,"{""config"":[""X+"",""X""],""d"":7,""p"":1e-05}",
      4096,         0,         0,   0.018,pymatching,16ca885fde609826572f5298647d12dfaf2af332193be923bfddac3c3bd642ff,"{""config"":[""X+"",""X""],""d"":7,""p"":1.6681005372000593e-05}",
     18432,       229,         0,   0.109,pymatching,a4efaafae06c4766e4466e47d1b6daeff18e9546db0e687d940b808682b90995,"{""config"":[""X+"",""X""],""d"":5,""p"":0.006446153846153846}",
      4096,         0,         0,   0.020,pymatching,31a70efccbfeaa6db2ece252f400b79af90591c7fff0b63a3b1949e78df8ba26,"{""config"":[""X+"",""X""],""d"":7,""p"":1e-05}",
     43008,       707,         0,   0.281,pymatching,f2747844340327fb3bc51ad5b61c374f9c11e983edb52ff05170b943debfca16,"{""config"":[""X+"",""X""],""d"":5,""p"":0.007158974358974359}",
      5120,         0,         0,   0.022,pymatching,16ca885fde609826572f5298647d12dfaf2af332193be923bfddac3c3bd642ff,"{""config"":[""X+"",""X""],""d"":7,""p"":1.6681005372000593e-05}",
     11264,       182,         0,   0.067,pymatching,f2747844340327fb3bc51ad5b61c374f9c11e983edb52ff05170b943debfca16,"{""config"":[""X+"",""X""],""d"":5,""p"":0.007158974358974359}",
     12288,       170,         0,   0.077,pymatching,5b5925c842ce4f5ad9cb6ca3245e58f2a07203b412dec315df13ca3b6c550941,"{""config"":[""X+"",""X""],""d"":5,""p"":0.006802564102564103}",
    217088,         0,         0,    1.11,pymatching,bccd2d64531109f380a62cff62014824789a2ef03dae0ed42ef58c649ca22336,"{""config"":[""X+"",""X""],""d"":7,""p"":0.00021544346900318823}",
     65688,       723,         0,   0.370,pymatching,5c51941673fa0638a7e502da459654d6bd1a21f74cce026e39539d89fb900517,"{""config"":[""X+"",""X""],""d"":5,""p"":0.00608974358974359}",
      6144,         0,         0,   0.030,pymatching,31a70efccbfeaa6db2ece252f400b79af90591c7fff0b63a3b1949e78df8ba26,"{""config"":[""X+"",""X""],""d"":7,""p"":1e-05}",
     29696,       195,         0,   0.151,pymatching,690a4757ff9d21e680de127366c7222eef0035037b5e3d448941cdca909349aa,"{""config"":[""X+"",""X""],""d"":5,""p"":0.005376923076923077}",
      7168,         0,         0,   0.032,pymatching,16ca885fde609826572f5298647d12dfaf2af332193be923bfddac3c3bd642ff,"{""config"":[""X+"",""X""],""d"":7,""p"":1.6681005372000593e-05}",
     17408,      1088,         0,   0.577,pymatching,6f4ec4646e76f6575e9ad182043f8c9131831ae1f009da911f924c4848461de6,"{""config"":[""X+"",""X""],""d"":7,""p"":0.010723076923076922}",
    197632,         3,         0,    1.11,pymatching,870b2715199e1c7b6e1be0d5ff7df0086af81c1d733f2cbf0ed299fe72dadb53,"{""config"":[""X+"",""X""],""d"":7,""p"":0.001}",
      7168,         0,         0,   0.038,pymatching,31a70efccbfeaa6db2ece252f400b79af90591c7fff0b63a3b1949e78df8ba26,"{""config"":[""X+"",""X""],""d"":7,""p"":1e-05}",
     10240,      1333,         0,   0.413,pymatching,bd6b117fa1e49fcaec2546037f85570027617b5a1c3552cfaed02cc1c75b725e,"{""config"":[""X+"",""X""],""d"":7,""p"":0.013574358974358974}",
      9216,         0,         0,   0.040,pymatching,16ca885fde609826572f5298647d12dfaf2af332193be923bfddac3c3bd642ff,"{""config"":[""X+"",""X""],""d"":7,""p"":1.6681005372000593e-05}",
    208896,         0,         0,    1.11,pymatching,a8eedd6e5e3a6e4d59662f5f0c45d7600841a89a60324496a9cbda10aee7f64e,"{""config"":[""X+"",""X""],""d"":7,""p"":0.00035938136638046257}",
      2321,         0,         0,   0.011,pymatching,52872054ed79909810df5215ef5423a021491e18943524a21b4efd4c172d9d6d,"{""config"":[""X+"",""X""],""d"":7,""p"":2.782559402207126e-05}",
     30720,       277,         0,   0.149,pymatching,6100f7b5e28a8fcdf09022bb678e2f535ef01f2158e71fe77cc99001fec31d71,"{""config"":[""X+"",""X""],""d"":5,""p"":0.005733333333333333}",
      2321,         0,         0,   0.013,pymatching,e4370498d036834c3ffed00723d3559db44010721266769ada6696c66c3f556e,"{""config"":[""X+"",""X""],""d"":7,""p"":4.641588833612782e-05}",
     25600,       274,         0,   0.147,pymatching,5c51941673fa0638a7e502da459654d6bd1a21f74cce026e39539d89fb900517,"{""config"":[""X+"",""X""],""d"":5,""p"":0.00608974358974359}",
      4096,         0,         0,   0.018,pymatching,52872054ed79909810df5215ef5423a021491e18943524a21b4efd4c172d9d6d,"{""config"":[""X+"",""X""],""d"":7,""p"":2.782559402207126e-05}",
    193536,         0,         0,    1.11,pymatching,6b9f4e34b0f0daa1aa6b4585b18a7139bbe081519dd004fb0636a443e3fd37e2,"{""config"":[""X+"",""X""],""d"":7,""p"":0.0005994842503189409}",
      3072,         0,         0,   0.015,pymatching,e4370498d036834c3ffed00723d3559db44010721266769ada6696c66c3f556e,"{""config"":[""X+"",""X""],""d"":7,""p"":4.641588833612782e-05}",
     16384,      1327,         0,   0.587,pymatching,25657772526c41e16bcdcc760778c78ebbeec3c72f19609f193c1a6bb8cfb9dc,"{""config"":[""X+"",""X""],""d"":7,""p"":0.011435897435897435}",
    172032,         3,         0,    1.11,pymatching,66673a494991db4a8a277166cf80056f33c68c5b85e1c95aa453533d394581a1,"{""config"":[""X+"",""X""],""d"":7,""p"":0.0011}",
      5120,         0,         0,   0.022,pymatching,52872054ed79909810df5215ef5423a021491e18943524a21b4efd4c172d9d6d,"{""config"":[""X+"",""X""],""d"":7,""p"":2.782559402207126e-05}",
      7168,      1112,         0,   0.313,pymatching,d806b72799bfe753e865063b006987d3035049b94b7720f4921e9a766e0b4336,"{""config"":[""X+"",""X""],""d"":7,""p"":0.014287179487179487}",
     17408,       241,         0,   0.110,pymatching,5b5925c842ce4f5ad9cb6ca3245e58f2a07203b412dec315df13ca3b6c550941,"{""config"":[""X+"",""X""],""d"":5,""p"":0.006802564102564103}",
     11264,         0,         0,   0.057,pymatching,31a70efccbfeaa6db2ece252f400b79af90591c7fff0b63a3b1949e78df8ba26,"{""config"":[""X+"",""X""],""d"":7,""p"":1e-05}",
     12288,         0,         0,   0.054,pymatching,16ca885fde609826572f5298647d12dfaf2af332193be923bfddac3c3bd642ff,"{""config"":[""X+"",""X""],""d"":7,""p"":1.6681005372000593e-05}",
      4096,         0,         0,   0.020,pymatching,e4370498d036834c3ffed00723d3559db44010721266769ada6696c66c3f556e,"{""config"":[""X+"",""X""],""d"":7,""p"":4.641588833612782e-05}",
    158720,         3,         0,    1.11,pymatching,24a10e6b8a3e2350a887e4da4bd2406151cb9f8b73a2840ac7cc3dcfe1ff6292,"{""config"":[""X+"",""X""],""d"":7,""p"":0.0014564102564102565}",
      9923,        78,         0,   0.048,pymatching,6100f7b5e28a8fcdf09022bb678e2f535ef01f2158e71fe77cc99001fec31d71,"{""config"":[""X+"",""X""],""d"":5,""p"":0.005733333333333333}",
     24576,       295,         0,   0.147,pymatching,a4efaafae06c4766e4466e47d1b6daeff18e9546db0e687d940b808682b90995,"{""config"":[""X+"",""X""],""d"":5,""p"":0.006446153846153846}",
     79000,       951,         0,   0.472,pymatching,a4efaafae06c4766e4466e47d1b6daeff18e9546db0e687d940b808682b90995,"{""config"":[""X+"",""X""],""d"":5,""p"":0.006446153846153846}",
    100352,       903,         0,   0.527,pymatching,6100f7b5e28a8fcdf09022bb678e2f535ef01f2158e71fe77cc99001fec31d71,"{""config"":[""X+"",""X""],""d"":5,""p"":0.005733333333333333}",
     46080,       440,         0,   0.803,pymatching,c38f3fbcd05be71b19ac276a153e0c2484f355d31ecd184d275a4b399a271ace,"{""config"":[""X+"",""X""],""d"":7,""p"":0.00608974358974359}",
      7168,         0,         0,   0.031,pymatching,52872054ed79909810df5215ef5423a021491e18943524a21b4efd4c172d9d6d,"{""config"":[""X+"",""X""],""d"":7,""p"":2.782559402207126e-05}",
      6144,         0,         0,   0.029,pymatching,e4370498d036834c3ffed00723d3559db44010721266769ada6696c66c3f556e,"{""config"":[""X+"",""X""],""d"":7,""p"":4.641588833612782e-05}",
     17408,      1246,         0,   0.600,pymatching,e14fac3ff9f73925237292ee128f50b77609902dd5fe9dc1721ca4e6dba902e2,"{""config"":[""X+"",""X""],""d"":7,""p"":0.01107948717948718}",
      4449,        33,         0,   0.024,pymatching,6100f7b5e28a8fcdf09022bb678e2f535ef01f2158e71fe77cc99001fec31d71,"{""config"":[""X+"",""X""],""d"":5,""p"":0.005733333333333333}",
     54272,       393,         0,   0.802,pymatching,0e55159f8cc3e9ff5036fc15139dd300d40c086444c609c580809a7d5005181b,"{""config"":[""X+"",""X""],""d"":7,""p"":0.005733333333333333}",
      4096,        35,         0,   0.020,pymatching,6100f7b5e28a8fcdf09022bb678e2f535ef01f2158e71fe77cc99001fec31d71,"{""config"":[""X+"",""X""],""d"":5,""p"":0.005733333333333333}",
     17408,      1490,         0,   0.583,pymatching,b01cb16ee4fd2a5c762bfd1738fa3ff5aab7aaf84f2dd101a6bb2a4dc081c946,"{""config"":[""X+"",""X""],""d"":7,""p"":0.011792307692307692}",
       177,         1,         0,   0.001,pymatching,6100f7b5e28a8fcdf09022bb678e2f535ef01f2158e71fe77cc99001fec31d71,"{""config"":[""X+"",""X""],""d"":5,""p"":0.005733333333333333}",
       177,         2,         0,   0.001,pymatching,6100f7b5e28a8fcdf09022bb678e2f535ef01f2158e71fe77cc99001fec31d71,"{""config"":[""X+"",""X""],""d"":5,""p"":0.005733333333333333}",
     49152,       504,         0,   0.806,pymatching,23c6762b737c8f172d70a38cb24337e07ab695cfa3677a29c39ada478a50c087,"{""config"":[""X+"",""X""],""d"":7,""p"":0.006446153846153846}",
      9216,         0,         0,   0.040,pymatching,52872054ed79909810df5215ef5423a021491e18943524a21b4efd4c172d9d6d,"{""config"":[""X+"",""X""],""d"":7,""p"":2.782559402207126e-05}",
      8192,         0,         0,   0.040,pymatching,e4370498d036834c3ffed00723d3559db44010721266769ada6696c66c3f556e,"{""config"":[""X+"",""X""],""d"":7,""p"":4.641588833612782e-05}",
     15360,         0,         0,   0.076,pymatching,31a70efccbfeaa6db2ece252f400b79af90591c7fff0b63a3b1949e78df8ba26,"{""config"":[""X+"",""X""],""d"":7,""p"":1e-05}",
     17408,         0,         0,   0.076,pymatching,16ca885fde609826572f5298647d12dfaf2af332193be923bfddac3c3bd642ff,"{""config"":[""X+"",""X""],""d"":7,""p"":1.6681005372000593e-05}",
      7168,      1152,         0,   0.319,pymatching,5a572918e89b7d0a6c8f661270444cff8829e5e69bac219ff4fc249a4104d6a6,"{""config"":[""X+"",""X""],""d"":7,""p"":0.014643589743589744}",
     36035,       237,         0,   0.186,pymatching,690a4757ff9d21e680de127366c7222eef0035037b5e3d448941cdca909349aa,"{""config"":[""X+"",""X""],""d"":5,""p"":0.005376923076923077}",
     98304,       726,         0,   0.501,pymatching,690a4757ff9d21e680de127366c7222eef0035037b5e3d448941cdca909349aa,"{""config"":[""X+"",""X""],""d"":5,""p"":0.005376923076923077}",
     10240,      1440,         0,   0.430,pymatching,d3d4a18d42a3b86d4609e3e54b5ad47dd792d6eca48a2a51c3b35a68fafdbe97,"{""config"":[""X+"",""X""],""d"":7,""p"":0.01393076923076923}",
      2145,        13,         0,   0.011,pymatching,690a4757ff9d21e680de127366c7222eef0035037b5e3d448941cdca909349aa,"{""config"":[""X+"",""X""],""d"":5,""p"":0.005376923076923077}",
      2048,        16,         0,   0.011,pymatching,690a4757ff9d21e680de127366c7222eef0035037b5e3d448941cdca909349aa,"{""config"":[""X+"",""X""],""d"":5,""p"":0.005376923076923077}",
    145408,        12,         0,    1.11,pymatching,ffb8a5c905873fa065329cbf5137555e915ef843bbbf1a1e263982a34543812c,"{""config"":[""X+"",""X""],""d"":7,""p"":0.0018128205128205128}",
      7168,      1245,         0,   0.330,pymatching,7e9c346e0026071282336bac1d7ee6959a97851efacf66806a035d9308a3f2fb,"{""config"":[""X+"",""X""],""d"":7,""p"":0.014999999999999998}",
     13312,         0,         0,   0.058,pymatching,52872054ed79909810df5215ef5423a021491e18943524a21b4efd4c172d9d6d,"{""config"":[""X+"",""X""],""d"":7,""p"":2.782559402207126e-05}",
        49,         0,         0,   0.000,pymatching,690a4757ff9d21e680de127366c7222eef0035037b5e3d448941cdca909349aa,"{""config"":[""X+"",""X""],""d"":5,""p"":0.005376923076923077}",
     45056,       560,         0,   0.794,pymatching,44206ae84723ba1ca5b7b273593872b991680c9ab3e4933e072fe09f027cc7ef,"{""config"":[""X+"",""X""],""d"":7,""p"":0.006802564102564103}",
        49,         0,         0,   0.000,pymatching,690a4757ff9d21e680de127366c7222eef0035037b5e3d448941cdca909349aa,"{""config"":[""X+"",""X""],""d"":5,""p"":0.005376923076923077}",
     11264,         0,         0,   0.055,pymatching,e4370498d036834c3ffed00723d3559db44010721266769ada6696c66c3f556e,"{""config"":[""X+"",""X""],""d"":7,""p"":4.641588833612782e-05}",
     89088,      1306,         0,   0.558,pymatching,5b5925c842ce4f5ad9cb6ca3245e58f2a07203b412dec315df13ca3b6c550941,"{""config"":[""X+"",""X""],""d"":5,""p"":0.006802564102564103}",
     22528,       331,         0,   0.141,pymatching,5b5925c842ce4f5ad9cb6ca3245e58f2a07203b412dec315df13ca3b6c550941,"{""config"":[""X+"",""X""],""d"":5,""p"":0.006802564102564103}",
     69272,         0,         0,   0.308,pymatching,4892b451c253103dff8830a265fe51a9fcf22517ec8e3586a17a0c7e8bec142a,"{""config"":[""X+"",""X""],""d"":7,""p"":7.742636826811278e-05}",
      2321,         0,         0,   0.012,pymatching,eff24e668d249c740fb5a200cf98f353e899df1dedfa4bb8c1442c3ffc909199,"{""config"":[""X+"",""X""],""d"":7,""p"":0.0001291549665014884}",
     15360,      1509,         0,   0.596,pymatching,292a1887256be123bb88225c16fd8bc580da5a3b555d8ae5bb8cb6333b8325ea,"{""config"":[""X+"",""X""],""d"":7,""p"":0.012148717948717948}",
      2321,         0,         0,   0.012,pymatching,4892b451c253103dff8830a265fe51a9fcf22517ec8e3586a17a0c7e8bec142a,"{""config"":[""X+"",""X""],""d"":7,""p"":7.742636826811278e-05}",
      4096,         0,         0,   0.018,pymatching,eff24e668d249c740fb5a200cf98f353e899df1dedfa4bb8c1442c3ffc909199,"{""config"":[""X+"",""X""],""d"":7,""p"":0.0001291549665014884}",
      4096,         0,         0,   0.018,pymatching,4892b451c253103dff8830a265fe51a9fcf22517ec8e3586a17a0c7e8bec142a,"{""config"":[""X+"",""X""],""d"":7,""p"":7.742636826811278e-05}",
     14336,      1591,         0,   0.577,pymatching,9e2f9fffb73a49cba72ab596279f651d1e43889f4392244ad655b397f8e052ca,"{""config"":[""X+"",""X""],""d"":7,""p"":0.012505128205128205}",
     34816,       357,         0,   0.208,pymatching,5c51941673fa0638a7e502da459654d6bd1a21f74cce026e39539d89fb900517,"{""config"":[""X+"",""X""],""d"":5,""p"":0.00608974358974359}",
     21504,         0,         0,   0.107,pymatching,31a70efccbfeaa6db2ece252f400b79af90591c7fff0b63a3b1949e78df8ba26,"{""config"":[""X+"",""X""],""d"":7,""p"":1e-05}",
     24576,         0,         0,   0.106,pymatching,16ca885fde609826572f5298647d12dfaf2af332193be923bfddac3c3bd642ff,"{""config"":[""X+"",""X""],""d"":7,""p"":1.6681005372000593e-05}",
      5120,         0,         0,   0.023,pymatching,eff24e668d249c740fb5a200cf98f353e899df1dedfa4bb8c1442c3ffc909199,"{""config"":[""X+"",""X""],""d"":7,""p"":0.0001291549665014884}",
      5120,         0,         0,   0.022,pymatching,4892b451c253103dff8830a265fe51a9fcf22517ec8e3586a17a0c7e8bec142a,"{""config"":[""X+"",""X""],""d"":7,""p"":7.742636826811278e-05}",
     17408,         0,         0,   0.075,pymatching,52872054ed79909810df5215ef5423a021491e18943524a21b4efd4c172d9d6d,"{""config"":[""X+"",""X""],""d"":7,""p"":2.782559402207126e-05}",
     15360,         0,         0,   0.076,pymatching,e4370498d036834c3ffed00723d3559db44010721266769ada6696c66c3f556e,"{""config"":[""X+"",""X""],""d"":7,""p"":4.641588833612782e-05}",
      6144,         0,         0,   0.028,pymatching,eff24e668d249c740fb5a200cf98f353e899df1dedfa4bb8c1442c3ffc909199,"{""config"":[""X+"",""X""],""d"":7,""p"":0.0001291549665014884}",
      6144,         0,         0,   0.028,pymatching,4892b451c253103dff8830a265fe51a9fcf22517ec8e3586a17a0c7e8bec142a,"{""config"":[""X+"",""X""],""d"":7,""p"":7.742636826811278e-05}",
      2321,         0,         0,   0.014,pymatching,a8eedd6e5e3a6e4d59662f5f0c45d7600841a89a60324496a9cbda10aee7f64e,"{""config"":[""X+"",""X""],""d"":7,""p"":0.00035938136638046257}",
      2321,         0,         0,   0.015,pymatching,6b9f4e34b0f0daa1aa6b4585b18a7139bbe081519dd004fb0636a443e3fd37e2,"{""config"":[""X+"",""X""],""d"":7,""p"":0.0005994842503189409}",
     38912,       631,         0,   0.805,pymatching,f386f3dbd4a32ae34d04b6483c8b0485cf353fc6c027dc42cac209eb6d9f0692,"{""config"":[""X+"",""X""],""d"":7,""p"":0.007158974358974359}",
     34816,       415,         0,   0.208,pymatching,a4efaafae06c4766e4466e47d1b6daeff18e9546db0e687d940b808682b90995,"{""config"":[""X+"",""X""],""d"":5,""p"":0.006446153846153846}",
      1297,         0,         0,   0.011,pymatching,870b2715199e1c7b6e1be0d5ff7df0086af81c1d733f2cbf0ed299fe72dadb53,"{""config"":[""X+"",""X""],""d"":7,""p"":0.001}",
      2321,         0,         0,   0.014,pymatching,bccd2d64531109f380a62cff62014824789a2ef03dae0ed42ef58c649ca22336,"{""config"":[""X+"",""X""],""d"":7,""p"":0.00021544346900318823}",
     15360,      1750,         0,   0.579,pymatching,992103de80056c2c667bfdc6065210d9ad22ecf59bbd816ec41a4ffad5ad51ea,"{""config"":[""X+"",""X""],""d"":7,""p"":0.012861538461538462}",
      1024,        19,         0,   0.006,pymatching,a4efaafae06c4766e4466e47d1b6daeff18e9546db0e687d940b808682b90995,"{""config"":[""X+"",""X""],""d"":5,""p"":0.006446153846153846}",
     33792,       396,         0,   0.205,pymatching,a4efaafae06c4766e4466e47d1b6daeff18e9546db0e687d940b808682b90995,"{""config"":[""X+"",""X""],""d"":5,""p"":0.006446153846153846}",
      3072,         0,         0,   0.017,pymatching,a8eedd6e5e3a6e4d59662f5f0c45d7600841a89a60324496a9cbda10aee7f64e,"{""config"":[""X+"",""X""],""d"":7,""p"":0.00035938136638046257}",
      3072,         0,         0,   0.017,pymatching,6b9f4e34b0f0daa1aa6b4585b18a7139bbe081519dd004fb0636a443e3fd37e2,"{""config"":[""X+"",""X""],""d"":7,""p"":0.0005994842503189409}",
      3072,         0,         0,   0.019,pymatching,870b2715199e1c7b6e1be0d5ff7df0086af81c1d733f2cbf0ed299fe72dadb53,"{""config"":[""X+"",""X""],""d"":7,""p"":0.001}",
      3072,         0,         0,   0.016,pymatching,bccd2d64531109f380a62cff62014824789a2ef03dae0ed42ef58c649ca22336,"{""config"":[""X+"",""X""],""d"":7,""p"":0.00021544346900318823}",
     36864,       699,         0,   0.797,pymatching,6aa347dd498ef9eab5063a08f336e609f14f0e078992c644e8370c8e3e95fdc5,"{""config"":[""X+"",""X""],""d"":7,""p"":0.007515384615384615}",
     38912,       841,         0,   0.799,pymatching,d8032c7aaa6000da39e4b676adf7a6db39d55d43680cbe13128b46e395971b69,"{""config"":[""X+"",""X""],""d"":7,""p"":0.007871794871794872}",
      9216,         0,         0,   0.042,pymatching,eff24e668d249c740fb5a200cf98f353e899df1dedfa4bb8c1442c3ffc909199,"{""config"":[""X+"",""X""],""d"":7,""p"":0.0001291549665014884}",
      8192,         0,         0,   0.038,pymatching,4892b451c253103dff8830a265fe51a9fcf22517ec8e3586a17a0c7e8bec142a,"{""config"":[""X+"",""X""],""d"":7,""p"":7.742636826811278e-05}",
      4096,         0,         0,   0.022,pymatching,a8eedd6e5e3a6e4d59662f5f0c45d7600841a89a60324496a9cbda10aee7f64e,"{""config"":[""X+"",""X""],""d"":7,""p"":0.00035938136638046257}",
      4096,         0,         0,   0.023,pymatching,6b9f4e34b0f0daa1aa6b4585b18a7139bbe081519dd004fb0636a443e3fd37e2,"{""config"":[""X+"",""X""],""d"":7,""p"":0.0005994842503189409}",
      4096,         0,         0,   0.021,pymatching,bccd2d64531109f380a62cff62014824789a2ef03dae0ed42ef58c649ca22336,"{""config"":[""X+"",""X""],""d"":7,""p"":0.00021544346900318823}",
      4096,         0,         0,   0.025,pymatching,870b2715199e1c7b6e1be0d5ff7df0086af81c1d733f2cbf0ed299fe72dadb53,"{""config"":[""X+"",""X""],""d"":7,""p"":0.001}",
     15360,      1827,         0,   0.594,pymatching,c7ecf1d3211ad95a7cffa8299f3c6634d111635b34a80ee41333b896f3055fea,"{""config"":[""X+"",""X""],""d"":7,""p"":0.013217948717948718}",
      5120,         0,         0,   0.029,pymatching,6b9f4e34b0f0daa1aa6b4585b18a7139bbe081519dd004fb0636a443e3fd37e2,"{""config"":[""X+"",""X""],""d"":7,""p"":0.0005994842503189409}",
      6144,         0,         0,   0.032,pymatching,a8eedd6e5e3a6e4d59662f5f0c45d7600841a89a60324496a9cbda10aee7f64e,"{""config"":[""X+"",""X""],""d"":7,""p"":0.00035938136638046257}",
      6144,         0,         0,   0.031,pymatching,bccd2d64531109f380a62cff62014824789a2ef03dae0ed42ef58c649ca22336,"{""config"":[""X+"",""X""],""d"":7,""p"":0.00021544346900318823}",
      8763,         0,         0,   0.039,pymatching,4892b451c253103dff8830a265fe51a9fcf22517ec8e3586a17a0c7e8bec142a,"{""config"":[""X+"",""X""],""d"":7,""p"":7.742636826811278e-05}",
      5120,         0,         0,   0.033,pymatching,870b2715199e1c7b6e1be0d5ff7df0086af81c1d733f2cbf0ed299fe72dadb53,"{""config"":[""X+"",""X""],""d"":7,""p"":0.001}",
     33792,         0,         0,   0.155,pymatching,4892b451c253103dff8830a265fe51a9fcf22517ec8e3586a17a0c7e8bec142a,"{""config"":[""X+"",""X""],""d"":7,""p"":7.742636826811278e-05}",
     24576,         0,         0,   0.109,pymatching,52872054ed79909810df5215ef5423a021491e18943524a21b4efd4c172d9d6d,"{""config"":[""X+"",""X""],""d"":7,""p"":2.782559402207126e-05}",
     21504,         0,         0,   0.105,pymatching,e4370498d036834c3ffed00723d3559db44010721266769ada6696c66c3f556e,"{""config"":[""X+"",""X""],""d"":7,""p"":4.641588833612782e-05}",
       421,         0,         0,   0.002,pymatching,4892b451c253103dff8830a265fe51a9fcf22517ec8e3586a17a0c7e8bec142a,"{""config"":[""X+"",""X""],""d"":7,""p"":7.742636826811278e-05}",
      1297,         0,         0,   0.010,pymatching,66673a494991db4a8a277166cf80056f33c68c5b85e1c95aa453533d394581a1,"{""config"":[""X+"",""X""],""d"":7,""p"":0.0011}",
     31744,       934,         0,   0.806,pymatching,227de2d86eeda9bea1a6f8078969462458ae0b33e00660b16aba1e8327ed3482,"{""config"":[""X+"",""X""],""d"":7,""p"":0.008584615384615385}",
     12288,         0,         0,   0.056,pymatching,eff24e668d249c740fb5a200cf98f353e899df1dedfa4bb8c1442c3ffc909199,"{""config"":[""X+"",""X""],""d"":7,""p"":0.0001291549665014884}",
      1297,         0,         0,   0.011,pymatching,24a10e6b8a3e2350a887e4da4bd2406151cb9f8b73a2840ac7cc3dcfe1ff6292,"{""config"":[""X+"",""X""],""d"":7,""p"":0.0014564102564102565}",
     29243,         0,         0,   0.128,pymatching,16ca885fde609826572f5298647d12dfaf2af332193be923bfddac3c3bd642ff,"{""config"":[""X+"",""X""],""d"":7,""p"":1.6681005372000593e-05}",
       211,         0,         0,   0.001,pymatching,4892b451c253103dff8830a265fe51a9fcf22517ec8e3586a17a0c7e8bec142a,"{""config"":[""X+"",""X""],""d"":7,""p"":7.742636826811278e-05}",
    100352,         0,         0,   0.491,pymatching,16ca885fde609826572f5298647d12dfaf2af332193be923bfddac3c3bd642ff,"{""config"":[""X+"",""X""],""d"":7,""p"":1.6681005372000593e-05}",
       106,         0,         0,   0.001,pymatching,4892b451c253103dff8830a265fe51a9fcf22517ec8e3586a17a0c7e8bec142a,"{""config"":[""X+"",""X""],""d"":7,""p"":7.742636826811278e-05}",
        53,         0,         0,   0.000,pymatching,4892b451c253103dff8830a265fe51a9fcf22517ec8e3586a17a0c7e8bec142a,"{""config"":[""X+"",""X""],""d"":7,""p"":7.742636826811278e-05}",
      2048,         0,         0,   0.015,pymatching,24a10e6b8a3e2350a887e4da4bd2406151cb9f8b73a2840ac7cc3dcfe1ff6292,"{""config"":[""X+"",""X""],""d"":7,""p"":0.0014564102564102565}",
      3072,         0,         0,   0.020,pymatching,66673a494991db4a8a277166cf80056f33c68c5b85e1c95aa453533d394581a1,"{""config"":[""X+"",""X""],""d"":7,""p"":0.0011}",
        26,         0,         0,   0.000,pymatching,4892b451c253103dff8830a265fe51a9fcf22517ec8e3586a17a0c7e8bec142a,"{""config"":[""X+"",""X""],""d"":7,""p"":7.742636826811278e-05}",
      7168,         0,         0,   0.039,pymatching,a8eedd6e5e3a6e4d59662f5f0c45d7600841a89a60324496a9cbda10aee7f64e,"{""config"":[""X+"",""X""],""d"":7,""p"":0.00035938136638046257}",
      7168,         0,         0,   0.041,pymatching,6b9f4e34b0f0daa1aa6b4585b18a7139bbe081519dd004fb0636a443e3fd37e2,"{""config"":[""X+"",""X""],""d"":7,""p"":0.0005994842503189409}",
     30720,         0,         0,   0.150,pymatching,31a70efccbfeaa6db2ece252f400b79af90591c7fff0b63a3b1949e78df8ba26,"{""config"":[""X+"",""X""],""d"":7,""p"":1e-05}",
        13,         0,         0,   0.000,pymatching,4892b451c253103dff8830a265fe51a9fcf22517ec8e3586a17a0c7e8bec142a,"{""config"":[""X+"",""X""],""d"":7,""p"":7.742636826811278e-05}",
      8192,         0,         0,   0.042,pymatching,bccd2d64531109f380a62cff62014824789a2ef03dae0ed42ef58c649ca22336,"{""config"":[""X+"",""X""],""d"":7,""p"":0.00021544346900318823}",
         7,         0,         0,   0.000,pymatching,4892b451c253103dff8830a265fe51a9fcf22517ec8e3586a17a0c7e8bec142a,"{""config"":[""X+"",""X""],""d"":7,""p"":7.742636826811278e-05}",
      6144,         0,         0,   0.040,pymatching,870b2715199e1c7b6e1be0d5ff7df0086af81c1d733f2cbf0ed299fe72dadb53,"{""config"":[""X+"",""X""],""d"":7,""p"":0.001}",
    134144,        14,         0,    1.11,pymatching,330944079abe525578c3d0d47137c24a58919f87f916eb882800ac41fd692b35,"{""config"":[""X+"",""X""],""d"":7,""p"":0.002169230769230769}",
         3,         0,         0,   0.000,pymatching,4892b451c253103dff8830a265fe51a9fcf22517ec8e3586a17a0c7e8bec142a,"{""config"":[""X+"",""X""],""d"":7,""p"":7.742636826811278e-05}",
      3072,         0,         0,   0.022,pymatching,24a10e6b8a3e2350a887e4da4bd2406151cb9f8b73a2840ac7cc3dcfe1ff6292,"{""config"":[""X+"",""X""],""d"":7,""p"":0.0014564102564102565}",
    110232,         0,         0,   0.537,pymatching,e4370498d036834c3ffed00723d3559db44010721266769ada6696c66c3f556e,"{""config"":[""X+"",""X""],""d"":7,""p"":4.641588833612782e-05}",
      3072,         0,         0,   0.020,pymatching,66673a494991db4a8a277166cf80056f33c68c5b85e1c95aa453533d394581a1,"{""config"":[""X+"",""X""],""d"":7,""p"":0.0011}",
      5541,         0,         0,   0.028,pymatching,16ca885fde609826572f5298647d12dfaf2af332193be923bfddac3c3bd642ff,"{""config"":[""X+"",""X""],""d"":7,""p"":1.6681005372000593e-05}",
      5120,         0,         0,   0.025,pymatching,16ca885fde609826572f5298647d12dfaf2af332193be923bfddac3c3bd642ff,"{""config"":[""X+"",""X""],""d"":7,""p"":1.6681005372000593e-05}",
         2,         0,         0,   0.000,pymatching,4892b451c253103dff8830a265fe51a9fcf22517ec8e3586a17a0c7e8bec142a,"{""config"":[""X+"",""X""],""d"":7,""p"":7.742636826811278e-05}",
         1,         0,         0,   0.000,pymatching,4892b451c253103dff8830a265fe51a9fcf22517ec8e3586a17a0c7e8bec142a,"{""config"":[""X+"",""X""],""d"":7,""p"":7.742636826811278e-05}",
       211,         0,         0,   0.001,pymatching,16ca885fde609826572f5298647d12dfaf2af332193be923bfddac3c3bd642ff,"{""config"":[""X+"",""X""],""d"":7,""p"":1.6681005372000593e-05}",
       211,         0,         0,   0.001,pymatching,16ca885fde609826572f5298647d12dfaf2af332193be923bfddac3c3bd642ff,"{""config"":[""X+"",""X""],""d"":7,""p"":1.6681005372000593e-05}",
      4096,         0,         0,   0.029,pymatching,24a10e6b8a3e2350a887e4da4bd2406151cb9f8b73a2840ac7cc3dcfe1ff6292,"{""config"":[""X+"",""X""],""d"":7,""p"":0.0014564102564102565}",
      9275,         0,         0,   0.045,pymatching,31a70efccbfeaa6db2ece252f400b79af90591c7fff0b63a3b1949e78df8ba26,"{""config"":[""X+"",""X""],""d"":7,""p"":1e-05}",
    104448,         0,         0,   0.548,pymatching,31a70efccbfeaa6db2ece252f400b79af90591c7fff0b63a3b1949e78df8ba26,"{""config"":[""X+"",""X""],""d"":7,""p"":1e-05}",
      5120,         0,         0,   0.032,pymatching,66673a494991db4a8a277166cf80056f33c68c5b85e1c95aa453533d394581a1,"{""config"":[""X+"",""X""],""d"":7,""p"":0.0011}",
     10240,         0,         0,   0.055,pymatching,a8eedd6e5e3a6e4d59662f5f0c45d7600841a89a60324496a9cbda10aee7f64e,"{""config"":[""X+"",""X""],""d"":7,""p"":0.00035938136638046257}",
    111768,         0,         0,   0.549,pymatching,52872054ed79909810df5215ef5423a021491e18943524a21b4efd4c172d9d6d,"{""config"":[""X+"",""X""],""d"":7,""p"":2.782559402207126e-05}",
     17408,         0,         0,   0.078,pymatching,eff24e668d249c740fb5a200cf98f353e899df1dedfa4bb8c1442c3ffc909199,"{""config"":[""X+"",""X""],""d"":7,""p"":0.0001291549665014884}",
     10240,         0,         0,   0.058,pymatching,6b9f4e34b0f0daa1aa6b4585b18a7139bbe081519dd004fb0636a443e3fd37e2,"{""config"":[""X+"",""X""],""d"":7,""p"":0.0005994842503189409}",
     19456,         0,         0,   0.085,pymatching,52872054ed79909810df5215ef5423a021491e18943524a21b4efd4c172d9d6d,"{""config"":[""X+"",""X""],""d"":7,""p"":2.782559402207126e-05}",
     11264,         0,         0,   0.057,pymatching,bccd2d64531109f380a62cff62014824789a2ef03dae0ed42ef58c649ca22336,"{""config"":[""X+"",""X""],""d"":7,""p"":0.00021544346900318823}",
     19139,         0,         0,   0.094,pymatching,e4370498d036834c3ffed00723d3559db44010721266769ada6696c66c3f556e,"{""config"":[""X+"",""X""],""d"":7,""p"":4.641588833612782e-05}",
      9216,         0,         0,   0.060,pymatching,870b2715199e1c7b6e1be0d5ff7df0086af81c1d733f2cbf0ed299fe72dadb53,"{""config"":[""X+"",""X""],""d"":7,""p"":0.001}",
      9570,         0,         0,   0.046,pymatching,e4370498d036834c3ffed00723d3559db44010721266769ada6696c66c3f556e,"{""config"":[""X+"",""X""],""d"":7,""p"":4.641588833612782e-05}",
      3238,         0,         0,   0.015,pymatching,31a70efccbfeaa6db2ece252f400b79af90591c7fff0b63a3b1949e78df8ba26,"{""config"":[""X+"",""X""],""d"":7,""p"":1e-05}",
      3237,         0,         0,   0.022,pymatching,31a70efccbfeaa6db2ece252f400b79af90591c7fff0b63a3b1949e78df8ba26,"{""config"":[""X+"",""X""],""d"":7,""p"":1e-05}",
     32768,       904,         0,   0.800,pymatching,41c2474327ea7943aa544757a21c759d7876f17f25a502ce90be6f75aaaff781,"{""config"":[""X+"",""X""],""d"":7,""p"":0.008228205128205128}",
     37315,       395,         0,   0.237,pymatching,5c51941673fa0638a7e502da459654d6bd1a21f74cce026e39539d89fb900517,"{""config"":[""X+"",""X""],""d"":5,""p"":0.00608974358974359}",
     90112,       936,         0,   0.511,pymatching,5c51941673fa0638a7e502da459654d6bd1a21f74cce026e39539d89fb900517,"{""config"":[""X+"",""X""],""d"":5,""p"":0.00608974358974359}",
      4547,         0,         0,   0.023,pymatching,52872054ed79909810df5215ef5423a021491e18943524a21b4efd4c172d9d6d,"{""config"":[""X+"",""X""],""d"":7,""p"":2.782559402207126e-05}",
      6144,         0,         0,   0.043,pymatching,24a10e6b8a3e2350a887e4da4bd2406151cb9f8b73a2840ac7cc3dcfe1ff6292,"{""config"":[""X+"",""X""],""d"":7,""p"":0.0014564102564102565}",
      4547,         0,         0,   0.021,pymatching,52872054ed79909810df5215ef5423a021491e18943524a21b4efd4c172d9d6d,"{""config"":[""X+"",""X""],""d"":7,""p"":2.782559402207126e-05}",
      6144,         0,         0,   0.040,pymatching,66673a494991db4a8a277166cf80056f33c68c5b85e1c95aa453533d394581a1,"{""config"":[""X+"",""X""],""d"":7,""p"":0.0011}",
    117912,         0,         0,   0.587,pymatching,eff24e668d249c740fb5a200cf98f353e899df1dedfa4bb8c1442c3ffc909199,"{""config"":[""X+"",""X""],""d"":7,""p"":0.0001291549665014884}",
      4785,         0,         0,   0.024,pymatching,e4370498d036834c3ffed00723d3559db44010721266769ada6696c66c3f556e,"{""config"":[""X+"",""X""],""d"":7,""p"":4.641588833612782e-05}",
      1297,         1,         0,   0.012,pymatching,330944079abe525578c3d0d47137c24a58919f87f916eb882800ac41fd692b35,"{""config"":[""X+"",""X""],""d"":7,""p"":0.002169230769230769}",
     10240,      1597,         0,   0.447,pymatching,d806b72799bfe753e865063b006987d3035049b94b7720f4921e9a766e0b4336,"{""config"":[""X+"",""X""],""d"":7,""p"":0.014287179487179487}",
     28672,      1221,         0,   0.804,pymatching,c48a13a7d498dce35d18b2e027ba9c44aa02977ef7b043c12b97c8b42a9bf706,"{""config"":[""X+"",""X""],""d"":7,""p"":0.009297435897435898}",
      3072,         0,         0,   0.015,pymatching,e4370498d036834c3ffed00723d3559db44010721266769ada6696c66c3f556e,"{""config"":[""X+"",""X""],""d"":7,""p"":4.641588833612782e-05}",
      1297,         1,         0,   0.013,pymatching,12c5b41cabf9ff9110faad88f46cbfbd5d7e48235d7d185ace2136e311ffa750,"{""config"":[""X+"",""X""],""d"":7,""p"":0.0025256410256410257}",
      2048,         1,         0,   0.016,pymatching,330944079abe525578c3d0d47137c24a58919f87f916eb882800ac41fd692b35,"{""config"":[""X+"",""X""],""d"":7,""p"":0.002169230769230769}",
       856,         0,         0,   0.004,pymatching,e4370498d036834c3ffed00723d3559db44010721266769ada6696c66c3f556e,"{""config"":[""X+"",""X""],""d"":7,""p"":4.641588833612782e-05}",
      1297,         0,         0,   0.011,pymatching,ffb8a5c905873fa065329cbf5137555e915ef843bbbf1a1e263982a34543812c,"{""config"":[""X+"",""X""],""d"":7,""p"":0.0018128205128205128}",
       856,         0,         0,   0.004,pymatching,e4370498d036834c3ffed00723d3559db44010721266769ada6696c66c3f556e,"{""config"":[""X+"",""X""],""d"":7,""p"":4.641588833612782e-05}",
      1297,         0,         0,   0.013,pymatching,7e730e1bef7adf1cae3895dd9e7eb6ad020c2938095f342009740893cd4ce019,"{""config"":[""X+"",""X""],""d"":7,""p"":0.0028820512820512817}",
     14336,         0,         0,   0.076,pymatching,a8eedd6e5e3a6e4d59662f5f0c45d7600841a89a60324496a9cbda10aee7f64e,"{""config"":[""X+"",""X""],""d"":7,""p"":0.00035938136638046257}",
      2048,         0,         0,   0.018,pymatching,12c5b41cabf9ff9110faad88f46cbfbd5d7e48235d7d185ace2136e311ffa750,"{""config"":[""X+"",""X""],""d"":7,""p"":0.0025256410256410257}",
     14336,         0,         0,   0.079,pymatching,6b9f4e34b0f0daa1aa6b4585b18a7139bbe081519dd004fb0636a443e3fd37e2,"{""config"":[""X+"",""X""],""d"":7,""p"":0.0005994842503189409}",
      2048,         0,         0,   0.014,pymatching,ffb8a5c905873fa065329cbf5137555e915ef843bbbf1a1e263982a34543812c,"{""config"":[""X+"",""X""],""d"":7,""p"":0.0018128205128205128}",
     33792,      1177,         0,   0.806,pymatching,ec494b4727993ce701a9f353fb8d0b33061a04b472a8827628fb0d3c1a50c06e,"{""config"":[""X+"",""X""],""d"":7,""p"":0.00894102564102564}",
     15360,         0,         0,   0.077,pymatching,bccd2d64531109f380a62cff62014824789a2ef03dae0ed42ef58c649ca22336,"{""config"":[""X+"",""X""],""d"":7,""p"":0.00021544346900318823}",
      3072,         0,         0,   0.025,pymatching,330944079abe525578c3d0d47137c24a58919f87f916eb882800ac41fd692b35,"{""config"":[""X+"",""X""],""d"":7,""p"":0.002169230769230769}",
      8192,         0,         0,   0.056,pymatching,24a10e6b8a3e2350a887e4da4bd2406151cb9f8b73a2840ac7cc3dcfe1ff6292,"{""config"":[""X+"",""X""],""d"":7,""p"":0.0014564102564102565}",
     12288,         0,         0,   0.077,pymatching,870b2715199e1c7b6e1be0d5ff7df0086af81c1d733f2cbf0ed299fe72dadb53,"{""config"":[""X+"",""X""],""d"":7,""p"":0.001}",
      2048,         1,         0,   0.018,pymatching,7e730e1bef7adf1cae3895dd9e7eb6ad020c2938095f342009740893cd4ce019,"{""config"":[""X+"",""X""],""d"":7,""p"":0.0028820512820512817}",
      9216,         0,         0,   0.058,pymatching,66673a494991db4a8a277166cf80056f33c68c5b85e1c95aa453533d394581a1,"{""config"":[""X+"",""X""],""d"":7,""p"":0.0011}",
      3072,         1,         0,   0.027,pymatching,12c5b41cabf9ff9110faad88f46cbfbd5d7e48235d7d185ace2136e311ffa750,"{""config"":[""X+"",""X""],""d"":7,""p"":0.0025256410256410257}",
      3072,         0,         0,   0.021,pymatching,ffb8a5c905873fa065329cbf5137555e915ef843bbbf1a1e263982a34543812c,"{""config"":[""X+"",""X""],""d"":7,""p"":0.0018128205128205128}",
      1297,         2,         0,   0.016,pymatching,7236879ddc1304042a8322f1a3f6274c3fbdb49118d290a3484ab208161cd894,"{""config"":[""X+"",""X""],""d"":7,""p"":0.0035948717948717946}",
     22528,         0,         0,   0.105,pymatching,eff24e668d249c740fb5a200cf98f353e899df1dedfa4bb8c1442c3ffc909199,"{""config"":[""X+"",""X""],""d"":7,""p"":0.0001291549665014884}",
      9216,      1462,         0,   0.416,pymatching,5a572918e89b7d0a6c8f661270444cff8829e5e69bac219ff4fc249a4104d6a6,"{""config"":[""X+"",""X""],""d"":7,""p"":0.014643589743589744}",
     27648,      1278,         0,   0.802,pymatching,0a0fa3fb2e2a7c7c004b0728d3d81adff078a454172fb00260d0a28337b59b58,"{""config"":[""X+"",""X""],""d"":7,""p"":0.009653846153846153}",
      1297,         3,         0,   0.017,pymatching,3017794d13067d71bbe69fc9a487c4d5a46e9c4e42027a610cbc4e396de22ffb,"{""config"":[""X+"",""X""],""d"":7,""p"":0.003951282051282051}",
      3072,         0,         0,   0.027,pymatching,7e730e1bef7adf1cae3895dd9e7eb6ad020c2938095f342009740893cd4ce019,"{""config"":[""X+"",""X""],""d"":7,""p"":0.0028820512820512817}",
      4096,         0,         0,   0.031,pymatching,330944079abe525578c3d0d47137c24a58919f87f916eb882800ac41fd692b35,"{""config"":[""X+"",""X""],""d"":7,""p"":0.002169230769230769}",
      1297,         5,         0,   0.018,pymatching,8330916b8be5d1095e8d49076ab85fa486347616b42dbc0912a58b9c140ca6e2,"{""config"":[""X+"",""X""],""d"":7,""p"":0.0043076923076923075}",
      1297,         3,         0,   0.017,pymatching,b91760ea78cf9f4833c45a5ecc1020af69d569f33061d60ac02f8c5f0093edff,"{""config"":[""X+"",""X""],""d"":7,""p"":0.004664102564102564}",
      2048,         5,         0,   0.022,pymatching,7236879ddc1304042a8322f1a3f6274c3fbdb49118d290a3484ab208161cd894,"{""config"":[""X+"",""X""],""d"":7,""p"":0.0035948717948717946}",
      4096,         1,         0,   0.028,pymatching,ffb8a5c905873fa065329cbf5137555e915ef843bbbf1a1e263982a34543812c,"{""config"":[""X+"",""X""],""d"":7,""p"":0.0018128205128205128}",
      1297,         1,         0,   0.018,pymatching,082955c518b24bd60c17f3af52bf5862d964bf74023753b47da27119da6b0a49,"{""config"":[""X+"",""X""],""d"":7,""p"":0.003238461538461538}",
      4096,         1,         0,   0.036,pymatching,12c5b41cabf9ff9110faad88f46cbfbd5d7e48235d7d185ace2136e311ffa750,"{""config"":[""X+"",""X""],""d"":7,""p"":0.0025256410256410257}",
      2048,         1,         0,   0.024,pymatching,3017794d13067d71bbe69fc9a487c4d5a46e9c4e42027a610cbc4e396de22ffb,"{""config"":[""X+"",""X""],""d"":7,""p"":0.003951282051282051}",
     14336,      1844,         0,   0.587,pymatching,bd6b117fa1e49fcaec2546037f85570027617b5a1c3552cfaed02cc1c75b725e,"{""config"":[""X+"",""X""],""d"":7,""p"":0.013574358974358974}",
    126616,         0,         0,   0.645,pymatching,bccd2d64531109f380a62cff62014824789a2ef03dae0ed42ef58c649ca22336,"{""config"":[""X+"",""X""],""d"":7,""p"":0.00021544346900318823}",
      8131,         0,         0,   0.038,pymatching,eff24e668d249c740fb5a200cf98f353e899df1dedfa4bb8c1442c3ffc909199,"{""config"":[""X+"",""X""],""d"":7,""p"":0.0001291549665014884}",
      2048,         4,         0,   0.026,pymatching,8330916b8be5d1095e8d49076ab85fa486347616b42dbc0912a58b9c140ca6e2,"{""config"":[""X+"",""X""],""d"":7,""p"":0.0043076923076923075}",
      1024,         0,         0,   0.015,pymatching,082955c518b24bd60c17f3af52bf5862d964bf74023753b47da27119da6b0a49,"{""config"":[""X+"",""X""],""d"":7,""p"":0.003238461538461538}",
      2048,         1,         0,   0.023,pymatching,7236879ddc1304042a8322f1a3f6274c3fbdb49118d290a3484ab208161cd894,"{""config"":[""X+"",""X""],""d"":7,""p"":0.0035948717948717946}",
      2048,         7,         0,   0.026,pymatching,b91760ea78cf9f4833c45a5ecc1020af69d569f33061d60ac02f8c5f0093edff,"{""config"":[""X+"",""X""],""d"":7,""p"":0.004664102564102564}",
      4096,         4,         0,   0.036,pymatching,7e730e1bef7adf1cae3895dd9e7eb6ad020c2938095f342009740893cd4ce019,"{""config"":[""X+"",""X""],""d"":7,""p"":0.0028820512820512817}",
     19456,         0,         0,   0.095,pymatching,eff24e668d249c740fb5a200cf98f353e899df1dedfa4bb8c1442c3ffc909199,"{""config"":[""X+"",""X""],""d"":7,""p"":0.0001291549665014884}",
      1297,         7,         0,   0.021,pymatching,ee0990691a329ed8e229b152d184ce2d683d0c3d6b834929772c40e736d548ee,"{""config"":[""X+"",""X""],""d"":7,""p"":0.00502051282051282}",
      9216,      1597,         0,   0.427,pymatching,7e9c346e0026071282336bac1d7ee6959a97851efacf66806a035d9308a3f2fb,"{""config"":[""X+"",""X""],""d"":7,""p"":0.014999999999999998}",
     27648,      1607,         0,   0.793,pymatching,9f3b11242620fc201fc7c3c6af4ea4b603f6773d025efaf91c63a9cc1302963a,"{""config"":[""X+"",""X""],""d"":7,""p"":0.010366666666666666}",
      1297,         5,         0,   0.022,pymatching,7c53fb4e615d31e5d4c99bf35992fe8d9581d34af76bf8d8eb41aacc4eb492e8,"{""config"":[""X+"",""X""],""d"":7,""p"":0.005376923076923077}",
      6144,         1,         0,   0.045,pymatching,330944079abe525578c3d0d47137c24a58919f87f916eb882800ac41fd692b35,"{""config"":[""X+"",""X""],""d"":7,""p"":0.002169230769230769}",
      2048,         2,         0,   0.024,pymatching,3017794d13067d71bbe69fc9a487c4d5a46e9c4e42027a610cbc4e396de22ffb,"{""config"":[""X+"",""X""],""d"":7,""p"":0.003951282051282051}",
     11264,         0,         0,   0.078,pymatching,24a10e6b8a3e2350a887e4da4bd2406151cb9f8b73a2840ac7cc3dcfe1ff6292,"{""config"":[""X+"",""X""],""d"":7,""p"":0.0014564102564102565}",
    128000,        29,         0,    1.11,pymatching,12c5b41cabf9ff9110faad88f46cbfbd5d7e48235d7d185ace2136e311ffa750,"{""config"":[""X+"",""X""],""d"":7,""p"":0.0025256410256410257}",
      1297,        16,         0,   0.023,pymatching,0e55159f8cc3e9ff5036fc15139dd300d40c086444c609c580809a7d5005181b,"{""config"":[""X+"",""X""],""d"":7,""p"":0.005733333333333333}",
      1024,         3,         0,   0.015,pymatching,ee0990691a329ed8e229b152d184ce2d683d0c3d6b834929772c40e736d548ee,"{""config"":[""X+"",""X""],""d"":7,""p"":0.00502051282051282}",
     12288,         0,         0,   0.079,pymatching,66673a494991db4a8a277166cf80056f33c68c5b85e1c95aa453533d394581a1,"{""config"":[""X+"",""X""],""d"":7,""p"":0.0011}",
      2048,         6,         0,   0.025,pymatching,8330916b8be5d1095e8d49076ab85fa486347616b42dbc0912a58b9c140ca6e2,"{""config"":[""X+"",""X""],""d"":7,""p"":0.0043076923076923075}",
      6144,         0,         0,   0.042,pymatching,ffb8a5c905873fa065329cbf5137555e915ef843bbbf1a1e263982a34543812c,"{""config"":[""X+"",""X""],""d"":7,""p"":0.0018128205128205128}",
      2048,         9,         0,   0.025,pymatching,b91760ea78cf9f4833c45a5ecc1020af69d569f33061d60ac02f8c5f0093edff,"{""config"":[""X+"",""X""],""d"":7,""p"":0.004664102564102564}",
      1024,         3,         0,   0.015,pymatching,7c53fb4e615d31e5d4c99bf35992fe8d9581d34af76bf8d8eb41aacc4eb492e8,"{""config"":[""X+"",""X""],""d"":7,""p"":0.005376923076923077}",
    118784,        89,         0,    1.11,pymatching,082955c518b24bd60c17f3af52bf5862d964bf74023753b47da27119da6b0a49,"{""config"":[""X+"",""X""],""d"":7,""p"":0.003238461538461538}",
     20480,         0,         0,   0.107,pymatching,a8eedd6e5e3a6e4d59662f5f0c45d7600841a89a60324496a9cbda10aee7f64e,"{""config"":[""X+"",""X""],""d"":7,""p"":0.00035938136638046257}",
      2048,         1,         0,   0.034,pymatching,082955c518b24bd60c17f3af52bf5862d964bf74023753b47da27119da6b0a49,"{""config"":[""X+"",""X""],""d"":7,""p"":0.003238461538461538}",
      3072,         1,         0,   0.033,pymatching,7236879ddc1304042a8322f1a3f6274c3fbdb49118d290a3484ab208161cd894,"{""config"":[""X+"",""X""],""d"":7,""p"":0.0035948717948717946}",
      5120,         0,         0,   0.046,pymatching,12c5b41cabf9ff9110faad88f46cbfbd5d7e48235d7d185ace2136e311ffa750,"{""config"":[""X+"",""X""],""d"":7,""p"":0.0025256410256410257}",
      1024,         7,         0,   0.016,pymatching,0e55159f8cc3e9ff5036fc15139dd300d40c086444c609c580809a7d5005181b,"{""config"":[""X+"",""X""],""d"":7,""p"":0.005733333333333333}",
     19456,         0,         0,   0.108,pymatching,6b9f4e34b0f0daa1aa6b4585b18a7139bbe081519dd004fb0636a443e3fd37e2,"{""config"":[""X+"",""X""],""d"":7,""p"":0.0005994842503189409}",
    128000,        61,         0,    1.11,pymatching,7e730e1bef7adf1cae3895dd9e7eb6ad020c2938095f342009740893cd4ce019,"{""config"":[""X+"",""X""],""d"":7,""p"":0.0028820512820512817}",
      5602,         0,         0,   0.028,pymatching,eff24e668d249c740fb5a200cf98f353e899df1dedfa4bb8c1442c3ffc909199,"{""config"":[""X+"",""X""],""d"":7,""p"":0.0001291549665014884}",
     21504,         0,         0,   0.108,pymatching,bccd2d64531109f380a62cff62014824789a2ef03dae0ed42ef58c649ca22336,"{""config"":[""X+"",""X""],""d"":7,""p"":0.00021544346900318823}",
      5601,         0,         0,   0.028,pymatching,eff24e668d249c740fb5a200cf98f353e899df1dedfa4bb8c1442c3ffc909199,"{""config"":[""X+"",""X""],""d"":7,""p"":0.0001291549665014884}",
      5120,         1,         0,   0.044,pymatching,7e730e1bef7adf1cae3895dd9e7eb6ad020c2938095f342009740893cd4ce019,"{""config"":[""X+"",""X""],""d"":7,""p"":0.0028820512820512817}",
     17408,         0,         0,   0.108,pymatching,870b2715199e1c7b6e1be0d5ff7df0086af81c1d733f2cbf0ed299fe72dadb53,"{""config"":[""X+"",""X""],""d"":7,""p"":0.001}",
      2048,        15,         0,   0.030,pymatching,ee0990691a329ed8e229b152d184ce2d683d0c3d6b834929772c40e736d548ee,"{""config"":[""X+"",""X""],""d"":7,""p"":0.00502051282051282}",
      3072,         9,         0,   0.036,pymatching,3017794d13067d71bbe69fc9a487c4d5a46e9c4e42027a610cbc4e396de22ffb,"{""config"":[""X+"",""X""],""d"":7,""p"":0.003951282051282051}",
      2048,         5,         0,   0.031,pymatching,7c53fb4e615d31e5d4c99bf35992fe8d9581d34af76bf8d8eb41aacc4eb492e8,"{""config"":[""X+"",""X""],""d"":7,""p"":0.005376923076923077}",
      2048,         0,         0,   0.029,pymatching,082955c518b24bd60c17f3af52bf5862d964bf74023753b47da27119da6b0a49,"{""config"":[""X+"",""X""],""d"":7,""p"":0.003238461538461538}",
      3072,         6,         0,   0.042,pymatching,8330916b8be5d1095e8d49076ab85fa486347616b42dbc0912a58b9c140ca6e2,"{""config"":[""X+"",""X""],""d"":7,""p"":0.0043076923076923075}",
      3072,        11,         0,   0.038,pymatching,b91760ea78cf9f4833c45a5ecc1020af69d569f33061d60ac02f8c5f0093edff,"{""config"":[""X+"",""X""],""d"":7,""p"":0.004664102564102564}",
      7168,         0,         0,   0.054,pymatching,330944079abe525578c3d0d47137c24a58919f87f916eb882800ac41fd692b35,"{""config"":[""X+"",""X""],""d"":7,""p"":0.002169230769230769}",
      2048,        14,         0,   0.033,pymatching,0e55159f8cc3e9ff5036fc15139dd300d40c086444c609c580809a7d5005181b,"{""config"":[""X+"",""X""],""d"":7,""p"":0.005733333333333333}",
      4096,         4,         0,   0.045,pymatching,7236879ddc1304042a8322f1a3f6274c3fbdb49118d290a3484ab208161cd894,"{""config"":[""X+"",""X""],""d"":7,""p"":0.0035948717948717946}",
      8192,         1,         0,   0.056,pymatching,ffb8a5c905873fa065329cbf5137555e915ef843bbbf1a1e263982a34543812c,"{""config"":[""X+"",""X""],""d"":7,""p"":0.0018128205128205128}",
      2048,        15,         0,   0.030,pymatching,ee0990691a329ed8e229b152d184ce2d683d0c3d6b834929772c40e736d548ee,"{""config"":[""X+"",""X""],""d"":7,""p"":0.00502051282051282}",
      6144,         3,         0,   0.054,pymatching,12c5b41cabf9ff9110faad88f46cbfbd5d7e48235d7d185ace2136e311ffa750,"{""config"":[""X+"",""X""],""d"":7,""p"":0.0025256410256410257}",
      2048,         9,         0,   0.031,pymatching,7c53fb4e615d31e5d4c99bf35992fe8d9581d34af76bf8d8eb41aacc4eb492e8,"{""config"":[""X+"",""X""],""d"":7,""p"":0.005376923076923077}",
     97280,       223,         0,    1.11,pymatching,8330916b8be5d1095e8d49076ab85fa486347616b42dbc0912a58b9c140ca6e2,"{""config"":[""X+"",""X""],""d"":7,""p"":0.0043076923076923075}",
     26624,      1323,         0,   0.814,pymatching,5de7814fecb77d1c90db56389c6856da3bdd9a777672366f1e77933b35d0d4bb,"{""config"":[""X+"",""X""],""d"":7,""p"":0.010010256410256409}",
      4096,         9,         0,   0.049,pymatching,3017794d13067d71bbe69fc9a487c4d5a46e9c4e42027a610cbc4e396de22ffb,"{""config"":[""X+"",""X""],""d"":7,""p"":0.003951282051282051}",
     94208,       152,         0,    1.12,pymatching,3017794d13067d71bbe69fc9a487c4d5a46e9c4e42027a610cbc4e396de22ffb,"{""config"":[""X+"",""X""],""d"":7,""p"":0.003951282051282051}",
      3072,         4,         0,   0.039,pymatching,8330916b8be5d1095e8d49076ab85fa486347616b42dbc0912a58b9c140ca6e2,"{""config"":[""X+"",""X""],""d"":7,""p"":0.0043076923076923075}",
      2048,        16,         0,   0.033,pymatching,0e55159f8cc3e9ff5036fc15139dd300d40c086444c609c580809a7d5005181b,"{""config"":[""X+"",""X""],""d"":7,""p"":0.005733333333333333}",
    100352,       100,         0,    1.12,pymatching,7236879ddc1304042a8322f1a3f6274c3fbdb49118d290a3484ab208161cd894,"{""config"":[""X+"",""X""],""d"":7,""p"":0.0035948717948717946}",
      7168,         1,         0,   0.062,pymatching,7e730e1bef7adf1cae3895dd9e7eb6ad020c2938095f342009740893cd4ce019,"{""config"":[""X+"",""X""],""d"":7,""p"":0.0028820512820512817}",
      4096,         0,         0,   0.051,pymatching,082955c518b24bd60c17f3af52bf5862d964bf74023753b47da27119da6b0a49,"{""config"":[""X+"",""X""],""d"":7,""p"":0.003238461538461538}",
      4096,        10,         0,   0.050,pymatching,b91760ea78cf9f4833c45a5ecc1020af69d569f33061d60ac02f8c5f0093edff,"{""config"":[""X+"",""X""],""d"":7,""p"":0.004664102564102564}",
     15360,         0,         0,   0.107,pymatching,24a10e6b8a3e2350a887e4da4bd2406151cb9f8b73a2840ac7cc3dcfe1ff6292,"{""config"":[""X+"",""X""],""d"":7,""p"":0.0014564102564102565}",
      3072,        16,         0,   0.045,pymatching,ee0990691a329ed8e229b152d184ce2d683d0c3d6b834929772c40e736d548ee,"{""config"":[""X+"",""X""],""d"":7,""p"":0.00502051282051282}",
     16579,         0,         0,   0.088,pymatching,bccd2d64531109f380a62cff62014824789a2ef03dae0ed42ef58c649ca22336,"{""config"":[""X+"",""X""],""d"":7,""p"":0.00021544346900318823}",
     17408,         0,         0,   0.111,pymatching,66673a494991db4a8a277166cf80056f33c68c5b85e1c95aa453533d394581a1,"{""config"":[""X+"",""X""],""d"":7,""p"":0.0011}",
     25600,         0,         0,   0.129,pymatching,bccd2d64531109f380a62cff62014824789a2ef03dae0ed42ef58c649ca22336,"{""config"":[""X+"",""X""],""d"":7,""p"":0.00021544346900318823}",
      5120,         8,         0,   0.058,pymatching,7236879ddc1304042a8322f1a3f6274c3fbdb49118d290a3484ab208161cd894,"{""config"":[""X+"",""X""],""d"":7,""p"":0.0035948717948717946}",
      3072,        21,         0,   0.049,pymatching,7c53fb4e615d31e5d4c99bf35992fe8d9581d34af76bf8d8eb41aacc4eb492e8,"{""config"":[""X+"",""X""],""d"":7,""p"":0.005376923076923077}",
     10240,         3,         0,   0.078,pymatching,330944079abe525578c3d0d47137c24a58919f87f916eb882800ac41fd692b35,"{""config"":[""X+"",""X""],""d"":7,""p"":0.002169230769230769}",
      1297,        16,         0,   0.025,pymatching,23c6762b737c8f172d70a38cb24337e07ab695cfa3677a29c39ada478a50c087,"{""config"":[""X+"",""X""],""d"":7,""p"":0.006446153846153846}",
      3072,        23,         0,   0.051,pymatching,0e55159f8cc3e9ff5036fc15139dd300d40c086444c609c580809a7d5005181b,"{""config"":[""X+"",""X""],""d"":7,""p"":0.005733333333333333}",
     81920,       232,         0,    1.11,pymatching,b91760ea78cf9f4833c45a5ecc1020af69d569f33061d60ac02f8c5f0093edff,"{""config"":[""X+"",""X""],""d"":7,""p"":0.004664102564102564}",
     11264,         0,         0,   0.078,pymatching,ffb8a5c905873fa065329cbf5137555e915ef843bbbf1a1e263982a34543812c,"{""config"":[""X+"",""X""],""d"":7,""p"":0.0018128205128205128}",
      1297,        11,         0,   0.025,pymatching,c38f3fbcd05be71b19ac276a153e0c2484f355d31ecd184d275a4b399a271ace,"{""config"":[""X+"",""X""],""d"":7,""p"":0.00608974358974359}",
      5120,         7,         0,   0.062,pymatching,3017794d13067d71bbe69fc9a487c4d5a46e9c4e42027a610cbc4e396de22ffb,"{""config"":[""X+"",""X""],""d"":7,""p"":0.003951282051282051}",
      1024,        12,         0,   0.019,pymatching,23c6762b737c8f172d70a38cb24337e07ab695cfa3677a29c39ada478a50c087,"{""config"":[""X+"",""X""],""d"":7,""p"":0.006446153846153846}",
      5120,         6,         0,   0.066,pymatching,8330916b8be5d1095e8d49076ab85fa486347616b42dbc0912a58b9c140ca6e2,"{""config"":[""X+"",""X""],""d"":7,""p"":0.0043076923076923075}",
     14336,      2035,         0,   0.605,pymatching,d3d4a18d42a3b86d4609e3e54b5ad47dd792d6eca48a2a51c3b35a68fafdbe97,"{""config"":[""X+"",""X""],""d"":7,""p"":0.01393076923076923}",
      9216,         2,         0,   0.083,pymatching,12c5b41cabf9ff9110faad88f46cbfbd5d7e48235d7d185ace2136e311ffa750,"{""config"":[""X+"",""X""],""d"":7,""p"":0.0025256410256410257}",
      1024,         9,         0,   0.017,pymatching,c38f3fbcd05be71b19ac276a153e0c2484f355d31ecd184d275a4b399a271ace,"{""config"":[""X+"",""X""],""d"":7,""p"":0.00608974358974359}",
      6241,         0,         0,   0.033,pymatching,bccd2d64531109f380a62cff62014824789a2ef03dae0ed42ef58c649ca22336,"{""config"":[""X+"",""X""],""d"":7,""p"":0.00021544346900318823}",
      6144,         0,         0,   0.032,pymatching,bccd2d64531109f380a62cff62014824789a2ef03dae0ed42ef58c649ca22336,"{""config"":[""X+"",""X""],""d"":7,""p"":0.00021544346900318823}",
      5120,        20,         0,   0.064,pymatching,b91760ea78cf9f4833c45a5ecc1020af69d569f33061d60ac02f8c5f0093edff,"{""config"":[""X+"",""X""],""d"":7,""p"":0.004664102564102564}",
     27648,         0,         0,   0.147,pymatching,a8eedd6e5e3a6e4d59662f5f0c45d7600841a89a60324496a9cbda10aee7f64e,"{""config"":[""X+"",""X""],""d"":7,""p"":0.00035938136638046257}",
      5120,         5,         0,   0.070,pymatching,082955c518b24bd60c17f3af52bf5862d964bf74023753b47da27119da6b0a49,"{""config"":[""X+"",""X""],""d"":7,""p"":0.003238461538461538}",
      4096,        12,         0,   0.061,pymatching,ee0990691a329ed8e229b152d184ce2d683d0c3d6b834929772c40e736d548ee,"{""config"":[""X+"",""X""],""d"":7,""p"":0.00502051282051282}",
        49,         0,         0,   0.000,pymatching,bccd2d64531109f380a62cff62014824789a2ef03dae0ed42ef58c649ca22336,"{""config"":[""X+"",""X""],""d"":7,""p"":0.00021544346900318823}",
        25,         0,         0,   0.000,pymatching,bccd2d64531109f380a62cff62014824789a2ef03dae0ed42ef58c649ca22336,"{""config"":[""X+"",""X""],""d"":7,""p"":0.00021544346900318823}",
    146584,         0,         0,   0.777,pymatching,a8eedd6e5e3a6e4d59662f5f0c45d7600841a89a60324496a9cbda10aee7f64e,"{""config"":[""X+"",""X""],""d"":7,""p"":0.00035938136638046257}",
      1024,        13,         0,   0.021,pymatching,23c6762b737c8f172d70a38cb24337e07ab695cfa3677a29c39ada478a50c087,"{""config"":[""X+"",""X""],""d"":7,""p"":0.006446153846153846}",
     26624,         0,         0,   0.151,pymatching,6b9f4e34b0f0daa1aa6b4585b18a7139bbe081519dd004fb0636a443e3fd37e2,"{""config"":[""X+"",""X""],""d"":7,""p"":0.0005994842503189409}",
      9216,         0,         0,   0.083,pymatching,7e730e1bef7adf1cae3895dd9e7eb6ad020c2938095f342009740893cd4ce019,"{""config"":[""X+"",""X""],""d"":7,""p"":0.0028820512820512817}",
     23552,         0,         0,   0.147,pymatching,870b2715199e1c7b6e1be0d5ff7df0086af81c1d733f2cbf0ed299fe72dadb53,"{""config"":[""X+"",""X""],""d"":7,""p"":0.001}",
        12,         0,         0,   0.000,pymatching,bccd2d64531109f380a62cff62014824789a2ef03dae0ed42ef58c649ca22336,"{""config"":[""X+"",""X""],""d"":7,""p"":0.00021544346900318823}",
        12,         0,         0,   0.000,pymatching,bccd2d64531109f380a62cff62014824789a2ef03dae0ed42ef58c649ca22336,"{""config"":[""X+"",""X""],""d"":7,""p"":0.00021544346900318823}",
     24576,      1611,         0,   0.820,pymatching,6f4ec4646e76f6575e9ad182043f8c9131831ae1f009da911f924c4848461de6,"{""config"":[""X+"",""X""],""d"":7,""p"":0.010723076923076922}",
      4096,        21,         0,   0.069,pymatching,7c53fb4e615d31e5d4c99bf35992fe8d9581d34af76bf8d8eb41aacc4eb492e8,"{""config"":[""X+"",""X""],""d"":7,""p"":0.005376923076923077}",
      2048,        13,         0,   0.036,pymatching,c38f3fbcd05be71b19ac276a153e0c2484f355d31ecd184d275a4b399a271ace,"{""config"":[""X+"",""X""],""d"":7,""p"":0.00608974358974359}",
      7168,         8,         0,   0.081,pymatching,7236879ddc1304042a8322f1a3f6274c3fbdb49118d290a3484ab208161cd894,"{""config"":[""X+"",""X""],""d"":7,""p"":0.0035948717948717946}",
      4096,        32,         0,   0.068,pymatching,0e55159f8cc3e9ff5036fc15139dd300d40c086444c609c580809a7d5005181b,"{""config"":[""X+"",""X""],""d"":7,""p"":0.005733333333333333}",
      2048,        28,         0,   0.038,pymatching,23c6762b737c8f172d70a38cb24337e07ab695cfa3677a29c39ada478a50c087,"{""config"":[""X+"",""X""],""d"":7,""p"":0.006446153846153846}",
     80896,       324,         0,    1.12,pymatching,ee0990691a329ed8e229b152d184ce2d683d0c3d6b834929772c40e736d548ee,"{""config"":[""X+"",""X""],""d"":7,""p"":0.00502051282051282}",
      2048,        17,         0,   0.034,pymatching,c38f3fbcd05be71b19ac276a153e0c2484f355d31ecd184d275a4b399a271ace,"{""config"":[""X+"",""X""],""d"":7,""p"":0.00608974358974359}",
      7168,        18,         0,   0.086,pymatching,3017794d13067d71bbe69fc9a487c4d5a46e9c4e42027a610cbc4e396de22ffb,"{""config"":[""X+"",""X""],""d"":7,""p"":0.003951282051282051}",
      6144,        11,         0,   0.078,pymatching,8330916b8be5d1095e8d49076ab85fa486347616b42dbc0912a58b9c140ca6e2,"{""config"":[""X+"",""X""],""d"":7,""p"":0.0043076923076923075}",
     14336,         2,         0,   0.110,pymatching,330944079abe525578c3d0d47137c24a58919f87f916eb882800ac41fd692b35,"{""config"":[""X+"",""X""],""d"":7,""p"":0.002169230769230769}",
      6144,        19,         0,   0.078,pymatching,b91760ea78cf9f4833c45a5ecc1020af69d569f33061d60ac02f8c5f0093edff,"{""config"":[""X+"",""X""],""d"":7,""p"":0.004664102564102564}",
      5120,        27,         0,   0.075,pymatching,ee0990691a329ed8e229b152d184ce2d683d0c3d6b834929772c40e736d548ee,"{""config"":[""X+"",""X""],""d"":7,""p"":0.00502051282051282}",
      7168,         1,         0,   0.077,pymatching,082955c518b24bd60c17f3af52bf5862d964bf74023753b47da27119da6b0a49,"{""config"":[""X+"",""X""],""d"":7,""p"":0.003238461538461538}",
     15360,         2,         0,   0.108,pymatching,ffb8a5c905873fa065329cbf5137555e915ef843bbbf1a1e263982a34543812c,"{""config"":[""X+"",""X""],""d"":7,""p"":0.0018128205128205128}",
     24576,      1940,         0,   0.823,pymatching,25657772526c41e16bcdcc760778c78ebbeec3c72f19609f193c1a6bb8cfb9dc,"{""config"":[""X+"",""X""],""d"":7,""p"":0.011435897435897435}",
     21504,         2,         0,   0.152,pymatching,24a10e6b8a3e2350a887e4da4bd2406151cb9f8b73a2840ac7cc3dcfe1ff6292,"{""config"":[""X+"",""X""],""d"":7,""p"":0.0014564102564102565}",
     12288,         4,         0,   0.111,pymatching,12c5b41cabf9ff9110faad88f46cbfbd5d7e48235d7d185ace2136e311ffa750,"{""config"":[""X+"",""X""],""d"":7,""p"":0.0025256410256410257}",
      3072,        40,         0,   0.057,pymatching,23c6762b737c8f172d70a38cb24337e07ab695cfa3677a29c39ada478a50c087,"{""config"":[""X+"",""X""],""d"":7,""p"":0.006446153846153846}",
     23552,         0,         0,   0.153,pymatching,66673a494991db4a8a277166cf80056f33c68c5b85e1c95aa453533d394581a1,"{""config"":[""X+"",""X""],""d"":7,""p"":0.0011}",
      5120,        26,         0,   0.081,pymatching,7c53fb4e615d31e5d4c99bf35992fe8d9581d34af76bf8d8eb41aacc4eb492e8,"{""config"":[""X+"",""X""],""d"":7,""p"":0.005376923076923077}",
      3072,        26,         0,   0.050,pymatching,c38f3fbcd05be71b19ac276a153e0c2484f355d31ecd184d275a4b399a271ace,"{""config"":[""X+"",""X""],""d"":7,""p"":0.00608974358974359}",
      1297,        19,         0,   0.028,pymatching,44206ae84723ba1ca5b7b273593872b991680c9ab3e4933e072fe09f027cc7ef,"{""config"":[""X+"",""X""],""d"":7,""p"":0.006802564102564103}",
     12288,         3,         0,   0.108,pymatching,7e730e1bef7adf1cae3895dd9e7eb6ad020c2938095f342009740893cd4ce019,"{""config"":[""X+"",""X""],""d"":7,""p"":0.0028820512820512817}",
      5120,        35,         0,   0.085,pymatching,0e55159f8cc3e9ff5036fc15139dd300d40c086444c609c580809a7d5005181b,"{""config"":[""X+"",""X""],""d"":7,""p"":0.005733333333333333}",
     23552,      1977,         0,   0.794,pymatching,b01cb16ee4fd2a5c762bfd1738fa3ff5aab7aaf84f2dd101a6bb2a4dc081c946,"{""config"":[""X+"",""X""],""d"":7,""p"":0.011792307692307692}",
      1297,        19,         0,   0.030,pymatching,f386f3dbd4a32ae34d04b6483c8b0485cf353fc6c027dc42cac209eb6d9f0692,"{""config"":[""X+"",""X""],""d"":7,""p"":0.007158974358974359}",
     23552,      1642,         0,   0.814,pymatching,e14fac3ff9f73925237292ee128f50b77609902dd5fe9dc1721ca4e6dba902e2,"{""config"":[""X+"",""X""],""d"":7,""p"":0.01107948717948718}",
     25539,         0,         0,   0.138,pymatching,a8eedd6e5e3a6e4d59662f5f0c45d7600841a89a60324496a9cbda10aee7f64e,"{""config"":[""X+"",""X""],""d"":7,""p"":0.00035938136638046257}",
      9216,         6,         0,   0.106,pymatching,7236879ddc1304042a8322f1a3f6274c3fbdb49118d290a3484ab208161cd894,"{""config"":[""X+"",""X""],""d"":7,""p"":0.0035948717948717946}",
      1024,        16,         0,   0.021,pymatching,44206ae84723ba1ca5b7b273593872b991680c9ab3e4933e072fe09f027cc7ef,"{""config"":[""X+"",""X""],""d"":7,""p"":0.006802564102564103}",
    163992,         1,         0,   0.929,pymatching,870b2715199e1c7b6e1be0d5ff7df0086af81c1d733f2cbf0ed299fe72dadb53,"{""config"":[""X+"",""X""],""d"":7,""p"":0.001}",
     20480,         0,         0,   0.123,pymatching,a8eedd6e5e3a6e4d59662f5f0c45d7600841a89a60324496a9cbda10aee7f64e,"{""config"":[""X+"",""X""],""d"":7,""p"":0.00035938136638046257}",
      1024,        14,         0,   0.021,pymatching,f386f3dbd4a32ae34d04b6483c8b0485cf353fc6c027dc42cac209eb6d9f0692,"{""config"":[""X+"",""X""],""d"":7,""p"":0.007158974358974359}",
      3072,        35,         0,   0.056,pymatching,23c6762b737c8f172d70a38cb24337e07ab695cfa3677a29c39ada478a50c087,"{""config"":[""X+"",""X""],""d"":7,""p"":0.006446153846153846}",
      1024,        12,         0,   0.020,pymatching,44206ae84723ba1ca5b7b273593872b991680c9ab3e4933e072fe09f027cc7ef,"{""config"":[""X+"",""X""],""d"":7,""p"":0.006802564102564103}",
      2529,         0,         0,   0.015,pymatching,a8eedd6e5e3a6e4d59662f5f0c45d7600841a89a60324496a9cbda10aee7f64e,"{""config"":[""X+"",""X""],""d"":7,""p"":0.00035938136638046257}",
      2530,         0,         0,   0.013,pymatching,a8eedd6e5e3a6e4d59662f5f0c45d7600841a89a60324496a9cbda10aee7f64e,"{""config"":[""X+"",""X""],""d"":7,""p"":0.00035938136638046257}",
      1024,        20,         0,   0.021,pymatching,f386f3dbd4a32ae34d04b6483c8b0485cf353fc6c027dc42cac209eb6d9f0692,"{""config"":[""X+"",""X""],""d"":7,""p"":0.007158974358974359}",
     72704,       393,         0,    1.12,pymatching,7c53fb4e615d31e5d4c99bf35992fe8d9581d34af76bf8d8eb41aacc4eb492e8,"{""config"":[""X+"",""X""],""d"":7,""p"":0.005376923076923077}",
      9216,        16,         0,   0.109,pymatching,3017794d13067d71bbe69fc9a487c4d5a46e9c4e42027a610cbc4e396de22ffb,"{""config"":[""X+"",""X""],""d"":7,""p"":0.003951282051282051}",
      4096,        33,         0,   0.065,pymatching,c38f3fbcd05be71b19ac276a153e0c2484f355d31ecd184d275a4b399a271ace,"{""config"":[""X+"",""X""],""d"":7,""p"":0.00608974358974359}",
      9216,        15,         0,   0.116,pymatching,8330916b8be5d1095e8d49076ab85fa486347616b42dbc0912a58b9c140ca6e2,"{""config"":[""X+"",""X""],""d"":7,""p"":0.0043076923076923075}",
     10240,        11,         0,   0.106,pymatching,082955c518b24bd60c17f3af52bf5862d964bf74023753b47da27119da6b0a49,"{""config"":[""X+"",""X""],""d"":7,""p"":0.003238461538461538}",
      9216,        21,         0,   0.114,pymatching,b91760ea78cf9f4833c45a5ecc1020af69d569f33061d60ac02f8c5f0093edff,"{""config"":[""X+"",""X""],""d"":7,""p"":0.004664102564102564}",
    165528,         0,         0,   0.934,pymatching,6b9f4e34b0f0daa1aa6b4585b18a7139bbe081519dd004fb0636a443e3fd37e2,"{""config"":[""X+"",""X""],""d"":7,""p"":0.0005994842503189409}",
      8192,        33,         0,   0.119,pymatching,ee0990691a329ed8e229b152d184ce2d683d0c3d6b834929772c40e736d548ee,"{""config"":[""X+"",""X""],""d"":7,""p"":0.00502051282051282}",
      2048,        29,         0,   0.039,pymatching,44206ae84723ba1ca5b7b273593872b991680c9ab3e4933e072fe09f027cc7ef,"{""config"":[""X+"",""X""],""d"":7,""p"":0.006802564102564103}",
      2048,        34,         0,   0.041,pymatching,f386f3dbd4a32ae34d04b6483c8b0485cf353fc6c027dc42cac209eb6d9f0692,"{""config"":[""X+"",""X""],""d"":7,""p"":0.007158974358974359}",
     36547,         0,         0,   0.205,pymatching,6b9f4e34b0f0daa1aa6b4585b18a7139bbe081519dd004fb0636a443e3fd37e2,"{""config"":[""X+"",""X""],""d"":7,""p"":0.0005994842503189409}",
      7168,        37,         0,   0.110,pymatching,7c53fb4e615d31e5d4c99bf35992fe8d9581d34af76bf8d8eb41aacc4eb492e8,"{""config"":[""X+"",""X""],""d"":7,""p"":0.005376923076923077}",
     20480,      1957,         0,   0.794,pymatching,292a1887256be123bb88225c16fd8bc580da5a3b555d8ae5bb8cb6333b8325ea,"{""config"":[""X+"",""X""],""d"":7,""p"":0.012148717948717948}",
     32768,         0,         0,   0.207,pymatching,870b2715199e1c7b6e1be0d5ff7df0086af81c1d733f2cbf0ed299fe72dadb53,"{""config"":[""X+"",""X""],""d"":7,""p"":0.001}",
     20480,         2,         0,   0.155,pymatching,330944079abe525578c3d0d47137c24a58919f87f916eb882800ac41fd692b35,"{""config"":[""X+"",""X""],""d"":7,""p"":0.002169230769230769}",
     21504,         1,         0,   0.149,pymatching,ffb8a5c905873fa065329cbf5137555e915ef843bbbf1a1e263982a34543812c,"{""config"":[""X+"",""X""],""d"":7,""p"":0.0018128205128205128}",
      7168,        52,         0,   0.115,pymatching,0e55159f8cc3e9ff5036fc15139dd300d40c086444c609c580809a7d5005181b,"{""config"":[""X+"",""X""],""d"":7,""p"":0.005733333333333333}",
      2048,        29,         0,   0.040,pymatching,44206ae84723ba1ca5b7b273593872b991680c9ab3e4933e072fe09f027cc7ef,"{""config"":[""X+"",""X""],""d"":7,""p"":0.006802564102564103}",
      5120,        62,         0,   0.092,pymatching,23c6762b737c8f172d70a38cb24337e07ab695cfa3677a29c39ada478a50c087,"{""config"":[""X+"",""X""],""d"":7,""p"":0.006446153846153846}",
      2048,        31,         0,   0.042,pymatching,f386f3dbd4a32ae34d04b6483c8b0485cf353fc6c027dc42cac209eb6d9f0692,"{""config"":[""X+"",""X""],""d"":7,""p"":0.007158974358974359}",
     17408,         4,         0,   0.153,pymatching,12c5b41cabf9ff9110faad88f46cbfbd5d7e48235d7d185ace2136e311ffa750,"{""config"":[""X+"",""X""],""d"":7,""p"":0.0025256410256410257}",
      5120,        42,         0,   0.081,pymatching,c38f3fbcd05be71b19ac276a153e0c2484f355d31ecd184d275a4b399a271ace,"{""config"":[""X+"",""X""],""d"":7,""p"":0.00608974358974359}",
      1297,        34,         0,   0.031,pymatching,d8032c7aaa6000da39e4b676adf7a6db39d55d43680cbe13128b46e395971b69,"{""config"":[""X+"",""X""],""d"":7,""p"":0.007871794871794872}",
      1297,        17,         0,   0.030,pymatching,6aa347dd498ef9eab5063a08f336e609f14f0e078992c644e8370c8e3e95fdc5,"{""config"":[""X+"",""X""],""d"":7,""p"":0.007515384615384615}",
     20480,      2155,         0,   0.818,pymatching,9e2f9fffb73a49cba72ab596279f651d1e43889f4392244ad655b397f8e052ca,"{""config"":[""X+"",""X""],""d"":7,""p"":0.012505128205128205}",
     17408,        15,         0,   0.151,pymatching,7e730e1bef7adf1cae3895dd9e7eb6ad020c2938095f342009740893cd4ce019,"{""config"":[""X+"",""X""],""d"":7,""p"":0.0028820512820512817}",
      8131,         0,         0,   0.050,pymatching,870b2715199e1c7b6e1be0d5ff7df0086af81c1d733f2cbf0ed299fe72dadb53,"{""config"":[""X+"",""X""],""d"":7,""p"":0.001}",
     22528,         0,         0,   0.127,pymatching,870b2715199e1c7b6e1be0d5ff7df0086af81c1d733f2cbf0ed299fe72dadb53,"{""config"":[""X+"",""X""],""d"":7,""p"":0.001}",
      1024,        21,         0,   0.026,pymatching,d8032c7aaa6000da39e4b676adf7a6db39d55d43680cbe13128b46e395971b69,"{""config"":[""X+"",""X""],""d"":7,""p"":0.007871794871794872}",
      1024,        23,         0,   0.028,pymatching,6aa347dd498ef9eab5063a08f336e609f14f0e078992c644e8370c8e3e95fdc5,"{""config"":[""X+"",""X""],""d"":7,""p"":0.007515384615384615}",
     14336,        18,         0,   0.158,pymatching,7236879ddc1304042a8322f1a3f6274c3fbdb49118d290a3484ab208161cd894,"{""config"":[""X+"",""X""],""d"":7,""p"":0.0035948717948717946}",
     13312,      2012,         0,   0.584,pymatching,d806b72799bfe753e865063b006987d3035049b94b7720f4921e9a766e0b4336,"{""config"":[""X+"",""X""],""d"":7,""p"":0.014287179487179487}",
     29696,         2,         0,   0.208,pymatching,24a10e6b8a3e2350a887e4da4bd2406151cb9f8b73a2840ac7cc3dcfe1ff6292,"{""config"":[""X+"",""X""],""d"":7,""p"":0.0014564102564102565}",
      3072,        30,         0,   0.067,pymatching,44206ae84723ba1ca5b7b273593872b991680c9ab3e4933e072fe09f027cc7ef,"{""config"":[""X+"",""X""],""d"":7,""p"":0.006802564102564103}",
     18274,         0,         0,   0.104,pymatching,6b9f4e34b0f0daa1aa6b4585b18a7139bbe081519dd004fb0636a443e3fd37e2,"{""config"":[""X+"",""X""],""d"":7,""p"":0.0005994842503189409}",
     13312,         0,         0,   0.087,pymatching,6b9f4e34b0f0daa1aa6b4585b18a7139bbe081519dd004fb0636a443e3fd37e2,"{""config"":[""X+"",""X""],""d"":7,""p"":0.0005994842503189409}",
     31744,         0,         0,   0.210,pymatching,66673a494991db4a8a277166cf80056f33c68c5b85e1c95aa453533d394581a1,"{""config"":[""X+"",""X""],""d"":7,""p"":0.0011}",
      1024,        20,         0,   0.028,pymatching,d8032c7aaa6000da39e4b676adf7a6db39d55d43680cbe13128b46e395971b69,"{""config"":[""X+"",""X""],""d"":7,""p"":0.007871794871794872}",
      3072,        50,         0,   0.066,pymatching,f386f3dbd4a32ae34d04b6483c8b0485cf353fc6c027dc42cac209eb6d9f0692,"{""config"":[""X+"",""X""],""d"":7,""p"":0.007158974358974359}",
      1024,        18,         0,   0.035,pymatching,6aa347dd498ef9eab5063a08f336e609f14f0e078992c644e8370c8e3e95fdc5,"{""config"":[""X+"",""X""],""d"":7,""p"":0.007515384615384615}",
      2480,         0,         0,   0.018,pymatching,6b9f4e34b0f0daa1aa6b4585b18a7139bbe081519dd004fb0636a443e3fd37e2,"{""config"":[""X+"",""X""],""d"":7,""p"":0.0005994842503189409}",
      2481,         0,         0,   0.016,pymatching,6b9f4e34b0f0daa1aa6b4585b18a7139bbe081519dd004fb0636a443e3fd37e2,"{""config"":[""X+"",""X""],""d"":7,""p"":0.0005994842503189409}",
     13312,        25,         0,   0.160,pymatching,3017794d13067d71bbe69fc9a487c4d5a46e9c4e42027a610cbc4e396de22ffb,"{""config"":[""X+"",""X""],""d"":7,""p"":0.003951282051282051}",
     10240,        32,         0,   0.149,pymatching,b91760ea78cf9f4833c45a5ecc1020af69d569f33061d60ac02f8c5f0093edff,"{""config"":[""X+"",""X""],""d"":7,""p"":0.004664102564102564}",
     12288,        36,         0,   0.160,pymatching,8330916b8be5d1095e8d49076ab85fa486347616b42dbc0912a58b9c140ca6e2,"{""config"":[""X+"",""X""],""d"":7,""p"":0.0043076923076923075}",
     21504,      2386,         0,   0.835,pymatching,992103de80056c2c667bfdc6065210d9ad22ecf59bbd816ec41a4ffad5ad51ea,"{""config"":[""X+"",""X""],""d"":7,""p"":0.012861538461538462}",
     13312,         8,         0,   0.160,pymatching,082955c518b24bd60c17f3af52bf5862d964bf74023753b47da27119da6b0a49,"{""config"":[""X+"",""X""],""d"":7,""p"":0.003238461538461538}",
      9216,        38,         0,   0.158,pymatching,ee0990691a329ed8e229b152d184ce2d683d0c3d6b834929772c40e736d548ee,"{""config"":[""X+"",""X""],""d"":7,""p"":0.00502051282051282}",
      1024,        16,         0,   0.033,pymatching,6aa347dd498ef9eab5063a08f336e609f14f0e078992c644e8370c8e3e95fdc5,"{""config"":[""X+"",""X""],""d"":7,""p"":0.007515384615384615}",
      9186,         0,         0,   0.081,pymatching,870b2715199e1c7b6e1be0d5ff7df0086af81c1d733f2cbf0ed299fe72dadb53,"{""config"":[""X+"",""X""],""d"":7,""p"":0.001}",
      9185,         0,         0,   0.088,pymatching,870b2715199e1c7b6e1be0d5ff7df0086af81c1d733f2cbf0ed299fe72dadb53,"{""config"":[""X+"",""X""],""d"":7,""p"":0.001}",
      2048,        56,         0,   0.054,pymatching,d8032c7aaa6000da39e4b676adf7a6db39d55d43680cbe13128b46e395971b69,"{""config"":[""X+"",""X""],""d"":7,""p"":0.007871794871794872}",
     12288,      2023,         0,   0.597,pymatching,5a572918e89b7d0a6c8f661270444cff8829e5e69bac219ff4fc249a4104d6a6,"{""config"":[""X+"",""X""],""d"":7,""p"":0.014643589743589744}",
      8192,        33,         0,   0.159,pymatching,7c53fb4e615d31e5d4c99bf35992fe8d9581d34af76bf8d8eb41aacc4eb492e8,"{""config"":[""X+"",""X""],""d"":7,""p"":0.005376923076923077}",
      5120,        49,         0,   0.128,pymatching,23c6762b737c8f172d70a38cb24337e07ab695cfa3677a29c39ada478a50c087,"{""config"":[""X+"",""X""],""d"":7,""p"":0.006446153846153846}",
      5120,        44,         0,   0.121,pymatching,c38f3fbcd05be71b19ac276a153e0c2484f355d31ecd184d275a4b399a271ace,"{""config"":[""X+"",""X""],""d"":7,""p"":0.00608974358974359}",
      3072,        30,         0,   0.084,pymatching,44206ae84723ba1ca5b7b273593872b991680c9ab3e4933e072fe09f027cc7ef,"{""config"":[""X+"",""X""],""d"":7,""p"":0.006802564102564103}",
      9216,        56,         0,   0.159,pymatching,0e55159f8cc3e9ff5036fc15139dd300d40c086444c609c580809a7d5005181b,"{""config"":[""X+"",""X""],""d"":7,""p"":0.005733333333333333}",
     20480,      2481,         0,   0.840,pymatching,c7ecf1d3211ad95a7cffa8299f3c6634d111635b34a80ee41333b896f3055fea,"{""config"":[""X+"",""X""],""d"":7,""p"":0.013217948717948718}",
      4096,        69,         0,   0.093,pymatching,f386f3dbd4a32ae34d04b6483c8b0485cf353fc6c027dc42cac209eb6d9f0692,"{""config"":[""X+"",""X""],""d"":7,""p"":0.007158974358974359}",
     63488,       562,         0,    1.11,pymatching,c38f3fbcd05be71b19ac276a153e0c2484f355d31ecd184d275a4b399a271ace,"{""config"":[""X+"",""X""],""d"":7,""p"":0.00608974358974359}",
      2048,        38,         0,   0.062,pymatching,6aa347dd498ef9eab5063a08f336e609f14f0e078992c644e8370c8e3e95fdc5,"{""config"":[""X+"",""X""],""d"":7,""p"":0.007515384615384615}",
       273,         7,         0,   0.011,pymatching,227de2d86eeda9bea1a6f8078969462458ae0b33e00660b16aba1e8327ed3482,"{""config"":[""X+"",""X""],""d"":7,""p"":0.008584615384615385}",
      2048,        43,         0,   0.060,pymatching,d8032c7aaa6000da39e4b676adf7a6db39d55d43680cbe13128b46e395971b69,"{""config"":[""X+"",""X""],""d"":7,""p"":0.007871794871794872}",
     23552,         2,         0,   0.209,pymatching,ffb8a5c905873fa065329cbf5137555e915ef843bbbf1a1e263982a34543812c,"{""config"":[""X+"",""X""],""d"":7,""p"":0.0018128205128205128}",
     23552,         1,         0,   0.214,pymatching,330944079abe525578c3d0d47137c24a58919f87f916eb882800ac41fd692b35,"{""config"":[""X+"",""X""],""d"":7,""p"":0.002169230769230769}",
     63488,       659,         0,    1.11,pymatching,23c6762b737c8f172d70a38cb24337e07ab695cfa3677a29c39ada478a50c087,"{""config"":[""X+"",""X""],""d"":7,""p"":0.006446153846153846}",
     72704,       486,         0,    1.13,pymatching,0e55159f8cc3e9ff5036fc15139dd300d40c086444c609c580809a7d5005181b,"{""config"":[""X+"",""X""],""d"":7,""p"":0.005733333333333333}",
     12288,      2112,         0,   0.626,pymatching,7e9c346e0026071282336bac1d7ee6959a97851efacf66806a035d9308a3f2fb,"{""config"":[""X+"",""X""],""d"":7,""p"":0.014999999999999998}",
      1024,        26,         0,   0.029,pymatching,227de2d86eeda9bea1a6f8078969462458ae0b33e00660b16aba1e8327ed3482,"{""config"":[""X+"",""X""],""d"":7,""p"":0.008584615384615385}",
     21504,         8,         0,   0.207,pymatching,12c5b41cabf9ff9110faad88f46cbfbd5d7e48235d7d185ace2136e311ffa750,"{""config"":[""X+"",""X""],""d"":7,""p"":0.0025256410256410257}",
       273,        10,         0,   0.011,pymatching,c48a13a7d498dce35d18b2e027ba9c44aa02977ef7b043c12b97c8b42a9bf706,"{""config"":[""X+"",""X""],""d"":7,""p"":0.009297435897435898}",
      1297,        32,         0,   0.042,pymatching,41c2474327ea7943aa544757a21c759d7876f17f25a502ce90be6f75aaaff781,"{""config"":[""X+"",""X""],""d"":7,""p"":0.008228205128205128}",
       273,         8,         0,   0.011,pymatching,ec494b4727993ce701a9f353fb8d0b33061a04b472a8827628fb0d3c1a50c06e,"{""config"":[""X+"",""X""],""d"":7,""p"":0.00894102564102564}",
      1024,        25,         0,   0.028,pymatching,227de2d86eeda9bea1a6f8078969462458ae0b33e00660b16aba1e8327ed3482,"{""config"":[""X+"",""X""],""d"":7,""p"":0.008584615384615385}",
     17408,        15,         0,   0.215,pymatching,7e730e1bef7adf1cae3895dd9e7eb6ad020c2938095f342009740893cd4ce019,"{""config"":[""X+"",""X""],""d"":7,""p"":0.0028820512820512817}",
      2048,        41,         0,   0.056,pymatching,d8032c7aaa6000da39e4b676adf7a6db39d55d43680cbe13128b46e395971b69,"{""config"":[""X+"",""X""],""d"":7,""p"":0.007871794871794872}",
      2048,        37,         0,   0.067,pymatching,6aa347dd498ef9eab5063a08f336e609f14f0e078992c644e8370c8e3e95fdc5,"{""config"":[""X+"",""X""],""d"":7,""p"":0.007515384615384615}",
      1024,        46,         0,   0.042,pymatching,c48a13a7d498dce35d18b2e027ba9c44aa02977ef7b043c12b97c8b42a9bf706,"{""config"":[""X+"",""X""],""d"":7,""p"":0.009297435897435898}",
      1024,        37,         0,   0.032,pymatching,41c2474327ea7943aa544757a21c759d7876f17f25a502ce90be6f75aaaff781,"{""config"":[""X+"",""X""],""d"":7,""p"":0.008228205128205128}",
     17408,        21,         0,   0.213,pymatching,7236879ddc1304042a8322f1a3f6274c3fbdb49118d290a3484ab208161cd894,"{""config"":[""X+"",""X""],""d"":7,""p"":0.0035948717948717946}",
      5120,        64,         0,   0.124,pymatching,44206ae84723ba1ca5b7b273593872b991680c9ab3e4933e072fe09f027cc7ef,"{""config"":[""X+"",""X""],""d"":7,""p"":0.006802564102564103}",
      1024,        22,         0,   0.029,pymatching,227de2d86eeda9bea1a6f8078969462458ae0b33e00660b16aba1e8327ed3482,"{""config"":[""X+"",""X""],""d"":7,""p"":0.008584615384615385}",
      5120,        75,         0,   0.117,pymatching,f386f3dbd4a32ae34d04b6483c8b0485cf353fc6c027dc42cac209eb6d9f0692,"{""config"":[""X+"",""X""],""d"":7,""p"":0.007158974358974359}",
      1024,        34,         0,   0.043,pymatching,ec494b4727993ce701a9f353fb8d0b33061a04b472a8827628fb0d3c1a50c06e,"{""config"":[""X+"",""X""],""d"":7,""p"":0.00894102564102564}",
     58368,       762,         0,    1.12,pymatching,44206ae84723ba1ca5b7b273593872b991680c9ab3e4933e072fe09f027cc7ef,"{""config"":[""X+"",""X""],""d"":7,""p"":0.006802564102564103}",
      6144,        52,         0,   0.150,pymatching,23c6762b737c8f172d70a38cb24337e07ab695cfa3677a29c39ada478a50c087,"{""config"":[""X+"",""X""],""d"":7,""p"":0.006446153846153846}",
      1024,        30,         0,   0.034,pymatching,41c2474327ea7943aa544757a21c759d7876f17f25a502ce90be6f75aaaff781,"{""config"":[""X+"",""X""],""d"":7,""p"":0.008228205128205128}",
     16384,        22,         0,   0.215,pymatching,3017794d13067d71bbe69fc9a487c4d5a46e9c4e42027a610cbc4e396de22ffb,"{""config"":[""X+"",""X""],""d"":7,""p"":0.003951282051282051}",
      7168,        66,         0,   0.167,pymatching,c38f3fbcd05be71b19ac276a153e0c2484f355d31ecd184d275a4b399a271ace,"{""config"":[""X+"",""X""],""d"":7,""p"":0.00608974358974359}",
      1024,        41,         0,   0.048,pymatching,c48a13a7d498dce35d18b2e027ba9c44aa02977ef7b043c12b97c8b42a9bf706,"{""config"":[""X+"",""X""],""d"":7,""p"":0.009297435897435898}",
     12288,        26,         0,   0.220,pymatching,b91760ea78cf9f4833c45a5ecc1020af69d569f33061d60ac02f8c5f0093edff,"{""config"":[""X+"",""X""],""d"":7,""p"":0.004664102564102564}",
     13312,        36,         0,   0.218,pymatching,8330916b8be5d1095e8d49076ab85fa486347616b42dbc0912a58b9c140ca6e2,"{""config"":[""X+"",""X""],""d"":7,""p"":0.0043076923076923075}",
     16384,        11,         0,   0.211,pymatching,082955c518b24bd60c17f3af52bf5862d964bf74023753b47da27119da6b0a49,"{""config"":[""X+"",""X""],""d"":7,""p"":0.003238461538461538}",
      1024,        33,         0,   0.034,pymatching,ec494b4727993ce701a9f353fb8d0b33061a04b472a8827628fb0d3c1a50c06e,"{""config"":[""X+"",""X""],""d"":7,""p"":0.00894102564102564}",
      2048,        47,         0,   0.076,pymatching,d8032c7aaa6000da39e4b676adf7a6db39d55d43680cbe13128b46e395971b69,"{""config"":[""X+"",""X""],""d"":7,""p"":0.007871794871794872}",
     11264,        40,         0,   0.210,pymatching,ee0990691a329ed8e229b152d184ce2d683d0c3d6b834929772c40e736d548ee,"{""config"":[""X+"",""X""],""d"":7,""p"":0.00502051282051282}",
      2048,        62,         0,   0.058,pymatching,227de2d86eeda9bea1a6f8078969462458ae0b33e00660b16aba1e8327ed3482,"{""config"":[""X+"",""X""],""d"":7,""p"":0.008584615384615385}",
      1024,        22,         0,   0.036,pymatching,41c2474327ea7943aa544757a21c759d7876f17f25a502ce90be6f75aaaff781,"{""config"":[""X+"",""X""],""d"":7,""p"":0.008228205128205128}",
     10240,        47,         0,   0.208,pymatching,7c53fb4e615d31e5d4c99bf35992fe8d9581d34af76bf8d8eb41aacc4eb492e8,"{""config"":[""X+"",""X""],""d"":7,""p"":0.005376923076923077}",
      1024,        47,         0,   0.032,pymatching,ec494b4727993ce701a9f353fb8d0b33061a04b472a8827628fb0d3c1a50c06e,"{""config"":[""X+"",""X""],""d"":7,""p"":0.00894102564102564}",
      1024,        40,         0,   0.041,pymatching,c48a13a7d498dce35d18b2e027ba9c44aa02977ef7b043c12b97c8b42a9bf706,"{""config"":[""X+"",""X""],""d"":7,""p"":0.009297435897435898}",
     37888,         1,         0,   0.294,pymatching,24a10e6b8a3e2350a887e4da4bd2406151cb9f8b73a2840ac7cc3dcfe1ff6292,"{""config"":[""X+"",""X""],""d"":7,""p"":0.0014564102564102565}",
      3072,        75,         0,   0.105,pymatching,6aa347dd498ef9eab5063a08f336e609f14f0e078992c644e8370c8e3e95fdc5,"{""config"":[""X+"",""X""],""d"":7,""p"":0.007515384615384615}",
     11264,        82,         0,   0.207,pymatching,0e55159f8cc3e9ff5036fc15139dd300d40c086444c609c580809a7d5005181b,"{""config"":[""X+"",""X""],""d"":7,""p"":0.005733333333333333}",
     34816,         0,         0,   0.292,pymatching,66673a494991db4a8a277166cf80056f33c68c5b85e1c95aa453533d394581a1,"{""config"":[""X+"",""X""],""d"":7,""p"":0.0011}",
     17408,      2312,         0,   0.806,pymatching,bd6b117fa1e49fcaec2546037f85570027617b5a1c3552cfaed02cc1c75b725e,"{""config"":[""X+"",""X""],""d"":7,""p"":0.013574358974358974}",
     51200,       806,         0,    1.12,pymatching,f386f3dbd4a32ae34d04b6483c8b0485cf353fc6c027dc42cac209eb6d9f0692,"{""config"":[""X+"",""X""],""d"":7,""p"":0.007158974358974359}",
      2048,        55,         0,   0.060,pymatching,227de2d86eeda9bea1a6f8078969462458ae0b33e00660b16aba1e8327ed3482,"{""config"":[""X+"",""X""],""d"":7,""p"":0.008584615384615385}",
    206488,         2,         0,    1.36,pymatching,66673a494991db4a8a277166cf80056f33c68c5b85e1c95aa453533d394581a1,"{""config"":[""X+"",""X""],""d"":7,""p"":0.0011}",
     47104,       889,         0,    1.11,pymatching,6aa347dd498ef9eab5063a08f336e609f14f0e078992c644e8370c8e3e95fdc5,"{""config"":[""X+"",""X""],""d"":7,""p"":0.007515384615384615}",
      2048,        62,         0,   0.063,pymatching,41c2474327ea7943aa544757a21c759d7876f17f25a502ce90be6f75aaaff781,"{""config"":[""X+"",""X""],""d"":7,""p"":0.008228205128205128}",
     51200,      1160,         0,    1.13,pymatching,d8032c7aaa6000da39e4b676adf7a6db39d55d43680cbe13128b46e395971b69,"{""config"":[""X+"",""X""],""d"":7,""p"":0.007871794871794872}",
      2048,        70,         0,   0.060,pymatching,ec494b4727993ce701a9f353fb8d0b33061a04b472a8827628fb0d3c1a50c06e,"{""config"":[""X+"",""X""],""d"":7,""p"":0.00894102564102564}",
      2048,        87,         0,   0.065,pymatching,c48a13a7d498dce35d18b2e027ba9c44aa02977ef7b043c12b97c8b42a9bf706,"{""config"":[""X+"",""X""],""d"":7,""p"":0.009297435897435898}",
      7168,        93,         0,   0.159,pymatching,44206ae84723ba1ca5b7b273593872b991680c9ab3e4933e072fe09f027cc7ef,"{""config"":[""X+"",""X""],""d"":7,""p"":0.006802564102564103}",
      7168,       105,         0,   0.164,pymatching,f386f3dbd4a32ae34d04b6483c8b0485cf353fc6c027dc42cac209eb6d9f0692,"{""config"":[""X+"",""X""],""d"":7,""p"":0.007158974358974359}",
      4096,        94,         0,   0.131,pymatching,d8032c7aaa6000da39e4b676adf7a6db39d55d43680cbe13128b46e395971b69,"{""config"":[""X+"",""X""],""d"":7,""p"":0.007871794871794872}",
      2048,        50,         0,   0.061,pymatching,41c2474327ea7943aa544757a21c759d7876f17f25a502ce90be6f75aaaff781,"{""config"":[""X+"",""X""],""d"":7,""p"":0.008228205128205128}",
      4096,        78,         0,   0.112,pymatching,6aa347dd498ef9eab5063a08f336e609f14f0e078992c644e8370c8e3e95fdc5,"{""config"":[""X+"",""X""],""d"":7,""p"":0.007515384615384615}",
      2048,        69,         0,   0.062,pymatching,ec494b4727993ce701a9f353fb8d0b33061a04b472a8827628fb0d3c1a50c06e,"{""config"":[""X+"",""X""],""d"":7,""p"":0.00894102564102564}",
      3072,        92,         0,   0.087,pymatching,227de2d86eeda9bea1a6f8078969462458ae0b33e00660b16aba1e8327ed3482,"{""config"":[""X+"",""X""],""d"":7,""p"":0.008584615384615385}",
     40960,      1286,         0,    1.14,pymatching,227de2d86eeda9bea1a6f8078969462458ae0b33e00660b16aba1e8327ed3482,"{""config"":[""X+"",""X""],""d"":7,""p"":0.008584615384615385}",
      2048,        72,         0,   0.065,pymatching,c48a13a7d498dce35d18b2e027ba9c44aa02977ef7b043c12b97c8b42a9bf706,"{""config"":[""X+"",""X""],""d"":7,""p"":0.009297435897435898}",
     29696,         8,         0,   0.289,pymatching,330944079abe525578c3d0d47137c24a58919f87f916eb882800ac41fd692b35,"{""config"":[""X+"",""X""],""d"":7,""p"":0.002169230769230769}",
     27648,         1,         0,   0.297,pymatching,ffb8a5c905873fa065329cbf5137555e915ef843bbbf1a1e263982a34543812c,"{""config"":[""X+"",""X""],""d"":7,""p"":0.0018128205128205128}",
     10240,        95,         0,   0.221,pymatching,23c6762b737c8f172d70a38cb24337e07ab695cfa3677a29c39ada478a50c087,"{""config"":[""X+"",""X""],""d"":7,""p"":0.006446153846153846}",
     29696,         5,         0,   0.294,pymatching,12c5b41cabf9ff9110faad88f46cbfbd5d7e48235d7d185ace2136e311ffa750,"{""config"":[""X+"",""X""],""d"":7,""p"":0.0025256410256410257}",
      8192,        68,         0,   0.215,pymatching,c38f3fbcd05be71b19ac276a153e0c2484f355d31ecd184d275a4b399a271ace,"{""config"":[""X+"",""X""],""d"":7,""p"":0.00608974358974359}",
     22528,         5,         0,   0.288,pymatching,7e730e1bef7adf1cae3895dd9e7eb6ad020c2938095f342009740893cd4ce019,"{""config"":[""X+"",""X""],""d"":7,""p"":0.0028820512820512817}",
      3072,        91,         0,   0.082,pymatching,41c2474327ea7943aa544757a21c759d7876f17f25a502ce90be6f75aaaff781,"{""config"":[""X+"",""X""],""d"":7,""p"":0.008228205128205128}",
     16384,      2313,         0,   0.801,pymatching,d3d4a18d42a3b86d4609e3e54b5ad47dd792d6eca48a2a51c3b35a68fafdbe97,"{""config"":[""X+"",""X""],""d"":7,""p"":0.01393076923076923}",
     23552,        34,         0,   0.289,pymatching,7236879ddc1304042a8322f1a3f6274c3fbdb49118d290a3484ab208161cd894,"{""config"":[""X+"",""X""],""d"":7,""p"":0.0035948717948717946}",
      3072,       112,         0,   0.089,pymatching,ec494b4727993ce701a9f353fb8d0b33061a04b472a8827628fb0d3c1a50c06e,"{""config"":[""X+"",""X""],""d"":7,""p"":0.00894102564102564}",
     43008,      1144,         0,    1.11,pymatching,41c2474327ea7943aa544757a21c759d7876f17f25a502ce90be6f75aaaff781,"{""config"":[""X+"",""X""],""d"":7,""p"":0.008228205128205128}",
     29379,         0,         0,   0.206,pymatching,66673a494991db4a8a277166cf80056f33c68c5b85e1c95aa453533d394581a1,"{""config"":[""X+"",""X""],""d"":7,""p"":0.0011}",
      3072,       130,         0,   0.089,pymatching,c48a13a7d498dce35d18b2e027ba9c44aa02977ef7b043c12b97c8b42a9bf706,"{""config"":[""X+"",""X""],""d"":7,""p"":0.009297435897435898}",
     23552,         0,         0,   0.165,pymatching,66673a494991db4a8a277166cf80056f33c68c5b85e1c95aa453533d394581a1,"{""config"":[""X+"",""X""],""d"":7,""p"":0.0011}",
      4096,       113,         0,   0.110,pymatching,227de2d86eeda9bea1a6f8078969462458ae0b33e00660b16aba1e8327ed3482,"{""config"":[""X+"",""X""],""d"":7,""p"":0.008584615384615385}",
     37888,      1601,         0,    1.12,pymatching,c48a13a7d498dce35d18b2e027ba9c44aa02977ef7b043c12b97c8b42a9bf706,"{""config"":[""X+"",""X""],""d"":7,""p"":0.009297435897435898}",
     22528,        29,         0,   0.291,pymatching,3017794d13067d71bbe69fc9a487c4d5a46e9c4e42027a610cbc4e396de22ffb,"{""config"":[""X+"",""X""],""d"":7,""p"":0.003951282051282051}",
    217088,         5,         0,    1.55,pymatching,24a10e6b8a3e2350a887e4da4bd2406151cb9f8b73a2840ac7cc3dcfe1ff6292,"{""config"":[""X+"",""X""],""d"":7,""p"":0.0014564102564102565}",
      6144,       142,         0,   0.151,pymatching,d8032c7aaa6000da39e4b676adf7a6db39d55d43680cbe13128b46e395971b69,"{""config"":[""X+"",""X""],""d"":7,""p"":0.007871794871794872}",
     17408,        42,         0,   0.290,pymatching,8330916b8be5d1095e8d49076ab85fa486347616b42dbc0912a58b9c140ca6e2,"{""config"":[""X+"",""X""],""d"":7,""p"":0.0043076923076923075}",
     20480,        13,         0,   0.291,pymatching,082955c518b24bd60c17f3af52bf5862d964bf74023753b47da27119da6b0a49,"{""config"":[""X+"",""X""],""d"":7,""p"":0.003238461538461538}",
      2914,         0,         0,   0.019,pymatching,66673a494991db4a8a277166cf80056f33c68c5b85e1c95aa453533d394581a1,"{""config"":[""X+"",""X""],""d"":7,""p"":0.0011}",
      5120,       623,         0,   0.238,pymatching,bd6b117fa1e49fcaec2546037f85570027617b5a1c3552cfaed02cc1c75b725e,"{""config"":[""X+"",""X""],""d"":7,""p"":0.013574358974358974}",
     20480,        65,         0,   0.297,pymatching,b91760ea78cf9f4833c45a5ecc1020af69d569f33061d60ac02f8c5f0093edff,"{""config"":[""X+"",""X""],""d"":7,""p"":0.004664102564102564}",
     18432,        83,         0,   0.290,pymatching,ee0990691a329ed8e229b152d184ce2d683d0c3d6b834929772c40e736d548ee,"{""config"":[""X+"",""X""],""d"":7,""p"":0.00502051282051282}",
      2913,         0,         0,   0.026,pymatching,66673a494991db4a8a277166cf80056f33c68c5b85e1c95aa453533d394581a1,"{""config"":[""X+"",""X""],""d"":7,""p"":0.0011}",
      7168,       866,         0,   0.457,pymatching,c7ecf1d3211ad95a7cffa8299f3c6634d111635b34a80ee41333b896f3055fea,"{""config"":[""X+"",""X""],""d"":7,""p"":0.013217948717948718}",
     43008,      1498,         0,    1.12,pymatching,ec494b4727993ce701a9f353fb8d0b33061a04b472a8827628fb0d3c1a50c06e,"{""config"":[""X+"",""X""],""d"":7,""p"":0.00894102564102564}",
     15360,        86,         0,   0.288,pymatching,7c53fb4e615d31e5d4c99bf35992fe8d9581d34af76bf8d8eb41aacc4eb492e8,"{""config"":[""X+"",""X""],""d"":7,""p"":0.005376923076923077}",
      7168,       127,         0,   0.167,pymatching,6aa347dd498ef9eab5063a08f336e609f14f0e078992c644e8370c8e3e95fdc5,"{""config"":[""X+"",""X""],""d"":7,""p"":0.007515384615384615}",
      2048,       262,         0,   0.089,pymatching,d3d4a18d42a3b86d4609e3e54b5ad47dd792d6eca48a2a51c3b35a68fafdbe97,"{""config"":[""X+"",""X""],""d"":7,""p"":0.01393076923076923}",
     35840,      1652,         0,    1.11,pymatching,0a0fa3fb2e2a7c7c004b0728d3d81adff078a454172fb00260d0a28337b59b58,"{""config"":[""X+"",""X""],""d"":7,""p"":0.009653846153846153}",
     10240,       144,         0,   0.218,pymatching,44206ae84723ba1ca5b7b273593872b991680c9ab3e4933e072fe09f027cc7ef,"{""config"":[""X+"",""X""],""d"":7,""p"":0.006802564102564103}",
     17408,       110,         0,   0.300,pymatching,0e55159f8cc3e9ff5036fc15139dd300d40c086444c609c580809a7d5005181b,"{""config"":[""X+"",""X""],""d"":7,""p"":0.005733333333333333}",
     12288,      1348,         0,   0.564,pymatching,992103de80056c2c667bfdc6065210d9ad22ecf59bbd816ec41a4ffad5ad51ea,"{""config"":[""X+"",""X""],""d"":7,""p"":0.012861538461538462}",
      9880,         1,         0,   0.069,pymatching,24a10e6b8a3e2350a887e4da4bd2406151cb9f8b73a2840ac7cc3dcfe1ff6292,"{""config"":[""X+"",""X""],""d"":7,""p"":0.0014564102564102565}",
      5120,       143,         0,   0.126,pymatching,41c2474327ea7943aa544757a21c759d7876f17f25a502ce90be6f75aaaff781,"{""config"":[""X+"",""X""],""d"":7,""p"":0.008228205128205128}",
     10240,       170,         0,   0.221,pymatching,f386f3dbd4a32ae34d04b6483c8b0485cf353fc6c027dc42cac209eb6d9f0692,"{""config"":[""X+"",""X""],""d"":7,""p"":0.007158974358974359}",
      4096,       154,         0,   0.112,pymatching,ec494b4727993ce701a9f353fb8d0b33061a04b472a8827628fb0d3c1a50c06e,"{""config"":[""X+"",""X""],""d"":7,""p"":0.00894102564102564}",
     43203,         1,         0,   0.323,pymatching,24a10e6b8a3e2350a887e4da4bd2406151cb9f8b73a2840ac7cc3dcfe1ff6292,"{""config"":[""X+"",""X""],""d"":7,""p"":0.0014564102564102565}",
      4096,       170,         0,   0.105,pymatching,c48a13a7d498dce35d18b2e027ba9c44aa02977ef7b043c12b97c8b42a9bf706,"{""config"":[""X+"",""X""],""d"":7,""p"":0.009297435897435898}",
     35840,      2165,         0,    1.12,pymatching,9f3b11242620fc201fc7c3c6af4ea4b603f6773d025efaf91c63a9cc1302963a,"{""config"":[""X+"",""X""],""d"":7,""p"":0.010366666666666666}",
    193536,         9,         0,    1.55,pymatching,ffb8a5c905873fa065329cbf5137555e915ef843bbbf1a1e263982a34543812c,"{""config"":[""X+"",""X""],""d"":7,""p"":0.0018128205128205128}",
       273,        17,         0,   0.011,pymatching,e14fac3ff9f73925237292ee128f50b77609902dd5fe9dc1721ca4e6dba902e2,"{""config"":[""X+"",""X""],""d"":7,""p"":0.01107948717948718}",
      1297,        74,         0,   0.041,pymatching,5de7814fecb77d1c90db56389c6856da3bdd9a777672366f1e77933b35d0d4bb,"{""config"":[""X+"",""X""],""d"":7,""p"":0.010010256410256409}",
      1297,        54,         0,   0.039,pymatching,0a0fa3fb2e2a7c7c004b0728d3d81adff078a454172fb00260d0a28337b59b58,"{""config"":[""X+"",""X""],""d"":7,""p"":0.009653846153846153}",
      6144,       184,         0,   0.156,pymatching,227de2d86eeda9bea1a6f8078969462458ae0b33e00660b16aba1e8327ed3482,"{""config"":[""X+"",""X""],""d"":7,""p"":0.008584615384615385}",
       273,        23,         0,   0.011,pymatching,25657772526c41e16bcdcc760778c78ebbeec3c72f19609f193c1a6bb8cfb9dc,"{""config"":[""X+"",""X""],""d"":7,""p"":0.011435897435897435}",
      1024,        76,         0,   0.033,pymatching,e14fac3ff9f73925237292ee128f50b77609902dd5fe9dc1721ca4e6dba902e2,"{""config"":[""X+"",""X""],""d"":7,""p"":0.01107948717948718}",
      1024,        46,         0,   0.031,pymatching,0a0fa3fb2e2a7c7c004b0728d3d81adff078a454172fb00260d0a28337b59b58,"{""config"":[""X+"",""X""],""d"":7,""p"":0.009653846153846153}",
      1024,        50,         0,   0.032,pymatching,5de7814fecb77d1c90db56389c6856da3bdd9a777672366f1e77933b35d0d4bb,"{""config"":[""X+"",""X""],""d"":7,""p"":0.010010256410256409}",
       273,        15,         0,   0.018,pymatching,9f3b11242620fc201fc7c3c6af4ea4b603f6773d025efaf91c63a9cc1302963a,"{""config"":[""X+"",""X""],""d"":7,""p"":0.010366666666666666}",
       273,        20,         0,   0.017,pymatching,6f4ec4646e76f6575e9ad182043f8c9131831ae1f009da911f924c4848461de6,"{""config"":[""X+"",""X""],""d"":7,""p"":0.010723076923076922}",
     34816,      1846,         0,    1.11,pymatching,5de7814fecb77d1c90db56389c6856da3bdd9a777672366f1e77933b35d0d4bb,"{""config"":[""X+"",""X""],""d"":7,""p"":0.010010256410256409}",
      1024,        90,         0,   0.034,pymatching,25657772526c41e16bcdcc760778c78ebbeec3c72f19609f193c1a6bb8cfb9dc,"{""config"":[""X+"",""X""],""d"":7,""p"":0.011435897435897435}",
      1024,        74,         0,   0.033,pymatching,e14fac3ff9f73925237292ee128f50b77609902dd5fe9dc1721ca4e6dba902e2,"{""config"":[""X+"",""X""],""d"":7,""p"":0.01107948717948718}",
      1024,        39,         0,   0.031,pymatching,0a0fa3fb2e2a7c7c004b0728d3d81adff078a454172fb00260d0a28337b59b58,"{""config"":[""X+"",""X""],""d"":7,""p"":0.009653846153846153}",
      1024,        57,         0,   0.031,pymatching,5de7814fecb77d1c90db56389c6856da3bdd9a777672366f1e77933b35d0d4bb,"{""config"":[""X+"",""X""],""d"":7,""p"":0.010010256410256409}",
     15360,       186,         0,   0.289,pymatching,23c6762b737c8f172d70a38cb24337e07ab695cfa3677a29c39ada478a50c087,"{""config"":[""X+"",""X""],""d"":7,""p"":0.006446153846153846}",
     15360,      2289,         0,   0.752,pymatching,d806b72799bfe753e865063b006987d3035049b94b7720f4921e9a766e0b4336,"{""config"":[""X+"",""X""],""d"":7,""p"":0.014287179487179487}",
      9216,       230,         0,   0.213,pymatching,d8032c7aaa6000da39e4b676adf7a6db39d55d43680cbe13128b46e395971b69,"{""config"":[""X+"",""X""],""d"":7,""p"":0.007871794871794872}",
      1024,        88,         0,   0.034,pymatching,25657772526c41e16bcdcc760778c78ebbeec3c72f19609f193c1a6bb8cfb9dc,"{""config"":[""X+"",""X""],""d"":7,""p"":0.011435897435897435}",
     17408,       121,         0,   0.295,pymatching,c38f3fbcd05be71b19ac276a153e0c2484f355d31ecd184d275a4b399a271ace,"{""config"":[""X+"",""X""],""d"":7,""p"":0.00608974358974359}",
      6144,       156,         0,   0.149,pymatching,41c2474327ea7943aa544757a21c759d7876f17f25a502ce90be6f75aaaff781,"{""config"":[""X+"",""X""],""d"":7,""p"":0.008228205128205128}",
      1024,        63,         0,   0.056,pymatching,9f3b11242620fc201fc7c3c6af4ea4b603f6773d025efaf91c63a9cc1302963a,"{""config"":[""X+"",""X""],""d"":7,""p"":0.010366666666666666}",
      1024,        63,         0,   0.053,pymatching,6f4ec4646e76f6575e9ad182043f8c9131831ae1f009da911f924c4848461de6,"{""config"":[""X+"",""X""],""d"":7,""p"":0.010723076923076922}",
      1024,        47,         0,   0.030,pymatching,0a0fa3fb2e2a7c7c004b0728d3d81adff078a454172fb00260d0a28337b59b58,"{""config"":[""X+"",""X""],""d"":7,""p"":0.009653846153846153}",
      1024,        91,         0,   0.032,pymatching,e14fac3ff9f73925237292ee128f50b77609902dd5fe9dc1721ca4e6dba902e2,"{""config"":[""X+"",""X""],""d"":7,""p"":0.01107948717948718}",
      1024,        44,         0,   0.032,pymatching,5de7814fecb77d1c90db56389c6856da3bdd9a777672366f1e77933b35d0d4bb,"{""config"":[""X+"",""X""],""d"":7,""p"":0.010010256410256409}",
      6144,       260,         0,   0.157,pymatching,c48a13a7d498dce35d18b2e027ba9c44aa02977ef7b043c12b97c8b42a9bf706,"{""config"":[""X+"",""X""],""d"":7,""p"":0.009297435897435898}",
     21602,         1,         0,   0.151,pymatching,24a10e6b8a3e2350a887e4da4bd2406151cb9f8b73a2840ac7cc3dcfe1ff6292,"{""config"":[""X+"",""X""],""d"":7,""p"":0.0014564102564102565}",
      6144,       209,         0,   0.164,pymatching,ec494b4727993ce701a9f353fb8d0b33061a04b472a8827628fb0d3c1a50c06e,"{""config"":[""X+"",""X""],""d"":7,""p"":0.00894102564102564}",
     12288,         2,         0,   0.144,pymatching,24a10e6b8a3e2350a887e4da4bd2406151cb9f8b73a2840ac7cc3dcfe1ff6292,"{""config"":[""X+"",""X""],""d"":7,""p"":0.0014564102564102565}",
      1024,        71,         0,   0.033,pymatching,25657772526c41e16bcdcc760778c78ebbeec3c72f19609f193c1a6bb8cfb9dc,"{""config"":[""X+"",""X""],""d"":7,""p"":0.011435897435897435}",
      1024,        85,         0,   0.031,pymatching,6f4ec4646e76f6575e9ad182043f8c9131831ae1f009da911f924c4848461de6,"{""config"":[""X+"",""X""],""d"":7,""p"":0.010723076923076922}",
     10240,       183,         0,   0.222,pymatching,6aa347dd498ef9eab5063a08f336e609f14f0e078992c644e8370c8e3e95fdc5,"{""config"":[""X+"",""X""],""d"":7,""p"":0.007515384615384615}",
      9216,      1582,         0,   0.652,pymatching,7e9c346e0026071282336bac1d7ee6959a97851efacf66806a035d9308a3f2fb,"{""config"":[""X+"",""X""],""d"":7,""p"":0.014999999999999998}",
     13312,      2132,         0,   0.733,pymatching,5a572918e89b7d0a6c8f661270444cff8829e5e69bac219ff4fc249a4104d6a6,"{""config"":[""X+"",""X""],""d"":7,""p"":0.014643589743589744}",
      1024,        56,         0,   0.040,pymatching,9f3b11242620fc201fc7c3c6af4ea4b603f6773d025efaf91c63a9cc1302963a,"{""config"":[""X+"",""X""],""d"":7,""p"":0.010366666666666666}",
      4657,         0,         0,   0.034,pymatching,24a10e6b8a3e2350a887e4da4bd2406151cb9f8b73a2840ac7cc3dcfe1ff6292,"{""config"":[""X+"",""X""],""d"":7,""p"":0.0014564102564102565}",
      2048,        82,         0,   0.061,pymatching,0a0fa3fb2e2a7c7c004b0728d3d81adff078a454172fb00260d0a28337b59b58,"{""config"":[""X+"",""X""],""d"":7,""p"":0.009653846153846153}",
      2048,       100,         0,   0.061,pymatching,5de7814fecb77d1c90db56389c6856da3bdd9a777672366f1e77933b35d0d4bb,"{""config"":[""X+"",""X""],""d"":7,""p"":0.010010256410256409}",
      2048,       137,         0,   0.065,pymatching,e14fac3ff9f73925237292ee128f50b77609902dd5fe9dc1721ca4e6dba902e2,"{""config"":[""X+"",""X""],""d"":7,""p"":0.01107948717948718}",
      3072,         0,         0,   0.040,pymatching,24a10e6b8a3e2350a887e4da4bd2406151cb9f8b73a2840ac7cc3dcfe1ff6292,"{""config"":[""X+"",""X""],""d"":7,""p"":0.0014564102564102565}",
       273,        25,         0,   0.011,pymatching,b01cb16ee4fd2a5c762bfd1738fa3ff5aab7aaf84f2dd101a6bb2a4dc081c946,"{""config"":[""X+"",""X""],""d"":7,""p"":0.011792307692307692}",
     52224,         4,         0,   0.406,pymatching,330944079abe525578c3d0d47137c24a58919f87f916eb882800ac41fd692b35,"{""config"":[""X+"",""X""],""d"":7,""p"":0.002169230769230769}",
      1024,        57,         0,   0.046,pymatching,6f4ec4646e76f6575e9ad182043f8c9131831ae1f009da911f924c4848461de6,"{""config"":[""X+"",""X""],""d"":7,""p"":0.010723076923076922}",
     56320,         4,         0,   0.403,pymatching,ffb8a5c905873fa065329cbf5137555e915ef843bbbf1a1e263982a34543812c,"{""config"":[""X+"",""X""],""d"":7,""p"":0.0018128205128205128}",
       792,         0,         0,   0.006,pymatching,24a10e6b8a3e2350a887e4da4bd2406151cb9f8b73a2840ac7cc3dcfe1ff6292,"{""config"":[""X+"",""X""],""d"":7,""p"":0.0014564102564102565}",
       792,         0,         0,   0.009,pymatching,24a10e6b8a3e2350a887e4da4bd2406151cb9f8b73a2840ac7cc3dcfe1ff6292,"{""config"":[""X+"",""X""],""d"":7,""p"":0.0014564102564102565}",
     31744,      2024,         0,    1.14,pymatching,6f4ec4646e76f6575e9ad182043f8c9131831ae1f009da911f924c4848461de6,"{""config"":[""X+"",""X""],""d"":7,""p"":0.010723076923076922}",
      2048,       179,         0,   0.067,pymatching,25657772526c41e16bcdcc760778c78ebbeec3c72f19609f193c1a6bb8cfb9dc,"{""config"":[""X+"",""X""],""d"":7,""p"":0.011435897435897435}",
      1024,        55,         0,   0.055,pymatching,9f3b11242620fc201fc7c3c6af4ea4b603f6773d025efaf91c63a9cc1302963a,"{""config"":[""X+"",""X""],""d"":7,""p"":0.010366666666666666}",
    176128,        20,         0,    1.54,pymatching,330944079abe525578c3d0d47137c24a58919f87f916eb882800ac41fd692b35,"{""config"":[""X+"",""X""],""d"":7,""p"":0.002169230769230769}",
     46080,        13,         0,   0.412,pymatching,12c5b41cabf9ff9110faad88f46cbfbd5d7e48235d7d185ace2136e311ffa750,"{""config"":[""X+"",""X""],""d"":7,""p"":0.0025256410256410257}",
     28672,      2504,         0,    1.05,pymatching,b01cb16ee4fd2a5c762bfd1738fa3ff5aab7aaf84f2dd101a6bb2a4dc081c946,"{""config"":[""X+"",""X""],""d"":7,""p"":0.011792307692307692}",
      1024,       105,         0,   0.035,pymatching,b01cb16ee4fd2a5c762bfd1738fa3ff5aab7aaf84f2dd101a6bb2a4dc081c946,"{""config"":[""X+"",""X""],""d"":7,""p"":0.011792307692307692}",
      1024,        65,         0,   0.038,pymatching,6f4ec4646e76f6575e9ad182043f8c9131831ae1f009da911f924c4848461de6,"{""config"":[""X+"",""X""],""d"":7,""p"":0.010723076923076922}",
     46080,        16,         0,   0.408,pymatching,7e730e1bef7adf1cae3895dd9e7eb6ad020c2938095f342009740893cd4ce019,"{""config"":[""X+"",""X""],""d"":7,""p"":0.0028820512820512817}",
      2048,        92,         0,   0.059,pymatching,0a0fa3fb2e2a7c7c004b0728d3d81adff078a454172fb00260d0a28337b59b58,"{""config"":[""X+"",""X""],""d"":7,""p"":0.009653846153846153}",
    150528,        39,         0,    1.35,pymatching,12c5b41cabf9ff9110faad88f46cbfbd5d7e48235d7d185ace2136e311ffa750,"{""config"":[""X+"",""X""],""d"":7,""p"":0.0025256410256410257}",
     15360,       218,         0,   0.300,pymatching,44206ae84723ba1ca5b7b273593872b991680c9ab3e4933e072fe09f027cc7ef,"{""config"":[""X+"",""X""],""d"":7,""p"":0.006802564102564103}",
      2048,       127,         0,   0.064,pymatching,5de7814fecb77d1c90db56389c6856da3bdd9a777672366f1e77933b35d0d4bb,"{""config"":[""X+"",""X""],""d"":7,""p"":0.010010256410256409}",
      2048,       160,         0,   0.065,pymatching,e14fac3ff9f73925237292ee128f50b77609902dd5fe9dc1721ca4e6dba902e2,"{""config"":[""X+"",""X""],""d"":7,""p"":0.01107948717948718}",
     14336,       219,         0,   0.294,pymatching,f386f3dbd4a32ae34d04b6483c8b0485cf353fc6c027dc42cac209eb6d9f0692,"{""config"":[""X+"",""X""],""d"":7,""p"":0.007158974358974359}",
       273,        23,         0,   0.011,pymatching,292a1887256be123bb88225c16fd8bc580da5a3b555d8ae5bb8cb6333b8325ea,"{""config"":[""X+"",""X""],""d"":7,""p"":0.012148717948717948}",
     36864,        48,         0,   0.410,pymatching,7236879ddc1304042a8322f1a3f6274c3fbdb49118d290a3484ab208161cd894,"{""config"":[""X+"",""X""],""d"":7,""p"":0.0035948717948717946}",
       273,        31,         0,   0.012,pymatching,9e2f9fffb73a49cba72ab596279f651d1e43889f4392244ad655b397f8e052ca,"{""config"":[""X+"",""X""],""d"":7,""p"":0.012505128205128205}",
      9216,       265,         0,   0.229,pymatching,227de2d86eeda9bea1a6f8078969462458ae0b33e00660b16aba1e8327ed3482,"{""config"":[""X+"",""X""],""d"":7,""p"":0.008584615384615385}",
     30720,      2464,         0,    1.14,pymatching,25657772526c41e16bcdcc760778c78ebbeec3c72f19609f193c1a6bb8cfb9dc,"{""config"":[""X+"",""X""],""d"":7,""p"":0.011435897435897435}",
      2048,       132,         0,   0.063,pymatching,9f3b11242620fc201fc7c3c6af4ea4b603f6773d025efaf91c63a9cc1302963a,"{""config"":[""X+"",""X""],""d"":7,""p"":0.010366666666666666}",
      2048,       167,         0,   0.067,pymatching,25657772526c41e16bcdcc760778c78ebbeec3c72f19609f193c1a6bb8cfb9dc,"{""config"":[""X+"",""X""],""d"":7,""p"":0.011435897435897435}",
     22528,      2380,         0,   0.960,pymatching,9e2f9fffb73a49cba72ab596279f651d1e43889f4392244ad655b397f8e052ca,"{""config"":[""X+"",""X""],""d"":7,""p"":0.012505128205128205}",
     38240,         4,         0,   0.291,pymatching,ffb8a5c905873fa065329cbf5137555e915ef843bbbf1a1e263982a34543812c,"{""config"":[""X+"",""X""],""d"":7,""p"":0.0018128205128205128}",
      1297,         0,         0,   0.011,pymatching,ffb8a5c905873fa065329cbf5137555e915ef843bbbf1a1e263982a34543812c,"{""config"":[""X+"",""X""],""d"":7,""p"":0.0018128205128205128}",
      1024,        98,         0,   0.036,pymatching,292a1887256be123bb88225c16fd8bc580da5a3b555d8ae5bb8cb6333b8325ea,"{""config"":[""X+"",""X""],""d"":7,""p"":0.012148717948717948}",
      2048,       123,         0,   0.064,pymatching,6f4ec4646e76f6575e9ad182043f8c9131831ae1f009da911f924c4848461de6,"{""config"":[""X+"",""X""],""d"":7,""p"":0.010723076923076922}",
      1297,         0,         0,   0.012,pymatching,330944079abe525578c3d0d47137c24a58919f87f916eb882800ac41fd692b35,"{""config"":[""X+"",""X""],""d"":7,""p"":0.002169230769230769}",
      1024,       117,         0,   0.037,pymatching,9e2f9fffb73a49cba72ab596279f651d1e43889f4392244ad655b397f8e052ca,"{""config"":[""X+"",""X""],""d"":7,""p"":0.012505128205128205}",
     34816,        58,         0,   0.411,pymatching,3017794d13067d71bbe69fc9a487c4d5a46e9c4e42027a610cbc4e396de22ffb,"{""config"":[""X+"",""X""],""d"":7,""p"":0.003951282051282051}",
      2048,         0,         0,   0.015,pymatching,ffb8a5c905873fa065329cbf5137555e915ef843bbbf1a1e263982a34543812c,"{""config"":[""X+"",""X""],""d"":7,""p"":0.0018128205128205128}",
     30720,      2188,         0,    1.13,pymatching,e14fac3ff9f73925237292ee128f50b77609902dd5fe9dc1721ca4e6dba902e2,"{""config"":[""X+"",""X""],""d"":7,""p"":0.01107948717948718}",
     27648,        57,         0,   0.409,pymatching,8330916b8be5d1095e8d49076ab85fa486347616b42dbc0912a58b9c140ca6e2,"{""config"":[""X+"",""X""],""d"":7,""p"":0.0043076923076923075}",
      1297,         0,         0,   0.012,pymatching,12c5b41cabf9ff9110faad88f46cbfbd5d7e48235d7d185ace2136e311ffa750,"{""config"":[""X+"",""X""],""d"":7,""p"":0.0025256410256410257}",
      1297,         0,         0,   0.013,pymatching,7e730e1bef7adf1cae3895dd9e7eb6ad020c2938095f342009740893cd4ce019,"{""config"":[""X+"",""X""],""d"":7,""p"":0.0028820512820512817}",
     32768,       109,         0,   0.405,pymatching,b91760ea78cf9f4833c45a5ecc1020af69d569f33061d60ac02f8c5f0093edff,"{""config"":[""X+"",""X""],""d"":7,""p"":0.004664102564102564}",
      2048,         1,         0,   0.017,pymatching,330944079abe525578c3d0d47137c24a58919f87f916eb882800ac41fd692b35,"{""config"":[""X+"",""X""],""d"":7,""p"":0.002169230769230769}",
     28672,        19,         0,   0.413,pymatching,082955c518b24bd60c17f3af52bf5862d964bf74023753b47da27119da6b0a49,"{""config"":[""X+"",""X""],""d"":7,""p"":0.003238461538461538}",
     28672,       127,         0,   0.415,pymatching,ee0990691a329ed8e229b152d184ce2d683d0c3d6b834929772c40e736d548ee,"{""config"":[""X+"",""X""],""d"":7,""p"":0.00502051282051282}",
      3072,       132,         0,   0.089,pymatching,0a0fa3fb2e2a7c7c004b0728d3d81adff078a454172fb00260d0a28337b59b58,"{""config"":[""X+"",""X""],""d"":7,""p"":0.009653846153846153}",
      2048,         0,         0,   0.016,pymatching,12c5b41cabf9ff9110faad88f46cbfbd5d7e48235d7d185ace2136e311ffa750,"{""config"":[""X+"",""X""],""d"":7,""p"":0.0025256410256410257}",
      1024,        90,         0,   0.034,pymatching,292a1887256be123bb88225c16fd8bc580da5a3b555d8ae5bb8cb6333b8325ea,"{""config"":[""X+"",""X""],""d"":7,""p"":0.012148717948717948}",
      2048,         0,         0,   0.018,pymatching,7e730e1bef7adf1cae3895dd9e7eb6ad020c2938095f342009740893cd4ce019,"{""config"":[""X+"",""X""],""d"":7,""p"":0.0028820512820512817}",
      9216,       234,         0,   0.218,pymatching,41c2474327ea7943aa544757a21c759d7876f17f25a502ce90be6f75aaaff781,"{""config"":[""X+"",""X""],""d"":7,""p"":0.008228205128205128}",
      3072,         0,         0,   0.022,pymatching,ffb8a5c905873fa065329cbf5137555e915ef843bbbf1a1e263982a34543812c,"{""config"":[""X+"",""X""],""d"":7,""p"":0.0018128205128205128}",
      3072,       159,         0,   0.091,pymatching,5de7814fecb77d1c90db56389c6856da3bdd9a777672366f1e77933b35d0d4bb,"{""config"":[""X+"",""X""],""d"":7,""p"":0.010010256410256409}",
      8192,       331,         0,   0.208,pymatching,c48a13a7d498dce35d18b2e027ba9c44aa02977ef7b043c12b97c8b42a9bf706,"{""config"":[""X+"",""X""],""d"":7,""p"":0.009297435897435898}",
      2048,       130,         0,   0.059,pymatching,9f3b11242620fc201fc7c3c6af4ea4b603f6773d025efaf91c63a9cc1302963a,"{""config"":[""X+"",""X""],""d"":7,""p"":0.010366666666666666}",
      3072,         2,         0,   0.025,pymatching,330944079abe525578c3d0d47137c24a58919f87f916eb882800ac41fd692b35,"{""config"":[""X+"",""X""],""d"":7,""p"":0.002169230769230769}",
     26624,       140,         0,   0.415,pymatching,7c53fb4e615d31e5d4c99bf35992fe8d9581d34af76bf8d8eb41aacc4eb492e8,"{""config"":[""X+"",""X""],""d"":7,""p"":0.005376923076923077}",
      3072,       219,         0,   0.096,pymatching,e14fac3ff9f73925237292ee128f50b77609902dd5fe9dc1721ca4e6dba902e2,"{""config"":[""X+"",""X""],""d"":7,""p"":0.01107948717948718}",
      8192,       299,         0,   0.217,pymatching,ec494b4727993ce701a9f353fb8d0b33061a04b472a8827628fb0d3c1a50c06e,"{""config"":[""X+"",""X""],""d"":7,""p"":0.00894102564102564}",
    153269,        59,         0,    1.44,pymatching,7e730e1bef7adf1cae3895dd9e7eb6ad020c2938095f342009740893cd4ce019,"{""config"":[""X+"",""X""],""d"":7,""p"":0.0028820512820512817}",
      3072,         0,         0,   0.025,pymatching,12c5b41cabf9ff9110faad88f46cbfbd5d7e48235d7d185ace2136e311ffa750,"{""config"":[""X+"",""X""],""d"":7,""p"":0.0025256410256410257}",
      3072,         2,         0,   0.027,pymatching,7e730e1bef7adf1cae3895dd9e7eb6ad020c2938095f342009740893cd4ce019,"{""config"":[""X+"",""X""],""d"":7,""p"":0.0028820512820512817}",
      4096,         0,         0,   0.031,pymatching,ffb8a5c905873fa065329cbf5137555e915ef843bbbf1a1e263982a34543812c,"{""config"":[""X+"",""X""],""d"":7,""p"":0.0018128205128205128}",
      1024,        93,         0,   0.036,pymatching,292a1887256be123bb88225c16fd8bc580da5a3b555d8ae5bb8cb6333b8325ea,"{""config"":[""X+"",""X""],""d"":7,""p"":0.012148717948717948}",
     25600,       166,         0,   0.414,pymatching,0e55159f8cc3e9ff5036fc15139dd300d40c086444c609c580809a7d5005181b,"{""config"":[""X+"",""X""],""d"":7,""p"":0.005733333333333333}",
      4096,         0,         0,   0.034,pymatching,330944079abe525578c3d0d47137c24a58919f87f916eb882800ac41fd692b35,"{""config"":[""X+"",""X""],""d"":7,""p"":0.002169230769230769}",
     25493,         1,         0,   0.176,pymatching,ffb8a5c905873fa065329cbf5137555e915ef843bbbf1a1e263982a34543812c,"{""config"":[""X+"",""X""],""d"":7,""p"":0.0018128205128205128}",
      1297,         0,         0,   0.014,pymatching,7236879ddc1304042a8322f1a3f6274c3fbdb49118d290a3484ab208161cd894,"{""config"":[""X+"",""X""],""d"":7,""p"":0.0035948717948717946}",
      3072,       245,         0,   0.098,pymatching,25657772526c41e16bcdcc760778c78ebbeec3c72f19609f193c1a6bb8cfb9dc,"{""config"":[""X+"",""X""],""d"":7,""p"":0.011435897435897435}",
     25600,      2490,         0,    1.11,pymatching,292a1887256be123bb88225c16fd8bc580da5a3b555d8ae5bb8cb6333b8325ea,"{""config"":[""X+"",""X""],""d"":7,""p"":0.012148717948717948}",
      4096,         2,         0,   0.034,pymatching,12c5b41cabf9ff9110faad88f46cbfbd5d7e48235d7d185ace2136e311ffa750,"{""config"":[""X+"",""X""],""d"":7,""p"":0.0025256410256410257}",
      3072,       207,         0,   0.093,pymatching,6f4ec4646e76f6575e9ad182043f8c9131831ae1f009da911f924c4848461de6,"{""config"":[""X+"",""X""],""d"":7,""p"":0.010723076923076922}",
      4096,         2,         0,   0.036,pymatching,7e730e1bef7adf1cae3895dd9e7eb6ad020c2938095f342009740893cd4ce019,"{""config"":[""X+"",""X""],""d"":7,""p"":0.0028820512820512817}",
      1297,         0,         0,   0.016,pymatching,082955c518b24bd60c17f3af52bf5862d964bf74023753b47da27119da6b0a49,"{""config"":[""X+"",""X""],""d"":7,""p"":0.003238461538461538}",
      2048,         2,         0,   0.022,pymatching,7236879ddc1304042a8322f1a3f6274c3fbdb49118d290a3484ab208161cd894,"{""config"":[""X+"",""X""],""d"":7,""p"":0.0035948717948717946}",
     13491,         0,         0,   0.102,pymatching,ffb8a5c905873fa065329cbf5137555e915ef843bbbf1a1e263982a34543812c,"{""config"":[""X+"",""X""],""d"":7,""p"":0.0018128205128205128}",
      1024,        94,         0,   0.038,pymatching,292a1887256be123bb88225c16fd8bc580da5a3b555d8ae5bb8cb6333b8325ea,"{""config"":[""X+"",""X""],""d"":7,""p"":0.012148717948717948}",
      5120,         0,         0,   0.041,pymatching,ffb8a5c905873fa065329cbf5137555e915ef843bbbf1a1e263982a34543812c,"{""config"":[""X+"",""X""],""d"":7,""p"":0.0018128205128205128}",
     13312,       289,         0,   0.302,pymatching,d8032c7aaa6000da39e4b676adf7a6db39d55d43680cbe13128b46e395971b69,"{""config"":[""X+"",""X""],""d"":7,""p"":0.007871794871794872}",
      2048,         1,         0,   0.022,pymatching,082955c518b24bd60c17f3af52bf5862d964bf74023753b47da27119da6b0a49,"{""config"":[""X+"",""X""],""d"":7,""p"":0.003238461538461538}",
      5120,         0,         0,   0.045,pymatching,330944079abe525578c3d0d47137c24a58919f87f916eb882800ac41fd692b35,"{""config"":[""X+"",""X""],""d"":7,""p"":0.002169230769230769}",
      2048,         2,         0,   0.022,pymatching,7236879ddc1304042a8322f1a3f6274c3fbdb49118d290a3484ab208161cd894,"{""config"":[""X+"",""X""],""d"":7,""p"":0.0035948717948717946}",
      1024,       122,         0,   0.041,pymatching,292a1887256be123bb88225c16fd8bc580da5a3b555d8ae5bb8cb6333b8325ea,"{""config"":[""X+"",""X""],""d"":7,""p"":0.012148717948717948}",
      5120,         0,         0,   0.043,pymatching,12c5b41cabf9ff9110faad88f46cbfbd5d7e48235d7d185ace2136e311ffa750,"{""config"":[""X+"",""X""],""d"":7,""p"":0.0025256410256410257}",
      3072,       199,         0,   0.096,pymatching,9f3b11242620fc201fc7c3c6af4ea4b603f6773d025efaf91c63a9cc1302963a,"{""config"":[""X+"",""X""],""d"":7,""p"":0.010366666666666666}",
      2048,         0,         0,   0.021,pymatching,082955c518b24bd60c17f3af52bf5862d964bf74023753b47da27119da6b0a49,"{""config"":[""X+"",""X""],""d"":7,""p"":0.003238461538461538}",
     13312,       265,         0,   0.289,pymatching,6aa347dd498ef9eab5063a08f336e609f14f0e078992c644e8370c8e3e95fdc5,"{""config"":[""X+"",""X""],""d"":7,""p"":0.007515384615384615}",
      5120,         1,         0,   0.046,pymatching,7e730e1bef7adf1cae3895dd9e7eb6ad020c2938095f342009740893cd4ce019,"{""config"":[""X+"",""X""],""d"":7,""p"":0.0028820512820512817}",
      4096,       188,         0,   0.122,pymatching,0a0fa3fb2e2a7c7c004b0728d3d81adff078a454172fb00260d0a28337b59b58,"{""config"":[""X+"",""X""],""d"":7,""p"":0.009653846153846153}",
    141312,       110,         0,    1.54,pymatching,082955c518b24bd60c17f3af52bf5862d964bf74023753b47da27119da6b0a49,"{""config"":[""X+"",""X""],""d"":7,""p"":0.003238461538461538}",
      3072,         4,         0,   0.032,pymatching,7236879ddc1304042a8322f1a3f6274c3fbdb49118d290a3484ab208161cd894,"{""config"":[""X+"",""X""],""d"":7,""p"":0.0035948717948717946}",
      8994,         0,         0,   0.068,pymatching,ffb8a5c905873fa065329cbf5137555e915ef843bbbf1a1e263982a34543812c,"{""config"":[""X+"",""X""],""d"":7,""p"":0.0018128205128205128}",
      5580,         0,         0,   0.043,pymatching,ffb8a5c905873fa065329cbf5137555e915ef843bbbf1a1e263982a34543812c,"{""config"":[""X+"",""X""],""d"":7,""p"":0.0018128205128205128}",
      7168,         1,         0,   0.055,pymatching,ffb8a5c905873fa065329cbf5137555e915ef843bbbf1a1e263982a34543812c,"{""config"":[""X+"",""X""],""d"":7,""p"":0.0018128205128205128}",
        40,         0,         0,   0.000,pymatching,ffb8a5c905873fa065329cbf5137555e915ef843bbbf1a1e263982a34543812c,"{""config"":[""X+"",""X""],""d"":7,""p"":0.0018128205128205128}",
        27,         0,         0,   0.000,pymatching,ffb8a5c905873fa065329cbf5137555e915ef843bbbf1a1e263982a34543812c,"{""config"":[""X+"",""X""],""d"":7,""p"":0.0018128205128205128}",
        27,         0,         0,   0.000,pymatching,ffb8a5c905873fa065329cbf5137555e915ef843bbbf1a1e263982a34543812c,"{""config"":[""X+"",""X""],""d"":7,""p"":0.0018128205128205128}",
      3072,         0,         0,   0.032,pymatching,082955c518b24bd60c17f3af52bf5862d964bf74023753b47da27119da6b0a49,"{""config"":[""X+"",""X""],""d"":7,""p"":0.003238461538461538}",
      4096,       222,         0,   0.135,pymatching,5de7814fecb77d1c90db56389c6856da3bdd9a777672366f1e77933b35d0d4bb,"{""config"":[""X+"",""X""],""d"":7,""p"":0.010010256410256409}",
      6144,         2,         0,   0.054,pymatching,330944079abe525578c3d0d47137c24a58919f87f916eb882800ac41fd692b35,"{""config"":[""X+"",""X""],""d"":7,""p"":0.002169230769230769}",
         9,         0,         0,   0.000,pymatching,ffb8a5c905873fa065329cbf5137555e915ef843bbbf1a1e263982a34543812c,"{""config"":[""X+"",""X""],""d"":7,""p"":0.0018128205128205128}",
         9,         0,         0,   0.000,pymatching,ffb8a5c905873fa065329cbf5137555e915ef843bbbf1a1e263982a34543812c,"{""config"":[""X+"",""X""],""d"":7,""p"":0.0018128205128205128}",
         3,         0,         0,   0.000,pymatching,ffb8a5c905873fa065329cbf5137555e915ef843bbbf1a1e263982a34543812c,"{""config"":[""X+"",""X""],""d"":7,""p"":0.0018128205128205128}",
      4096,       296,         0,   0.135,pymatching,e14fac3ff9f73925237292ee128f50b77609902dd5fe9dc1721ca4e6dba902e2,"{""config"":[""X+"",""X""],""d"":7,""p"":0.01107948717948718}",
         2,         0,         0,   0.000,pymatching,ffb8a5c905873fa065329cbf5137555e915ef843bbbf1a1e263982a34543812c,"{""config"":[""X+"",""X""],""d"":7,""p"":0.0018128205128205128}",
         1,         0,         0,   0.000,pymatching,ffb8a5c905873fa065329cbf5137555e915ef843bbbf1a1e263982a34543812c,"{""config"":[""X+"",""X""],""d"":7,""p"":0.0018128205128205128}",
      7168,         3,         0,   0.059,pymatching,12c5b41cabf9ff9110faad88f46cbfbd5d7e48235d7d185ace2136e311ffa750,"{""config"":[""X+"",""X""],""d"":7,""p"":0.0025256410256410257}",
         1,         0,         0,   0.000,pymatching,ffb8a5c905873fa065329cbf5137555e915ef843bbbf1a1e263982a34543812c,"{""config"":[""X+"",""X""],""d"":7,""p"":0.0018128205128205128}",
      4096,         4,         0,   0.043,pymatching,7236879ddc1304042a8322f1a3f6274c3fbdb49118d290a3484ab208161cd894,"{""config"":[""X+"",""X""],""d"":7,""p"":0.0035948717948717946}",
      6144,         1,         0,   0.054,pymatching,7e730e1bef7adf1cae3895dd9e7eb6ad020c2938095f342009740893cd4ce019,"{""config"":[""X+"",""X""],""d"":7,""p"":0.0028820512820512817}",
      1297,         3,         0,   0.016,pymatching,3017794d13067d71bbe69fc9a487c4d5a46e9c4e42027a610cbc4e396de22ffb,"{""config"":[""X+"",""X""],""d"":7,""p"":0.003951282051282051}",
     22528,       243,         0,   0.415,pymatching,23c6762b737c8f172d70a38cb24337e07ab695cfa3677a29c39ada478a50c087,"{""config"":[""X+"",""X""],""d"":7,""p"":0.006446153846153846}",
      1297,         3,         0,   0.018,pymatching,8330916b8be5d1095e8d49076ab85fa486347616b42dbc0912a58b9c140ca6e2,"{""config"":[""X+"",""X""],""d"":7,""p"":0.0043076923076923075}",
      4096,         3,         0,   0.042,pymatching,082955c518b24bd60c17f3af52bf5862d964bf74023753b47da27119da6b0a49,"{""config"":[""X+"",""X""],""d"":7,""p"":0.003238461538461538}",
      4096,       341,         0,   0.138,pymatching,25657772526c41e16bcdcc760778c78ebbeec3c72f19609f193c1a6bb8cfb9dc,"{""config"":[""X+"",""X""],""d"":7,""p"":0.011435897435897435}",
     24576,       199,         0,   0.401,pymatching,c38f3fbcd05be71b19ac276a153e0c2484f355d31ecd184d275a4b399a271ace,"{""config"":[""X+"",""X""],""d"":7,""p"":0.00608974358974359}",
      4096,       235,         0,   0.127,pymatching,6f4ec4646e76f6575e9ad182043f8c9131831ae1f009da911f924c4848461de6,"{""config"":[""X+"",""X""],""d"":7,""p"":0.010723076923076922}",
    123904,       195,         0,    1.55,pymatching,3017794d13067d71bbe69fc9a487c4d5a46e9c4e42027a610cbc4e396de22ffb,"{""config"":[""X+"",""X""],""d"":7,""p"":0.003951282051282051}",
    122880,       265,         0,    1.56,pymatching,8330916b8be5d1095e8d49076ab85fa486347616b42dbc0912a58b9c140ca6e2,"{""config"":[""X+"",""X""],""d"":7,""p"":0.0043076923076923075}",
      2048,         4,         0,   0.022,pymatching,3017794d13067d71bbe69fc9a487c4d5a46e9c4e42027a610cbc4e396de22ffb,"{""config"":[""X+"",""X""],""d"":7,""p"":0.003951282051282051}",
    135168,       153,         0,    1.55,pymatching,7236879ddc1304042a8322f1a3f6274c3fbdb49118d290a3484ab208161cd894,"{""config"":[""X+"",""X""],""d"":7,""p"":0.0035948717948717946}",
      2048,         4,         0,   0.025,pymatching,8330916b8be5d1095e8d49076ab85fa486347616b42dbc0912a58b9c140ca6e2,"{""config"":[""X+"",""X""],""d"":7,""p"":0.0043076923076923075}",
      2048,         3,         0,   0.022,pymatching,3017794d13067d71bbe69fc9a487c4d5a46e9c4e42027a610cbc4e396de22ffb,"{""config"":[""X+"",""X""],""d"":7,""p"":0.003951282051282051}",
      9216,         0,         0,   0.077,pymatching,330944079abe525578c3d0d47137c24a58919f87f916eb882800ac41fd692b35,"{""config"":[""X+"",""X""],""d"":7,""p"":0.002169230769230769}",
      1024,        94,         0,   0.034,pymatching,25657772526c41e16bcdcc760778c78ebbeec3c72f19609f193c1a6bb8cfb9dc,"{""config"":[""X+"",""X""],""d"":7,""p"":0.011435897435897435}",
      8192,       660,         0,   0.277,pymatching,25657772526c41e16bcdcc760778c78ebbeec3c72f19609f193c1a6bb8cfb9dc,"{""config"":[""X+"",""X""],""d"":7,""p"":0.011435897435897435}",
      6144,         6,         0,   0.062,pymatching,7236879ddc1304042a8322f1a3f6274c3fbdb49118d290a3484ab208161cd894,"{""config"":[""X+"",""X""],""d"":7,""p"":0.0035948717948717946}",
     11264,       353,         0,   0.289,pymatching,227de2d86eeda9bea1a6f8078969462458ae0b33e00660b16aba1e8327ed3482,"{""config"":[""X+"",""X""],""d"":7,""p"":0.008584615384615385}",
      4096,       246,         0,   0.125,pymatching,9f3b11242620fc201fc7c3c6af4ea4b603f6773d025efaf91c63a9cc1302963a,"{""config"":[""X+"",""X""],""d"":7,""p"":0.010366666666666666}",
      2048,         4,         0,   0.026,pymatching,8330916b8be5d1095e8d49076ab85fa486347616b42dbc0912a58b9c140ca6e2,"{""config"":[""X+"",""X""],""d"":7,""p"":0.0043076923076923075}",
     10240,         4,         0,   0.083,pymatching,12c5b41cabf9ff9110faad88f46cbfbd5d7e48235d7d185ace2136e311ffa750,"{""config"":[""X+"",""X""],""d"":7,""p"":0.0025256410256410257}",
      6144,         4,         0,   0.063,pymatching,082955c518b24bd60c17f3af52bf5862d964bf74023753b47da27119da6b0a49,"{""config"":[""X+"",""X""],""d"":7,""p"":0.003238461538461538}",
      9216,         4,         0,   0.080,pymatching,7e730e1bef7adf1cae3895dd9e7eb6ad020c2938095f342009740893cd4ce019,"{""config"":[""X+"",""X""],""d"":7,""p"":0.0028820512820512817}",
      1297,         5,         0,   0.020,pymatching,ee0990691a329ed8e229b152d184ce2d683d0c3d6b834929772c40e736d548ee,"{""config"":[""X+"",""X""],""d"":7,""p"":0.00502051282051282}",
      3072,         4,         0,   0.034,pymatching,3017794d13067d71bbe69fc9a487c4d5a46e9c4e42027a610cbc4e396de22ffb,"{""config"":[""X+"",""X""],""d"":7,""p"":0.003951282051282051}",
    108544,       321,         0,    1.56,pymatching,b91760ea78cf9f4833c45a5ecc1020af69d569f33061d60ac02f8c5f0093edff,"{""config"":[""X+"",""X""],""d"":7,""p"":0.004664102564102564}",
      1297,         5,         0,   0.024,pymatching,7c53fb4e615d31e5d4c99bf35992fe8d9581d34af76bf8d8eb41aacc4eb492e8,"{""config"":[""X+"",""X""],""d"":7,""p"":0.005376923076923077}",
      1024,         2,         0,   0.015,pymatching,ee0990691a329ed8e229b152d184ce2d683d0c3d6b834929772c40e736d548ee,"{""config"":[""X+"",""X""],""d"":7,""p"":0.00502051282051282}",
      5120,       237,         0,   0.148,pymatching,0a0fa3fb2e2a7c7c004b0728d3d81adff078a454172fb00260d0a28337b59b58,"{""config"":[""X+"",""X""],""d"":7,""p"":0.009653846153846153}",
      1297,         4,         0,   0.018,pymatching,b91760ea78cf9f4833c45a5ecc1020af69d569f33061d60ac02f8c5f0093edff,"{""config"":[""X+"",""X""],""d"":7,""p"":0.004664102564102564}",
      3072,         5,         0,   0.039,pymatching,8330916b8be5d1095e8d49076ab85fa486347616b42dbc0912a58b9c140ca6e2,"{""config"":[""X+"",""X""],""d"":7,""p"":0.0043076923076923075}",
      1024,         5,         0,   0.017,pymatching,7c53fb4e615d31e5d4c99bf35992fe8d9581d34af76bf8d8eb41aacc4eb492e8,"{""config"":[""X+"",""X""],""d"":7,""p"":0.005376923076923077}",
      2048,        14,         0,   0.029,pymatching,ee0990691a329ed8e229b152d184ce2d683d0c3d6b834929772c40e736d548ee,"{""config"":[""X+"",""X""],""d"":7,""p"":0.00502051282051282}",
      2048,         7,         0,   0.026,pymatching,b91760ea78cf9f4833c45a5ecc1020af69d569f33061d60ac02f8c5f0093edff,"{""config"":[""X+"",""X""],""d"":7,""p"":0.004664102564102564}",
      5120,       275,         0,   0.155,pymatching,5de7814fecb77d1c90db56389c6856da3bdd9a777672366f1e77933b35d0d4bb,"{""config"":[""X+"",""X""],""d"":7,""p"":0.010010256410256409}",
     12288,       376,         0,   0.298,pymatching,41c2474327ea7943aa544757a21c759d7876f17f25a502ce90be6f75aaaff781,"{""config"":[""X+"",""X""],""d"":7,""p"":0.008228205128205128}",
      4096,         8,         0,   0.046,pymatching,3017794d13067d71bbe69fc9a487c4d5a46e9c4e42027a610cbc4e396de22ffb,"{""config"":[""X+"",""X""],""d"":7,""p"":0.003951282051282051}",
      1297,        10,         0,   0.022,pymatching,0e55159f8cc3e9ff5036fc15139dd300d40c086444c609c580809a7d5005181b,"{""config"":[""X+"",""X""],""d"":7,""p"":0.005733333333333333}",
     11264,       460,         0,   0.301,pymatching,c48a13a7d498dce35d18b2e027ba9c44aa02977ef7b043c12b97c8b42a9bf706,"{""config"":[""X+"",""X""],""d"":7,""p"":0.009297435897435898}",
      8192,         7,         0,   0.083,pymatching,7236879ddc1304042a8322f1a3f6274c3fbdb49118d290a3484ab208161cd894,"{""config"":[""X+"",""X""],""d"":7,""p"":0.0035948717948717946}",
      2048,        11,         0,   0.031,pymatching,7c53fb4e615d31e5d4c99bf35992fe8d9581d34af76bf8d8eb41aacc4eb492e8,"{""config"":[""X+"",""X""],""d"":7,""p"":0.005376923076923077}",
      5120,       430,         0,   0.163,pymatching,e14fac3ff9f73925237292ee128f50b77609902dd5fe9dc1721ca4e6dba902e2,"{""config"":[""X+"",""X""],""d"":7,""p"":0.01107948717948718}",
      2048,         5,         0,   0.026,pymatching,b91760ea78cf9f4833c45a5ecc1020af69d569f33061d60ac02f8c5f0093edff,"{""config"":[""X+"",""X""],""d"":7,""p"":0.004664102564102564}",
      1297,        12,         0,   0.026,pymatching,c38f3fbcd05be71b19ac276a153e0c2484f355d31ecd184d275a4b399a271ace,"{""config"":[""X+"",""X""],""d"":7,""p"":0.00608974358974359}",
      1024,         6,         0,   0.016,pymatching,0e55159f8cc3e9ff5036fc15139dd300d40c086444c609c580809a7d5005181b,"{""config"":[""X+"",""X""],""d"":7,""p"":0.005733333333333333}",
      2048,         8,         0,   0.029,pymatching,ee0990691a329ed8e229b152d184ce2d683d0c3d6b834929772c40e736d548ee,"{""config"":[""X+"",""X""],""d"":7,""p"":0.00502051282051282}",
      4096,         5,         0,   0.051,pymatching,8330916b8be5d1095e8d49076ab85fa486347616b42dbc0912a58b9c140ca6e2,"{""config"":[""X+"",""X""],""d"":7,""p"":0.0043076923076923075}",
     13312,         2,         0,   0.108,pymatching,330944079abe525578c3d0d47137c24a58919f87f916eb882800ac41fd692b35,"{""config"":[""X+"",""X""],""d"":7,""p"":0.002169230769230769}",
      8192,         5,         0,   0.084,pymatching,082955c518b24bd60c17f3af52bf5862d964bf74023753b47da27119da6b0a49,"{""config"":[""X+"",""X""],""d"":7,""p"":0.003238461538461538}",
     21504,       257,         0,   0.416,pymatching,44206ae84723ba1ca5b7b273593872b991680c9ab3e4933e072fe09f027cc7ef,"{""config"":[""X+"",""X""],""d"":7,""p"":0.006802564102564103}",
    106496,       448,         0,    1.55,pymatching,ee0990691a329ed8e229b152d184ce2d683d0c3d6b834929772c40e736d548ee,"{""config"":[""X+"",""X""],""d"":7,""p"":0.00502051282051282}",
     11264,       367,         0,   0.314,pymatching,ec494b4727993ce701a9f353fb8d0b33061a04b472a8827628fb0d3c1a50c06e,"{""config"":[""X+"",""X""],""d"":7,""p"":0.00894102564102564}",
      5120,       329,         0,   0.154,pymatching,6f4ec4646e76f6575e9ad182043f8c9131831ae1f009da911f924c4848461de6,"{""config"":[""X+"",""X""],""d"":7,""p"":0.010723076923076922}",
      1024,         9,         0,   0.020,pymatching,c38f3fbcd05be71b19ac276a153e0c2484f355d31ecd184d275a4b399a271ace,"{""config"":[""X+"",""X""],""d"":7,""p"":0.00608974358974359}",
     20480,       295,         0,   0.420,pymatching,f386f3dbd4a32ae34d04b6483c8b0485cf353fc6c027dc42cac209eb6d9f0692,"{""config"":[""X+"",""X""],""d"":7,""p"":0.007158974358974359}",
     13312,         5,         0,   0.108,pymatching,12c5b41cabf9ff9110faad88f46cbfbd5d7e48235d7d185ace2136e311ffa750,"{""config"":[""X+"",""X""],""d"":7,""p"":0.0025256410256410257}",
     12288,         4,         0,   0.108,pymatching,7e730e1bef7adf1cae3895dd9e7eb6ad020c2938095f342009740893cd4ce019,"{""config"":[""X+"",""X""],""d"":7,""p"":0.0028820512820512817}",
      2048,        19,         0,   0.032,pymatching,0e55159f8cc3e9ff5036fc15139dd300d40c086444c609c580809a7d5005181b,"{""config"":[""X+"",""X""],""d"":7,""p"":0.005733333333333333}",
      2048,        17,         0,   0.043,pymatching,7c53fb4e615d31e5d4c99bf35992fe8d9581d34af76bf8d8eb41aacc4eb492e8,"{""config"":[""X+"",""X""],""d"":7,""p"":0.005376923076923077}",
      5120,         9,         0,   0.056,pymatching,3017794d13067d71bbe69fc9a487c4d5a46e9c4e42027a610cbc4e396de22ffb,"{""config"":[""X+"",""X""],""d"":7,""p"":0.003951282051282051}",
      3072,         8,         0,   0.039,pymatching,b91760ea78cf9f4833c45a5ecc1020af69d569f33061d60ac02f8c5f0093edff,"{""config"":[""X+"",""X""],""d"":7,""p"":0.004664102564102564}",
     65205,         9,         0,   0.498,pymatching,330944079abe525578c3d0d47137c24a58919f87f916eb882800ac41fd692b35,"{""config"":[""X+"",""X""],""d"":7,""p"":0.002169230769230769}",
      1024,        10,         0,   0.020,pymatching,c38f3fbcd05be71b19ac276a153e0c2484f355d31ecd184d275a4b399a271ace,"{""config"":[""X+"",""X""],""d"":7,""p"":0.00608974358974359}",
     54272,         9,         0,   0.467,pymatching,330944079abe525578c3d0d47137c24a58919f87f916eb882800ac41fd692b35,"{""config"":[""X+"",""X""],""d"":7,""p"":0.002169230769230769}",
      3072,        13,         0,   0.046,pymatching,ee0990691a329ed8e229b152d184ce2d683d0c3d6b834929772c40e736d548ee,"{""config"":[""X+"",""X""],""d"":7,""p"":0.00502051282051282}",
       322,         0,         0,   0.003,pymatching,330944079abe525578c3d0d47137c24a58919f87f916eb882800ac41fd692b35,"{""config"":[""X+"",""X""],""d"":7,""p"":0.002169230769230769}",
      2048,        14,         0,   0.031,pymatching,0e55159f8cc3e9ff5036fc15139dd300d40c086444c609c580809a7d5005181b,"{""config"":[""X+"",""X""],""d"":7,""p"":0.005733333333333333}",
      5120,       300,         0,   0.156,pymatching,9f3b11242620fc201fc7c3c6af4ea4b603f6773d025efaf91c63a9cc1302963a,"{""config"":[""X+"",""X""],""d"":7,""p"":0.010366666666666666}",
      5120,        11,         0,   0.064,pymatching,8330916b8be5d1095e8d49076ab85fa486347616b42dbc0912a58b9c140ca6e2,"{""config"":[""X+"",""X""],""d"":7,""p"":0.0043076923076923075}",
     28682,        24,         0,   0.271,pymatching,082955c518b24bd60c17f3af52bf5862d964bf74023753b47da27119da6b0a49,"{""config"":[""X+"",""X""],""d"":7,""p"":0.003238461538461538}",
      2048,        19,         0,   0.035,pymatching,c38f3fbcd05be71b19ac276a153e0c2484f355d31ecd184d275a4b399a271ace,"{""config"":[""X+"",""X""],""d"":7,""p"":0.00608974358974359}",
      3072,         9,         0,   0.038,pymatching,b91760ea78cf9f4833c45a5ecc1020af69d569f33061d60ac02f8c5f0093edff,"{""config"":[""X+"",""X""],""d"":7,""p"":0.004664102564102564}",
      3072,        14,         0,   0.046,pymatching,7c53fb4e615d31e5d4c99bf35992fe8d9581d34af76bf8d8eb41aacc4eb492e8,"{""config"":[""X+"",""X""],""d"":7,""p"":0.005376923076923077}",
      6251,         1,         0,   0.051,pymatching,12c5b41cabf9ff9110faad88f46cbfbd5d7e48235d7d185ace2136e311ffa750,"{""config"":[""X+"",""X""],""d"":7,""p"":0.0025256410256410257}",
     10611,         0,         0,   0.086,pymatching,330944079abe525578c3d0d47137c24a58919f87f916eb882800ac41fd692b35,"{""config"":[""X+"",""X""],""d"":7,""p"":0.002169230769230769}",
     11264,        10,         0,   0.113,pymatching,7236879ddc1304042a8322f1a3f6274c3fbdb49118d290a3484ab208161cd894,"{""config"":[""X+"",""X""],""d"":7,""p"":0.0035948717948717946}",
      4096,        18,         0,   0.057,pymatching,ee0990691a329ed8e229b152d184ce2d683d0c3d6b834929772c40e736d548ee,"{""config"":[""X+"",""X""],""d"":7,""p"":0.00502051282051282}",
      6967,         1,         0,   0.052,pymatching,330944079abe525578c3d0d47137c24a58919f87f916eb882800ac41fd692b35,"{""config"":[""X+"",""X""],""d"":7,""p"":0.002169230769230769}",
      3072,        19,         0,   0.046,pymatching,0e55159f8cc3e9ff5036fc15139dd300d40c086444c609c580809a7d5005181b,"{""config"":[""X+"",""X""],""d"":7,""p"":0.005733333333333333}",
      6967,         1,         0,   0.056,pymatching,330944079abe525578c3d0d47137c24a58919f87f916eb882800ac41fd692b35,"{""config"":[""X+"",""X""],""d"":7,""p"":0.002169230769230769}",
      7168,        11,         0,   0.078,pymatching,3017794d13067d71bbe69fc9a487c4d5a46e9c4e42027a610cbc4e396de22ffb,"{""config"":[""X+"",""X""],""d"":7,""p"":0.003951282051282051}",
      2322,         1,         0,   0.019,pymatching,330944079abe525578c3d0d47137c24a58919f87f916eb882800ac41fd692b35,"{""config"":[""X+"",""X""],""d"":7,""p"":0.002169230769230769}",
     11264,        10,         0,   0.115,pymatching,082955c518b24bd60c17f3af52bf5862d964bf74023753b47da27119da6b0a49,"{""config"":[""X+"",""X""],""d"":7,""p"":0.003238461538461538}",
     99328,       513,         0,    1.56,pymatching,7c53fb4e615d31e5d4c99bf35992fe8d9581d34af76bf8d8eb41aacc4eb492e8,"{""config"":[""X+"",""X""],""d"":7,""p"":0.005376923076923077}",
      3072,        29,         0,   0.055,pymatching,c38f3fbcd05be71b19ac276a153e0c2484f355d31ecd184d275a4b399a271ace,"{""config"":[""X+"",""X""],""d"":7,""p"":0.00608974358974359}",
      1548,         0,         0,   0.013,pymatching,330944079abe525578c3d0d47137c24a58919f87f916eb882800ac41fd692b35,"{""config"":[""X+"",""X""],""d"":7,""p"":0.002169230769230769}",
     64512,        22,         0,   0.567,pymatching,12c5b41cabf9ff9110faad88f46cbfbd5d7e48235d7d185ace2136e311ffa750,"{""config"":[""X+"",""X""],""d"":7,""p"":0.0025256410256410257}",
      1548,         0,         0,   0.012,pymatching,330944079abe525578c3d0d47137c24a58919f87f916eb882800ac41fd692b35,"{""config"":[""X+"",""X""],""d"":7,""p"":0.002169230769230769}",
      1032,         1,         0,   0.009,pymatching,330944079abe525578c3d0d47137c24a58919f87f916eb882800ac41fd692b35,"{""config"":[""X+"",""X""],""d"":7,""p"":0.002169230769230769}",
      4096,        22,         0,   0.061,pymatching,7c53fb4e615d31e5d4c99bf35992fe8d9581d34af76bf8d8eb41aacc4eb492e8,"{""config"":[""X+"",""X""],""d"":7,""p"":0.005376923076923077}",
      5120,        23,         0,   0.064,pymatching,b91760ea78cf9f4833c45a5ecc1020af69d569f33061d60ac02f8c5f0093edff,"{""config"":[""X+"",""X""],""d"":7,""p"":0.004664102564102564}",
      6144,        14,         0,   0.077,pymatching,8330916b8be5d1095e8d49076ab85fa486347616b42dbc0912a58b9c140ca6e2,"{""config"":[""X+"",""X""],""d"":7,""p"":0.0043076923076923075}",
       172,         0,         0,   0.001,pymatching,330944079abe525578c3d0d47137c24a58919f87f916eb882800ac41fd692b35,"{""config"":[""X+"",""X""],""d"":7,""p"":0.002169230769230769}",
       115,         0,         0,   0.001,pymatching,330944079abe525578c3d0d47137c24a58919f87f916eb882800ac41fd692b35,"{""config"":[""X+"",""X""],""d"":7,""p"":0.002169230769230769}",
       115,         0,         0,   0.001,pymatching,330944079abe525578c3d0d47137c24a58919f87f916eb882800ac41fd692b35,"{""config"":[""X+"",""X""],""d"":7,""p"":0.002169230769230769}",
        38,         0,         0,   0.000,pymatching,330944079abe525578c3d0d47137c24a58919f87f916eb882800ac41fd692b35,"{""config"":[""X+"",""X""],""d"":7,""p"":0.002169230769230769}",
     64512,        23,         0,   0.568,pymatching,7e730e1bef7adf1cae3895dd9e7eb6ad020c2938095f342009740893cd4ce019,"{""config"":[""X+"",""X""],""d"":7,""p"":0.0028820512820512817}",
        38,         0,         0,   0.000,pymatching,330944079abe525578c3d0d47137c24a58919f87f916eb882800ac41fd692b35,"{""config"":[""X+"",""X""],""d"":7,""p"":0.002169230769230769}",
      2956,         0,         0,   0.026,pymatching,12c5b41cabf9ff9110faad88f46cbfbd5d7e48235d7d185ace2136e311ffa750,"{""config"":[""X+"",""X""],""d"":7,""p"":0.0025256410256410257}",
        13,         0,         0,   0.000,pymatching,330944079abe525578c3d0d47137c24a58919f87f916eb882800ac41fd692b35,"{""config"":[""X+"",""X""],""d"":7,""p"":0.002169230769230769}",
     66560,        19,         0,   0.561,pymatching,12c5b41cabf9ff9110faad88f46cbfbd5d7e48235d7d185ace2136e311ffa750,"{""config"":[""X+"",""X""],""d"":7,""p"":0.0025256410256410257}",
        13,         0,         0,   0.000,pymatching,330944079abe525578c3d0d47137c24a58919f87f916eb882800ac41fd692b35,"{""config"":[""X+"",""X""],""d"":7,""p"":0.002169230769230769}",
         4,         0,         0,   0.000,pymatching,330944079abe525578c3d0d47137c24a58919f87f916eb882800ac41fd692b35,"{""config"":[""X+"",""X""],""d"":7,""p"":0.002169230769230769}",
      4096,        28,         0,   0.061,pymatching,0e55159f8cc3e9ff5036fc15139dd300d40c086444c609c580809a7d5005181b,"{""config"":[""X+"",""X""],""d"":7,""p"":0.005733333333333333}",
         4,         0,         0,   0.000,pymatching,330944079abe525578c3d0d47137c24a58919f87f916eb882800ac41fd692b35,"{""config"":[""X+"",""X""],""d"":7,""p"":0.002169230769230769}",
         1,         0,         0,   0.000,pymatching,330944079abe525578c3d0d47137c24a58919f87f916eb882800ac41fd692b35,"{""config"":[""X+"",""X""],""d"":7,""p"":0.002169230769230769}",
     18432,       382,         0,   0.416,pymatching,d8032c7aaa6000da39e4b676adf7a6db39d55d43680cbe13128b46e395971b69,"{""config"":[""X+"",""X""],""d"":7,""p"":0.007871794871794872}",
         1,         0,         0,   0.000,pymatching,330944079abe525578c3d0d47137c24a58919f87f916eb882800ac41fd692b35,"{""config"":[""X+"",""X""],""d"":7,""p"":0.002169230769230769}",
      8192,       381,         0,   0.235,pymatching,0a0fa3fb2e2a7c7c004b0728d3d81adff078a454172fb00260d0a28337b59b58,"{""config"":[""X+"",""X""],""d"":7,""p"":0.009653846153846153}",
       906,         0,         0,   0.008,pymatching,12c5b41cabf9ff9110faad88f46cbfbd5d7e48235d7d185ace2136e311ffa750,"{""config"":[""X+"",""X""],""d"":7,""p"":0.0025256410256410257}",
     17408,         8,         0,   0.152,pymatching,7e730e1bef7adf1cae3895dd9e7eb6ad020c2938095f342009740893cd4ce019,"{""config"":[""X+"",""X""],""d"":7,""p"":0.0028820512820512817}",
     52224,        51,         0,   0.574,pymatching,7236879ddc1304042a8322f1a3f6274c3fbdb49118d290a3484ab208161cd894,"{""config"":[""X+"",""X""],""d"":7,""p"":0.0035948717948717946}",
         1,         0,         0,   0.002,pymatching,330944079abe525578c3d0d47137c24a58919f87f916eb882800ac41fd692b35,"{""config"":[""X+"",""X""],""d"":7,""p"":0.002169230769230769}",
      7168,       378,         0,   0.214,pymatching,5de7814fecb77d1c90db56389c6856da3bdd9a777672366f1e77933b35d0d4bb,"{""config"":[""X+"",""X""],""d"":7,""p"":0.010010256410256409}",
      6144,        23,         0,   0.087,pymatching,ee0990691a329ed8e229b152d184ce2d683d0c3d6b834929772c40e736d548ee,"{""config"":[""X+"",""X""],""d"":7,""p"":0.00502051282051282}",
      4096,        35,         0,   0.064,pymatching,c38f3fbcd05be71b19ac276a153e0c2484f355d31ecd184d275a4b399a271ace,"{""config"":[""X+"",""X""],""d"":7,""p"":0.00608974358974359}",
     19456,       353,         0,   0.413,pymatching,6aa347dd498ef9eab5063a08f336e609f14f0e078992c644e8370c8e3e95fdc5,"{""config"":[""X+"",""X""],""d"":7,""p"":0.007515384615384615}",
      5120,        21,         0,   0.076,pymatching,7c53fb4e615d31e5d4c99bf35992fe8d9581d34af76bf8d8eb41aacc4eb492e8,"{""config"":[""X+"",""X""],""d"":7,""p"":0.005376923076923077}",
      6144,        17,         0,   0.078,pymatching,b91760ea78cf9f4833c45a5ecc1020af69d569f33061d60ac02f8c5f0093edff,"{""config"":[""X+"",""X""],""d"":7,""p"":0.004664102564102564}",
      7168,       551,         0,   0.229,pymatching,e14fac3ff9f73925237292ee128f50b77609902dd5fe9dc1721ca4e6dba902e2,"{""config"":[""X+"",""X""],""d"":7,""p"":0.01107948717948718}",
     10240,        20,         0,   0.113,pymatching,3017794d13067d71bbe69fc9a487c4d5a46e9c4e42027a610cbc4e396de22ffb,"{""config"":[""X+"",""X""],""d"":7,""p"":0.003951282051282051}",
     49152,        72,         0,   0.577,pymatching,3017794d13067d71bbe69fc9a487c4d5a46e9c4e42027a610cbc4e396de22ffb,"{""config"":[""X+"",""X""],""d"":7,""p"":0.003951282051282051}",
     45056,       135,         0,   0.569,pymatching,b91760ea78cf9f4833c45a5ecc1020af69d569f33061d60ac02f8c5f0093edff,"{""config"":[""X+"",""X""],""d"":7,""p"":0.004664102564102564}",
     55296,        35,         0,   0.567,pymatching,082955c518b24bd60c17f3af52bf5862d964bf74023753b47da27119da6b0a49,"{""config"":[""X+"",""X""],""d"":7,""p"":0.003238461538461538}",
      7168,       452,         0,   0.216,pymatching,6f4ec4646e76f6575e9ad182043f8c9131831ae1f009da911f924c4848461de6,"{""config"":[""X+"",""X""],""d"":7,""p"":0.010723076923076922}",
     45056,       102,         0,   0.584,pymatching,8330916b8be5d1095e8d49076ab85fa486347616b42dbc0912a58b9c140ca6e2,"{""config"":[""X+"",""X""],""d"":7,""p"":0.0043076923076923075}",
     14336,        14,         0,   0.150,pymatching,7236879ddc1304042a8322f1a3f6274c3fbdb49118d290a3484ab208161cd894,"{""config"":[""X+"",""X""],""d"":7,""p"":0.0035948717948717946}",
     30720,      1717,         0,   0.908,pymatching,9f3b11242620fc201fc7c3c6af4ea4b603f6773d025efaf91c63a9cc1302963a,"{""config"":[""X+"",""X""],""d"":7,""p"":0.010366666666666666}",
      5120,        45,         0,   0.084,pymatching,0e55159f8cc3e9ff5036fc15139dd300d40c086444c609c580809a7d5005181b,"{""config"":[""X+"",""X""],""d"":7,""p"":0.005733333333333333}",
      6144,       386,         0,   0.194,pymatching,9f3b11242620fc201fc7c3c6af4ea4b603f6773d025efaf91c63a9cc1302963a,"{""config"":[""X+"",""X""],""d"":7,""p"":0.010366666666666666}",
     39936,       160,         0,   0.587,pymatching,ee0990691a329ed8e229b152d184ce2d683d0c3d6b834929772c40e736d548ee,"{""config"":[""X+"",""X""],""d"":7,""p"":0.00502051282051282}",
      1024,        87,         0,   0.040,pymatching,e14fac3ff9f73925237292ee128f50b77609902dd5fe9dc1721ca4e6dba902e2,"{""config"":[""X+"",""X""],""d"":7,""p"":0.01107948717948718}",
      9216,        21,         0,   0.125,pymatching,8330916b8be5d1095e8d49076ab85fa486347616b42dbc0912a58b9c140ca6e2,"{""config"":[""X+"",""X""],""d"":7,""p"":0.0043076923076923075}",
     17408,      1272,         0,   0.612,pymatching,e14fac3ff9f73925237292ee128f50b77609902dd5fe9dc1721ca4e6dba902e2,"{""config"":[""X+"",""X""],""d"":7,""p"":0.01107948717948718}",
     36864,       213,         0,   0.582,pymatching,7c53fb4e615d31e5d4c99bf35992fe8d9581d34af76bf8d8eb41aacc4eb492e8,"{""config"":[""X+"",""X""],""d"":7,""p"":0.005376923076923077}",
     14336,         7,         0,   0.152,pymatching,082955c518b24bd60c17f3af52bf5862d964bf74023753b47da27119da6b0a49,"{""config"":[""X+"",""X""],""d"":7,""p"":0.003238461538461538}",
     22490,         3,         0,   0.193,pymatching,12c5b41cabf9ff9110faad88f46cbfbd5d7e48235d7d185ace2136e311ffa750,"{""config"":[""X+"",""X""],""d"":7,""p"":0.0025256410256410257}",
      4096,        40,         0,   0.089,pymatching,c38f3fbcd05be71b19ac276a153e0c2484f355d31ecd184d275a4b399a271ace,"{""config"":[""X+"",""X""],""d"":7,""p"":0.00608974358974359}",
     34816,       231,         0,   0.579,pymatching,0e55159f8cc3e9ff5036fc15139dd300d40c086444c609c580809a7d5005181b,"{""config"":[""X+"",""X""],""d"":7,""p"":0.005733333333333333}",
      1297,        12,         0,   0.026,pymatching,23c6762b737c8f172d70a38cb24337e07ab695cfa3677a29c39ada478a50c087,"{""config"":[""X+"",""X""],""d"":7,""p"":0.006446153846153846}",
      6144,        30,         0,   0.117,pymatching,ee0990691a329ed8e229b152d184ce2d683d0c3d6b834929772c40e736d548ee,"{""config"":[""X+"",""X""],""d"":7,""p"":0.00502051282051282}",
     14993,         4,         0,   0.143,pymatching,12c5b41cabf9ff9110faad88f46cbfbd5d7e48235d7d185ace2136e311ffa750,"{""config"":[""X+"",""X""],""d"":7,""p"":0.0025256410256410257}",
      1297,        14,         0,   0.031,pymatching,f386f3dbd4a32ae34d04b6483c8b0485cf353fc6c027dc42cac209eb6d9f0692,"{""config"":[""X+"",""X""],""d"":7,""p"":0.007158974358974359}",
     10240,         1,         0,   0.106,pymatching,12c5b41cabf9ff9110faad88f46cbfbd5d7e48235d7d185ace2136e311ffa750,"{""config"":[""X+"",""X""],""d"":7,""p"":0.0025256410256410257}",
      6144,        24,         0,   0.110,pymatching,7c53fb4e615d31e5d4c99bf35992fe8d9581d34af76bf8d8eb41aacc4eb492e8,"{""config"":[""X+"",""X""],""d"":7,""p"":0.005376923076923077}",
     16384,       513,         0,   0.422,pymatching,227de2d86eeda9bea1a6f8078969462458ae0b33e00660b16aba1e8327ed3482,"{""config"":[""X+"",""X""],""d"":7,""p"":0.008584615384615385}",
      1024,        14,         0,   0.021,pymatching,23c6762b737c8f172d70a38cb24337e07ab695cfa3677a29c39ada478a50c087,"{""config"":[""X+"",""X""],""d"":7,""p"":0.006446153846153846}",
       273,         2,         0,   0.010,pymatching,44206ae84723ba1ca5b7b273593872b991680c9ab3e4933e072fe09f027cc7ef,"{""config"":[""X+"",""X""],""d"":7,""p"":0.006802564102564103}",
      6144,        20,         0,   0.111,pymatching,b91760ea78cf9f4833c45a5ecc1020af69d569f33061d60ac02f8c5f0093edff,"{""config"":[""X+"",""X""],""d"":7,""p"":0.004664102564102564}",
      1024,        13,         0,   0.023,pymatching,f386f3dbd4a32ae34d04b6483c8b0485cf353fc6c027dc42cac209eb6d9f0692,"{""config"":[""X+"",""X""],""d"":7,""p"":0.007158974358974359}",
      1024,        11,         0,   0.022,pymatching,44206ae84723ba1ca5b7b273593872b991680c9ab3e4933e072fe09f027cc7ef,"{""config"":[""X+"",""X""],""d"":7,""p"":0.006802564102564103}",
      6144,        38,         0,   0.107,pymatching,0e55159f8cc3e9ff5036fc15139dd300d40c086444c609c580809a7d5005181b,"{""config"":[""X+"",""X""],""d"":7,""p"":0.005733333333333333}",
      1024,         7,         0,   0.022,pymatching,f386f3dbd4a32ae34d04b6483c8b0485cf353fc6c027dc42cac209eb6d9f0692,"{""config"":[""X+"",""X""],""d"":7,""p"":0.007158974358974359}",
      1297,        20,         0,   0.029,pymatching,6aa347dd498ef9eab5063a08f336e609f14f0e078992c644e8370c8e3e95fdc5,"{""config"":[""X+"",""X""],""d"":7,""p"":0.007515384615384615}",
      2048,        26,         0,   0.037,pymatching,23c6762b737c8f172d70a38cb24337e07ab695cfa3677a29c39ada478a50c087,"{""config"":[""X+"",""X""],""d"":7,""p"":0.006446153846153846}",
      1297,        28,         0,   0.030,pymatching,d8032c7aaa6000da39e4b676adf7a6db39d55d43680cbe13128b46e395971b69,"{""config"":[""X+"",""X""],""d"":7,""p"":0.007871794871794872}",
       273,         8,         0,   0.010,pymatching,41c2474327ea7943aa544757a21c759d7876f17f25a502ce90be6f75aaaff781,"{""config"":[""X+"",""X""],""d"":7,""p"":0.008228205128205128}",
      4753,         2,         0,   0.041,pymatching,12c5b41cabf9ff9110faad88f46cbfbd5d7e48235d7d185ace2136e311ffa750,"{""config"":[""X+"",""X""],""d"":7,""p"":0.0025256410256410257}",
      1024,        17,         0,   0.021,pymatching,44206ae84723ba1ca5b7b273593872b991680c9ab3e4933e072fe09f027cc7ef,"{""config"":[""X+"",""X""],""d"":7,""p"":0.006802564102564103}",
     88064,       705,         0,    1.56,pymatching,c38f3fbcd05be71b19ac276a153e0c2484f355d31ecd184d275a4b399a271ace,"{""config"":[""X+"",""X""],""d"":7,""p"":0.00608974358974359}",
      9216,         2,         0,   0.082,pymatching,12c5b41cabf9ff9110faad88f46cbfbd5d7e48235d7d185ace2136e311ffa750,"{""config"":[""X+"",""X""],""d"":7,""p"":0.0025256410256410257}",
      4997,         1,         0,   0.046,pymatching,12c5b41cabf9ff9110faad88f46cbfbd5d7e48235d7d185ace2136e311ffa750,"{""config"":[""X+"",""X""],""d"":7,""p"":0.0025256410256410257}",
     42677,        50,         0,   0.505,pymatching,7236879ddc1304042a8322f1a3f6274c3fbdb49118d290a3484ab208161cd894,"{""config"":[""X+"",""X""],""d"":7,""p"":0.0035948717948717946}",
     21192,         7,         0,   0.227,pymatching,7e730e1bef7adf1cae3895dd9e7eb6ad020c2938095f342009740893cd4ce019,"{""config"":[""X+"",""X""],""d"":7,""p"":0.0028820512820512817}",
     11264,        25,         0,   0.158,pymatching,3017794d13067d71bbe69fc9a487c4d5a46e9c4e42027a610cbc4e396de22ffb,"{""config"":[""X+"",""X""],""d"":7,""p"":0.003951282051282051}",
      1024,        19,         0,   0.021,pymatching,6aa347dd498ef9eab5063a08f336e609f14f0e078992c644e8370c8e3e95fdc5,"{""config"":[""X+"",""X""],""d"":7,""p"":0.007515384615384615}",
      1297,        48,         0,   0.033,pymatching,227de2d86eeda9bea1a6f8078969462458ae0b33e00660b16aba1e8327ed3482,"{""config"":[""X+"",""X""],""d"":7,""p"":0.008584615384615385}",
      1024,        22,         0,   0.022,pymatching,d8032c7aaa6000da39e4b676adf7a6db39d55d43680cbe13128b46e395971b69,"{""config"":[""X+"",""X""],""d"":7,""p"":0.007871794871794872}",
     71680,        34,         0,   0.679,pymatching,7e730e1bef7adf1cae3895dd9e7eb6ad020c2938095f342009740893cd4ce019,"{""config"":[""X+"",""X""],""d"":7,""p"":0.0028820512820512817}",
     21504,         9,         0,   0.208,pymatching,7e730e1bef7adf1cae3895dd9e7eb6ad020c2938095f342009740893cd4ce019,"{""config"":[""X+"",""X""],""d"":7,""p"":0.0028820512820512817}",
       260,         0,         0,   0.002,pymatching,12c5b41cabf9ff9110faad88f46cbfbd5d7e48235d7d185ace2136e311ffa750,"{""config"":[""X+"",""X""],""d"":7,""p"":0.0025256410256410257}",
     15360,       611,         0,   0.410,pymatching,c48a13a7d498dce35d18b2e027ba9c44aa02977ef7b043c12b97c8b42a9bf706,"{""config"":[""X+"",""X""],""d"":7,""p"":0.009297435897435898}",
     88064,       962,         0,    1.55,pymatching,23c6762b737c8f172d70a38cb24337e07ab695cfa3677a29c39ada478a50c087,"{""config"":[""X+"",""X""],""d"":7,""p"":0.006446153846153846}",
      6144,        56,         0,   0.113,pymatching,c38f3fbcd05be71b19ac276a153e0c2484f355d31ecd184d275a4b399a271ace,"{""config"":[""X+"",""X""],""d"":7,""p"":0.00608974358974359}",
       173,         0,         0,   0.002,pymatching,12c5b41cabf9ff9110faad88f46cbfbd5d7e48235d7d185ace2136e311ffa750,"{""config"":[""X+"",""X""],""d"":7,""p"":0.0025256410256410257}",
      2048,        22,         0,   0.035,pymatching,23c6762b737c8f172d70a38cb24337e07ab695cfa3677a29c39ada478a50c087,"{""config"":[""X+"",""X""],""d"":7,""p"":0.006446153846153846}",
      1024,        21,         0,   0.031,pymatching,41c2474327ea7943aa544757a21c759d7876f17f25a502ce90be6f75aaaff781,"{""config"":[""X+"",""X""],""d"":7,""p"":0.008228205128205128}",
     93184,       647,         0,    1.55,pymatching,0e55159f8cc3e9ff5036fc15139dd300d40c086444c609c580809a7d5005181b,"{""config"":[""X+"",""X""],""d"":7,""p"":0.005733333333333333}",
       173,         0,         0,   0.002,pymatching,12c5b41cabf9ff9110faad88f46cbfbd5d7e48235d7d185ace2136e311ffa750,"{""config"":[""X+"",""X""],""d"":7,""p"":0.0025256410256410257}",
        86,         0,         0,   0.001,pymatching,12c5b41cabf9ff9110faad88f46cbfbd5d7e48235d7d185ace2136e311ffa750,"{""config"":[""X+"",""X""],""d"":7,""p"":0.0025256410256410257}",
     16384,       416,         0,   0.426,pymatching,41c2474327ea7943aa544757a21c759d7876f17f25a502ce90be6f75aaaff781,"{""config"":[""X+"",""X""],""d"":7,""p"":0.008228205128205128}",
      2048,        28,         0,   0.042,pymatching,f386f3dbd4a32ae34d04b6483c8b0485cf353fc6c027dc42cac209eb6d9f0692,"{""config"":[""X+"",""X""],""d"":7,""p"":0.007158974358974359}",
      1024,        28,         0,   0.021,pymatching,6aa347dd498ef9eab5063a08f336e609f14f0e078992c644e8370c8e3e95fdc5,"{""config"":[""X+"",""X""],""d"":7,""p"":0.007515384615384615}",
        58,         0,         0,   0.001,pymatching,12c5b41cabf9ff9110faad88f46cbfbd5d7e48235d7d185ace2136e311ffa750,"{""config"":[""X+"",""X""],""d"":7,""p"":0.0025256410256410257}",
      1024,        31,         0,   0.025,pymatching,227de2d86eeda9bea1a6f8078969462458ae0b33e00660b16aba1e8327ed3482,"{""config"":[""X+"",""X""],""d"":7,""p"":0.008584615384615385}",
      1024,        13,         0,   0.022,pymatching,d8032c7aaa6000da39e4b676adf7a6db39d55d43680cbe13128b46e395971b69,"{""config"":[""X+"",""X""],""d"":7,""p"":0.007871794871794872}",
        10,         0,         0,   0.000,pymatching,12c5b41cabf9ff9110faad88f46cbfbd5d7e48235d7d185ace2136e311ffa750,"{""config"":[""X+"",""X""],""d"":7,""p"":0.0025256410256410257}",
      2048,        18,         0,   0.044,pymatching,44206ae84723ba1ca5b7b273593872b991680c9ab3e4933e072fe09f027cc7ef,"{""config"":[""X+"",""X""],""d"":7,""p"":0.006802564102564103}",
     10240,        25,         0,   0.150,pymatching,8330916b8be5d1095e8d49076ab85fa486347616b42dbc0912a58b9c140ca6e2,"{""config"":[""X+"",""X""],""d"":7,""p"":0.0043076923076923075}",
         7,         0,         0,   0.000,pymatching,12c5b41cabf9ff9110faad88f46cbfbd5d7e48235d7d185ace2136e311ffa750,"{""config"":[""X+"",""X""],""d"":7,""p"":0.0025256410256410257}",
         7,         0,         0,   0.000,pymatching,12c5b41cabf9ff9110faad88f46cbfbd5d7e48235d7d185ace2136e311ffa750,"{""config"":[""X+"",""X""],""d"":7,""p"":0.0025256410256410257}",
         2,         0,         0,   0.000,pymatching,12c5b41cabf9ff9110faad88f46cbfbd5d7e48235d7d185ace2136e311ffa750,"{""config"":[""X+"",""X""],""d"":7,""p"":0.0025256410256410257}",
      1024,        31,         0,   0.025,pymatching,41c2474327ea7943aa544757a21c759d7876f17f25a502ce90be6f75aaaff781,"{""config"":[""X+"",""X""],""d"":7,""p"":0.008228205128205128}",
     32768,       297,         0,   0.566,pymatching,c38f3fbcd05be71b19ac276a153e0c2484f355d31ecd184d275a4b399a271ace,"{""config"":[""X+"",""X""],""d"":7,""p"":0.00608974358974359}",
         2,         0,         0,   0.000,pymatching,12c5b41cabf9ff9110faad88f46cbfbd5d7e48235d7d185ace2136e311ffa750,"{""config"":[""X+"",""X""],""d"":7,""p"":0.0025256410256410257}",
      1024,        30,         0,   0.024,pymatching,227de2d86eeda9bea1a6f8078969462458ae0b33e00660b16aba1e8327ed3482,"{""config"":[""X+"",""X""],""d"":7,""p"":0.008584615384615385}",
         1,         0,         0,   0.000,pymatching,12c5b41cabf9ff9110faad88f46cbfbd5d7e48235d7d185ace2136e311ffa750,"{""config"":[""X+"",""X""],""d"":7,""p"":0.0025256410256410257}",
     29696,       304,         0,   0.583,pymatching,23c6762b737c8f172d70a38cb24337e07ab695cfa3677a29c39ada478a50c087,"{""config"":[""X+"",""X""],""d"":7,""p"":0.006446153846153846}",
     15360,       547,         0,   0.427,pymatching,ec494b4727993ce701a9f353fb8d0b33061a04b472a8827628fb0d3c1a50c06e,"{""config"":[""X+"",""X""],""d"":7,""p"":0.00894102564102564}",
      2048,        35,         0,   0.041,pymatching,6aa347dd498ef9eab5063a08f336e609f14f0e078992c644e8370c8e3e95fdc5,"{""config"":[""X+"",""X""],""d"":7,""p"":0.007515384615384615}",
      2048,        35,         0,   0.045,pymatching,f386f3dbd4a32ae34d04b6483c8b0485cf353fc6c027dc42cac209eb6d9f0692,"{""config"":[""X+"",""X""],""d"":7,""p"":0.007158974358974359}",
      3072,        19,         0,   0.052,pymatching,23c6762b737c8f172d70a38cb24337e07ab695cfa3677a29c39ada478a50c087,"{""config"":[""X+"",""X""],""d"":7,""p"":0.006446153846153846}",
      2048,        54,         0,   0.043,pymatching,d8032c7aaa6000da39e4b676adf7a6db39d55d43680cbe13128b46e395971b69,"{""config"":[""X+"",""X""],""d"":7,""p"":0.007871794871794872}",
      2048,        24,         0,   0.041,pymatching,44206ae84723ba1ca5b7b273593872b991680c9ab3e4933e072fe09f027cc7ef,"{""config"":[""X+"",""X""],""d"":7,""p"":0.006802564102564103}",
     10240,        39,         0,   0.154,pymatching,ee0990691a329ed8e229b152d184ce2d683d0c3d6b834929772c40e736d548ee,"{""config"":[""X+"",""X""],""d"":7,""p"":0.00502051282051282}",
     19456,        28,         0,   0.211,pymatching,7236879ddc1304042a8322f1a3f6274c3fbdb49118d290a3484ab208161cd894,"{""config"":[""X+"",""X""],""d"":7,""p"":0.0035948717948717946}",
      6960,         5,         0,   0.063,pymatching,7e730e1bef7adf1cae3895dd9e7eb6ad020c2938095f342009740893cd4ce019,"{""config"":[""X+"",""X""],""d"":7,""p"":0.0028820512820512817}",
      6960,         1,         0,   0.062,pymatching,7e730e1bef7adf1cae3895dd9e7eb6ad020c2938095f342009740893cd4ce019,"{""config"":[""X+"",""X""],""d"":7,""p"":0.0028820512820512817}",
      6960,         2,         0,   0.062,pymatching,7e730e1bef7adf1cae3895dd9e7eb6ad020c2938095f342009740893cd4ce019,"{""config"":[""X+"",""X""],""d"":7,""p"":0.0028820512820512817}",
      2048,        53,         0,   0.049,pymatching,41c2474327ea7943aa544757a21c759d7876f17f25a502ce90be6f75aaaff781,"{""config"":[""X+"",""X""],""d"":7,""p"":0.008228205128205128}",
      9216,       429,         0,   0.301,pymatching,0a0fa3fb2e2a7c7c004b0728d3d81adff078a454172fb00260d0a28337b59b58,"{""config"":[""X+"",""X""],""d"":7,""p"":0.009653846153846153}",
      2048,        61,         0,   0.048,pymatching,227de2d86eeda9bea1a6f8078969462458ae0b33e00660b16aba1e8327ed3482,"{""config"":[""X+"",""X""],""d"":7,""p"":0.008584615384615385}",
     19456,         9,         0,   0.208,pymatching,082955c518b24bd60c17f3af52bf5862d964bf74023753b47da27119da6b0a49,"{""config"":[""X+"",""X""],""d"":7,""p"":0.003238461538461538}",
     10240,        49,         0,   0.157,pymatching,7c53fb4e615d31e5d4c99bf35992fe8d9581d34af76bf8d8eb41aacc4eb492e8,"{""config"":[""X+"",""X""],""d"":7,""p"":0.005376923076923077}",
      2048,        34,         0,   0.040,pymatching,6aa347dd498ef9eab5063a08f336e609f14f0e078992c644e8370c8e3e95fdc5,"{""config"":[""X+"",""X""],""d"":7,""p"":0.007515384615384615}",
     12288,        37,         0,   0.158,pymatching,b91760ea78cf9f4833c45a5ecc1020af69d569f33061d60ac02f8c5f0093edff,"{""config"":[""X+"",""X""],""d"":7,""p"":0.004664102564102564}",
      2048,        40,         0,   0.043,pymatching,d8032c7aaa6000da39e4b676adf7a6db39d55d43680cbe13128b46e395971b69,"{""config"":[""X+"",""X""],""d"":7,""p"":0.007871794871794872}",
     84992,      1045,         0,    1.57,pymatching,44206ae84723ba1ca5b7b273593872b991680c9ab3e4933e072fe09f027cc7ef,"{""config"":[""X+"",""X""],""d"":7,""p"":0.006802564102564103}",
      9216,       465,         0,   0.313,pymatching,5de7814fecb77d1c90db56389c6856da3bdd9a777672366f1e77933b35d0d4bb,"{""config"":[""X+"",""X""],""d"":7,""p"":0.010010256410256409}",
       273,        16,         0,   0.010,pymatching,0a0fa3fb2e2a7c7c004b0728d3d81adff078a454172fb00260d0a28337b59b58,"{""config"":[""X+"",""X""],""d"":7,""p"":0.009653846153846153}",
      3072,        40,         0,   0.063,pymatching,f386f3dbd4a32ae34d04b6483c8b0485cf353fc6c027dc42cac209eb6d9f0692,"{""config"":[""X+"",""X""],""d"":7,""p"":0.007158974358974359}",
      3072,        43,         0,   0.059,pymatching,44206ae84723ba1ca5b7b273593872b991680c9ab3e4933e072fe09f027cc7ef,"{""config"":[""X+"",""X""],""d"":7,""p"":0.006802564102564103}",
     10240,        65,         0,   0.159,pymatching,0e55159f8cc3e9ff5036fc15139dd300d40c086444c609c580809a7d5005181b,"{""config"":[""X+"",""X""],""d"":7,""p"":0.005733333333333333}",
      4096,        36,         0,   0.069,pymatching,23c6762b737c8f172d70a38cb24337e07ab695cfa3677a29c39ada478a50c087,"{""config"":[""X+"",""X""],""d"":7,""p"":0.006446153846153846}",
      2048,        51,         0,   0.049,pymatching,41c2474327ea7943aa544757a21c759d7876f17f25a502ce90be6f75aaaff781,"{""config"":[""X+"",""X""],""d"":7,""p"":0.008228205128205128}",
      2048,        63,         0,   0.048,pymatching,227de2d86eeda9bea1a6f8078969462458ae0b33e00660b16aba1e8327ed3482,"{""config"":[""X+"",""X""],""d"":7,""p"":0.008584615384615385}",
      9216,       641,         0,   0.299,pymatching,6f4ec4646e76f6575e9ad182043f8c9131831ae1f009da911f924c4848461de6,"{""config"":[""X+"",""X""],""d"":7,""p"":0.010723076923076922}",
       273,        12,         0,   0.010,pymatching,c48a13a7d498dce35d18b2e027ba9c44aa02977ef7b043c12b97c8b42a9bf706,"{""config"":[""X+"",""X""],""d"":7,""p"":0.009297435897435898}",
      1024,        42,         0,   0.029,pymatching,0a0fa3fb2e2a7c7c004b0728d3d81adff078a454172fb00260d0a28337b59b58,"{""config"":[""X+"",""X""],""d"":7,""p"":0.009653846153846153}",
     28672,      1891,         0,   0.986,pymatching,6f4ec4646e76f6575e9ad182043f8c9131831ae1f009da911f924c4848461de6,"{""config"":[""X+"",""X""],""d"":7,""p"":0.010723076923076922}",
      9216,        80,         0,   0.147,pymatching,c38f3fbcd05be71b19ac276a153e0c2484f355d31ecd184d275a4b399a271ace,"{""config"":[""X+"",""X""],""d"":7,""p"":0.00608974358974359}",
      3072,        53,         0,   0.062,pymatching,6aa347dd498ef9eab5063a08f336e609f14f0e078992c644e8370c8e3e95fdc5,"{""config"":[""X+"",""X""],""d"":7,""p"":0.007515384615384615}",
      1297,        35,         0,   0.033,pymatching,ec494b4727993ce701a9f353fb8d0b33061a04b472a8827628fb0d3c1a50c06e,"{""config"":[""X+"",""X""],""d"":7,""p"":0.00894102564102564}",
      3072,        69,         0,   0.064,pymatching,d8032c7aaa6000da39e4b676adf7a6db39d55d43680cbe13128b46e395971b69,"{""config"":[""X+"",""X""],""d"":7,""p"":0.007871794871794872}",
      1024,        57,         0,   0.031,pymatching,6f4ec4646e76f6575e9ad182043f8c9131831ae1f009da911f924c4848461de6,"{""config"":[""X+"",""X""],""d"":7,""p"":0.010723076923076922}",
      1024,        44,         0,   0.027,pymatching,0a0fa3fb2e2a7c7c004b0728d3d81adff078a454172fb00260d0a28337b59b58,"{""config"":[""X+"",""X""],""d"":7,""p"":0.009653846153846153}",
      1024,        45,         0,   0.031,pymatching,c48a13a7d498dce35d18b2e027ba9c44aa02977ef7b043c12b97c8b42a9bf706,"{""config"":[""X+"",""X""],""d"":7,""p"":0.009297435897435898}",
     49152,        34,         0,   0.493,pymatching,082955c518b24bd60c17f3af52bf5862d964bf74023753b47da27119da6b0a49,"{""config"":[""X+"",""X""],""d"":7,""p"":0.003238461538461538}",
      1297,        79,         0,   0.038,pymatching,5de7814fecb77d1c90db56389c6856da3bdd9a777672366f1e77933b35d0d4bb,"{""config"":[""X+"",""X""],""d"":7,""p"":0.010010256410256409}",
     73728,      1122,         0,    1.56,pymatching,f386f3dbd4a32ae34d04b6483c8b0485cf353fc6c027dc42cac209eb6d9f0692,"{""config"":[""X+"",""X""],""d"":7,""p"":0.007158974358974359}",
     28672,       371,         0,   0.572,pymatching,44206ae84723ba1ca5b7b273593872b991680c9ab3e4933e072fe09f027cc7ef,"{""config"":[""X+"",""X""],""d"":7,""p"":0.006802564102564103}",
      1024,        36,         0,   0.025,pymatching,ec494b4727993ce701a9f353fb8d0b33061a04b472a8827628fb0d3c1a50c06e,"{""config"":[""X+"",""X""],""d"":7,""p"":0.00894102564102564}",
     33792,        25,         0,   0.359,pymatching,082955c518b24bd60c17f3af52bf5862d964bf74023753b47da27119da6b0a49,"{""config"":[""X+"",""X""],""d"":7,""p"":0.003238461538461538}",
      4096,        59,         0,   0.082,pymatching,f386f3dbd4a32ae34d04b6483c8b0485cf353fc6c027dc42cac209eb6d9f0692,"{""config"":[""X+"",""X""],""d"":7,""p"":0.007158974358974359}",
      4096,        41,         0,   0.078,pymatching,44206ae84723ba1ca5b7b273593872b991680c9ab3e4933e072fe09f027cc7ef,"{""config"":[""X+"",""X""],""d"":7,""p"":0.006802564102564103}",
      1024,        46,         0,   0.028,pymatching,c48a13a7d498dce35d18b2e027ba9c44aa02977ef7b043c12b97c8b42a9bf706,"{""config"":[""X+"",""X""],""d"":7,""p"":0.009297435897435898}",
      3072,        89,         0,   0.072,pymatching,41c2474327ea7943aa544757a21c759d7876f17f25a502ce90be6f75aaaff781,"{""config"":[""X+"",""X""],""d"":7,""p"":0.008228205128205128}",
     19456,        25,         0,   0.214,pymatching,3017794d13067d71bbe69fc9a487c4d5a46e9c4e42027a610cbc4e396de22ffb,"{""config"":[""X+"",""X""],""d"":7,""p"":0.003951282051282051}",
      3072,        96,         0,   0.071,pymatching,227de2d86eeda9bea1a6f8078969462458ae0b33e00660b16aba1e8327ed3482,"{""config"":[""X+"",""X""],""d"":7,""p"":0.008584615384615385}",
     27648,       450,         0,   0.577,pymatching,f386f3dbd4a32ae34d04b6483c8b0485cf353fc6c027dc42cac209eb6d9f0692,"{""config"":[""X+"",""X""],""d"":7,""p"":0.007158974358974359}",
      1024,        47,         0,   0.028,pymatching,5de7814fecb77d1c90db56389c6856da3bdd9a777672366f1e77933b35d0d4bb,"{""config"":[""X+"",""X""],""d"":7,""p"":0.010010256410256409}",
      1024,        38,         0,   0.025,pymatching,ec494b4727993ce701a9f353fb8d0b33061a04b472a8827628fb0d3c1a50c06e,"{""config"":[""X+"",""X""],""d"":7,""p"":0.00894102564102564}",
     72704,      1688,         0,    1.55,pymatching,d8032c7aaa6000da39e4b676adf7a6db39d55d43680cbe13128b46e395971b69,"{""config"":[""X+"",""X""],""d"":7,""p"":0.007871794871794872}",
      5120,        54,         0,   0.087,pymatching,23c6762b737c8f172d70a38cb24337e07ab695cfa3677a29c39ada478a50c087,"{""config"":[""X+"",""X""],""d"":7,""p"":0.006446153846153846}",
     70656,      1373,         0,    1.57,pymatching,6aa347dd498ef9eab5063a08f336e609f14f0e078992c644e8370c8e3e95fdc5,"{""config"":[""X+"",""X""],""d"":7,""p"":0.007515384615384615}",
      2048,       107,         0,   0.054,pymatching,0a0fa3fb2e2a7c7c004b0728d3d81adff078a454172fb00260d0a28337b59b58,"{""config"":[""X+"",""X""],""d"":7,""p"":0.009653846153846153}",
      1024,        34,         0,   0.027,pymatching,c48a13a7d498dce35d18b2e027ba9c44aa02977ef7b043c12b97c8b42a9bf706,"{""config"":[""X+"",""X""],""d"":7,""p"":0.009297435897435898}",
      4096,        87,         0,   0.081,pymatching,6aa347dd498ef9eab5063a08f336e609f14f0e078992c644e8370c8e3e95fdc5,"{""config"":[""X+"",""X""],""d"":7,""p"":0.007515384615384615}",
     16384,        49,         0,   0.214,pymatching,8330916b8be5d1095e8d49076ab85fa486347616b42dbc0912a58b9c140ca6e2,"{""config"":[""X+"",""X""],""d"":7,""p"":0.0043076923076923075}",
      1024,        50,         0,   0.029,pymatching,5de7814fecb77d1c90db56389c6856da3bdd9a777672366f1e77933b35d0d4bb,"{""config"":[""X+"",""X""],""d"":7,""p"":0.010010256410256409}",
      1297,         2,         0,   0.017,pymatching,8330916b8be5d1095e8d49076ab85fa486347616b42dbc0912a58b9c140ca6e2,"{""config"":[""X+"",""X""],""d"":7,""p"":0.0043076923076923075}",
      1297,         3,         0,   0.016,pymatching,3017794d13067d71bbe69fc9a487c4d5a46e9c4e42027a610cbc4e396de22ffb,"{""config"":[""X+"",""X""],""d"":7,""p"":0.003951282051282051}",
      1297,         2,         0,   0.015,pymatching,7236879ddc1304042a8322f1a3f6274c3fbdb49118d290a3484ab208161cd894,"{""config"":[""X+"",""X""],""d"":7,""p"":0.0035948717948717946}",
      4096,        89,         0,   0.085,pymatching,d8032c7aaa6000da39e4b676adf7a6db39d55d43680cbe13128b46e395971b69,"{""config"":[""X+"",""X""],""d"":7,""p"":0.007871794871794872}",
      1297,         3,         0,   0.015,pymatching,082955c518b24bd60c17f3af52bf5862d964bf74023753b47da27119da6b0a49,"{""config"":[""X+"",""X""],""d"":7,""p"":0.003238461538461538}",
      2048,        72,         0,   0.050,pymatching,ec494b4727993ce701a9f353fb8d0b33061a04b472a8827628fb0d3c1a50c06e,"{""config"":[""X+"",""X""],""d"":7,""p"":0.00894102564102564}",
      5719,         3,         0,   0.058,pymatching,082955c518b24bd60c17f3af52bf5862d964bf74023753b47da27119da6b0a49,"{""config"":[""X+"",""X""],""d"":7,""p"":0.003238461538461538}",
      1024,        57,         0,   0.028,pymatching,5de7814fecb77d1c90db56389c6856da3bdd9a777672366f1e77933b35d0d4bb,"{""config"":[""X+"",""X""],""d"":7,""p"":0.010010256410256409}",
      2048,         3,         0,   0.024,pymatching,8330916b8be5d1095e8d49076ab85fa486347616b42dbc0912a58b9c140ca6e2,"{""config"":[""X+"",""X""],""d"":7,""p"":0.0043076923076923075}",
      2048,         2,         0,   0.022,pymatching,3017794d13067d71bbe69fc9a487c4d5a46e9c4e42027a610cbc4e396de22ffb,"{""config"":[""X+"",""X""],""d"":7,""p"":0.003951282051282051}",
      2048,         0,         0,   0.021,pymatching,7236879ddc1304042a8322f1a3f6274c3fbdb49118d290a3484ab208161cd894,"{""config"":[""X+"",""X""],""d"":7,""p"":0.0035948717948717946}",
      2048,         2,         0,   0.020,pymatching,082955c518b24bd60c17f3af52bf5862d964bf74023753b47da27119da6b0a49,"{""config"":[""X+"",""X""],""d"":7,""p"":0.003238461538461538}",
      2048,        89,         0,   0.054,pymatching,0a0fa3fb2e2a7c7c004b0728d3d81adff078a454172fb00260d0a28337b59b58,"{""config"":[""X+"",""X""],""d"":7,""p"":0.009653846153846153}",
      2048,        90,         0,   0.056,pymatching,c48a13a7d498dce35d18b2e027ba9c44aa02977ef7b043c12b97c8b42a9bf706,"{""config"":[""X+"",""X""],""d"":7,""p"":0.009297435897435898}",
     15360,        43,         0,   0.220,pymatching,ee0990691a329ed8e229b152d184ce2d683d0c3d6b834929772c40e736d548ee,"{""config"":[""X+"",""X""],""d"":7,""p"":0.00502051282051282}",
      2048,         4,         0,   0.025,pymatching,8330916b8be5d1095e8d49076ab85fa486347616b42dbc0912a58b9c140ca6e2,"{""config"":[""X+"",""X""],""d"":7,""p"":0.0043076923076923075}",
      2048,         2,         0,   0.026,pymatching,3017794d13067d71bbe69fc9a487c4d5a46e9c4e42027a610cbc4e396de22ffb,"{""config"":[""X+"",""X""],""d"":7,""p"":0.003951282051282051}",
     60416,      1902,         0,    1.57,pymatching,227de2d86eeda9bea1a6f8078969462458ae0b33e00660b16aba1e8327ed3482,"{""config"":[""X+"",""X""],""d"":7,""p"":0.008584615384615385}",
      4096,        96,         0,   0.098,pymatching,41c2474327ea7943aa544757a21c759d7876f17f25a502ce90be6f75aaaff781,"{""config"":[""X+"",""X""],""d"":7,""p"":0.008228205128205128}",
      2048,         2,         0,   0.029,pymatching,7236879ddc1304042a8322f1a3f6274c3fbdb49118d290a3484ab208161cd894,"{""config"":[""X+"",""X""],""d"":7,""p"":0.0035948717948717946}",
      2048,         1,         0,   0.029,pymatching,082955c518b24bd60c17f3af52bf5862d964bf74023753b47da27119da6b0a49,"{""config"":[""X+"",""X""],""d"":7,""p"":0.003238461538461538}",
     16384,        48,         0,   0.212,pymatching,b91760ea78cf9f4833c45a5ecc1020af69d569f33061d60ac02f8c5f0093edff,"{""config"":[""X+"",""X""],""d"":7,""p"":0.004664102564102564}",
     14336,        71,         0,   0.222,pymatching,7c53fb4e615d31e5d4c99bf35992fe8d9581d34af76bf8d8eb41aacc4eb492e8,"{""config"":[""X+"",""X""],""d"":7,""p"":0.005376923076923077}",
      4096,       132,         0,   0.110,pymatching,227de2d86eeda9bea1a6f8078969462458ae0b33e00660b16aba1e8327ed3482,"{""config"":[""X+"",""X""],""d"":7,""p"":0.008584615384615385}",
      2048,        70,         0,   0.056,pymatching,ec494b4727993ce701a9f353fb8d0b33061a04b472a8827628fb0d3c1a50c06e,"{""config"":[""X+"",""X""],""d"":7,""p"":0.00894102564102564}",
      6144,        86,         0,   0.124,pymatching,44206ae84723ba1ca5b7b273593872b991680c9ab3e4933e072fe09f027cc7ef,"{""config"":[""X+"",""X""],""d"":7,""p"":0.006802564102564103}",
      6144,        95,         0,   0.127,pymatching,f386f3dbd4a32ae34d04b6483c8b0485cf353fc6c027dc42cac209eb6d9f0692,"{""config"":[""X+"",""X""],""d"":7,""p"":0.007158974358974359}",
      6144,        50,         0,   0.111,pymatching,23c6762b737c8f172d70a38cb24337e07ab695cfa3677a29c39ada478a50c087,"{""config"":[""X+"",""X""],""d"":7,""p"":0.006446153846153846}",
      2048,       110,         0,   0.064,pymatching,5de7814fecb77d1c90db56389c6856da3bdd9a777672366f1e77933b35d0d4bb,"{""config"":[""X+"",""X""],""d"":7,""p"":0.010010256410256409}",
     23527,        20,         0,   0.243,pymatching,082955c518b24bd60c17f3af52bf5862d964bf74023753b47da27119da6b0a49,"{""config"":[""X+"",""X""],""d"":7,""p"":0.003238461538461538}",
      2048,         3,         0,   0.033,pymatching,7236879ddc1304042a8322f1a3f6274c3fbdb49118d290a3484ab208161cd894,"{""config"":[""X+"",""X""],""d"":7,""p"":0.0035948717948717946}",
     12288,        87,         0,   0.208,pymatching,0e55159f8cc3e9ff5036fc15139dd300d40c086444c609c580809a7d5005181b,"{""config"":[""X+"",""X""],""d"":7,""p"":0.005733333333333333}",
      3072,         4,         0,   0.039,pymatching,3017794d13067d71bbe69fc9a487c4d5a46e9c4e42027a610cbc4e396de22ffb,"{""config"":[""X+"",""X""],""d"":7,""p"":0.003951282051282051}",
      3072,         8,         0,   0.041,pymatching,8330916b8be5d1095e8d49076ab85fa486347616b42dbc0912a58b9c140ca6e2,"{""config"":[""X+"",""X""],""d"":7,""p"":0.0043076923076923075}",
      3072,         1,         0,   0.034,pymatching,082955c518b24bd60c17f3af52bf5862d964bf74023753b47da27119da6b0a49,"{""config"":[""X+"",""X""],""d"":7,""p"":0.003238461538461538}",
      2048,        68,         0,   0.062,pymatching,c48a13a7d498dce35d18b2e027ba9c44aa02977ef7b043c12b97c8b42a9bf706,"{""config"":[""X+"",""X""],""d"":7,""p"":0.009297435897435898}",
      5120,       105,         0,   0.111,pymatching,6aa347dd498ef9eab5063a08f336e609f14f0e078992c644e8370c8e3e95fdc5,"{""config"":[""X+"",""X""],""d"":7,""p"":0.007515384615384615}",
      2048,       108,         0,   0.067,pymatching,0a0fa3fb2e2a7c7c004b0728d3d81adff078a454172fb00260d0a28337b59b58,"{""config"":[""X+"",""X""],""d"":7,""p"":0.009653846153846153}",
     16621,        18,         0,   0.166,pymatching,082955c518b24bd60c17f3af52bf5862d964bf74023753b47da27119da6b0a49,"{""config"":[""X+"",""X""],""d"":7,""p"":0.003238461538461538}",
     27648,        41,         0,   0.291,pymatching,7236879ddc1304042a8322f1a3f6274c3fbdb49118d290a3484ab208161cd894,"{""config"":[""X+"",""X""],""d"":7,""p"":0.0035948717948717946}",
     12288,       102,         0,   0.213,pymatching,c38f3fbcd05be71b19ac276a153e0c2484f355d31ecd184d275a4b399a271ace,"{""config"":[""X+"",""X""],""d"":7,""p"":0.00608974358974359}",
      5120,       121,         0,   0.119,pymatching,d8032c7aaa6000da39e4b676adf7a6db39d55d43680cbe13128b46e395971b69,"{""config"":[""X+"",""X""],""d"":7,""p"":0.007871794871794872}",
     23552,       543,         0,   0.593,pymatching,d8032c7aaa6000da39e4b676adf7a6db39d55d43680cbe13128b46e395971b69,"{""config"":[""X+"",""X""],""d"":7,""p"":0.007871794871794872}",
      2048,        67,         0,   0.058,pymatching,ec494b4727993ce701a9f353fb8d0b33061a04b472a8827628fb0d3c1a50c06e,"{""config"":[""X+"",""X""],""d"":7,""p"":0.00894102564102564}",
      3072,         9,         0,   0.043,pymatching,8330916b8be5d1095e8d49076ab85fa486347616b42dbc0912a58b9c140ca6e2,"{""config"":[""X+"",""X""],""d"":7,""p"":0.0043076923076923075}",
      3072,         7,         0,   0.046,pymatching,7236879ddc1304042a8322f1a3f6274c3fbdb49118d290a3484ab208161cd894,"{""config"":[""X+"",""X""],""d"":7,""p"":0.0035948717948717946}",
     63488,      1750,         0,    1.57,pymatching,41c2474327ea7943aa544757a21c759d7876f17f25a502ce90be6f75aaaff781,"{""config"":[""X+"",""X""],""d"":7,""p"":0.008228205128205128}",
      3072,         1,         0,   0.044,pymatching,082955c518b24bd60c17f3af52bf5862d964bf74023753b47da27119da6b0a49,"{""config"":[""X+"",""X""],""d"":7,""p"":0.003238461538461538}",
      3072,         6,         0,   0.052,pymatching,3017794d13067d71bbe69fc9a487c4d5a46e9c4e42027a610cbc4e396de22ffb,"{""config"":[""X+"",""X""],""d"":7,""p"":0.003951282051282051}",
     23552,       440,         0,   0.586,pymatching,6aa347dd498ef9eab5063a08f336e609f14f0e078992c644e8370c8e3e95fdc5,"{""config"":[""X+"",""X""],""d"":7,""p"":0.007515384615384615}",
      2048,       112,         0,   0.069,pymatching,5de7814fecb77d1c90db56389c6856da3bdd9a777672366f1e77933b35d0d4bb,"{""config"":[""X+"",""X""],""d"":7,""p"":0.010010256410256409}",
     11698,         7,         0,   0.131,pymatching,082955c518b24bd60c17f3af52bf5862d964bf74023753b47da27119da6b0a49,"{""config"":[""X+"",""X""],""d"":7,""p"":0.003238461538461538}",
     55296,      2244,         0,    1.57,pymatching,c48a13a7d498dce35d18b2e027ba9c44aa02977ef7b043c12b97c8b42a9bf706,"{""config"":[""X+"",""X""],""d"":7,""p"":0.009297435897435898}",
      4096,        91,         0,   0.109,pymatching,41c2474327ea7943aa544757a21c759d7876f17f25a502ce90be6f75aaaff781,"{""config"":[""X+"",""X""],""d"":7,""p"":0.008228205128205128}",
     15360,       641,         0,   0.414,pymatching,c48a13a7d498dce35d18b2e027ba9c44aa02977ef7b043c12b97c8b42a9bf706,"{""config"":[""X+"",""X""],""d"":7,""p"":0.009297435897435898}",
     62464,      2227,         0,    1.55,pymatching,ec494b4727993ce701a9f353fb8d0b33061a04b472a8827628fb0d3c1a50c06e,"{""config"":[""X+"",""X""],""d"":7,""p"":0.00894102564102564}",
      3072,        85,         0,   0.114,pymatching,227de2d86eeda9bea1a6f8078969462458ae0b33e00660b16aba1e8327ed3482,"{""config"":[""X+"",""X""],""d"":7,""p"":0.008584615384615385}",
      2048,        86,         0,   0.085,pymatching,0a0fa3fb2e2a7c7c004b0728d3d81adff078a454172fb00260d0a28337b59b58,"{""config"":[""X+"",""X""],""d"":7,""p"":0.009653846153846153}",
      4096,         1,         0,   0.056,pymatching,8330916b8be5d1095e8d49076ab85fa486347616b42dbc0912a58b9c140ca6e2,"{""config"":[""X+"",""X""],""d"":7,""p"":0.0043076923076923075}",
      8006,        10,         0,   0.093,pymatching,082955c518b24bd60c17f3af52bf5862d964bf74023753b47da27119da6b0a49,"{""config"":[""X+"",""X""],""d"":7,""p"":0.003238461538461538}",
      2048,        74,         0,   0.060,pymatching,ec494b4727993ce701a9f353fb8d0b33061a04b472a8827628fb0d3c1a50c06e,"{""config"":[""X+"",""X""],""d"":7,""p"":0.00894102564102564}",
      4096,         4,         0,   0.059,pymatching,7236879ddc1304042a8322f1a3f6274c3fbdb49118d290a3484ab208161cd894,"{""config"":[""X+"",""X""],""d"":7,""p"":0.0035948717948717946}",
      1024,        55,         0,   0.032,pymatching,c48a13a7d498dce35d18b2e027ba9c44aa02977ef7b043c12b97c8b42a9bf706,"{""config"":[""X+"",""X""],""d"":7,""p"":0.009297435897435898}",
      3072,       117,         0,   0.097,pymatching,c48a13a7d498dce35d18b2e027ba9c44aa02977ef7b043c12b97c8b42a9bf706,"{""config"":[""X+"",""X""],""d"":7,""p"":0.009297435897435898}",
     14336,       513,         0,   0.398,pymatching,ec494b4727993ce701a9f353fb8d0b33061a04b472a8827628fb0d3c1a50c06e,"{""config"":[""X+"",""X""],""d"":7,""p"":0.00894102564102564}",
      4096,         2,         0,   0.062,pymatching,082955c518b24bd60c17f3af52bf5862d964bf74023753b47da27119da6b0a49,"{""config"":[""X+"",""X""],""d"":7,""p"":0.003238461538461538}",
      4096,        11,         0,   0.059,pymatching,3017794d13067d71bbe69fc9a487c4d5a46e9c4e42027a610cbc4e396de22ffb,"{""config"":[""X+"",""X""],""d"":7,""p"":0.003951282051282051}",
      7168,         2,         0,   0.080,pymatching,082955c518b24bd60c17f3af52bf5862d964bf74023753b47da27119da6b0a49,"{""config"":[""X+"",""X""],""d"":7,""p"":0.003238461538461538}",
     57878,        55,         0,   0.667,pymatching,7236879ddc1304042a8322f1a3f6274c3fbdb49118d290a3484ab208161cd894,"{""config"":[""X+"",""X""],""d"":7,""p"":0.0035948717948717946}",
      1024,        39,         0,   0.028,pymatching,ec494b4727993ce701a9f353fb8d0b33061a04b472a8827628fb0d3c1a50c06e,"{""config"":[""X+"",""X""],""d"":7,""p"":0.00894102564102564}",
       838,         0,         0,   0.010,pymatching,082955c518b24bd60c17f3af52bf5862d964bf74023753b47da27119da6b0a49,"{""config"":[""X+"",""X""],""d"":7,""p"":0.003238461538461538}",
      1999,         0,         0,   0.024,pymatching,082955c518b24bd60c17f3af52bf5862d964bf74023753b47da27119da6b0a49,"{""config"":[""X+"",""X""],""d"":7,""p"":0.003238461538461538}",
     52224,      2436,         0,    1.58,pymatching,0a0fa3fb2e2a7c7c004b0728d3d81adff078a454172fb00260d0a28337b59b58,"{""config"":[""X+"",""X""],""d"":7,""p"":0.009653846153846153}",
     38912,        40,         0,   0.475,pymatching,7236879ddc1304042a8322f1a3f6274c3fbdb49118d290a3484ab208161cd894,"{""config"":[""X+"",""X""],""d"":7,""p"":0.0035948717948717946}",
      7168,        81,         0,   0.147,pymatching,23c6762b737c8f172d70a38cb24337e07ab695cfa3677a29c39ada478a50c087,"{""config"":[""X+"",""X""],""d"":7,""p"":0.006446153846153846}",
      6004,         8,         0,   0.068,pymatching,082955c518b24bd60c17f3af52bf5862d964bf74023753b47da27119da6b0a49,"{""config"":[""X+"",""X""],""d"":7,""p"":0.003238461538461538}",
      3072,         2,         0,   0.040,pymatching,082955c518b24bd60c17f3af52bf5862d964bf74023753b47da27119da6b0a49,"{""config"":[""X+"",""X""],""d"":7,""p"":0.003238461538461538}",
      7168,       117,         0,   0.162,pymatching,f386f3dbd4a32ae34d04b6483c8b0485cf353fc6c027dc42cac209eb6d9f0692,"{""config"":[""X+"",""X""],""d"":7,""p"":0.007158974358974359}",
       210,         1,         0,   0.003,pymatching,082955c518b24bd60c17f3af52bf5862d964bf74023753b47da27119da6b0a49,"{""config"":[""X+"",""X""],""d"":7,""p"":0.003238461538461538}",
       210,         0,         0,   0.002,pymatching,082955c518b24bd60c17f3af52bf5862d964bf74023753b47da27119da6b0a49,"{""config"":[""X+"",""X""],""d"":7,""p"":0.003238461538461538}",
      6144,        85,         0,   0.168,pymatching,44206ae84723ba1ca5b7b273593872b991680c9ab3e4933e072fe09f027cc7ef,"{""config"":[""X+"",""X""],""d"":7,""p"":0.006802564102564103}",
      6144,       112,         0,   0.147,pymatching,6aa347dd498ef9eab5063a08f336e609f14f0e078992c644e8370c8e3e95fdc5,"{""config"":[""X+"",""X""],""d"":7,""p"":0.007515384615384615}",
       157,         1,         0,   0.002,pymatching,082955c518b24bd60c17f3af52bf5862d964bf74023753b47da27119da6b0a49,"{""config"":[""X+"",""X""],""d"":7,""p"":0.003238461538461538}",
       157,         0,         0,   0.002,pymatching,082955c518b24bd60c17f3af52bf5862d964bf74023753b47da27119da6b0a49,"{""config"":[""X+"",""X""],""d"":7,""p"":0.003238461538461538}",
      3072,       157,         0,   0.100,pymatching,5de7814fecb77d1c90db56389c6856da3bdd9a777672366f1e77933b35d0d4bb,"{""config"":[""X+"",""X""],""d"":7,""p"":0.010010256410256409}",
     12288,       566,         0,   0.413,pymatching,0a0fa3fb2e2a7c7c004b0728d3d81adff078a454172fb00260d0a28337b59b58,"{""config"":[""X+"",""X""],""d"":7,""p"":0.009653846153846153}",
     21504,        37,         0,   0.299,pymatching,3017794d13067d71bbe69fc9a487c4d5a46e9c4e42027a610cbc4e396de22ffb,"{""config"":[""X+"",""X""],""d"":7,""p"":0.003951282051282051}",
        51,         0,         0,   0.001,pymatching,082955c518b24bd60c17f3af52bf5862d964bf74023753b47da27119da6b0a49,"{""config"":[""X+"",""X""],""d"":7,""p"":0.003238461538461538}",
      2048,        92,         0,   0.072,pymatching,0a0fa3fb2e2a7c7c004b0728d3d81adff078a454172fb00260d0a28337b59b58,"{""config"":[""X+"",""X""],""d"":7,""p"":0.009653846153846153}",
        26,         0,         0,   0.001,pymatching,082955c518b24bd60c17f3af52bf5862d964bf74023753b47da27119da6b0a49,"{""config"":[""X+"",""X""],""d"":7,""p"":0.003238461538461538}",
     22528,       675,         0,   0.581,pymatching,227de2d86eeda9bea1a6f8078969462458ae0b33e00660b16aba1e8327ed3482,"{""config"":[""X+"",""X""],""d"":7,""p"":0.008584615384615385}",
        13,         0,         0,   0.001,pymatching,082955c518b24bd60c17f3af52bf5862d964bf74023753b47da27119da6b0a49,"{""config"":[""X+"",""X""],""d"":7,""p"":0.003238461538461538}",
      1024,        58,         0,   0.041,pymatching,0a0fa3fb2e2a7c7c004b0728d3d81adff078a454172fb00260d0a28337b59b58,"{""config"":[""X+"",""X""],""d"":7,""p"":0.009653846153846153}",
      6144,         9,         0,   0.082,pymatching,8330916b8be5d1095e8d49076ab85fa486347616b42dbc0912a58b9c140ca6e2,"{""config"":[""X+"",""X""],""d"":7,""p"":0.0043076923076923075}",
      6144,         6,         0,   0.079,pymatching,7236879ddc1304042a8322f1a3f6274c3fbdb49118d290a3484ab208161cd894,"{""config"":[""X+"",""X""],""d"":7,""p"":0.0035948717948717946}",
         7,         0,         0,   0.001,pymatching,082955c518b24bd60c17f3af52bf5862d964bf74023753b47da27119da6b0a49,"{""config"":[""X+"",""X""],""d"":7,""p"":0.003238461538461538}",
      6144,       131,         0,   0.151,pymatching,d8032c7aaa6000da39e4b676adf7a6db39d55d43680cbe13128b46e395971b69,"{""config"":[""X+"",""X""],""d"":7,""p"":0.007871794871794872}",
     12288,       679,         0,   0.418,pymatching,5de7814fecb77d1c90db56389c6856da3bdd9a777672366f1e77933b35d0d4bb,"{""config"":[""X+"",""X""],""d"":7,""p"":0.010010256410256409}",
     83649,       143,         0,    1.05,pymatching,3017794d13067d71bbe69fc9a487c4d5a46e9c4e42027a610cbc4e396de22ffb,"{""config"":[""X+"",""X""],""d"":7,""p"":0.003951282051282051}",
      5120,        10,         0,   0.086,pymatching,3017794d13067d71bbe69fc9a487c4d5a46e9c4e42027a610cbc4e396de22ffb,"{""config"":[""X+"",""X""],""d"":7,""p"":0.003951282051282051}",
      1297,         3,         0,   0.022,pymatching,b91760ea78cf9f4833c45a5ecc1020af69d569f33061d60ac02f8c5f0093edff,"{""config"":[""X+"",""X""],""d"":7,""p"":0.004664102564102564}",
         4,         0,         0,   0.001,pymatching,082955c518b24bd60c17f3af52bf5862d964bf74023753b47da27119da6b0a49,"{""config"":[""X+"",""X""],""d"":7,""p"":0.003238461538461538}",
         3,         0,         0,   0.000,pymatching,082955c518b24bd60c17f3af52bf5862d964bf74023753b47da27119da6b0a49,"{""config"":[""X+"",""X""],""d"":7,""p"":0.003238461538461538}",
     18432,        37,         0,   0.297,pymatching,8330916b8be5d1095e8d49076ab85fa486347616b42dbc0912a58b9c140ca6e2,"{""config"":[""X+"",""X""],""d"":7,""p"":0.0043076923076923075}",
      1297,         4,         0,   0.024,pymatching,7c53fb4e615d31e5d4c99bf35992fe8d9581d34af76bf8d8eb41aacc4eb492e8,"{""config"":[""X+"",""X""],""d"":7,""p"":0.005376923076923077}",
      1297,         4,         0,   0.023,pymatching,ee0990691a329ed8e229b152d184ce2d683d0c3d6b834929772c40e736d548ee,"{""config"":[""X+"",""X""],""d"":7,""p"":0.00502051282051282}",
     54272,        77,         0,   0.710,pymatching,3017794d13067d71bbe69fc9a487c4d5a46e9c4e42027a610cbc4e396de22ffb,"{""config"":[""X+"",""X""],""d"":7,""p"":0.003951282051282051}",
      1024,         3,         0,   0.016,pymatching,b91760ea78cf9f4833c45a5ecc1020af69d569f33061d60ac02f8c5f0093edff,"{""config"":[""X+"",""X""],""d"":7,""p"":0.004664102564102564}",
      1024,         1,         0,   0.016,pymatching,ee0990691a329ed8e229b152d184ce2d683d0c3d6b834929772c40e736d548ee,"{""config"":[""X+"",""X""],""d"":7,""p"":0.00502051282051282}",
      1024,         6,         0,   0.017,pymatching,7c53fb4e615d31e5d4c99bf35992fe8d9581d34af76bf8d8eb41aacc4eb492e8,"{""config"":[""X+"",""X""],""d"":7,""p"":0.005376923076923077}",
      1297,         9,         0,   0.026,pymatching,0e55159f8cc3e9ff5036fc15139dd300d40c086444c609c580809a7d5005181b,"{""config"":[""X+"",""X""],""d"":7,""p"":0.005733333333333333}",
      1297,        14,         0,   0.027,pymatching,c38f3fbcd05be71b19ac276a153e0c2484f355d31ecd184d275a4b399a271ace,"{""config"":[""X+"",""X""],""d"":7,""p"":0.00608974358974359}",
      1297,        17,         0,   0.029,pymatching,23c6762b737c8f172d70a38cb24337e07ab695cfa3677a29c39ada478a50c087,"{""config"":[""X+"",""X""],""d"":7,""p"":0.006446153846153846}",
      6144,       157,         0,   0.163,pymatching,41c2474327ea7943aa544757a21c759d7876f17f25a502ce90be6f75aaaff781,"{""config"":[""X+"",""X""],""d"":7,""p"":0.008228205128205128}",
      1024,         7,         0,   0.019,pymatching,0e55159f8cc3e9ff5036fc15139dd300d40c086444c609c580809a7d5005181b,"{""config"":[""X+"",""X""],""d"":7,""p"":0.005733333333333333}",
      2048,         6,         0,   0.031,pymatching,b91760ea78cf9f4833c45a5ecc1020af69d569f33061d60ac02f8c5f0093edff,"{""config"":[""X+"",""X""],""d"":7,""p"":0.004664102564102564}",
      1024,        11,         0,   0.020,pymatching,c38f3fbcd05be71b19ac276a153e0c2484f355d31ecd184d275a4b399a271ace,"{""config"":[""X+"",""X""],""d"":7,""p"":0.00608974358974359}",
      1024,        12,         0,   0.022,pymatching,23c6762b737c8f172d70a38cb24337e07ab695cfa3677a29c39ada478a50c087,"{""config"":[""X+"",""X""],""d"":7,""p"":0.006446153846153846}",
     15360,        54,         0,   0.297,pymatching,ee0990691a329ed8e229b152d184ce2d683d0c3d6b834929772c40e736d548ee,"{""config"":[""X+"",""X""],""d"":7,""p"":0.00502051282051282}",
      2048,         6,         0,   0.032,pymatching,ee0990691a329ed8e229b152d184ce2d683d0c3d6b834929772c40e736d548ee,"{""config"":[""X+"",""X""],""d"":7,""p"":0.00502051282051282}",
     49152,      2573,         0,    1.56,pymatching,5de7814fecb77d1c90db56389c6856da3bdd9a777672366f1e77933b35d0d4bb,"{""config"":[""X+"",""X""],""d"":7,""p"":0.010010256410256409}",
      2048,        25,         0,   0.034,pymatching,7c53fb4e615d31e5d4c99bf35992fe8d9581d34af76bf8d8eb41aacc4eb492e8,"{""config"":[""X+"",""X""],""d"":7,""p"":0.005376923076923077}",
     23552,       658,         0,   0.590,pymatching,41c2474327ea7943aa544757a21c759d7876f17f25a502ce90be6f75aaaff781,"{""config"":[""X+"",""X""],""d"":7,""p"":0.008228205128205128}",
     16384,        47,         0,   0.294,pymatching,b91760ea78cf9f4833c45a5ecc1020af69d569f33061d60ac02f8c5f0093edff,"{""config"":[""X+"",""X""],""d"":7,""p"":0.004664102564102564}",
      3072,       154,         0,   0.103,pymatching,5de7814fecb77d1c90db56389c6856da3bdd9a777672366f1e77933b35d0d4bb,"{""config"":[""X+"",""X""],""d"":7,""p"":0.010010256410256409}",
     16384,        77,         0,   0.294,pymatching,7c53fb4e615d31e5d4c99bf35992fe8d9581d34af76bf8d8eb41aacc4eb492e8,"{""config"":[""X+"",""X""],""d"":7,""p"":0.005376923076923077}",
      1024,        14,         0,   0.021,pymatching,23c6762b737c8f172d70a38cb24337e07ab695cfa3677a29c39ada478a50c087,"{""config"":[""X+"",""X""],""d"":7,""p"":0.006446153846153846}",
      6144,       197,         0,   0.176,pymatching,227de2d86eeda9bea1a6f8078969462458ae0b33e00660b16aba1e8327ed3482,"{""config"":[""X+"",""X""],""d"":7,""p"":0.008584615384615385}",
      2048,         3,         0,   0.030,pymatching,b91760ea78cf9f4833c45a5ecc1020af69d569f33061d60ac02f8c5f0093edff,"{""config"":[""X+"",""X""],""d"":7,""p"":0.004664102564102564}",
     10424,        10,         0,   0.127,pymatching,7236879ddc1304042a8322f1a3f6274c3fbdb49118d290a3484ab208161cd894,"{""config"":[""X+"",""X""],""d"":7,""p"":0.0035948717948717946}",
      2048,        19,         0,   0.037,pymatching,0e55159f8cc3e9ff5036fc15139dd300d40c086444c609c580809a7d5005181b,"{""config"":[""X+"",""X""],""d"":7,""p"":0.005733333333333333}",
     88001,       172,         0,    1.13,pymatching,8330916b8be5d1095e8d49076ab85fa486347616b42dbc0912a58b9c140ca6e2,"{""config"":[""X+"",""X""],""d"":7,""p"":0.0043076923076923075}",
     21504,        26,         0,   0.259,pymatching,7236879ddc1304042a8322f1a3f6274c3fbdb49118d290a3484ab208161cd894,"{""config"":[""X+"",""X""],""d"":7,""p"":0.0035948717948717946}",
      2048,        21,         0,   0.039,pymatching,c38f3fbcd05be71b19ac276a153e0c2484f355d31ecd184d275a4b399a271ace,"{""config"":[""X+"",""X""],""d"":7,""p"":0.00608974358974359}",
      2048,         4,         0,   0.031,pymatching,ee0990691a329ed8e229b152d184ce2d683d0c3d6b834929772c40e736d548ee,"{""config"":[""X+"",""X""],""d"":7,""p"":0.00502051282051282}",
      1297,        16,         0,   0.031,pymatching,f386f3dbd4a32ae34d04b6483c8b0485cf353fc6c027dc42cac209eb6d9f0692,"{""config"":[""X+"",""X""],""d"":7,""p"":0.007158974358974359}",
     12288,        78,         0,   0.288,pymatching,0e55159f8cc3e9ff5036fc15139dd300d40c086444c609c580809a7d5005181b,"{""config"":[""X+"",""X""],""d"":7,""p"":0.005733333333333333}",
     54272,       123,         0,   0.772,pymatching,8330916b8be5d1095e8d49076ab85fa486347616b42dbc0912a58b9c140ca6e2,"{""config"":[""X+"",""X""],""d"":7,""p"":0.0043076923076923075}",
      1297,        26,         0,   0.033,pymatching,6aa347dd498ef9eab5063a08f336e609f14f0e078992c644e8370c8e3e95fdc5,"{""config"":[""X+"",""X""],""d"":7,""p"":0.007515384615384615}",
      1024,        65,         0,   0.035,pymatching,5de7814fecb77d1c90db56389c6856da3bdd9a777672366f1e77933b35d0d4bb,"{""config"":[""X+"",""X""],""d"":7,""p"":0.010010256410256409}",
      2048,         8,         0,   0.034,pymatching,7c53fb4e615d31e5d4c99bf35992fe8d9581d34af76bf8d8eb41aacc4eb492e8,"{""config"":[""X+"",""X""],""d"":7,""p"":0.005376923076923077}",
      3072,       149,         0,   0.101,pymatching,5de7814fecb77d1c90db56389c6856da3bdd9a777672366f1e77933b35d0d4bb,"{""config"":[""X+"",""X""],""d"":7,""p"":0.010010256410256409}",
      8192,        19,         0,   0.114,pymatching,8330916b8be5d1095e8d49076ab85fa486347616b42dbc0912a58b9c140ca6e2,"{""config"":[""X+"",""X""],""d"":7,""p"":0.0043076923076923075}",
      9216,         6,         0,   0.112,pymatching,7236879ddc1304042a8322f1a3f6274c3fbdb49118d290a3484ab208161cd894,"{""config"":[""X+"",""X""],""d"":7,""p"":0.0035948717948717946}",
     54272,       151,         0,   0.795,pymatching,b91760ea78cf9f4833c45a5ecc1020af69d569f33061d60ac02f8c5f0093edff,"{""config"":[""X+"",""X""],""d"":7,""p"":0.004664102564102564}",
      1297,        19,         0,   0.030,pymatching,44206ae84723ba1ca5b7b273593872b991680c9ab3e4933e072fe09f027cc7ef,"{""config"":[""X+"",""X""],""d"":7,""p"":0.006802564102564103}",
      7168,        10,         0,   0.112,pymatching,3017794d13067d71bbe69fc9a487c4d5a46e9c4e42027a610cbc4e396de22ffb,"{""config"":[""X+"",""X""],""d"":7,""p"":0.003951282051282051}",
      2048,        26,         0,   0.041,pymatching,23c6762b737c8f172d70a38cb24337e07ab695cfa3677a29c39ada478a50c087,"{""config"":[""X+"",""X""],""d"":7,""p"":0.006446153846153846}",
      1024,        17,         0,   0.024,pymatching,f386f3dbd4a32ae34d04b6483c8b0485cf353fc6c027dc42cac209eb6d9f0692,"{""config"":[""X+"",""X""],""d"":7,""p"":0.007158974358974359}",
      2048,        12,         0,   0.035,pymatching,0e55159f8cc3e9ff5036fc15139dd300d40c086444c609c580809a7d5005181b,"{""config"":[""X+"",""X""],""d"":7,""p"":0.005733333333333333}",
      1024,        18,         0,   0.025,pymatching,6aa347dd498ef9eab5063a08f336e609f14f0e078992c644e8370c8e3e95fdc5,"{""config"":[""X+"",""X""],""d"":7,""p"":0.007515384615384615}",
      2048,        18,         0,   0.037,pymatching,c38f3fbcd05be71b19ac276a153e0c2484f355d31ecd184d275a4b399a271ace,"{""config"":[""X+"",""X""],""d"":7,""p"":0.00608974358974359}",
      1024,        14,         0,   0.021,pymatching,44206ae84723ba1ca5b7b273593872b991680c9ab3e4933e072fe09f027cc7ef,"{""config"":[""X+"",""X""],""d"":7,""p"":0.006802564102564103}",
      3072,        10,         0,   0.048,pymatching,b91760ea78cf9f4833c45a5ecc1020af69d569f33061d60ac02f8c5f0093edff,"{""config"":[""X+"",""X""],""d"":7,""p"":0.004664102564102564}",
     14336,       116,         0,   0.295,pymatching,c38f3fbcd05be71b19ac276a153e0c2484f355d31ecd184d275a4b399a271ace,"{""config"":[""X+"",""X""],""d"":7,""p"":0.00608974358974359}",
       273,        12,         0,   0.010,pymatching,227de2d86eeda9bea1a6f8078969462458ae0b33e00660b16aba1e8327ed3482,"{""config"":[""X+"",""X""],""d"":7,""p"":0.008584615384615385}",
      3072,        12,         0,   0.047,pymatching,ee0990691a329ed8e229b152d184ce2d683d0c3d6b834929772c40e736d548ee,"{""config"":[""X+"",""X""],""d"":7,""p"":0.00502051282051282}",
     49152,       276,         0,   0.791,pymatching,7c53fb4e615d31e5d4c99bf35992fe8d9581d34af76bf8d8eb41aacc4eb492e8,"{""config"":[""X+"",""X""],""d"":7,""p"":0.005376923076923077}",
     13312,        11,         0,   0.185,pymatching,7236879ddc1304042a8322f1a3f6274c3fbdb49118d290a3484ab208161cd894,"{""config"":[""X+"",""X""],""d"":7,""p"":0.0035948717948717946}",
      1024,        22,         0,   0.023,pymatching,f386f3dbd4a32ae34d04b6483c8b0485cf353fc6c027dc42cac209eb6d9f0692,"{""config"":[""X+"",""X""],""d"":7,""p"":0.007158974358974359}",
     52224,       217,         0,   0.804,pymatching,ee0990691a329ed8e229b152d184ce2d683d0c3d6b834929772c40e736d548ee,"{""config"":[""X+"",""X""],""d"":7,""p"":0.00502051282051282}",
      1024,        25,         0,   0.024,pymatching,6aa347dd498ef9eab5063a08f336e609f14f0e078992c644e8370c8e3e95fdc5,"{""config"":[""X+"",""X""],""d"":7,""p"":0.007515384615384615}",
     75776,       257,         0,    1.14,pymatching,b91760ea78cf9f4833c45a5ecc1020af69d569f33061d60ac02f8c5f0093edff,"{""config"":[""X+"",""X""],""d"":7,""p"":0.004664102564102564}",
      3072,        13,         0,   0.051,pymatching,7c53fb4e615d31e5d4c99bf35992fe8d9581d34af76bf8d8eb41aacc4eb492e8,"{""config"":[""X+"",""X""],""d"":7,""p"":0.005376923076923077}",
      1024,        11,         0,   0.021,pymatching,44206ae84723ba1ca5b7b273593872b991680c9ab3e4933e072fe09f027cc7ef,"{""config"":[""X+"",""X""],""d"":7,""p"":0.006802564102564103}",
       287,         0,         0,   0.004,pymatching,7236879ddc1304042a8322f1a3f6274c3fbdb49118d290a3484ab208161cd894,"{""config"":[""X+"",""X""],""d"":7,""p"":0.0035948717948717946}",
      1297,        38,         0,   0.034,pymatching,d8032c7aaa6000da39e4b676adf7a6db39d55d43680cbe13128b46e395971b69,"{""config"":[""X+"",""X""],""d"":7,""p"":0.007871794871794872}",
      2048,        23,         0,   0.041,pymatching,23c6762b737c8f172d70a38cb24337e07ab695cfa3677a29c39ada478a50c087,"{""config"":[""X+"",""X""],""d"":7,""p"":0.006446153846153846}",
      1297,        39,         0,   0.036,pymatching,41c2474327ea7943aa544757a21c759d7876f17f25a502ce90be6f75aaaff781,"{""config"":[""X+"",""X""],""d"":7,""p"":0.008228205128205128}",
      1024,        35,         0,   0.028,pymatching,227de2d86eeda9bea1a6f8078969462458ae0b33e00660b16aba1e8327ed3482,"{""config"":[""X+"",""X""],""d"":7,""p"":0.008584615384615385}",
      2048,        14,         0,   0.040,pymatching,c38f3fbcd05be71b19ac276a153e0c2484f355d31ecd184d275a4b399a271ace,"{""config"":[""X+"",""X""],""d"":7,""p"":0.00608974358974359}",
     11264,       104,         0,   0.222,pymatching,23c6762b737c8f172d70a38cb24337e07ab695cfa3677a29c39ada478a50c087,"{""config"":[""X+"",""X""],""d"":7,""p"":0.006446153846153846}",
      3072,        23,         0,   0.054,pymatching,0e55159f8cc3e9ff5036fc15139dd300d40c086444c609c580809a7d5005181b,"{""config"":[""X+"",""X""],""d"":7,""p"":0.005733333333333333}",
     47104,       353,         0,   0.802,pymatching,0e55159f8cc3e9ff5036fc15139dd300d40c086444c609c580809a7d5005181b,"{""config"":[""X+"",""X""],""d"":7,""p"":0.005733333333333333}",
      8192,        89,         0,   0.218,pymatching,44206ae84723ba1ca5b7b273593872b991680c9ab3e4933e072fe09f027cc7ef,"{""config"":[""X+"",""X""],""d"":7,""p"":0.006802564102564103}",
      1024,        29,         0,   0.025,pymatching,d8032c7aaa6000da39e4b676adf7a6db39d55d43680cbe13128b46e395971b69,"{""config"":[""X+"",""X""],""d"":7,""p"":0.007871794871794872}",
      9216,       152,         0,   0.218,pymatching,6aa347dd498ef9eab5063a08f336e609f14f0e078992c644e8370c8e3e95fdc5,"{""config"":[""X+"",""X""],""d"":7,""p"":0.007515384615384615}",
      2048,        25,         0,   0.044,pymatching,f386f3dbd4a32ae34d04b6483c8b0485cf353fc6c027dc42cac209eb6d9f0692,"{""config"":[""X+"",""X""],""d"":7,""p"":0.007158974358974359}",
      3072,         7,         0,   0.055,pymatching,b91760ea78cf9f4833c45a5ecc1020af69d569f33061d60ac02f8c5f0093edff,"{""config"":[""X+"",""X""],""d"":7,""p"":0.004664102564102564}",
     10240,       162,         0,   0.227,pymatching,f386f3dbd4a32ae34d04b6483c8b0485cf353fc6c027dc42cac209eb6d9f0692,"{""config"":[""X+"",""X""],""d"":7,""p"":0.007158974358974359}",
      1024,        31,         0,   0.027,pymatching,41c2474327ea7943aa544757a21c759d7876f17f25a502ce90be6f75aaaff781,"{""config"":[""X+"",""X""],""d"":7,""p"":0.008228205128205128}",
      2211,         1,         0,   0.026,pymatching,7236879ddc1304042a8322f1a3f6274c3fbdb49118d290a3484ab208161cd894,"{""config"":[""X+"",""X""],""d"":7,""p"":0.0035948717948717946}",
      8192,        15,         0,   0.097,pymatching,7236879ddc1304042a8322f1a3f6274c3fbdb49118d290a3484ab208161cd894,"{""config"":[""X+"",""X""],""d"":7,""p"":0.0035948717948717946}",
      2048,        35,         0,   0.048,pymatching,6aa347dd498ef9eab5063a08f336e609f14f0e078992c644e8370c8e3e95fdc5,"{""config"":[""X+"",""X""],""d"":7,""p"":0.007515384615384615}",
      2048,        23,         0,   0.043,pymatching,44206ae84723ba1ca5b7b273593872b991680c9ab3e4933e072fe09f027cc7ef,"{""config"":[""X+"",""X""],""d"":7,""p"":0.006802564102564103}",
      1024,        19,         0,   0.028,pymatching,227de2d86eeda9bea1a6f8078969462458ae0b33e00660b16aba1e8327ed3482,"{""config"":[""X+"",""X""],""d"":7,""p"":0.008584615384615385}",
      7168,         5,         0,   0.101,pymatching,7236879ddc1304042a8322f1a3f6274c3fbdb49118d290a3484ab208161cd894,"{""config"":[""X+"",""X""],""d"":7,""p"":0.0035948717948717946}",
      4096,        29,         0,   0.062,pymatching,ee0990691a329ed8e229b152d184ce2d683d0c3d6b834929772c40e736d548ee,"{""config"":[""X+"",""X""],""d"":7,""p"":0.00502051282051282}",
      8192,        12,         0,   0.099,pymatching,7236879ddc1304042a8322f1a3f6274c3fbdb49118d290a3484ab208161cd894,"{""config"":[""X+"",""X""],""d"":7,""p"":0.0035948717948717946}",
      1024,        27,         0,   0.025,pymatching,d8032c7aaa6000da39e4b676adf7a6db39d55d43680cbe13128b46e395971b69,"{""config"":[""X+"",""X""],""d"":7,""p"":0.007871794871794872}",
       844,         2,         0,   0.010,pymatching,7236879ddc1304042a8322f1a3f6274c3fbdb49118d290a3484ab208161cd894,"{""config"":[""X+"",""X""],""d"":7,""p"":0.0035948717948717946}",
      1024,        25,         0,   0.027,pymatching,41c2474327ea7943aa544757a21c759d7876f17f25a502ce90be6f75aaaff781,"{""config"":[""X+"",""X""],""d"":7,""p"":0.008228205128205128}",
      4096,        19,         0,   0.067,pymatching,7c53fb4e615d31e5d4c99bf35992fe8d9581d34af76bf8d8eb41aacc4eb492e8,"{""config"":[""X+"",""X""],""d"":7,""p"":0.005376923076923077}",
      8192,       183,         0,   0.221,pymatching,d8032c7aaa6000da39e4b676adf7a6db39d55d43680cbe13128b46e395971b69,"{""config"":[""X+"",""X""],""d"":7,""p"":0.007871794871794872}",
      3072,        30,         0,   0.062,pymatching,23c6762b737c8f172d70a38cb24337e07ab695cfa3677a29c39ada478a50c087,"{""config"":[""X+"",""X""],""d"":7,""p"":0.006446153846153846}",
      1024,        37,         0,   0.029,pymatching,227de2d86eeda9bea1a6f8078969462458ae0b33e00660b16aba1e8327ed3482,"{""config"":[""X+"",""X""],""d"":7,""p"":0.008584615384615385}",
      1297,         2,         0,   0.020,pymatching,b91760ea78cf9f4833c45a5ecc1020af69d569f33061d60ac02f8c5f0093edff,"{""config"":[""X+"",""X""],""d"":7,""p"":0.004664102564102564}",
      3072,        24,         0,   0.055,pymatching,c38f3fbcd05be71b19ac276a153e0c2484f355d31ecd184d275a4b399a271ace,"{""config"":[""X+"",""X""],""d"":7,""p"":0.00608974358974359}",
      1024,         5,         0,   0.012,pymatching,7236879ddc1304042a8322f1a3f6274c3fbdb49118d290a3484ab208161cd894,"{""config"":[""X+"",""X""],""d"":7,""p"":0.0035948717948717946}",
       844,         0,         0,   0.013,pymatching,7236879ddc1304042a8322f1a3f6274c3fbdb49118d290a3484ab208161cd894,"{""config"":[""X+"",""X""],""d"":7,""p"":0.0035948717948717946}",
      1297,         3,         0,   0.021,pymatching,8330916b8be5d1095e8d49076ab85fa486347616b42dbc0912a58b9c140ca6e2,"{""config"":[""X+"",""X""],""d"":7,""p"":0.0043076923076923075}",
      3072,        31,         0,   0.054,pymatching,0e55159f8cc3e9ff5036fc15139dd300d40c086444c609c580809a7d5005181b,"{""config"":[""X+"",""X""],""d"":7,""p"":0.005733333333333333}",
      2048,        31,         0,   0.045,pymatching,f386f3dbd4a32ae34d04b6483c8b0485cf353fc6c027dc42cac209eb6d9f0692,"{""config"":[""X+"",""X""],""d"":7,""p"":0.007158974358974359}",
       806,         1,         0,   0.009,pymatching,7236879ddc1304042a8322f1a3f6274c3fbdb49118d290a3484ab208161cd894,"{""config"":[""X+"",""X""],""d"":7,""p"":0.0035948717948717946}",
      1163,         0,         0,   0.016,pymatching,7236879ddc1304042a8322f1a3f6274c3fbdb49118d290a3484ab208161cd894,"{""config"":[""X+"",""X""],""d"":7,""p"":0.0035948717948717946}",
       139,         0,         0,   0.002,pymatching,7236879ddc1304042a8322f1a3f6274c3fbdb49118d290a3484ab208161cd894,"{""config"":[""X+"",""X""],""d"":7,""p"":0.0035948717948717946}",
      2048,        34,         0,   0.042,pymatching,44206ae84723ba1ca5b7b273593872b991680c9ab3e4933e072fe09f027cc7ef,"{""config"":[""X+"",""X""],""d"":7,""p"":0.006802564102564103}",
       995,         1,         0,   0.012,pymatching,7236879ddc1304042a8322f1a3f6274c3fbdb49118d290a3484ab208161cd894,"{""config"":[""X+"",""X""],""d"":7,""p"":0.0035948717948717946}",
      1024,         1,         0,   0.014,pymatching,b91760ea78cf9f4833c45a5ecc1020af69d569f33061d60ac02f8c5f0093edff,"{""config"":[""X+"",""X""],""d"":7,""p"":0.004664102564102564}",
      2048,        35,         0,   0.048,pymatching,6aa347dd498ef9eab5063a08f336e609f14f0e078992c644e8370c8e3e95fdc5,"{""config"":[""X+"",""X""],""d"":7,""p"":0.007515384615384615}",
      1024,         2,         0,   0.016,pymatching,8330916b8be5d1095e8d49076ab85fa486347616b42dbc0912a58b9c140ca6e2,"{""config"":[""X+"",""X""],""d"":7,""p"":0.0043076923076923075}",
     75776,       282,         0,    1.16,pymatching,ee0990691a329ed8e229b152d184ce2d683d0c3d6b834929772c40e736d548ee,"{""config"":[""X+"",""X""],""d"":7,""p"":0.00502051282051282}",
      8192,       208,         0,   0.209,pymatching,41c2474327ea7943aa544757a21c759d7876f17f25a502ce90be6f75aaaff781,"{""config"":[""X+"",""X""],""d"":7,""p"":0.008228205128205128}",
      1297,         4,         0,   0.019,pymatching,3017794d13067d71bbe69fc9a487c4d5a46e9c4e42027a610cbc4e396de22ffb,"{""config"":[""X+"",""X""],""d"":7,""p"":0.003951282051282051}",
     11264,        26,         0,   0.154,pymatching,8330916b8be5d1095e8d49076ab85fa486347616b42dbc0912a58b9c140ca6e2,"{""config"":[""X+"",""X""],""d"":7,""p"":0.0043076923076923075}",
      2048,        38,         0,   0.048,pymatching,d8032c7aaa6000da39e4b676adf7a6db39d55d43680cbe13128b46e395971b69,"{""config"":[""X+"",""X""],""d"":7,""p"":0.007871794871794872}",
      5120,        14,         0,   0.075,pymatching,b91760ea78cf9f4833c45a5ecc1020af69d569f33061d60ac02f8c5f0093edff,"{""config"":[""X+"",""X""],""d"":7,""p"":0.004664102564102564}",
      2048,         5,         0,   0.029,pymatching,b91760ea78cf9f4833c45a5ecc1020af69d569f33061d60ac02f8c5f0093edff,"{""config"":[""X+"",""X""],""d"":7,""p"":0.004664102564102564}",
      2048,        54,         0,   0.052,pymatching,41c2474327ea7943aa544757a21c759d7876f17f25a502ce90be6f75aaaff781,"{""config"":[""X+"",""X""],""d"":7,""p"":0.008228205128205128}",
      2048,         6,         0,   0.028,pymatching,8330916b8be5d1095e8d49076ab85fa486347616b42dbc0912a58b9c140ca6e2,"{""config"":[""X+"",""X""],""d"":7,""p"":0.0043076923076923075}",
      5120,        11,         0,   0.076,pymatching,ee0990691a329ed8e229b152d184ce2d683d0c3d6b834929772c40e736d548ee,"{""config"":[""X+"",""X""],""d"":7,""p"":0.00502051282051282}",
     11264,        16,         0,   0.159,pymatching,3017794d13067d71bbe69fc9a487c4d5a46e9c4e42027a610cbc4e396de22ffb,"{""config"":[""X+"",""X""],""d"":7,""p"":0.003951282051282051}",
      2048,        69,         0,   0.056,pymatching,227de2d86eeda9bea1a6f8078969462458ae0b33e00660b16aba1e8327ed3482,"{""config"":[""X+"",""X""],""d"":7,""p"":0.008584615384615385}",
      2048,         4,         0,   0.026,pymatching,3017794d13067d71bbe69fc9a487c4d5a46e9c4e42027a610cbc4e396de22ffb,"{""config"":[""X+"",""X""],""d"":7,""p"":0.003951282051282051}",
      3072,        42,         0,   0.064,pymatching,f386f3dbd4a32ae34d04b6483c8b0485cf353fc6c027dc42cac209eb6d9f0692,"{""config"":[""X+"",""X""],""d"":7,""p"":0.007158974358974359}",
      2048,         3,         0,   0.029,pymatching,b91760ea78cf9f4833c45a5ecc1020af69d569f33061d60ac02f8c5f0093edff,"{""config"":[""X+"",""X""],""d"":7,""p"":0.004664102564102564}",
      3072,        55,         0,   0.062,pymatching,44206ae84723ba1ca5b7b273593872b991680c9ab3e4933e072fe09f027cc7ef,"{""config"":[""X+"",""X""],""d"":7,""p"":0.006802564102564103}",
      5120,        29,         0,   0.083,pymatching,7c53fb4e615d31e5d4c99bf35992fe8d9581d34af76bf8d8eb41aacc4eb492e8,"{""config"":[""X+"",""X""],""d"":7,""p"":0.005376923076923077}",
      2048,         2,         0,   0.028,pymatching,8330916b8be5d1095e8d49076ab85fa486347616b42dbc0912a58b9c140ca6e2,"{""config"":[""X+"",""X""],""d"":7,""p"":0.0043076923076923075}",
      4096,        30,         0,   0.080,pymatching,23c6762b737c8f172d70a38cb24337e07ab695cfa3677a29c39ada478a50c087,"{""config"":[""X+"",""X""],""d"":7,""p"":0.006446153846153846}",
      8192,       245,         0,   0.225,pymatching,227de2d86eeda9bea1a6f8078969462458ae0b33e00660b16aba1e8327ed3482,"{""config"":[""X+"",""X""],""d"":7,""p"":0.008584615384615385}",
     43008,       360,         0,   0.795,pymatching,c38f3fbcd05be71b19ac276a153e0c2484f355d31ecd184d275a4b399a271ace,"{""config"":[""X+"",""X""],""d"":7,""p"":0.00608974358974359}",
      2048,        47,         0,   0.049,pymatching,d8032c7aaa6000da39e4b676adf7a6db39d55d43680cbe13128b46e395971b69,"{""config"":[""X+"",""X""],""d"":7,""p"":0.007871794871794872}",
      2048,         3,         0,   0.026,pymatching,3017794d13067d71bbe69fc9a487c4d5a46e9c4e42027a610cbc4e396de22ffb,"{""config"":[""X+"",""X""],""d"":7,""p"":0.003951282051282051}",
     19456,       584,         0,   0.539,pymatching,227de2d86eeda9bea1a6f8078969462458ae0b33e00660b16aba1e8327ed3482,"{""config"":[""X+"",""X""],""d"":7,""p"":0.008584615384615385}",
      3072,        57,         0,   0.070,pymatching,6aa347dd498ef9eab5063a08f336e609f14f0e078992c644e8370c8e3e95fdc5,"{""config"":[""X+"",""X""],""d"":7,""p"":0.007515384615384615}",
     12288,       351,         0,   0.329,pymatching,227de2d86eeda9bea1a6f8078969462458ae0b33e00660b16aba1e8327ed3482,"{""config"":[""X+"",""X""],""d"":7,""p"":0.008584615384615385}",
      5120,        40,         0,   0.092,pymatching,c38f3fbcd05be71b19ac276a153e0c2484f355d31ecd184d275a4b399a271ace,"{""config"":[""X+"",""X""],""d"":7,""p"":0.00608974358974359}",
     40960,       431,         0,   0.799,pymatching,23c6762b737c8f172d70a38cb24337e07ab695cfa3677a29c39ada478a50c087,"{""config"":[""X+"",""X""],""d"":7,""p"":0.006446153846153846}",
      5120,        39,         0,   0.088,pymatching,0e55159f8cc3e9ff5036fc15139dd300d40c086444c609c580809a7d5005181b,"{""config"":[""X+"",""X""],""d"":7,""p"":0.005733333333333333}",
      2048,        49,         0,   0.051,pymatching,41c2474327ea7943aa544757a21c759d7876f17f25a502ce90be6f75aaaff781,"{""config"":[""X+"",""X""],""d"":7,""p"":0.008228205128205128}",
     25561,        44,         0,   0.346,pymatching,3017794d13067d71bbe69fc9a487c4d5a46e9c4e42027a610cbc4e396de22ffb,"{""config"":[""X+"",""X""],""d"":7,""p"":0.003951282051282051}",
     21504,        31,         0,   0.281,pymatching,3017794d13067d71bbe69fc9a487c4d5a46e9c4e42027a610cbc4e396de22ffb,"{""config"":[""X+"",""X""],""d"":7,""p"":0.003951282051282051}",
      1297,         2,         0,   0.021,pymatching,ee0990691a329ed8e229b152d184ce2d683d0c3d6b834929772c40e736d548ee,"{""config"":[""X+"",""X""],""d"":7,""p"":0.00502051282051282}",
     24576,        28,         0,   0.306,pymatching,3017794d13067d71bbe69fc9a487c4d5a46e9c4e42027a610cbc4e396de22ffb,"{""config"":[""X+"",""X""],""d"":7,""p"":0.003951282051282051}",
      1297,         7,         0,   0.026,pymatching,23c6762b737c8f172d70a38cb24337e07ab695cfa3677a29c39ada478a50c087,"{""config"":[""X+"",""X""],""d"":7,""p"":0.006446153846153846}",
      1024,        39,         0,   0.026,pymatching,227de2d86eeda9bea1a6f8078969462458ae0b33e00660b16aba1e8327ed3482,"{""config"":[""X+"",""X""],""d"":7,""p"":0.008584615384615385}",
      1297,         9,         0,   0.022,pymatching,0e55159f8cc3e9ff5036fc15139dd300d40c086444c609c580809a7d5005181b,"{""config"":[""X+"",""X""],""d"":7,""p"":0.005733333333333333}",
      2048,        53,         0,   0.058,pymatching,227de2d86eeda9bea1a6f8078969462458ae0b33e00660b16aba1e8327ed3482,"{""config"":[""X+"",""X""],""d"":7,""p"":0.008584615384615385}",
      3072,        14,         0,   0.044,pymatching,b91760ea78cf9f4833c45a5ecc1020af69d569f33061d60ac02f8c5f0093edff,"{""config"":[""X+"",""X""],""d"":7,""p"":0.004664102564102564}",
      3072,         4,         0,   0.039,pymatching,8330916b8be5d1095e8d49076ab85fa486347616b42dbc0912a58b9c140ca6e2,"{""config"":[""X+"",""X""],""d"":7,""p"":0.0043076923076923075}",
      1024,         7,         0,   0.015,pymatching,ee0990691a329ed8e229b152d184ce2d683d0c3d6b834929772c40e736d548ee,"{""config"":[""X+"",""X""],""d"":7,""p"":0.00502051282051282}",
      3072,         7,         0,   0.036,pymatching,3017794d13067d71bbe69fc9a487c4d5a46e9c4e42027a610cbc4e396de22ffb,"{""config"":[""X+"",""X""],""d"":7,""p"":0.003951282051282051}",
      1024,         8,         0,   0.019,pymatching,23c6762b737c8f172d70a38cb24337e07ab695cfa3677a29c39ada478a50c087,"{""config"":[""X+"",""X""],""d"":7,""p"":0.006446153846153846}",
      1024,         5,         0,   0.020,pymatching,0e55159f8cc3e9ff5036fc15139dd300d40c086444c609c580809a7d5005181b,"{""config"":[""X+"",""X""],""d"":7,""p"":0.005733333333333333}",
      1480,         1,         0,   0.022,pymatching,3017794d13067d71bbe69fc9a487c4d5a46e9c4e42027a610cbc4e396de22ffb,"{""config"":[""X+"",""X""],""d"":7,""p"":0.003951282051282051}",
      1297,         5,         0,   0.022,pymatching,7c53fb4e615d31e5d4c99bf35992fe8d9581d34af76bf8d8eb41aacc4eb492e8,"{""config"":[""X+"",""X""],""d"":7,""p"":0.005376923076923077}",
      1297,        13,         0,   0.024,pymatching,c38f3fbcd05be71b19ac276a153e0c2484f355d31ecd184d275a4b399a271ace,"{""config"":[""X+"",""X""],""d"":7,""p"":0.00608974358974359}",
      7168,        11,         0,   0.091,pymatching,3017794d13067d71bbe69fc9a487c4d5a46e9c4e42027a610cbc4e396de22ffb,"{""config"":[""X+"",""X""],""d"":7,""p"":0.003951282051282051}",
      2048,        11,         0,   0.031,pymatching,ee0990691a329ed8e229b152d184ce2d683d0c3d6b834929772c40e736d548ee,"{""config"":[""X+"",""X""],""d"":7,""p"":0.00502051282051282}",
      1024,         8,         0,   0.016,pymatching,7c53fb4e615d31e5d4c99bf35992fe8d9581d34af76bf8d8eb41aacc4eb492e8,"{""config"":[""X+"",""X""],""d"":7,""p"":0.005376923076923077}",
      3072,        75,         0,   0.072,pymatching,d8032c7aaa6000da39e4b676adf7a6db39d55d43680cbe13128b46e395971b69,"{""config"":[""X+"",""X""],""d"":7,""p"":0.007871794871794872}",
      1024,         8,         0,   0.019,pymatching,c38f3fbcd05be71b19ac276a153e0c2484f355d31ecd184d275a4b399a271ace,"{""config"":[""X+"",""X""],""d"":7,""p"":0.00608974358974359}",
      4096,        52,         0,   0.082,pymatching,44206ae84723ba1ca5b7b273593872b991680c9ab3e4933e072fe09f027cc7ef,"{""config"":[""X+"",""X""],""d"":7,""p"":0.006802564102564103}",
      8192,        27,         0,   0.118,pymatching,b91760ea78cf9f4833c45a5ecc1020af69d569f33061d60ac02f8c5f0093edff,"{""config"":[""X+"",""X""],""d"":7,""p"":0.004664102564102564}",
      4096,        62,         0,   0.090,pymatching,f386f3dbd4a32ae34d04b6483c8b0485cf353fc6c027dc42cac209eb6d9f0692,"{""config"":[""X+"",""X""],""d"":7,""p"":0.007158974358974359}",
      7168,        27,         0,   0.107,pymatching,ee0990691a329ed8e229b152d184ce2d683d0c3d6b834929772c40e736d548ee,"{""config"":[""X+"",""X""],""d"":7,""p"":0.00502051282051282}",
      2048,        19,         0,   0.039,pymatching,23c6762b737c8f172d70a38cb24337e07ab695cfa3677a29c39ada478a50c087,"{""config"":[""X+"",""X""],""d"":7,""p"":0.006446153846153846}",
      2048,        20,         0,   0.036,pymatching,0e55159f8cc3e9ff5036fc15139dd300d40c086444c609c580809a7d5005181b,"{""config"":[""X+"",""X""],""d"":7,""p"":0.005733333333333333}",
      4149,         7,         0,   0.053,pymatching,3017794d13067d71bbe69fc9a487c4d5a46e9c4e42027a610cbc4e396de22ffb,"{""config"":[""X+"",""X""],""d"":7,""p"":0.003951282051282051}",
      4097,         4,         0,   0.052,pymatching,3017794d13067d71bbe69fc9a487c4d5a46e9c4e42027a610cbc4e396de22ffb,"{""config"":[""X+"",""X""],""d"":7,""p"":0.003951282051282051}",
      3072,        70,         0,   0.075,pymatching,41c2474327ea7943aa544757a21c759d7876f17f25a502ce90be6f75aaaff781,"{""config"":[""X+"",""X""],""d"":7,""p"":0.008228205128205128}",
      4096,        10,         0,   0.051,pymatching,3017794d13067d71bbe69fc9a487c4d5a46e9c4e42027a610cbc4e396de22ffb,"{""config"":[""X+"",""X""],""d"":7,""p"":0.003951282051282051}",
      4096,        12,         0,   0.055,pymatching,8330916b8be5d1095e8d49076ab85fa486347616b42dbc0912a58b9c140ca6e2,"{""config"":[""X+"",""X""],""d"":7,""p"":0.0043076923076923075}",
      4096,        16,         0,   0.058,pymatching,b91760ea78cf9f4833c45a5ecc1020af69d569f33061d60ac02f8c5f0093edff,"{""config"":[""X+"",""X""],""d"":7,""p"":0.004664102564102564}",
     28991,        50,         0,   0.393,pymatching,8330916b8be5d1095e8d49076ab85fa486347616b42dbc0912a58b9c140ca6e2,"{""config"":[""X+"",""X""],""d"":7,""p"":0.0043076923076923075}",
       632,         1,         0,   0.009,pymatching,3017794d13067d71bbe69fc9a487c4d5a46e9c4e42027a610cbc4e396de22ffb,"{""config"":[""X+"",""X""],""d"":7,""p"":0.003951282051282051}",
      2048,         6,         0,   0.031,pymatching,ee0990691a329ed8e229b152d184ce2d683d0c3d6b834929772c40e736d548ee,"{""config"":[""X+"",""X""],""d"":7,""p"":0.00502051282051282}",
      4096,        68,         0,   0.095,pymatching,6aa347dd498ef9eab5063a08f336e609f14f0e078992c644e8370c8e3e95fdc5,"{""config"":[""X+"",""X""],""d"":7,""p"":0.007515384615384615}",
     23552,        49,         0,   0.311,pymatching,8330916b8be5d1095e8d49076ab85fa486347616b42dbc0912a58b9c140ca6e2,"{""config"":[""X+"",""X""],""d"":7,""p"":0.0043076923076923075}",
      2048,         9,         0,   0.034,pymatching,7c53fb4e615d31e5d4c99bf35992fe8d9581d34af76bf8d8eb41aacc4eb492e8,"{""config"":[""X+"",""X""],""d"":7,""p"":0.005376923076923077}",
       829,         2,         0,   0.011,pymatching,3017794d13067d71bbe69fc9a487c4d5a46e9c4e42027a610cbc4e396de22ffb,"{""config"":[""X+"",""X""],""d"":7,""p"":0.003951282051282051}",
      7168,        37,         0,   0.114,pymatching,7c53fb4e615d31e5d4c99bf35992fe8d9581d34af76bf8d8eb41aacc4eb492e8,"{""config"":[""X+"",""X""],""d"":7,""p"":0.005376923076923077}",
      2048,        20,         0,   0.037,pymatching,c38f3fbcd05be71b19ac276a153e0c2484f355d31ecd184d275a4b399a271ace,"{""config"":[""X+"",""X""],""d"":7,""p"":0.00608974358974359}",
     23552,        42,         0,   0.310,pymatching,8330916b8be5d1095e8d49076ab85fa486347616b42dbc0912a58b9c140ca6e2,"{""config"":[""X+"",""X""],""d"":7,""p"":0.0043076923076923075}",
      6144,        60,         0,   0.115,pymatching,23c6762b737c8f172d70a38cb24337e07ab695cfa3677a29c39ada478a50c087,"{""config"":[""X+"",""X""],""d"":7,""p"":0.006446153846153846}",
       820,         1,         0,   0.010,pymatching,3017794d13067d71bbe69fc9a487c4d5a46e9c4e42027a610cbc4e396de22ffb,"{""config"":[""X+"",""X""],""d"":7,""p"":0.003951282051282051}",
      2048,        21,         0,   0.038,pymatching,23c6762b737c8f172d70a38cb24337e07ab695cfa3677a29c39ada478a50c087,"{""config"":[""X+"",""X""],""d"":7,""p"":0.006446153846153846}",
      6144,        48,         0,   0.110,pymatching,c38f3fbcd05be71b19ac276a153e0c2484f355d31ecd184d275a4b399a271ace,"{""config"":[""X+"",""X""],""d"":7,""p"":0.00608974358974359}",
      2048,        13,         0,   0.036,pymatching,0e55159f8cc3e9ff5036fc15139dd300d40c086444c609c580809a7d5005181b,"{""config"":[""X+"",""X""],""d"":7,""p"":0.005733333333333333}",
      4096,        11,         0,   0.053,pymatching,3017794d13067d71bbe69fc9a487c4d5a46e9c4e42027a610cbc4e396de22ffb,"{""config"":[""X+"",""X""],""d"":7,""p"":0.003951282051282051}",
      3908,         9,         0,   0.050,pymatching,3017794d13067d71bbe69fc9a487c4d5a46e9c4e42027a610cbc4e396de22ffb,"{""config"":[""X+"",""X""],""d"":7,""p"":0.003951282051282051}",
      2263,         3,         0,   0.030,pymatching,3017794d13067d71bbe69fc9a487c4d5a46e9c4e42027a610cbc4e396de22ffb,"{""config"":[""X+"",""X""],""d"":7,""p"":0.003951282051282051}",
      2263,         4,         0,   0.029,pymatching,3017794d13067d71bbe69fc9a487c4d5a46e9c4e42027a610cbc4e396de22ffb,"{""config"":[""X+"",""X""],""d"":7,""p"":0.003951282051282051}",
      1297,        23,         0,   0.028,pymatching,44206ae84723ba1ca5b7b273593872b991680c9ab3e4933e072fe09f027cc7ef,"{""config"":[""X+"",""X""],""d"":7,""p"":0.006802564102564103}",
      7168,        45,         0,   0.118,pymatching,0e55159f8cc3e9ff5036fc15139dd300d40c086444c609c580809a7d5005181b,"{""config"":[""X+"",""X""],""d"":7,""p"":0.005733333333333333}",
       273,         7,         0,   0.012,pymatching,d8032c7aaa6000da39e4b676adf7a6db39d55d43680cbe13128b46e395971b69,"{""config"":[""X+"",""X""],""d"":7,""p"":0.007871794871794872}",
      2048,        12,         0,   0.032,pymatching,7c53fb4e615d31e5d4c99bf35992fe8d9581d34af76bf8d8eb41aacc4eb492e8,"{""config"":[""X+"",""X""],""d"":7,""p"":0.005376923076923077}",
       579,         2,         0,   0.008,pymatching,3017794d13067d71bbe69fc9a487c4d5a46e9c4e42027a610cbc4e396de22ffb,"{""config"":[""X+"",""X""],""d"":7,""p"":0.003951282051282051}",
     13513,        27,         0,   0.185,pymatching,8330916b8be5d1095e8d49076ab85fa486347616b42dbc0912a58b9c140ca6e2,"{""config"":[""X+"",""X""],""d"":7,""p"":0.0043076923076923075}",
        11,         0,         0,   0.000,pymatching,3017794d13067d71bbe69fc9a487c4d5a46e9c4e42027a610cbc4e396de22ffb,"{""config"":[""X+"",""X""],""d"":7,""p"":0.003951282051282051}",
         9,         0,         0,   0.000,pymatching,3017794d13067d71bbe69fc9a487c4d5a46e9c4e42027a610cbc4e396de22ffb,"{""config"":[""X+"",""X""],""d"":7,""p"":0.003951282051282051}",
      1297,        22,         0,   0.032,pymatching,6aa347dd498ef9eab5063a08f336e609f14f0e078992c644e8370c8e3e95fdc5,"{""config"":[""X+"",""X""],""d"":7,""p"":0.007515384615384615}",
      3072,        14,         0,   0.046,pymatching,ee0990691a329ed8e229b152d184ce2d683d0c3d6b834929772c40e736d548ee,"{""config"":[""X+"",""X""],""d"":7,""p"":0.00502051282051282}",
         9,         0,         0,   0.001,pymatching,3017794d13067d71bbe69fc9a487c4d5a46e9c4e42027a610cbc4e396de22ffb,"{""config"":[""X+"",""X""],""d"":7,""p"":0.003951282051282051}",
      2048,        20,         0,   0.035,pymatching,c38f3fbcd05be71b19ac276a153e0c2484f355d31ecd184d275a4b399a271ace,"{""config"":[""X+"",""X""],""d"":7,""p"":0.00608974358974359}",
         9,         0,         0,   0.000,pymatching,3017794d13067d71bbe69fc9a487c4d5a46e9c4e42027a610cbc4e396de22ffb,"{""config"":[""X+"",""X""],""d"":7,""p"":0.003951282051282051}",
         9,         0,         0,   0.000,pymatching,3017794d13067d71bbe69fc9a487c4d5a46e9c4e42027a610cbc4e396de22ffb,"{""config"":[""X+"",""X""],""d"":7,""p"":0.003951282051282051}",
         2,         0,         0,   0.000,pymatching,3017794d13067d71bbe69fc9a487c4d5a46e9c4e42027a610cbc4e396de22ffb,"{""config"":[""X+"",""X""],""d"":7,""p"":0.003951282051282051}",
      1024,        14,         0,   0.020,pymatching,44206ae84723ba1ca5b7b273593872b991680c9ab3e4933e072fe09f027cc7ef,"{""config"":[""X+"",""X""],""d"":7,""p"":0.006802564102564103}",
      1297,        21,         0,   0.031,pymatching,f386f3dbd4a32ae34d04b6483c8b0485cf353fc6c027dc42cac209eb6d9f0692,"{""config"":[""X+"",""X""],""d"":7,""p"":0.007158974358974359}",
     15360,       154,         0,   0.291,pymatching,23c6762b737c8f172d70a38cb24337e07ab695cfa3677a29c39ada478a50c087,"{""config"":[""X+"",""X""],""d"":7,""p"":0.006446153846153846}",
      1024,        13,         0,   0.024,pymatching,d8032c7aaa6000da39e4b676adf7a6db39d55d43680cbe13128b46e395971b69,"{""config"":[""X+"",""X""],""d"":7,""p"":0.007871794871794872}",
         1,         0,         0,   0.000,pymatching,3017794d13067d71bbe69fc9a487c4d5a46e9c4e42027a610cbc4e396de22ffb,"{""config"":[""X+"",""X""],""d"":7,""p"":0.003951282051282051}",
         2,         0,         0,   0.000,pymatching,3017794d13067d71bbe69fc9a487c4d5a46e9c4e42027a610cbc4e396de22ffb,"{""config"":[""X+"",""X""],""d"":7,""p"":0.003951282051282051}",
         1,         0,         0,   0.000,pymatching,3017794d13067d71bbe69fc9a487c4d5a46e9c4e42027a610cbc4e396de22ffb,"{""config"":[""X+"",""X""],""d"":7,""p"":0.003951282051282051}",
     35840,       450,         0,   0.807,pymatching,44206ae84723ba1ca5b7b273593872b991680c9ab3e4933e072fe09f027cc7ef,"{""config"":[""X+"",""X""],""d"":7,""p"":0.006802564102564103}",
     25600,       101,         0,   0.409,pymatching,ee0990691a329ed8e229b152d184ce2d683d0c3d6b834929772c40e736d548ee,"{""config"":[""X+"",""X""],""d"":7,""p"":0.00502051282051282}",
     79360,       429,         0,    1.26,pymatching,7c53fb4e615d31e5d4c99bf35992fe8d9581d34af76bf8d8eb41aacc4eb492e8,"{""config"":[""X+"",""X""],""d"":7,""p"":0.005376923076923077}",
      1024,        17,         0,   0.023,pymatching,6aa347dd498ef9eab5063a08f336e609f14f0e078992c644e8370c8e3e95fdc5,"{""config"":[""X+"",""X""],""d"":7,""p"":0.007515384615384615}",
     14336,       162,         0,   0.290,pymatching,44206ae84723ba1ca5b7b273593872b991680c9ab3e4933e072fe09f027cc7ef,"{""config"":[""X+"",""X""],""d"":7,""p"":0.006802564102564103}",
      6100,        18,         0,   0.079,pymatching,8330916b8be5d1095e8d49076ab85fa486347616b42dbc0912a58b9c140ca6e2,"{""config"":[""X+"",""X""],""d"":7,""p"":0.0043076923076923075}",
      1024,        18,         0,   0.020,pymatching,44206ae84723ba1ca5b7b273593872b991680c9ab3e4933e072fe09f027cc7ef,"{""config"":[""X+"",""X""],""d"":7,""p"":0.006802564102564103}",
      3072,        13,         0,   0.048,pymatching,0e55159f8cc3e9ff5036fc15139dd300d40c086444c609c580809a7d5005181b,"{""config"":[""X+"",""X""],""d"":7,""p"":0.005733333333333333}",
      4096,        90,         0,   0.097,pymatching,d8032c7aaa6000da39e4b676adf7a6db39d55d43680cbe13128b46e395971b69,"{""config"":[""X+"",""X""],""d"":7,""p"":0.007871794871794872}",
     36864,       556,         0,   0.798,pymatching,f386f3dbd4a32ae34d04b6483c8b0485cf353fc6c027dc42cac209eb6d9f0692,"{""config"":[""X+"",""X""],""d"":7,""p"":0.007158974358974359}",
     28672,        86,         0,   0.406,pymatching,b91760ea78cf9f4833c45a5ecc1020af69d569f33061d60ac02f8c5f0093edff,"{""config"":[""X+"",""X""],""d"":7,""p"":0.004664102564102564}",
      1024,        21,         0,   0.023,pymatching,f386f3dbd4a32ae34d04b6483c8b0485cf353fc6c027dc42cac209eb6d9f0692,"{""config"":[""X+"",""X""],""d"":7,""p"":0.007158974358974359}",
      3072,        14,         0,   0.056,pymatching,23c6762b737c8f172d70a38cb24337e07ab695cfa3677a29c39ada478a50c087,"{""config"":[""X+"",""X""],""d"":7,""p"":0.006446153846153846}",
      1024,        27,         0,   0.021,pymatching,d8032c7aaa6000da39e4b676adf7a6db39d55d43680cbe13128b46e395971b69,"{""config"":[""X+"",""X""],""d"":7,""p"":0.007871794871794872}",
      6144,        24,         0,   0.084,pymatching,b91760ea78cf9f4833c45a5ecc1020af69d569f33061d60ac02f8c5f0093edff,"{""config"":[""X+"",""X""],""d"":7,""p"":0.004664102564102564}",
     13312,       258,         0,   0.298,pymatching,6aa347dd498ef9eab5063a08f336e609f14f0e078992c644e8370c8e3e95fdc5,"{""config"":[""X+"",""X""],""d"":7,""p"":0.007515384615384615}",
      3072,        17,         0,   0.047,pymatching,7c53fb4e615d31e5d4c99bf35992fe8d9581d34af76bf8d8eb41aacc4eb492e8,"{""config"":[""X+"",""X""],""d"":7,""p"":0.005376923076923077}",
      5120,         5,         0,   0.066,pymatching,8330916b8be5d1095e8d49076ab85fa486347616b42dbc0912a58b9c140ca6e2,"{""config"":[""X+"",""X""],""d"":7,""p"":0.0043076923076923075}",
     14336,       257,         0,   0.302,pymatching,f386f3dbd4a32ae34d04b6483c8b0485cf353fc6c027dc42cac209eb6d9f0692,"{""config"":[""X+"",""X""],""d"":7,""p"":0.007158974358974359}",
      5083,         9,         0,   0.064,pymatching,8330916b8be5d1095e8d49076ab85fa486347616b42dbc0912a58b9c140ca6e2,"{""config"":[""X+"",""X""],""d"":7,""p"":0.0043076923076923075}",
      6100,        11,         0,   0.074,pymatching,8330916b8be5d1095e8d49076ab85fa486347616b42dbc0912a58b9c140ca6e2,"{""config"":[""X+"",""X""],""d"":7,""p"":0.0043076923076923075}",
      5120,        72,         0,   0.107,pymatching,f386f3dbd4a32ae34d04b6483c8b0485cf353fc6c027dc42cac209eb6d9f0692,"{""config"":[""X+"",""X""],""d"":7,""p"":0.007158974358974359}",
     25600,       151,         0,   0.414,pymatching,7c53fb4e615d31e5d4c99bf35992fe8d9581d34af76bf8d8eb41aacc4eb492e8,"{""config"":[""X+"",""X""],""d"":7,""p"":0.005376923076923077}",
      4096,       109,         0,   0.099,pymatching,41c2474327ea7943aa544757a21c759d7876f17f25a502ce90be6f75aaaff781,"{""config"":[""X+"",""X""],""d"":7,""p"":0.008228205128205128}",
     24001,        72,         0,   0.334,pymatching,b91760ea78cf9f4833c45a5ecc1020af69d569f33061d60ac02f8c5f0093edff,"{""config"":[""X+"",""X""],""d"":7,""p"":0.004664102564102564}",
      1024,        20,         0,   0.022,pymatching,6aa347dd498ef9eab5063a08f336e609f14f0e078992c644e8370c8e3e95fdc5,"{""config"":[""X+"",""X""],""d"":7,""p"":0.007515384615384615}",
     23552,       159,         0,   0.403,pymatching,0e55159f8cc3e9ff5036fc15139dd300d40c086444c609c580809a7d5005181b,"{""config"":[""X+"",""X""],""d"":7,""p"":0.005733333333333333}",
      3072,        20,         0,   0.049,pymatching,c38f3fbcd05be71b19ac276a153e0c2484f355d31ecd184d275a4b399a271ace,"{""config"":[""X+"",""X""],""d"":7,""p"":0.00608974358974359}",
      6144,        78,         0,   0.121,pymatching,44206ae84723ba1ca5b7b273593872b991680c9ab3e4933e072fe09f027cc7ef,"{""config"":[""X+"",""X""],""d"":7,""p"":0.006802564102564103}",
      1024,        18,         0,   0.022,pymatching,f386f3dbd4a32ae34d04b6483c8b0485cf353fc6c027dc42cac209eb6d9f0692,"{""config"":[""X+"",""X""],""d"":7,""p"":0.007158974358974359}",
      4096,        14,         0,   0.050,pymatching,8330916b8be5d1095e8d49076ab85fa486347616b42dbc0912a58b9c140ca6e2,"{""config"":[""X+"",""X""],""d"":7,""p"":0.0043076923076923075}",
      1015,         3,         0,   0.012,pymatching,8330916b8be5d1095e8d49076ab85fa486347616b42dbc0912a58b9c140ca6e2,"{""config"":[""X+"",""X""],""d"":7,""p"":0.0043076923076923075}",
      4096,        21,         0,   0.058,pymatching,ee0990691a329ed8e229b152d184ce2d683d0c3d6b834929772c40e736d548ee,"{""config"":[""X+"",""X""],""d"":7,""p"":0.00502051282051282}",
      5120,        94,         0,   0.105,pymatching,6aa347dd498ef9eab5063a08f336e609f14f0e078992c644e8370c8e3e95fdc5,"{""config"":[""X+"",""X""],""d"":7,""p"":0.007515384615384615}",
      2048,        24,         0,   0.039,pymatching,44206ae84723ba1ca5b7b273593872b991680c9ab3e4933e072fe09f027cc7ef,"{""config"":[""X+"",""X""],""d"":7,""p"":0.006802564102564103}",
     28672,        73,         0,   0.407,pymatching,b91760ea78cf9f4833c45a5ecc1020af69d569f33061d60ac02f8c5f0093edff,"{""config"":[""X+"",""X""],""d"":7,""p"":0.004664102564102564}",
       320,         1,         0,   0.004,pymatching,8330916b8be5d1095e8d49076ab85fa486347616b42dbc0912a58b9c140ca6e2,"{""config"":[""X+"",""X""],""d"":7,""p"":0.0043076923076923075}",
       169,         0,         0,   0.002,pymatching,8330916b8be5d1095e8d49076ab85fa486347616b42dbc0912a58b9c140ca6e2,"{""config"":[""X+"",""X""],""d"":7,""p"":0.0043076923076923075}",
       498,         1,         0,   0.006,pymatching,8330916b8be5d1095e8d49076ab85fa486347616b42dbc0912a58b9c140ca6e2,"{""config"":[""X+"",""X""],""d"":7,""p"":0.0043076923076923075}",
       980,         1,         0,   0.013,pymatching,8330916b8be5d1095e8d49076ab85fa486347616b42dbc0912a58b9c140ca6e2,"{""config"":[""X+"",""X""],""d"":7,""p"":0.0043076923076923075}",
     13312,       311,         0,   0.306,pymatching,d8032c7aaa6000da39e4b676adf7a6db39d55d43680cbe13128b46e395971b69,"{""config"":[""X+"",""X""],""d"":7,""p"":0.007871794871794872}",
      2048,        39,         0,   0.043,pymatching,d8032c7aaa6000da39e4b676adf7a6db39d55d43680cbe13128b46e395971b69,"{""config"":[""X+"",""X""],""d"":7,""p"":0.007871794871794872}",
        10,         0,         0,   0.000,pymatching,8330916b8be5d1095e8d49076ab85fa486347616b42dbc0912a58b9c140ca6e2,"{""config"":[""X+"",""X""],""d"":7,""p"":0.0043076923076923075}",
     11264,        38,         0,   0.149,pymatching,b91760ea78cf9f4833c45a5ecc1020af69d569f33061d60ac02f8c5f0093edff,"{""config"":[""X+"",""X""],""d"":7,""p"":0.004664102564102564}",
     10240,        38,         0,   0.149,pymatching,ee0990691a329ed8e229b152d184ce2d683d0c3d6b834929772c40e736d548ee,"{""config"":[""X+"",""X""],""d"":7,""p"":0.00502051282051282}",
       170,         1,         0,   0.004,pymatching,8330916b8be5d1095e8d49076ab85fa486347616b42dbc0912a58b9c140ca6e2,"{""config"":[""X+"",""X""],""d"":7,""p"":0.0043076923076923075}",
      4096,        23,         0,   0.061,pymatching,0e55159f8cc3e9ff5036fc15139dd300d40c086444c609c580809a7d5005181b,"{""config"":[""X+"",""X""],""d"":7,""p"":0.005733333333333333}",
      3072,        34,         0,   0.056,pymatching,23c6762b737c8f172d70a38cb24337e07ab695cfa3677a29c39ada478a50c087,"{""config"":[""X+"",""X""],""d"":7,""p"":0.006446153846153846}",
       140,         1,         0,   0.002,pymatching,8330916b8be5d1095e8d49076ab85fa486347616b42dbc0912a58b9c140ca6e2,"{""config"":[""X+"",""X""],""d"":7,""p"":0.0043076923076923075}",
      2048,        44,         0,   0.045,pymatching,6aa347dd498ef9eab5063a08f336e609f14f0e078992c644e8370c8e3e95fdc5,"{""config"":[""X+"",""X""],""d"":7,""p"":0.007515384615384615}",
       168,         0,         0,   0.004,pymatching,8330916b8be5d1095e8d49076ab85fa486347616b42dbc0912a58b9c140ca6e2,"{""config"":[""X+"",""X""],""d"":7,""p"":0.0043076923076923075}",
       168,         0,         0,   0.002,pymatching,8330916b8be5d1095e8d49076ab85fa486347616b42dbc0912a58b9c140ca6e2,"{""config"":[""X+"",""X""],""d"":7,""p"":0.0043076923076923075}",
     23552,       199,         0,   0.409,pymatching,c38f3fbcd05be71b19ac276a153e0c2484f355d31ecd184d275a4b399a271ace,"{""config"":[""X+"",""X""],""d"":7,""p"":0.00608974358974359}",
       140,         0,         0,   0.004,pymatching,8330916b8be5d1095e8d49076ab85fa486347616b42dbc0912a58b9c140ca6e2,"{""config"":[""X+"",""X""],""d"":7,""p"":0.0043076923076923075}",
       140,         0,         0,   0.002,pymatching,8330916b8be5d1095e8d49076ab85fa486347616b42dbc0912a58b9c140ca6e2,"{""config"":[""X+"",""X""],""d"":7,""p"":0.0043076923076923075}",
      2048,        31,         0,   0.042,pymatching,f386f3dbd4a32ae34d04b6483c8b0485cf353fc6c027dc42cac209eb6d9f0692,"{""config"":[""X+"",""X""],""d"":7,""p"":0.007158974358974359}",
        37,         0,         0,   0.001,pymatching,8330916b8be5d1095e8d49076ab85fa486347616b42dbc0912a58b9c140ca6e2,"{""config"":[""X+"",""X""],""d"":7,""p"":0.0043076923076923075}",
         2,         0,         0,   0.000,pymatching,8330916b8be5d1095e8d49076ab85fa486347616b42dbc0912a58b9c140ca6e2,"{""config"":[""X+"",""X""],""d"":7,""p"":0.0043076923076923075}",
      4096,        26,         0,   0.062,pymatching,7c53fb4e615d31e5d4c99bf35992fe8d9581d34af76bf8d8eb41aacc4eb492e8,"{""config"":[""X+"",""X""],""d"":7,""p"":0.005376923076923077}",
        28,         0,         0,   0.000,pymatching,8330916b8be5d1095e8d49076ab85fa486347616b42dbc0912a58b9c140ca6e2,"{""config"":[""X+"",""X""],""d"":7,""p"":0.0043076923076923075}",
        14,         0,         0,   0.001,pymatching,8330916b8be5d1095e8d49076ab85fa486347616b42dbc0912a58b9c140ca6e2,"{""config"":[""X+"",""X""],""d"":7,""p"":0.0043076923076923075}",
     12288,       336,         0,   0.299,pymatching,41c2474327ea7943aa544757a21c759d7876f17f25a502ce90be6f75aaaff781,"{""config"":[""X+"",""X""],""d"":7,""p"":0.008228205128205128}",
      2048,        20,         0,   0.039,pymatching,44206ae84723ba1ca5b7b273593872b991680c9ab3e4933e072fe09f027cc7ef,"{""config"":[""X+"",""X""],""d"":7,""p"":0.006802564102564103}",
         1,         0,         0,   0.002,pymatching,41c2474327ea7943aa544757a21c759d7876f17f25a502ce90be6f75aaaff781,"{""config"":[""X+"",""X""],""d"":7,""p"":0.008228205128205128}",
      4096,        41,         0,   0.065,pymatching,c38f3fbcd05be71b19ac276a153e0c2484f355d31ecd184d275a4b399a271ace,"{""config"":[""X+"",""X""],""d"":7,""p"":0.00608974358974359}",
      2048,        41,         0,   0.044,pymatching,d8032c7aaa6000da39e4b676adf7a6db39d55d43680cbe13128b46e395971b69,"{""config"":[""X+"",""X""],""d"":7,""p"":0.007871794871794872}",
     64512,       448,         0,    1.09,pymatching,0e55159f8cc3e9ff5036fc15139dd300d40c086444c609c580809a7d5005181b,"{""config"":[""X+"",""X""],""d"":7,""p"":0.005733333333333333}",
     10240,        63,         0,   0.155,pymatching,7c53fb4e615d31e5d4c99bf35992fe8d9581d34af76bf8d8eb41aacc4eb492e8,"{""config"":[""X+"",""X""],""d"":7,""p"":0.005376923076923077}",
      9216,       101,         0,   0.158,pymatching,23c6762b737c8f172d70a38cb24337e07ab695cfa3677a29c39ada478a50c087,"{""config"":[""X+"",""X""],""d"":7,""p"":0.006446153846153846}",
      1024,        24,         0,   0.023,pymatching,41c2474327ea7943aa544757a21c759d7876f17f25a502ce90be6f75aaaff781,"{""config"":[""X+"",""X""],""d"":7,""p"":0.008228205128205128}",
     20480,       540,         0,   0.507,pymatching,41c2474327ea7943aa544757a21c759d7876f17f25a502ce90be6f75aaaff781,"{""config"":[""X+"",""X""],""d"":7,""p"":0.008228205128205128}",
      1297,         5,         0,   0.021,pymatching,ee0990691a329ed8e229b152d184ce2d683d0c3d6b834929772c40e736d548ee,"{""config"":[""X+"",""X""],""d"":7,""p"":0.00502051282051282}",
      9216,        83,         0,   0.157,pymatching,c38f3fbcd05be71b19ac276a153e0c2484f355d31ecd184d275a4b399a271ace,"{""config"":[""X+"",""X""],""d"":7,""p"":0.00608974358974359}",
      2048,        48,         0,   0.044,pymatching,6aa347dd498ef9eab5063a08f336e609f14f0e078992c644e8370c8e3e95fdc5,"{""config"":[""X+"",""X""],""d"":7,""p"":0.007515384615384615}",
      2048,        40,         0,   0.041,pymatching,f386f3dbd4a32ae34d04b6483c8b0485cf353fc6c027dc42cac209eb6d9f0692,"{""config"":[""X+"",""X""],""d"":7,""p"":0.007158974358974359}",
     10240,        73,         0,   0.152,pymatching,0e55159f8cc3e9ff5036fc15139dd300d40c086444c609c580809a7d5005181b,"{""config"":[""X+"",""X""],""d"":7,""p"":0.005733333333333333}",
     28672,       755,         0,   0.733,pymatching,41c2474327ea7943aa544757a21c759d7876f17f25a502ce90be6f75aaaff781,"{""config"":[""X+"",""X""],""d"":7,""p"":0.008228205128205128}",
      4096,       118,         0,   0.097,pymatching,41c2474327ea7943aa544757a21c759d7876f17f25a502ce90be6f75aaaff781,"{""config"":[""X+"",""X""],""d"":7,""p"":0.008228205128205128}",
      1297,         0,         0,   0.018,pymatching,b91760ea78cf9f4833c45a5ecc1020af69d569f33061d60ac02f8c5f0093edff,"{""config"":[""X+"",""X""],""d"":7,""p"":0.004664102564102564}",
      5120,       121,         0,   0.115,pymatching,d8032c7aaa6000da39e4b676adf7a6db39d55d43680cbe13128b46e395971b69,"{""config"":[""X+"",""X""],""d"":7,""p"":0.007871794871794872}",
      8192,        32,         0,   0.109,pymatching,b91760ea78cf9f4833c45a5ecc1020af69d569f33061d60ac02f8c5f0093edff,"{""config"":[""X+"",""X""],""d"":7,""p"":0.004664102564102564}",
      6144,        21,         0,   0.086,pymatching,ee0990691a329ed8e229b152d184ce2d683d0c3d6b834929772c40e736d548ee,"{""config"":[""X+"",""X""],""d"":7,""p"":0.00502051282051282}",
      1024,         1,         0,   0.019,pymatching,ee0990691a329ed8e229b152d184ce2d683d0c3d6b834929772c40e736d548ee,"{""config"":[""X+"",""X""],""d"":7,""p"":0.00502051282051282}",
     30720,       125,         0,   0.459,pymatching,ee0990691a329ed8e229b152d184ce2d683d0c3d6b834929772c40e736d548ee,"{""config"":[""X+"",""X""],""d"":7,""p"":0.00502051282051282}",
      3072,        50,         0,   0.058,pymatching,44206ae84723ba1ca5b7b273593872b991680c9ab3e4933e072fe09f027cc7ef,"{""config"":[""X+"",""X""],""d"":7,""p"":0.006802564102564103}",
      5120,        39,         0,   0.076,pymatching,0e55159f8cc3e9ff5036fc15139dd300d40c086444c609c580809a7d5005181b,"{""config"":[""X+"",""X""],""d"":7,""p"":0.005733333333333333}",
      2048,         7,         0,   0.028,pymatching,b91760ea78cf9f4833c45a5ecc1020af69d569f33061d60ac02f8c5f0093edff,"{""config"":[""X+"",""X""],""d"":7,""p"":0.004664102564102564}",
      5120,        19,         0,   0.075,pymatching,7c53fb4e615d31e5d4c99bf35992fe8d9581d34af76bf8d8eb41aacc4eb492e8,"{""config"":[""X+"",""X""],""d"":7,""p"":0.005376923076923077}",
      5120,        43,         0,   0.091,pymatching,23c6762b737c8f172d70a38cb24337e07ab695cfa3677a29c39ada478a50c087,"{""config"":[""X+"",""X""],""d"":7,""p"":0.006446153846153846}",
      2048,        10,         0,   0.030,pymatching,ee0990691a329ed8e229b152d184ce2d683d0c3d6b834929772c40e736d548ee,"{""config"":[""X+"",""X""],""d"":7,""p"":0.00502051282051282}",
      3072,        67,         0,   0.065,pymatching,d8032c7aaa6000da39e4b676adf7a6db39d55d43680cbe13128b46e395971b69,"{""config"":[""X+"",""X""],""d"":7,""p"":0.007871794871794872}",
      5120,        47,         0,   0.087,pymatching,c38f3fbcd05be71b19ac276a153e0c2484f355d31ecd184d275a4b399a271ace,"{""config"":[""X+"",""X""],""d"":7,""p"":0.00608974358974359}",
      2048,        11,         0,   0.033,pymatching,b91760ea78cf9f4833c45a5ecc1020af69d569f33061d60ac02f8c5f0093edff,"{""config"":[""X+"",""X""],""d"":7,""p"":0.004664102564102564}",
     31744,       684,         0,   0.805,pymatching,d8032c7aaa6000da39e4b676adf7a6db39d55d43680cbe13128b46e395971b69,"{""config"":[""X+"",""X""],""d"":7,""p"":0.007871794871794872}",
      3072,        45,         0,   0.069,pymatching,f386f3dbd4a32ae34d04b6483c8b0485cf353fc6c027dc42cac209eb6d9f0692,"{""config"":[""X+"",""X""],""d"":7,""p"":0.007158974358974359}",
     32768,       569,         0,   0.793,pymatching,6aa347dd498ef9eab5063a08f336e609f14f0e078992c644e8370c8e3e95fdc5,"{""config"":[""X+"",""X""],""d"":7,""p"":0.007515384615384615}",
      3072,        62,         0,   0.075,pymatching,6aa347dd498ef9eab5063a08f336e609f14f0e078992c644e8370c8e3e95fdc5,"{""config"":[""X+"",""X""],""d"":7,""p"":0.007515384615384615}",
      1024,        15,         0,   0.025,pymatching,d8032c7aaa6000da39e4b676adf7a6db39d55d43680cbe13128b46e395971b69,"{""config"":[""X+"",""X""],""d"":7,""p"":0.007871794871794872}",
     41984,       926,         0,   0.974,pymatching,d8032c7aaa6000da39e4b676adf7a6db39d55d43680cbe13128b46e395971b69,"{""config"":[""X+"",""X""],""d"":7,""p"":0.007871794871794872}",
      2048,         7,         0,   0.032,pymatching,ee0990691a329ed8e229b152d184ce2d683d0c3d6b834929772c40e736d548ee,"{""config"":[""X+"",""X""],""d"":7,""p"":0.00502051282051282}",
      1297,         8,         0,   0.025,pymatching,0e55159f8cc3e9ff5036fc15139dd300d40c086444c609c580809a7d5005181b,"{""config"":[""X+"",""X""],""d"":7,""p"":0.005733333333333333}",
      3072,        58,         0,   0.070,pymatching,d8032c7aaa6000da39e4b676adf7a6db39d55d43680cbe13128b46e395971b69,"{""config"":[""X+"",""X""],""d"":7,""p"":0.007871794871794872}",
      8192,       114,         0,   0.170,pymatching,f386f3dbd4a32ae34d04b6483c8b0485cf353fc6c027dc42cac209eb6d9f0692,"{""config"":[""X+"",""X""],""d"":7,""p"":0.007158974358974359}",
      6144,       116,         0,   0.139,pymatching,d8032c7aaa6000da39e4b676adf7a6db39d55d43680cbe13128b46e395971b69,"{""config"":[""X+"",""X""],""d"":7,""p"":0.007871794871794872}",
      7168,       139,         0,   0.151,pymatching,6aa347dd498ef9eab5063a08f336e609f14f0e078992c644e8370c8e3e95fdc5,"{""config"":[""X+"",""X""],""d"":7,""p"":0.007515384615384615}",
      8192,        95,         0,   0.168,pymatching,44206ae84723ba1ca5b7b273593872b991680c9ab3e4933e072fe09f027cc7ef,"{""config"":[""X+"",""X""],""d"":7,""p"":0.006802564102564103}",
      1297,         7,         0,   0.023,pymatching,7c53fb4e615d31e5d4c99bf35992fe8d9581d34af76bf8d8eb41aacc4eb492e8,"{""config"":[""X+"",""X""],""d"":7,""p"":0.005376923076923077}",
      1297,        21,         0,   0.028,pymatching,44206ae84723ba1ca5b7b273593872b991680c9ab3e4933e072fe09f027cc7ef,"{""config"":[""X+"",""X""],""d"":7,""p"":0.006802564102564103}",
      1024,         7,         0,   0.016,pymatching,0e55159f8cc3e9ff5036fc15139dd300d40c086444c609c580809a7d5005181b,"{""config"":[""X+"",""X""],""d"":7,""p"":0.005733333333333333}",
      1024,        15,         0,   0.025,pymatching,d8032c7aaa6000da39e4b676adf7a6db39d55d43680cbe13128b46e395971b69,"{""config"":[""X+"",""X""],""d"":7,""p"":0.007871794871794872}",
      1297,        17,         0,   0.025,pymatching,23c6762b737c8f172d70a38cb24337e07ab695cfa3677a29c39ada478a50c087,"{""config"":[""X+"",""X""],""d"":7,""p"":0.006446153846153846}",
     69330,       588,         0,    1.23,pymatching,c38f3fbcd05be71b19ac276a153e0c2484f355d31ecd184d275a4b399a271ace,"{""config"":[""X+"",""X""],""d"":7,""p"":0.00608974358974359}",
      1297,         4,         0,   0.020,pymatching,b91760ea78cf9f4833c45a5ecc1020af69d569f33061d60ac02f8c5f0093edff,"{""config"":[""X+"",""X""],""d"":7,""p"":0.004664102564102564}",
      1024,         7,         0,   0.016,pymatching,7c53fb4e615d31e5d4c99bf35992fe8d9581d34af76bf8d8eb41aacc4eb492e8,"{""config"":[""X+"",""X""],""d"":7,""p"":0.005376923076923077}",
     16354,        50,         0,   0.211,pymatching,b91760ea78cf9f4833c45a5ecc1020af69d569f33061d60ac02f8c5f0093edff,"{""config"":[""X+"",""X""],""d"":7,""p"":0.004664102564102564}",
      3072,         9,         0,   0.040,pymatching,b91760ea78cf9f4833c45a5ecc1020af69d569f33061d60ac02f8c5f0093edff,"{""config"":[""X+"",""X""],""d"":7,""p"":0.004664102564102564}",
      4096,        50,         0,   0.081,pymatching,44206ae84723ba1ca5b7b273593872b991680c9ab3e4933e072fe09f027cc7ef,"{""config"":[""X+"",""X""],""d"":7,""p"":0.006802564102564103}",
      1024,         8,         0,   0.019,pymatching,44206ae84723ba1ca5b7b273593872b991680c9ab3e4933e072fe09f027cc7ef,"{""config"":[""X+"",""X""],""d"":7,""p"":0.006802564102564103}",
     13312,        39,         0,   0.180,pymatching,b91760ea78cf9f4833c45a5ecc1020af69d569f33061d60ac02f8c5f0093edff,"{""config"":[""X+"",""X""],""d"":7,""p"":0.004664102564102564}",
     12288,        38,         0,   0.162,pymatching,b91760ea78cf9f4833c45a5ecc1020af69d569f33061d60ac02f8c5f0093edff,"{""config"":[""X+"",""X""],""d"":7,""p"":0.004664102564102564}",
      1297,        19,         0,   0.027,pymatching,f386f3dbd4a32ae34d04b6483c8b0485cf353fc6c027dc42cac209eb6d9f0692,"{""config"":[""X+"",""X""],""d"":7,""p"":0.007158974358974359}",
      1297,         5,         0,   0.025,pymatching,c38f3fbcd05be71b19ac276a153e0c2484f355d31ecd184d275a4b399a271ace,"{""config"":[""X+"",""X""],""d"":7,""p"":0.00608974358974359}",
      1024,        11,         0,   0.018,pymatching,23c6762b737c8f172d70a38cb24337e07ab695cfa3677a29c39ada478a50c087,"{""config"":[""X+"",""X""],""d"":7,""p"":0.006446153846153846}",
     30715,       126,         0,   0.439,pymatching,ee0990691a329ed8e229b152d184ce2d683d0c3d6b834929772c40e736d548ee,"{""config"":[""X+"",""X""],""d"":7,""p"":0.00502051282051282}",
      1297,        22,         0,   0.029,pymatching,6aa347dd498ef9eab5063a08f336e609f14f0e078992c644e8370c8e3e95fdc5,"{""config"":[""X+"",""X""],""d"":7,""p"":0.007515384615384615}",
     13312,        35,         0,   0.177,pymatching,b91760ea78cf9f4833c45a5ecc1020af69d569f33061d60ac02f8c5f0093edff,"{""config"":[""X+"",""X""],""d"":7,""p"":0.004664102564102564}",
      3072,        18,         0,   0.045,pymatching,ee0990691a329ed8e229b152d184ce2d683d0c3d6b834929772c40e736d548ee,"{""config"":[""X+"",""X""],""d"":7,""p"":0.00502051282051282}",
      1297,         4,         0,   0.021,pymatching,ee0990691a329ed8e229b152d184ce2d683d0c3d6b834929772c40e736d548ee,"{""config"":[""X+"",""X""],""d"":7,""p"":0.00502051282051282}",
      7168,        27,         0,   0.114,pymatching,ee0990691a329ed8e229b152d184ce2d683d0c3d6b834929772c40e736d548ee,"{""config"":[""X+"",""X""],""d"":7,""p"":0.00502051282051282}",
      2048,        21,         0,   0.032,pymatching,0e55159f8cc3e9ff5036fc15139dd300d40c086444c609c580809a7d5005181b,"{""config"":[""X+"",""X""],""d"":7,""p"":0.005733333333333333}",
      2048,         3,         0,   0.028,pymatching,b91760ea78cf9f4833c45a5ecc1020af69d569f33061d60ac02f8c5f0093edff,"{""config"":[""X+"",""X""],""d"":7,""p"":0.004664102564102564}",
      1024,         9,         0,   0.018,pymatching,c38f3fbcd05be71b19ac276a153e0c2484f355d31ecd184d275a4b399a271ace,"{""config"":[""X+"",""X""],""d"":7,""p"":0.00608974358974359}",
     36864,       185,         0,   0.572,pymatching,7c53fb4e615d31e5d4c99bf35992fe8d9581d34af76bf8d8eb41aacc4eb492e8,"{""config"":[""X+"",""X""],""d"":7,""p"":0.005376923076923077}",
      1024,        26,         0,   0.020,pymatching,f386f3dbd4a32ae34d04b6483c8b0485cf353fc6c027dc42cac209eb6d9f0692,"{""config"":[""X+"",""X""],""d"":7,""p"":0.007158974358974359}",
     67584,       749,         0,    1.24,pymatching,23c6762b737c8f172d70a38cb24337e07ab695cfa3677a29c39ada478a50c087,"{""config"":[""X+"",""X""],""d"":7,""p"":0.006446153846153846}",
      2048,        11,         0,   0.031,pymatching,7c53fb4e615d31e5d4c99bf35992fe8d9581d34af76bf8d8eb41aacc4eb492e8,"{""config"":[""X+"",""X""],""d"":7,""p"":0.005376923076923077}",
      1024,        21,         0,   0.022,pymatching,6aa347dd498ef9eab5063a08f336e609f14f0e078992c644e8370c8e3e95fdc5,"{""config"":[""X+"",""X""],""d"":7,""p"":0.007515384615384615}",
      1024,         1,         0,   0.015,pymatching,ee0990691a329ed8e229b152d184ce2d683d0c3d6b834929772c40e736d548ee,"{""config"":[""X+"",""X""],""d"":7,""p"":0.00502051282051282}",
      7168,        40,         0,   0.115,pymatching,0e55159f8cc3e9ff5036fc15139dd300d40c086444c609c580809a7d5005181b,"{""config"":[""X+"",""X""],""d"":7,""p"":0.005733333333333333}",
      1686,         5,         0,   0.025,pymatching,b91760ea78cf9f4833c45a5ecc1020af69d569f33061d60ac02f8c5f0093edff,"{""config"":[""X+"",""X""],""d"":7,""p"":0.004664102564102564}",
      3072,        10,         0,   0.039,pymatching,b91760ea78cf9f4833c45a5ecc1020af69d569f33061d60ac02f8c5f0093edff,"{""config"":[""X+"",""X""],""d"":7,""p"":0.004664102564102564}",
      2048,        33,         0,   0.037,pymatching,44206ae84723ba1ca5b7b273593872b991680c9ab3e4933e072fe09f027cc7ef,"{""config"":[""X+"",""X""],""d"":7,""p"":0.006802564102564103}",
      2183,         6,         0,   0.028,pymatching,b91760ea78cf9f4833c45a5ecc1020af69d569f33061d60ac02f8c5f0093edff,"{""config"":[""X+"",""X""],""d"":7,""p"":0.004664102564102564}",
      1297,        20,         0,   0.029,pymatching,6aa347dd498ef9eab5063a08f336e609f14f0e078992c644e8370c8e3e95fdc5,"{""config"":[""X+"",""X""],""d"":7,""p"":0.007515384615384615}",
      2048,        18,         0,   0.035,pymatching,23c6762b737c8f172d70a38cb24337e07ab695cfa3677a29c39ada478a50c087,"{""config"":[""X+"",""X""],""d"":7,""p"":0.006446153846153846}",
       239,         0,         0,   0.003,pymatching,b91760ea78cf9f4833c45a5ecc1020af69d569f33061d60ac02f8c5f0093edff,"{""config"":[""X+"",""X""],""d"":7,""p"":0.004664102564102564}",
      5120,        57,         0,   0.107,pymatching,23c6762b737c8f172d70a38cb24337e07ab695cfa3677a29c39ada478a50c087,"{""config"":[""X+"",""X""],""d"":7,""p"":0.006446153846153846}",
      7168,        54,         0,   0.113,pymatching,7c53fb4e615d31e5d4c99bf35992fe8d9581d34af76bf8d8eb41aacc4eb492e8,"{""config"":[""X+"",""X""],""d"":7,""p"":0.005376923076923077}",
      2048,        17,         0,   0.030,pymatching,0e55159f8cc3e9ff5036fc15139dd300d40c086444c609c580809a7d5005181b,"{""config"":[""X+"",""X""],""d"":7,""p"":0.005733333333333333}",
      3106,        12,         0,   0.039,pymatching,b91760ea78cf9f4833c45a5ecc1020af69d569f33061d60ac02f8c5f0093edff,"{""config"":[""X+"",""X""],""d"":7,""p"":0.004664102564102564}",
      2048,         9,         0,   0.027,pymatching,b91760ea78cf9f4833c45a5ecc1020af69d569f33061d60ac02f8c5f0093edff,"{""config"":[""X+"",""X""],""d"":7,""p"":0.004664102564102564}",
      4096,        60,         0,   0.087,pymatching,f386f3dbd4a32ae34d04b6483c8b0485cf353fc6c027dc42cac209eb6d9f0692,"{""config"":[""X+"",""X""],""d"":7,""p"":0.007158974358974359}",
      1024,        15,         0,   0.022,pymatching,6aa347dd498ef9eab5063a08f336e609f14f0e078992c644e8370c8e3e95fdc5,"{""config"":[""X+"",""X""],""d"":7,""p"":0.007515384615384615}",
     11264,        31,         0,   0.157,pymatching,b91760ea78cf9f4833c45a5ecc1020af69d569f33061d60ac02f8c5f0093edff,"{""config"":[""X+"",""X""],""d"":7,""p"":0.004664102564102564}",
      4096,        89,         0,   0.091,pymatching,6aa347dd498ef9eab5063a08f336e609f14f0e078992c644e8370c8e3e95fdc5,"{""config"":[""X+"",""X""],""d"":7,""p"":0.007515384615384615}",
      2048,        17,         0,   0.035,pymatching,c38f3fbcd05be71b19ac276a153e0c2484f355d31ecd184d275a4b399a271ace,"{""config"":[""X+"",""X""],""d"":7,""p"":0.00608974358974359}",
      2048,         7,         0,   0.031,pymatching,7c53fb4e615d31e5d4c99bf35992fe8d9581d34af76bf8d8eb41aacc4eb492e8,"{""config"":[""X+"",""X""],""d"":7,""p"":0.005376923076923077}",
      2048,         9,         0,   0.029,pymatching,ee0990691a329ed8e229b152d184ce2d683d0c3d6b834929772c40e736d548ee,"{""config"":[""X+"",""X""],""d"":7,""p"":0.00502051282051282}",
      1809,         6,         0,   0.024,pymatching,b91760ea78cf9f4833c45a5ecc1020af69d569f33061d60ac02f8c5f0093edff,"{""config"":[""X+"",""X""],""d"":7,""p"":0.004664102564102564}",
      1024,        15,         0,   0.021,pymatching,6aa347dd498ef9eab5063a08f336e609f14f0e078992c644e8370c8e3e95fdc5,"{""config"":[""X+"",""X""],""d"":7,""p"":0.007515384615384615}",
      2048,        34,         0,   0.039,pymatching,f386f3dbd4a32ae34d04b6483c8b0485cf353fc6c027dc42cac209eb6d9f0692,"{""config"":[""X+"",""X""],""d"":7,""p"":0.007158974358974359}",
     15360,        62,         0,   0.220,pymatching,ee0990691a329ed8e229b152d184ce2d683d0c3d6b834929772c40e736d548ee,"{""config"":[""X+"",""X""],""d"":7,""p"":0.00502051282051282}",
       628,         1,         0,   0.008,pymatching,b91760ea78cf9f4833c45a5ecc1020af69d569f33061d60ac02f8c5f0093edff,"{""config"":[""X+"",""X""],""d"":7,""p"":0.004664102564102564}",
      4096,        15,         0,   0.060,pymatching,ee0990691a329ed8e229b152d184ce2d683d0c3d6b834929772c40e736d548ee,"{""config"":[""X+"",""X""],""d"":7,""p"":0.00502051282051282}",
     20329,        91,         0,   0.298,pymatching,ee0990691a329ed8e229b152d184ce2d683d0c3d6b834929772c40e736d548ee,"{""config"":[""X+"",""X""],""d"":7,""p"":0.00502051282051282}",
      2048,        18,         0,   0.035,pymatching,23c6762b737c8f172d70a38cb24337e07ab695cfa3677a29c39ada478a50c087,"{""config"":[""X+"",""X""],""d"":7,""p"":0.006446153846153846}",
       771,         1,         0,   0.010,pymatching,b91760ea78cf9f4833c45a5ecc1020af69d569f33061d60ac02f8c5f0093edff,"{""config"":[""X+"",""X""],""d"":7,""p"":0.004664102564102564}",
      2048,        30,         0,   0.037,pymatching,44206ae84723ba1ca5b7b273593872b991680c9ab3e4933e072fe09f027cc7ef,"{""config"":[""X+"",""X""],""d"":7,""p"":0.006802564102564103}",
      2048,         3,         0,   0.027,pymatching,b91760ea78cf9f4833c45a5ecc1020af69d569f33061d60ac02f8c5f0093edff,"{""config"":[""X+"",""X""],""d"":7,""p"":0.004664102564102564}",
      7168,        54,         0,   0.117,pymatching,c38f3fbcd05be71b19ac276a153e0c2484f355d31ecd184d275a4b399a271ace,"{""config"":[""X+"",""X""],""d"":7,""p"":0.00608974358974359}",
      3072,        11,         0,   0.039,pymatching,b91760ea78cf9f4833c45a5ecc1020af69d569f33061d60ac02f8c5f0093edff,"{""config"":[""X+"",""X""],""d"":7,""p"":0.004664102564102564}",
      1040,         0,         0,   0.014,pymatching,b91760ea78cf9f4833c45a5ecc1020af69d569f33061d60ac02f8c5f0093edff,"{""config"":[""X+"",""X""],""d"":7,""p"":0.004664102564102564}",
      1024,        21,         0,   0.021,pymatching,6aa347dd498ef9eab5063a08f336e609f14f0e078992c644e8370c8e3e95fdc5,"{""config"":[""X+"",""X""],""d"":7,""p"":0.007515384615384615}",
     13312,        67,         0,   0.206,pymatching,7c53fb4e615d31e5d4c99bf35992fe8d9581d34af76bf8d8eb41aacc4eb492e8,"{""config"":[""X+"",""X""],""d"":7,""p"":0.005376923076923077}",
       514,         3,         0,   0.007,pymatching,b91760ea78cf9f4833c45a5ecc1020af69d569f33061d60ac02f8c5f0093edff,"{""config"":[""X+"",""X""],""d"":7,""p"":0.004664102564102564}",
       765,         0,         0,   0.022,pymatching,b91760ea78cf9f4833c45a5ecc1020af69d569f33061d60ac02f8c5f0093edff,"{""config"":[""X+"",""X""],""d"":7,""p"":0.004664102564102564}",
      2048,         5,         0,   0.030,pymatching,ee0990691a329ed8e229b152d184ce2d683d0c3d6b834929772c40e736d548ee,"{""config"":[""X+"",""X""],""d"":7,""p"":0.00502051282051282}",
       250,         0,         0,   0.003,pymatching,b91760ea78cf9f4833c45a5ecc1020af69d569f33061d60ac02f8c5f0093edff,"{""config"":[""X+"",""X""],""d"":7,""p"":0.004664102564102564}",
      2048,        27,         0,   0.036,pymatching,c38f3fbcd05be71b19ac276a153e0c2484f355d31ecd184d275a4b399a271ace,"{""config"":[""X+"",""X""],""d"":7,""p"":0.00608974358974359}",
      1772,         2,         0,   0.023,pymatching,b91760ea78cf9f4833c45a5ecc1020af69d569f33061d60ac02f8c5f0093edff,"{""config"":[""X+"",""X""],""d"":7,""p"":0.004664102564102564}",
       200,         0,         0,   0.003,pymatching,b91760ea78cf9f4833c45a5ecc1020af69d569f33061d60ac02f8c5f0093edff,"{""config"":[""X+"",""X""],""d"":7,""p"":0.004664102564102564}",
      3072,        19,         0,   0.047,pymatching,0e55159f8cc3e9ff5036fc15139dd300d40c086444c609c580809a7d5005181b,"{""config"":[""X+"",""X""],""d"":7,""p"":0.005733333333333333}",
      1772,         7,         0,   0.024,pymatching,b91760ea78cf9f4833c45a5ecc1020af69d569f33061d60ac02f8c5f0093edff,"{""config"":[""X+"",""X""],""d"":7,""p"":0.004664102564102564}",
      2048,        34,         0,   0.044,pymatching,6aa347dd498ef9eab5063a08f336e609f14f0e078992c644e8370c8e3e95fdc5,"{""config"":[""X+"",""X""],""d"":7,""p"":0.007515384615384615}",
       200,         0,         0,   0.003,pymatching,b91760ea78cf9f4833c45a5ecc1020af69d569f33061d60ac02f8c5f0093edff,"{""config"":[""X+"",""X""],""d"":7,""p"":0.004664102564102564}",
     12288,       130,         0,   0.214,pymatching,23c6762b737c8f172d70a38cb24337e07ab695cfa3677a29c39ada478a50c087,"{""config"":[""X+"",""X""],""d"":7,""p"":0.006446153846153846}",
      1297,         7,         0,   0.023,pymatching,0e55159f8cc3e9ff5036fc15139dd300d40c086444c609c580809a7d5005181b,"{""config"":[""X+"",""X""],""d"":7,""p"":0.005733333333333333}",
      2048,        33,         0,   0.039,pymatching,f386f3dbd4a32ae34d04b6483c8b0485cf353fc6c027dc42cac209eb6d9f0692,"{""config"":[""X+"",""X""],""d"":7,""p"":0.007158974358974359}",
      1297,        13,         0,   0.025,pymatching,44206ae84723ba1ca5b7b273593872b991680c9ab3e4933e072fe09f027cc7ef,"{""config"":[""X+"",""X""],""d"":7,""p"":0.006802564102564103}",
     13312,        92,         0,   0.207,pymatching,0e55159f8cc3e9ff5036fc15139dd300d40c086444c609c580809a7d5005181b,"{""config"":[""X+"",""X""],""d"":7,""p"":0.005733333333333333}",
     12288,       103,         0,   0.213,pymatching,c38f3fbcd05be71b19ac276a153e0c2484f355d31ecd184d275a4b399a271ace,"{""config"":[""X+"",""X""],""d"":7,""p"":0.00608974358974359}",
      3072,        11,         0,   0.047,pymatching,7c53fb4e615d31e5d4c99bf35992fe8d9581d34af76bf8d8eb41aacc4eb492e8,"{""config"":[""X+"",""X""],""d"":7,""p"":0.005376923076923077}",
       767,         2,         0,   0.021,pymatching,b91760ea78cf9f4833c45a5ecc1020af69d569f33061d60ac02f8c5f0093edff,"{""config"":[""X+"",""X""],""d"":7,""p"":0.004664102564102564}",
      1297,         9,         0,   0.027,pymatching,c38f3fbcd05be71b19ac276a153e0c2484f355d31ecd184d275a4b399a271ace,"{""config"":[""X+"",""X""],""d"":7,""p"":0.00608974358974359}",
      1297,        12,         0,   0.023,pymatching,7c53fb4e615d31e5d4c99bf35992fe8d9581d34af76bf8d8eb41aacc4eb492e8,"{""config"":[""X+"",""X""],""d"":7,""p"":0.005376923076923077}",
      1297,        17,         0,   0.025,pymatching,23c6762b737c8f172d70a38cb24337e07ab695cfa3677a29c39ada478a50c087,"{""config"":[""X+"",""X""],""d"":7,""p"":0.006446153846153846}",
      1024,        10,         0,   0.016,pymatching,0e55159f8cc3e9ff5036fc15139dd300d40c086444c609c580809a7d5005181b,"{""config"":[""X+"",""X""],""d"":7,""p"":0.005733333333333333}",
      6144,        80,         0,   0.117,pymatching,44206ae84723ba1ca5b7b273593872b991680c9ab3e4933e072fe09f027cc7ef,"{""config"":[""X+"",""X""],""d"":7,""p"":0.006802564102564103}",
      1024,        10,         0,   0.018,pymatching,44206ae84723ba1ca5b7b273593872b991680c9ab3e4933e072fe09f027cc7ef,"{""config"":[""X+"",""X""],""d"":7,""p"":0.006802564102564103}",
      1297,        20,         0,   0.026,pymatching,f386f3dbd4a32ae34d04b6483c8b0485cf353fc6c027dc42cac209eb6d9f0692,"{""config"":[""X+"",""X""],""d"":7,""p"":0.007158974358974359}",
      2048,        47,         0,   0.043,pymatching,6aa347dd498ef9eab5063a08f336e609f14f0e078992c644e8370c8e3e95fdc5,"{""config"":[""X+"",""X""],""d"":7,""p"":0.007515384615384615}",
     11264,        42,         0,   0.186,pymatching,ee0990691a329ed8e229b152d184ce2d683d0c3d6b834929772c40e736d548ee,"{""config"":[""X+"",""X""],""d"":7,""p"":0.00502051282051282}",
      3072,        27,         0,   0.052,pymatching,23c6762b737c8f172d70a38cb24337e07ab695cfa3677a29c39ada478a50c087,"{""config"":[""X+"",""X""],""d"":7,""p"":0.006446153846153846}",
      1024,         9,         0,   0.017,pymatching,c38f3fbcd05be71b19ac276a153e0c2484f355d31ecd184d275a4b399a271ace,"{""config"":[""X+"",""X""],""d"":7,""p"":0.00608974358974359}",
      1024,         8,         0,   0.016,pymatching,7c53fb4e615d31e5d4c99bf35992fe8d9581d34af76bf8d8eb41aacc4eb492e8,"{""config"":[""X+"",""X""],""d"":7,""p"":0.005376923076923077}",
      3072,        32,         0,   0.054,pymatching,44206ae84723ba1ca5b7b273593872b991680c9ab3e4933e072fe09f027cc7ef,"{""config"":[""X+"",""X""],""d"":7,""p"":0.006802564102564103}",
     63488,       830,         0,    1.25,pymatching,44206ae84723ba1ca5b7b273593872b991680c9ab3e4933e072fe09f027cc7ef,"{""config"":[""X+"",""X""],""d"":7,""p"":0.006802564102564103}",
      3072,        12,         0,   0.044,pymatching,ee0990691a329ed8e229b152d184ce2d683d0c3d6b834929772c40e736d548ee,"{""config"":[""X+"",""X""],""d"":7,""p"":0.00502051282051282}",
      1024,         6,         0,   0.019,pymatching,23c6762b737c8f172d70a38cb24337e07ab695cfa3677a29c39ada478a50c087,"{""config"":[""X+"",""X""],""d"":7,""p"":0.006446153846153846}",
      2048,        34,         0,   0.044,pymatching,6aa347dd498ef9eab5063a08f336e609f14f0e078992c644e8370c8e3e95fdc5,"{""config"":[""X+"",""X""],""d"":7,""p"":0.007515384615384615}",
     39936,       309,         0,   0.657,pymatching,0e55159f8cc3e9ff5036fc15139dd300d40c086444c609c580809a7d5005181b,"{""config"":[""X+"",""X""],""d"":7,""p"":0.005733333333333333}",
      2048,        30,         0,   0.039,pymatching,f386f3dbd4a32ae34d04b6483c8b0485cf353fc6c027dc42cac209eb6d9f0692,"{""config"":[""X+"",""X""],""d"":7,""p"":0.007158974358974359}",
      1024,        22,         0,   0.020,pymatching,f386f3dbd4a32ae34d04b6483c8b0485cf353fc6c027dc42cac209eb6d9f0692,"{""config"":[""X+"",""X""],""d"":7,""p"":0.007158974358974359}",
     23552,       134,         0,   0.357,pymatching,7c53fb4e615d31e5d4c99bf35992fe8d9581d34af76bf8d8eb41aacc4eb492e8,"{""config"":[""X+"",""X""],""d"":7,""p"":0.005376923076923077}",
      3072,        31,         0,   0.054,pymatching,c38f3fbcd05be71b19ac276a153e0c2484f355d31ecd184d275a4b399a271ace,"{""config"":[""X+"",""X""],""d"":7,""p"":0.00608974358974359}",
      2048,         7,         0,   0.034,pymatching,0e55159f8cc3e9ff5036fc15139dd300d40c086444c609c580809a7d5005181b,"{""config"":[""X+"",""X""],""d"":7,""p"":0.005733333333333333}",
      1297,        20,         0,   0.027,pymatching,f386f3dbd4a32ae34d04b6483c8b0485cf353fc6c027dc42cac209eb6d9f0692,"{""config"":[""X+"",""X""],""d"":7,""p"":0.007158974358974359}",
     22972,       113,         0,   0.355,pymatching,7c53fb4e615d31e5d4c99bf35992fe8d9581d34af76bf8d8eb41aacc4eb492e8,"{""config"":[""X+"",""X""],""d"":7,""p"":0.005376923076923077}",
      2048,        28,         0,   0.036,pymatching,44206ae84723ba1ca5b7b273593872b991680c9ab3e4933e072fe09f027cc7ef,"{""config"":[""X+"",""X""],""d"":7,""p"":0.006802564102564103}",
      4096,        33,         0,   0.061,pymatching,0e55159f8cc3e9ff5036fc15139dd300d40c086444c609c580809a7d5005181b,"{""config"":[""X+"",""X""],""d"":7,""p"":0.005733333333333333}",
      6144,        26,         0,   0.088,pymatching,ee0990691a329ed8e229b152d184ce2d683d0c3d6b834929772c40e736d548ee,"{""config"":[""X+"",""X""],""d"":7,""p"":0.00502051282051282}",
      2048,         7,         0,   0.031,pymatching,7c53fb4e615d31e5d4c99bf35992fe8d9581d34af76bf8d8eb41aacc4eb492e8,"{""config"":[""X+"",""X""],""d"":7,""p"":0.005376923076923077}",
      1024,        17,         0,   0.021,pymatching,f386f3dbd4a32ae34d04b6483c8b0485cf353fc6c027dc42cac209eb6d9f0692,"{""config"":[""X+"",""X""],""d"":7,""p"":0.007158974358974359}",
       873,         4,         0,   0.014,pymatching,0e55159f8cc3e9ff5036fc15139dd300d40c086444c609c580809a7d5005181b,"{""config"":[""X+"",""X""],""d"":7,""p"":0.005733333333333333}",
      2048,        16,         0,   0.037,pymatching,c38f3fbcd05be71b19ac276a153e0c2484f355d31ecd184d275a4b399a271ace,"{""config"":[""X+"",""X""],""d"":7,""p"":0.00608974358974359}",
      4096,        23,         0,   0.061,pymatching,7c53fb4e615d31e5d4c99bf35992fe8d9581d34af76bf8d8eb41aacc4eb492e8,"{""config"":[""X+"",""X""],""d"":7,""p"":0.005376923076923077}",
      2048,        49,         0,   0.042,pymatching,6aa347dd498ef9eab5063a08f336e609f14f0e078992c644e8370c8e3e95fdc5,"{""config"":[""X+"",""X""],""d"":7,""p"":0.007515384615384615}",
     10733,        34,         0,   0.153,pymatching,ee0990691a329ed8e229b152d184ce2d683d0c3d6b834929772c40e736d548ee,"{""config"":[""X+"",""X""],""d"":7,""p"":0.00502051282051282}",
      5120,        87,         0,   0.113,pymatching,6aa347dd498ef9eab5063a08f336e609f14f0e078992c644e8370c8e3e95fdc5,"{""config"":[""X+"",""X""],""d"":7,""p"":0.007515384615384615}",
      9216,        43,         0,   0.124,pymatching,ee0990691a329ed8e229b152d184ce2d683d0c3d6b834929772c40e736d548ee,"{""config"":[""X+"",""X""],""d"":7,""p"":0.00502051282051282}",
      2048,        13,         0,   0.036,pymatching,23c6762b737c8f172d70a38cb24337e07ab695cfa3677a29c39ada478a50c087,"{""config"":[""X+"",""X""],""d"":7,""p"":0.006446153846153846}",
     23552,       242,         0,   0.406,pymatching,23c6762b737c8f172d70a38cb24337e07ab695cfa3677a29c39ada478a50c087,"{""config"":[""X+"",""X""],""d"":7,""p"":0.006446153846153846}",
      1024,        11,         0,   0.021,pymatching,f386f3dbd4a32ae34d04b6483c8b0485cf353fc6c027dc42cac209eb6d9f0692,"{""config"":[""X+"",""X""],""d"":7,""p"":0.007158974358974359}",
      6144,        76,         0,   0.125,pymatching,f386f3dbd4a32ae34d04b6483c8b0485cf353fc6c027dc42cac209eb6d9f0692,"{""config"":[""X+"",""X""],""d"":7,""p"":0.007158974358974359}",
      7168,        26,         0,   0.112,pymatching,ee0990691a329ed8e229b152d184ce2d683d0c3d6b834929772c40e736d548ee,"{""config"":[""X+"",""X""],""d"":7,""p"":0.00502051282051282}",
     10240,       191,         0,   0.207,pymatching,6aa347dd498ef9eab5063a08f336e609f14f0e078992c644e8370c8e3e95fdc5,"{""config"":[""X+"",""X""],""d"":7,""p"":0.007515384615384615}",
     10240,       166,         0,   0.209,pymatching,f386f3dbd4a32ae34d04b6483c8b0485cf353fc6c027dc42cac209eb6d9f0692,"{""config"":[""X+"",""X""],""d"":7,""p"":0.007158974358974359}",
      3072,        31,         0,   0.054,pymatching,23c6762b737c8f172d70a38cb24337e07ab695cfa3677a29c39ada478a50c087,"{""config"":[""X+"",""X""],""d"":7,""p"":0.006446153846153846}",
      2048,        11,         0,   0.033,pymatching,0e55159f8cc3e9ff5036fc15139dd300d40c086444c609c580809a7d5005181b,"{""config"":[""X+"",""X""],""d"":7,""p"":0.005733333333333333}",
      3072,        42,         0,   0.057,pymatching,44206ae84723ba1ca5b7b273593872b991680c9ab3e4933e072fe09f027cc7ef,"{""config"":[""X+"",""X""],""d"":7,""p"":0.006802564102564103}",
       608,         0,         0,   0.009,pymatching,ee0990691a329ed8e229b152d184ce2d683d0c3d6b834929772c40e736d548ee,"{""config"":[""X+"",""X""],""d"":7,""p"":0.00502051282051282}",
      6831,        25,         0,   0.109,pymatching,ee0990691a329ed8e229b152d184ce2d683d0c3d6b834929772c40e736d548ee,"{""config"":[""X+"",""X""],""d"":7,""p"":0.00502051282051282}",
      8192,        91,         0,   0.150,pymatching,23c6762b737c8f172d70a38cb24337e07ab695cfa3677a29c39ada478a50c087,"{""config"":[""X+"",""X""],""d"":7,""p"":0.006446153846153846}",
     11264,       123,         0,   0.217,pymatching,44206ae84723ba1ca5b7b273593872b991680c9ab3e4933e072fe09f027cc7ef,"{""config"":[""X+"",""X""],""d"":7,""p"":0.006802564102564103}",
      4096,        12,         0,   0.060,pymatching,ee0990691a329ed8e229b152d184ce2d683d0c3d6b834929772c40e736d548ee,"{""config"":[""X+"",""X""],""d"":7,""p"":0.00502051282051282}",
      2048,        10,         0,   0.034,pymatching,7c53fb4e615d31e5d4c99bf35992fe8d9581d34af76bf8d8eb41aacc4eb492e8,"{""config"":[""X+"",""X""],""d"":7,""p"":0.005376923076923077}",
      2048,        23,         0,   0.039,pymatching,44206ae84723ba1ca5b7b273593872b991680c9ab3e4933e072fe09f027cc7ef,"{""config"":[""X+"",""X""],""d"":7,""p"":0.006802564102564103}",
      1024,        16,         0,   0.021,pymatching,f386f3dbd4a32ae34d04b6483c8b0485cf353fc6c027dc42cac209eb6d9f0692,"{""config"":[""X+"",""X""],""d"":7,""p"":0.007158974358974359}",
      1297,        11,         0,   0.023,pymatching,0e55159f8cc3e9ff5036fc15139dd300d40c086444c609c580809a7d5005181b,"{""config"":[""X+"",""X""],""d"":7,""p"":0.005733333333333333}",
     10240,        77,         0,   0.163,pymatching,0e55159f8cc3e9ff5036fc15139dd300d40c086444c609c580809a7d5005181b,"{""config"":[""X+"",""X""],""d"":7,""p"":0.005733333333333333}",
     21504,       272,         0,   0.417,pymatching,44206ae84723ba1ca5b7b273593872b991680c9ab3e4933e072fe09f027cc7ef,"{""config"":[""X+"",""X""],""d"":7,""p"":0.006802564102564103}",
     19456,       383,         0,   0.407,pymatching,6aa347dd498ef9eab5063a08f336e609f14f0e078992c644e8370c8e3e95fdc5,"{""config"":[""X+"",""X""],""d"":7,""p"":0.007515384615384615}",
      3072,        41,         0,   0.061,pymatching,f386f3dbd4a32ae34d04b6483c8b0485cf353fc6c027dc42cac209eb6d9f0692,"{""config"":[""X+"",""X""],""d"":7,""p"":0.007158974358974359}",
     10240,        51,         0,   0.156,pymatching,7c53fb4e615d31e5d4c99bf35992fe8d9581d34af76bf8d8eb41aacc4eb492e8,"{""config"":[""X+"",""X""],""d"":7,""p"":0.005376923076923077}",
      2048,        14,         0,   0.037,pymatching,c38f3fbcd05be71b19ac276a153e0c2484f355d31ecd184d275a4b399a271ace,"{""config"":[""X+"",""X""],""d"":7,""p"":0.00608974358974359}",
      3072,        45,         0,   0.065,pymatching,6aa347dd498ef9eab5063a08f336e609f14f0e078992c644e8370c8e3e95fdc5,"{""config"":[""X+"",""X""],""d"":7,""p"":0.007515384615384615}",
      2048,        25,         0,   0.043,pymatching,f386f3dbd4a32ae34d04b6483c8b0485cf353fc6c027dc42cac209eb6d9f0692,"{""config"":[""X+"",""X""],""d"":7,""p"":0.007158974358974359}",
      4096,        20,         0,   0.059,pymatching,ee0990691a329ed8e229b152d184ce2d683d0c3d6b834929772c40e736d548ee,"{""config"":[""X+"",""X""],""d"":7,""p"":0.00502051282051282}",
      1297,         4,         0,   0.019,pymatching,ee0990691a329ed8e229b152d184ce2d683d0c3d6b834929772c40e736d548ee,"{""config"":[""X+"",""X""],""d"":7,""p"":0.00502051282051282}",
      2048,        22,         0,   0.038,pymatching,23c6762b737c8f172d70a38cb24337e07ab695cfa3677a29c39ada478a50c087,"{""config"":[""X+"",""X""],""d"":7,""p"":0.006446153846153846}",
     20480,       329,         0,   0.416,pymatching,f386f3dbd4a32ae34d04b6483c8b0485cf353fc6c027dc42cac209eb6d9f0692,"{""config"":[""X+"",""X""],""d"":7,""p"":0.007158974358974359}",
      1024,         8,         0,   0.017,pymatching,0e55159f8cc3e9ff5036fc15139dd300d40c086444c609c580809a7d5005181b,"{""config"":[""X+"",""X""],""d"":7,""p"":0.005733333333333333}",
      1297,        21,         0,   0.027,pymatching,44206ae84723ba1ca5b7b273593872b991680c9ab3e4933e072fe09f027cc7ef,"{""config"":[""X+"",""X""],""d"":7,""p"":0.006802564102564103}",
      2372,        15,         0,   0.032,pymatching,ee0990691a329ed8e229b152d184ce2d683d0c3d6b834929772c40e736d548ee,"{""config"":[""X+"",""X""],""d"":7,""p"":0.00502051282051282}",
      3854,        12,         0,   0.056,pymatching,ee0990691a329ed8e229b152d184ce2d683d0c3d6b834929772c40e736d548ee,"{""config"":[""X+"",""X""],""d"":7,""p"":0.00502051282051282}",
       929,         2,         0,   0.013,pymatching,ee0990691a329ed8e229b152d184ce2d683d0c3d6b834929772c40e736d548ee,"{""config"":[""X+"",""X""],""d"":7,""p"":0.00502051282051282}",
      4096,        35,         0,   0.071,pymatching,c38f3fbcd05be71b19ac276a153e0c2484f355d31ecd184d275a4b399a271ace,"{""config"":[""X+"",""X""],""d"":7,""p"":0.00608974358974359}",
      1024,         5,         0,   0.014,pymatching,ee0990691a329ed8e229b152d184ce2d683d0c3d6b834929772c40e736d548ee,"{""config"":[""X+"",""X""],""d"":7,""p"":0.00502051282051282}",
      1297,         4,         0,   0.021,pymatching,7c53fb4e615d31e5d4c99bf35992fe8d9581d34af76bf8d8eb41aacc4eb492e8,"{""config"":[""X+"",""X""],""d"":7,""p"":0.005376923076923077}",
      2371,        10,         0,   0.034,pymatching,ee0990691a329ed8e229b152d184ce2d683d0c3d6b834929772c40e736d548ee,"{""config"":[""X+"",""X""],""d"":7,""p"":0.00502051282051282}",
       687,         2,         0,   0.010,pymatching,ee0990691a329ed8e229b152d184ce2d683d0c3d6b834929772c40e736d548ee,"{""config"":[""X+"",""X""],""d"":7,""p"":0.00502051282051282}",
      9216,        70,         0,   0.150,pymatching,c38f3fbcd05be71b19ac276a153e0c2484f355d31ecd184d275a4b399a271ace,"{""config"":[""X+"",""X""],""d"":7,""p"":0.00608974358974359}",
       783,         3,         0,   0.011,pymatching,ee0990691a329ed8e229b152d184ce2d683d0c3d6b834929772c40e736d548ee,"{""config"":[""X+"",""X""],""d"":7,""p"":0.00502051282051282}",
      1297,        12,         0,   0.025,pymatching,23c6762b737c8f172d70a38cb24337e07ab695cfa3677a29c39ada478a50c087,"{""config"":[""X+"",""X""],""d"":7,""p"":0.006446153846153846}",
      3072,        13,         0,   0.045,pymatching,ee0990691a329ed8e229b152d184ce2d683d0c3d6b834929772c40e736d548ee,"{""config"":[""X+"",""X""],""d"":7,""p"":0.00502051282051282}",
       550,         2,         0,   0.008,pymatching,ee0990691a329ed8e229b152d184ce2d683d0c3d6b834929772c40e736d548ee,"{""config"":[""X+"",""X""],""d"":7,""p"":0.00502051282051282}",
      3072,        71,         0,   0.065,pymatching,6aa347dd498ef9eab5063a08f336e609f14f0e078992c644e8370c8e3e95fdc5,"{""config"":[""X+"",""X""],""d"":7,""p"":0.007515384615384615}",
      2048,        25,         0,   0.039,pymatching,44206ae84723ba1ca5b7b273593872b991680c9ab3e4933e072fe09f027cc7ef,"{""config"":[""X+"",""X""],""d"":7,""p"":0.006802564102564103}",
      2048,         7,         0,   0.030,pymatching,ee0990691a329ed8e229b152d184ce2d683d0c3d6b834929772c40e736d548ee,"{""config"":[""X+"",""X""],""d"":7,""p"":0.00502051282051282}",
      1024,        13,         0,   0.020,pymatching,44206ae84723ba1ca5b7b273593872b991680c9ab3e4933e072fe09f027cc7ef,"{""config"":[""X+"",""X""],""d"":7,""p"":0.006802564102564103}",
      3072,        18,         0,   0.050,pymatching,0e55159f8cc3e9ff5036fc15139dd300d40c086444c609c580809a7d5005181b,"{""config"":[""X+"",""X""],""d"":7,""p"":0.005733333333333333}",
      5120,        34,         0,   0.079,pymatching,0e55159f8cc3e9ff5036fc15139dd300d40c086444c609c580809a7d5005181b,"{""config"":[""X+"",""X""],""d"":7,""p"":0.005733333333333333}",
      2048,        27,         0,   0.041,pymatching,f386f3dbd4a32ae34d04b6483c8b0485cf353fc6c027dc42cac209eb6d9f0692,"{""config"":[""X+"",""X""],""d"":7,""p"":0.007158974358974359}",
      1024,         9,         0,   0.016,pymatching,7c53fb4e615d31e5d4c99bf35992fe8d9581d34af76bf8d8eb41aacc4eb492e8,"{""config"":[""X+"",""X""],""d"":7,""p"":0.005376923076923077}",
      1263,         5,         0,   0.017,pymatching,ee0990691a329ed8e229b152d184ce2d683d0c3d6b834929772c40e736d548ee,"{""config"":[""X+"",""X""],""d"":7,""p"":0.00502051282051282}",
        84,         0,         0,   0.001,pymatching,ee0990691a329ed8e229b152d184ce2d683d0c3d6b834929772c40e736d548ee,"{""config"":[""X+"",""X""],""d"":7,""p"":0.00502051282051282}",
      3072,        15,         0,   0.048,pymatching,7c53fb4e615d31e5d4c99bf35992fe8d9581d34af76bf8d8eb41aacc4eb492e8,"{""config"":[""X+"",""X""],""d"":7,""p"":0.005376923076923077}",
       456,         3,         0,   0.007,pymatching,ee0990691a329ed8e229b152d184ce2d683d0c3d6b834929772c40e736d548ee,"{""config"":[""X+"",""X""],""d"":7,""p"":0.00502051282051282}",
     37631,       345,         0,   0.628,pymatching,c38f3fbcd05be71b19ac276a153e0c2484f355d31ecd184d275a4b399a271ace,"{""config"":[""X+"",""X""],""d"":7,""p"":0.00608974358974359}",
      2048,        22,         0,   0.040,pymatching,f386f3dbd4a32ae34d04b6483c8b0485cf353fc6c027dc42cac209eb6d9f0692,"{""config"":[""X+"",""X""],""d"":7,""p"":0.007158974358974359}",
      5120,        46,         0,   0.079,pymatching,7c53fb4e615d31e5d4c99bf35992fe8d9581d34af76bf8d8eb41aacc4eb492e8,"{""config"":[""X+"",""X""],""d"":7,""p"":0.005376923076923077}",
      2048,        18,         0,   0.033,pymatching,0e55159f8cc3e9ff5036fc15139dd300d40c086444c609c580809a7d5005181b,"{""config"":[""X+"",""X""],""d"":7,""p"":0.005733333333333333}",
       298,         3,         0,   0.004,pymatching,ee0990691a329ed8e229b152d184ce2d683d0c3d6b834929772c40e736d548ee,"{""config"":[""X+"",""X""],""d"":7,""p"":0.00502051282051282}",
      1024,        10,         0,   0.018,pymatching,23c6762b737c8f172d70a38cb24337e07ab695cfa3677a29c39ada478a50c087,"{""config"":[""X+"",""X""],""d"":7,""p"":0.006446153846153846}",
      1024,         3,         0,   0.018,pymatching,ee0990691a329ed8e229b152d184ce2d683d0c3d6b834929772c40e736d548ee,"{""config"":[""X+"",""X""],""d"":7,""p"":0.00502051282051282}",
      1297,        23,         0,   0.030,pymatching,6aa347dd498ef9eab5063a08f336e609f14f0e078992c644e8370c8e3e95fdc5,"{""config"":[""X+"",""X""],""d"":7,""p"":0.007515384615384615}",
        25,         0,         0,   0.001,pymatching,ee0990691a329ed8e229b152d184ce2d683d0c3d6b834929772c40e736d548ee,"{""config"":[""X+"",""X""],""d"":7,""p"":0.00502051282051282}",
        37,         0,         0,   0.001,pymatching,ee0990691a329ed8e229b152d184ce2d683d0c3d6b834929772c40e736d548ee,"{""config"":[""X+"",""X""],""d"":7,""p"":0.00502051282051282}",
      1024,        11,         0,   0.020,pymatching,44206ae84723ba1ca5b7b273593872b991680c9ab3e4933e072fe09f027cc7ef,"{""config"":[""X+"",""X""],""d"":7,""p"":0.006802564102564103}",
        66,         0,         0,   0.001,pymatching,ee0990691a329ed8e229b152d184ce2d683d0c3d6b834929772c40e736d548ee,"{""config"":[""X+"",""X""],""d"":7,""p"":0.00502051282051282}",
      3072,        22,         0,   0.054,pymatching,c38f3fbcd05be71b19ac276a153e0c2484f355d31ecd184d275a4b399a271ace,"{""config"":[""X+"",""X""],""d"":7,""p"":0.00608974358974359}",
        66,         0,         0,   0.001,pymatching,ee0990691a329ed8e229b152d184ce2d683d0c3d6b834929772c40e736d548ee,"{""config"":[""X+"",""X""],""d"":7,""p"":0.00502051282051282}",
        66,         0,         0,   0.001,pymatching,ee0990691a329ed8e229b152d184ce2d683d0c3d6b834929772c40e736d548ee,"{""config"":[""X+"",""X""],""d"":7,""p"":0.00502051282051282}",
        50,         0,         0,   0.001,pymatching,ee0990691a329ed8e229b152d184ce2d683d0c3d6b834929772c40e736d548ee,"{""config"":[""X+"",""X""],""d"":7,""p"":0.00502051282051282}",
        33,         0,         0,   0.001,pymatching,ee0990691a329ed8e229b152d184ce2d683d0c3d6b834929772c40e736d548ee,"{""config"":[""X+"",""X""],""d"":7,""p"":0.00502051282051282}",
      1297,         8,         0,   0.023,pymatching,c38f3fbcd05be71b19ac276a153e0c2484f355d31ecd184d275a4b399a271ace,"{""config"":[""X+"",""X""],""d"":7,""p"":0.00608974358974359}",
      3072,        35,         0,   0.056,pymatching,23c6762b737c8f172d70a38cb24337e07ab695cfa3677a29c39ada478a50c087,"{""config"":[""X+"",""X""],""d"":7,""p"":0.006446153846153846}",
        50,         0,         0,   0.002,pymatching,ee0990691a329ed8e229b152d184ce2d683d0c3d6b834929772c40e736d548ee,"{""config"":[""X+"",""X""],""d"":7,""p"":0.00502051282051282}",
        50,         0,         0,   0.002,pymatching,ee0990691a329ed8e229b152d184ce2d683d0c3d6b834929772c40e736d548ee,"{""config"":[""X+"",""X""],""d"":7,""p"":0.00502051282051282}",
         8,         0,         0,   0.000,pymatching,ee0990691a329ed8e229b152d184ce2d683d0c3d6b834929772c40e736d548ee,"{""config"":[""X+"",""X""],""d"":7,""p"":0.00502051282051282}",
        22,         0,         0,   0.001,pymatching,ee0990691a329ed8e229b152d184ce2d683d0c3d6b834929772c40e736d548ee,"{""config"":[""X+"",""X""],""d"":7,""p"":0.00502051282051282}",
      2048,        15,         0,   0.031,pymatching,7c53fb4e615d31e5d4c99bf35992fe8d9581d34af76bf8d8eb41aacc4eb492e8,"{""config"":[""X+"",""X""],""d"":7,""p"":0.005376923076923077}",
        16,         0,         0,   0.001,pymatching,ee0990691a329ed8e229b152d184ce2d683d0c3d6b834929772c40e736d548ee,"{""config"":[""X+"",""X""],""d"":7,""p"":0.00502051282051282}",
        10,         0,         0,   0.000,pymatching,ee0990691a329ed8e229b152d184ce2d683d0c3d6b834929772c40e736d548ee,"{""config"":[""X+"",""X""],""d"":7,""p"":0.00502051282051282}",
      5120,        55,         0,   0.089,pymatching,23c6762b737c8f172d70a38cb24337e07ab695cfa3677a29c39ada478a50c087,"{""config"":[""X+"",""X""],""d"":7,""p"":0.006446153846153846}",
      1024,        14,         0,   0.022,pymatching,6aa347dd498ef9eab5063a08f336e609f14f0e078992c644e8370c8e3e95fdc5,"{""config"":[""X+"",""X""],""d"":7,""p"":0.007515384615384615}",
        10,         0,         0,   0.001,pymatching,ee0990691a329ed8e229b152d184ce2d683d0c3d6b834929772c40e736d548ee,"{""config"":[""X+"",""X""],""d"":7,""p"":0.00502051282051282}",
      8192,       113,         0,   0.157,pymatching,44206ae84723ba1ca5b7b273593872b991680c9ab3e4933e072fe09f027cc7ef,"{""config"":[""X+"",""X""],""d"":7,""p"":0.006802564102564103}",
      2048,        37,         0,   0.040,pymatching,f386f3dbd4a32ae34d04b6483c8b0485cf353fc6c027dc42cac209eb6d9f0692,"{""config"":[""X+"",""X""],""d"":7,""p"":0.007158974358974359}",
         3,         1,         0,   0.000,pymatching,ee0990691a329ed8e229b152d184ce2d683d0c3d6b834929772c40e736d548ee,"{""config"":[""X+"",""X""],""d"":7,""p"":0.00502051282051282}",
         3,         0,         0,   0.000,pymatching,ee0990691a329ed8e229b152d184ce2d683d0c3d6b834929772c40e736d548ee,"{""config"":[""X+"",""X""],""d"":7,""p"":0.00502051282051282}",
         2,         0,         0,   0.000,pymatching,ee0990691a329ed8e229b152d184ce2d683d0c3d6b834929772c40e736d548ee,"{""config"":[""X+"",""X""],""d"":7,""p"":0.00502051282051282}",
      2048,        14,         0,   0.032,pymatching,0e55159f8cc3e9ff5036fc15139dd300d40c086444c609c580809a7d5005181b,"{""config"":[""X+"",""X""],""d"":7,""p"":0.005733333333333333}",
      1024,        12,         0,   0.017,pymatching,c38f3fbcd05be71b19ac276a153e0c2484f355d31ecd184d275a4b399a271ace,"{""config"":[""X+"",""X""],""d"":7,""p"":0.00608974358974359}",
      5120,        67,         0,   0.093,pymatching,44206ae84723ba1ca5b7b273593872b991680c9ab3e4933e072fe09f027cc7ef,"{""config"":[""X+"",""X""],""d"":7,""p"":0.006802564102564103}",
      4096,        69,         0,   0.080,pymatching,f386f3dbd4a32ae34d04b6483c8b0485cf353fc6c027dc42cac209eb6d9f0692,"{""config"":[""X+"",""X""],""d"":7,""p"":0.007158974358974359}",
         4,         0,         0,   0.000,pymatching,ee0990691a329ed8e229b152d184ce2d683d0c3d6b834929772c40e736d548ee,"{""config"":[""X+"",""X""],""d"":7,""p"":0.00502051282051282}",
      2048,        21,         0,   0.036,pymatching,23c6762b737c8f172d70a38cb24337e07ab695cfa3677a29c39ada478a50c087,"{""config"":[""X+"",""X""],""d"":7,""p"":0.006446153846153846}",
      3072,        41,         0,   0.055,pymatching,44206ae84723ba1ca5b7b273593872b991680c9ab3e4933e072fe09f027cc7ef,"{""config"":[""X+"",""X""],""d"":7,""p"":0.006802564102564103}",
      4096,        60,         0,   0.086,pymatching,6aa347dd498ef9eab5063a08f336e609f14f0e078992c644e8370c8e3e95fdc5,"{""config"":[""X+"",""X""],""d"":7,""p"":0.007515384615384615}",
      1024,        13,         0,   0.021,pymatching,6aa347dd498ef9eab5063a08f336e609f14f0e078992c644e8370c8e3e95fdc5,"{""config"":[""X+"",""X""],""d"":7,""p"":0.007515384615384615}",
      2048,        29,         0,   0.038,pymatching,44206ae84723ba1ca5b7b273593872b991680c9ab3e4933e072fe09f027cc7ef,"{""config"":[""X+"",""X""],""d"":7,""p"":0.006802564102564103}",
      2048,        11,         0,   0.029,pymatching,7c53fb4e615d31e5d4c99bf35992fe8d9581d34af76bf8d8eb41aacc4eb492e8,"{""config"":[""X+"",""X""],""d"":7,""p"":0.005376923076923077}",
      4096,        24,         0,   0.067,pymatching,0e55159f8cc3e9ff5036fc15139dd300d40c086444c609c580809a7d5005181b,"{""config"":[""X+"",""X""],""d"":7,""p"":0.005733333333333333}",
      8719,        61,         0,   0.139,pymatching,0e55159f8cc3e9ff5036fc15139dd300d40c086444c609c580809a7d5005181b,"{""config"":[""X+"",""X""],""d"":7,""p"":0.005733333333333333}",
      6626,        34,         0,   0.101,pymatching,7c53fb4e615d31e5d4c99bf35992fe8d9581d34af76bf8d8eb41aacc4eb492e8,"{""config"":[""X+"",""X""],""d"":7,""p"":0.005376923076923077}",
      5120,        39,         0,   0.085,pymatching,c38f3fbcd05be71b19ac276a153e0c2484f355d31ecd184d275a4b399a271ace,"{""config"":[""X+"",""X""],""d"":7,""p"":0.00608974358974359}",
      3072,        44,         0,   0.059,pymatching,f386f3dbd4a32ae34d04b6483c8b0485cf353fc6c027dc42cac209eb6d9f0692,"{""config"":[""X+"",""X""],""d"":7,""p"":0.007158974358974359}",
      4096,        20,         0,   0.063,pymatching,7c53fb4e615d31e5d4c99bf35992fe8d9581d34af76bf8d8eb41aacc4eb492e8,"{""config"":[""X+"",""X""],""d"":7,""p"":0.005376923076923077}",
     32090,       218,         0,   0.499,pymatching,0e55159f8cc3e9ff5036fc15139dd300d40c086444c609c580809a7d5005181b,"{""config"":[""X+"",""X""],""d"":7,""p"":0.005733333333333333}",
     16866,        67,         0,   0.266,pymatching,7c53fb4e615d31e5d4c99bf35992fe8d9581d34af76bf8d8eb41aacc4eb492e8,"{""config"":[""X+"",""X""],""d"":7,""p"":0.005376923076923077}",
      2048,        22,         0,   0.033,pymatching,c38f3fbcd05be71b19ac276a153e0c2484f355d31ecd184d275a4b399a271ace,"{""config"":[""X+"",""X""],""d"":7,""p"":0.00608974358974359}",
     63612,       988,         0,    1.35,pymatching,f386f3dbd4a32ae34d04b6483c8b0485cf353fc6c027dc42cac209eb6d9f0692,"{""config"":[""X+"",""X""],""d"":7,""p"":0.007158974358974359}",
     59392,      1099,         0,    1.32,pymatching,6aa347dd498ef9eab5063a08f336e609f14f0e078992c644e8370c8e3e95fdc5,"{""config"":[""X+"",""X""],""d"":7,""p"":0.007515384615384615}",
     15360,        75,         0,   0.230,pymatching,7c53fb4e615d31e5d4c99bf35992fe8d9581d34af76bf8d8eb41aacc4eb492e8,"{""config"":[""X+"",""X""],""d"":7,""p"":0.005376923076923077}",
      4096,        72,         0,   0.084,pymatching,6aa347dd498ef9eab5063a08f336e609f14f0e078992c644e8370c8e3e95fdc5,"{""config"":[""X+"",""X""],""d"":7,""p"":0.007515384615384615}",
      3072,        34,         0,   0.054,pymatching,23c6762b737c8f172d70a38cb24337e07ab695cfa3677a29c39ada478a50c087,"{""config"":[""X+"",""X""],""d"":7,""p"":0.006446153846153846}",
      2048,        25,         0,   0.036,pymatching,23c6762b737c8f172d70a38cb24337e07ab695cfa3677a29c39ada478a50c087,"{""config"":[""X+"",""X""],""d"":7,""p"":0.006446153846153846}",
     28672,       251,         0,   0.472,pymatching,c38f3fbcd05be71b19ac276a153e0c2484f355d31ecd184d275a4b399a271ace,"{""config"":[""X+"",""X""],""d"":7,""p"":0.00608974358974359}",
     27648,       195,         0,   0.426,pymatching,0e55159f8cc3e9ff5036fc15139dd300d40c086444c609c580809a7d5005181b,"{""config"":[""X+"",""X""],""d"":7,""p"":0.005733333333333333}",
      4096,        38,         0,   0.067,pymatching,c38f3fbcd05be71b19ac276a153e0c2484f355d31ecd184d275a4b399a271ace,"{""config"":[""X+"",""X""],""d"":7,""p"":0.00608974358974359}",
      7168,       119,         0,   0.154,pymatching,6aa347dd498ef9eab5063a08f336e609f14f0e078992c644e8370c8e3e95fdc5,"{""config"":[""X+"",""X""],""d"":7,""p"":0.007515384615384615}",
     11548,        40,         0,   0.171,pymatching,7c53fb4e615d31e5d4c99bf35992fe8d9581d34af76bf8d8eb41aacc4eb492e8,"{""config"":[""X+"",""X""],""d"":7,""p"":0.005376923076923077}",
      3072,        21,         0,   0.047,pymatching,0e55159f8cc3e9ff5036fc15139dd300d40c086444c609c580809a7d5005181b,"{""config"":[""X+"",""X""],""d"":7,""p"":0.005733333333333333}",
     38912,       386,         0,   0.705,pymatching,23c6762b737c8f172d70a38cb24337e07ab695cfa3677a29c39ada478a50c087,"{""config"":[""X+"",""X""],""d"":7,""p"":0.006446153846153846}",
      2048,        51,         0,   0.042,pymatching,6aa347dd498ef9eab5063a08f336e609f14f0e078992c644e8370c8e3e95fdc5,"{""config"":[""X+"",""X""],""d"":7,""p"":0.007515384615384615}",
      3072,        45,         0,   0.061,pymatching,f386f3dbd4a32ae34d04b6483c8b0485cf353fc6c027dc42cac209eb6d9f0692,"{""config"":[""X+"",""X""],""d"":7,""p"":0.007158974358974359}",
      8192,       121,         0,   0.163,pymatching,f386f3dbd4a32ae34d04b6483c8b0485cf353fc6c027dc42cac209eb6d9f0692,"{""config"":[""X+"",""X""],""d"":7,""p"":0.007158974358974359}",
     15360,        93,         0,   0.238,pymatching,0e55159f8cc3e9ff5036fc15139dd300d40c086444c609c580809a7d5005181b,"{""config"":[""X+"",""X""],""d"":7,""p"":0.005733333333333333}",
      3072,        13,         0,   0.044,pymatching,7c53fb4e615d31e5d4c99bf35992fe8d9581d34af76bf8d8eb41aacc4eb492e8,"{""config"":[""X+"",""X""],""d"":7,""p"":0.005376923076923077}",
      7168,       131,         0,   0.144,pymatching,6aa347dd498ef9eab5063a08f336e609f14f0e078992c644e8370c8e3e95fdc5,"{""config"":[""X+"",""X""],""d"":7,""p"":0.007515384615384615}",
      7168,        54,         0,   0.108,pymatching,0e55159f8cc3e9ff5036fc15139dd300d40c086444c609c580809a7d5005181b,"{""config"":[""X+"",""X""],""d"":7,""p"":0.005733333333333333}",
      2048,        14,         0,   0.032,pymatching,c38f3fbcd05be71b19ac276a153e0c2484f355d31ecd184d275a4b399a271ace,"{""config"":[""X+"",""X""],""d"":7,""p"":0.00608974358974359}",
      1024,        19,         0,   0.020,pymatching,6aa347dd498ef9eab5063a08f336e609f14f0e078992c644e8370c8e3e95fdc5,"{""config"":[""X+"",""X""],""d"":7,""p"":0.007515384615384615}",
     11548,        61,         0,   0.180,pymatching,7c53fb4e615d31e5d4c99bf35992fe8d9581d34af76bf8d8eb41aacc4eb492e8,"{""config"":[""X+"",""X""],""d"":7,""p"":0.005376923076923077}",
      3072,        31,         0,   0.056,pymatching,44206ae84723ba1ca5b7b273593872b991680c9ab3e4933e072fe09f027cc7ef,"{""config"":[""X+"",""X""],""d"":7,""p"":0.006802564102564103}",
      7168,        34,         0,   0.103,pymatching,7c53fb4e615d31e5d4c99bf35992fe8d9581d34af76bf8d8eb41aacc4eb492e8,"{""config"":[""X+"",""X""],""d"":7,""p"":0.005376923076923077}",
       393,         0,         0,   0.007,pymatching,7c53fb4e615d31e5d4c99bf35992fe8d9581d34af76bf8d8eb41aacc4eb492e8,"{""config"":[""X+"",""X""],""d"":7,""p"":0.005376923076923077}",
      3072,        64,         0,   0.062,pymatching,6aa347dd498ef9eab5063a08f336e609f14f0e078992c644e8370c8e3e95fdc5,"{""config"":[""X+"",""X""],""d"":7,""p"":0.007515384615384615}",
      1024,        17,         0,   0.020,pymatching,6aa347dd498ef9eab5063a08f336e609f14f0e078992c644e8370c8e3e95fdc5,"{""config"":[""X+"",""X""],""d"":7,""p"":0.007515384615384615}",
     18432,       320,         0,   0.393,pymatching,6aa347dd498ef9eab5063a08f336e609f14f0e078992c644e8370c8e3e95fdc5,"{""config"":[""X+"",""X""],""d"":7,""p"":0.007515384615384615}",
      2048,        49,         0,   0.041,pymatching,6aa347dd498ef9eab5063a08f336e609f14f0e078992c644e8370c8e3e95fdc5,"{""config"":[""X+"",""X""],""d"":7,""p"":0.007515384615384615}",
      4096,        13,         0,   0.058,pymatching,7c53fb4e615d31e5d4c99bf35992fe8d9581d34af76bf8d8eb41aacc4eb492e8,"{""config"":[""X+"",""X""],""d"":7,""p"":0.005376923076923077}",
      9216,       186,         0,   0.189,pymatching,6aa347dd498ef9eab5063a08f336e609f14f0e078992c644e8370c8e3e95fdc5,"{""config"":[""X+"",""X""],""d"":7,""p"":0.007515384615384615}",
       572,         4,         0,   0.008,pymatching,7c53fb4e615d31e5d4c99bf35992fe8d9581d34af76bf8d8eb41aacc4eb492e8,"{""config"":[""X+"",""X""],""d"":7,""p"":0.005376923076923077}",
      3072,        30,         0,   0.052,pymatching,23c6762b737c8f172d70a38cb24337e07ab695cfa3677a29c39ada478a50c087,"{""config"":[""X+"",""X""],""d"":7,""p"":0.006446153846153846}",
      1506,        12,         0,   0.033,pymatching,7c53fb4e615d31e5d4c99bf35992fe8d9581d34af76bf8d8eb41aacc4eb492e8,"{""config"":[""X+"",""X""],""d"":7,""p"":0.005376923076923077}",
      6144,        70,         0,   0.105,pymatching,23c6762b737c8f172d70a38cb24337e07ab695cfa3677a29c39ada478a50c087,"{""config"":[""X+"",""X""],""d"":7,""p"":0.006446153846153846}",
      2115,         9,         0,   0.031,pymatching,7c53fb4e615d31e5d4c99bf35992fe8d9581d34af76bf8d8eb41aacc4eb492e8,"{""config"":[""X+"",""X""],""d"":7,""p"":0.005376923076923077}",
       530,         2,         0,   0.009,pymatching,7c53fb4e615d31e5d4c99bf35992fe8d9581d34af76bf8d8eb41aacc4eb492e8,"{""config"":[""X+"",""X""],""d"":7,""p"":0.005376923076923077}",
      5120,        62,         0,   0.092,pymatching,44206ae84723ba1ca5b7b273593872b991680c9ab3e4933e072fe09f027cc7ef,"{""config"":[""X+"",""X""],""d"":7,""p"":0.006802564102564103}",
      5120,        32,         0,   0.080,pymatching,0e55159f8cc3e9ff5036fc15139dd300d40c086444c609c580809a7d5005181b,"{""config"":[""X+"",""X""],""d"":7,""p"":0.005733333333333333}",
      4096,        67,         0,   0.079,pymatching,f386f3dbd4a32ae34d04b6483c8b0485cf353fc6c027dc42cac209eb6d9f0692,"{""config"":[""X+"",""X""],""d"":7,""p"":0.007158974358974359}",
         1,         0,         0,   0.001,pymatching,f386f3dbd4a32ae34d04b6483c8b0485cf353fc6c027dc42cac209eb6d9f0692,"{""config"":[""X+"",""X""],""d"":7,""p"":0.007158974358974359}",
      2115,        14,         0,   0.041,pymatching,7c53fb4e615d31e5d4c99bf35992fe8d9581d34af76bf8d8eb41aacc4eb492e8,"{""config"":[""X+"",""X""],""d"":7,""p"":0.005376923076923077}",
      3072,        18,         0,   0.044,pymatching,7c53fb4e615d31e5d4c99bf35992fe8d9581d34af76bf8d8eb41aacc4eb492e8,"{""config"":[""X+"",""X""],""d"":7,""p"":0.005376923076923077}",
      4096,        35,         0,   0.063,pymatching,0e55159f8cc3e9ff5036fc15139dd300d40c086444c609c580809a7d5005181b,"{""config"":[""X+"",""X""],""d"":7,""p"":0.005733333333333333}",
       118,         2,         0,   0.002,pymatching,7c53fb4e615d31e5d4c99bf35992fe8d9581d34af76bf8d8eb41aacc4eb492e8,"{""config"":[""X+"",""X""],""d"":7,""p"":0.005376923076923077}",
      2048,        30,         0,   0.043,pymatching,f386f3dbd4a32ae34d04b6483c8b0485cf353fc6c027dc42cac209eb6d9f0692,"{""config"":[""X+"",""X""],""d"":7,""p"":0.007158974358974359}",
      6144,        80,         0,   0.110,pymatching,44206ae84723ba1ca5b7b273593872b991680c9ab3e4933e072fe09f027cc7ef,"{""config"":[""X+"",""X""],""d"":7,""p"":0.006802564102564103}",
      2115,        14,         0,   0.031,pymatching,7c53fb4e615d31e5d4c99bf35992fe8d9581d34af76bf8d8eb41aacc4eb492e8,"{""config"":[""X+"",""X""],""d"":7,""p"":0.005376923076923077}",
      9216,       139,         0,   0.180,pymatching,f386f3dbd4a32ae34d04b6483c8b0485cf353fc6c027dc42cac209eb6d9f0692,"{""config"":[""X+"",""X""],""d"":7,""p"":0.007158974358974359}",
      1297,        16,         0,   0.026,pymatching,44206ae84723ba1ca5b7b273593872b991680c9ab3e4933e072fe09f027cc7ef,"{""config"":[""X+"",""X""],""d"":7,""p"":0.006802564102564103}",
      3072,        24,         0,   0.050,pymatching,c38f3fbcd05be71b19ac276a153e0c2484f355d31ecd184d275a4b399a271ace,"{""config"":[""X+"",""X""],""d"":7,""p"":0.00608974358974359}",
     17408,       157,         0,   0.290,pymatching,c38f3fbcd05be71b19ac276a153e0c2484f355d31ecd184d275a4b399a271ace,"{""config"":[""X+"",""X""],""d"":7,""p"":0.00608974358974359}",
      2048,        10,         0,   0.030,pymatching,7c53fb4e615d31e5d4c99bf35992fe8d9581d34af76bf8d8eb41aacc4eb492e8,"{""config"":[""X+"",""X""],""d"":7,""p"":0.005376923076923077}",
      3072,        32,         0,   0.059,pymatching,f386f3dbd4a32ae34d04b6483c8b0485cf353fc6c027dc42cac209eb6d9f0692,"{""config"":[""X+"",""X""],""d"":7,""p"":0.007158974358974359}",
       996,         4,         0,   0.016,pymatching,7c53fb4e615d31e5d4c99bf35992fe8d9581d34af76bf8d8eb41aacc4eb492e8,"{""config"":[""X+"",""X""],""d"":7,""p"":0.005376923076923077}",
     17408,       220,         0,   0.300,pymatching,23c6762b737c8f172d70a38cb24337e07ab695cfa3677a29c39ada478a50c087,"{""config"":[""X+"",""X""],""d"":7,""p"":0.006446153846153846}",
       730,         4,         0,   0.011,pymatching,7c53fb4e615d31e5d4c99bf35992fe8d9581d34af76bf8d8eb41aacc4eb492e8,"{""config"":[""X+"",""X""],""d"":7,""p"":0.005376923076923077}",
      3072,        53,         0,   0.060,pymatching,f386f3dbd4a32ae34d04b6483c8b0485cf353fc6c027dc42cac209eb6d9f0692,"{""config"":[""X+"",""X""],""d"":7,""p"":0.007158974358974359}",
      6144,       101,         0,   0.118,pymatching,f386f3dbd4a32ae34d04b6483c8b0485cf353fc6c027dc42cac209eb6d9f0692,"{""config"":[""X+"",""X""],""d"":7,""p"":0.007158974358974359}",
     11264,       185,         0,   0.219,pymatching,f386f3dbd4a32ae34d04b6483c8b0485cf353fc6c027dc42cac209eb6d9f0692,"{""config"":[""X+"",""X""],""d"":7,""p"":0.007158974358974359}",
       231,         0,         0,   0.003,pymatching,7c53fb4e615d31e5d4c99bf35992fe8d9581d34af76bf8d8eb41aacc4eb492e8,"{""config"":[""X+"",""X""],""d"":7,""p"":0.005376923076923077}",
      2986,        25,         0,   0.052,pymatching,23c6762b737c8f172d70a38cb24337e07ab695cfa3677a29c39ada478a50c087,"{""config"":[""X+"",""X""],""d"":7,""p"":0.006446153846153846}",
     30720,       492,         0,   0.617,pymatching,f386f3dbd4a32ae34d04b6483c8b0485cf353fc6c027dc42cac209eb6d9f0692,"{""config"":[""X+"",""X""],""d"":7,""p"":0.007158974358974359}",
      1024,        12,         0,   0.020,pymatching,f386f3dbd4a32ae34d04b6483c8b0485cf353fc6c027dc42cac209eb6d9f0692,"{""config"":[""X+"",""X""],""d"":7,""p"":0.007158974358974359}",
      2048,        13,         0,   0.030,pymatching,7c53fb4e615d31e5d4c99bf35992fe8d9581d34af76bf8d8eb41aacc4eb492e8,"{""config"":[""X+"",""X""],""d"":7,""p"":0.005376923076923077}",
       569,         2,         0,   0.008,pymatching,7c53fb4e615d31e5d4c99bf35992fe8d9581d34af76bf8d8eb41aacc4eb492e8,"{""config"":[""X+"",""X""],""d"":7,""p"":0.005376923076923077}",
      3072,        37,         0,   0.057,pymatching,44206ae84723ba1ca5b7b273593872b991680c9ab3e4933e072fe09f027cc7ef,"{""config"":[""X+"",""X""],""d"":7,""p"":0.006802564102564103}",
        67,         1,         0,   0.001,pymatching,7c53fb4e615d31e5d4c99bf35992fe8d9581d34af76bf8d8eb41aacc4eb492e8,"{""config"":[""X+"",""X""],""d"":7,""p"":0.005376923076923077}",
      5120,        40,         0,   0.088,pymatching,23c6762b737c8f172d70a38cb24337e07ab695cfa3677a29c39ada478a50c087,"{""config"":[""X+"",""X""],""d"":7,""p"":0.006446153846153846}",
       659,         4,         0,   0.010,pymatching,7c53fb4e615d31e5d4c99bf35992fe8d9581d34af76bf8d8eb41aacc4eb492e8,"{""config"":[""X+"",""X""],""d"":7,""p"":0.005376923076923077}",
     12288,       148,         0,   0.215,pymatching,23c6762b737c8f172d70a38cb24337e07ab695cfa3677a29c39ada478a50c087,"{""config"":[""X+"",""X""],""d"":7,""p"":0.006446153846153846}",
      1245,         8,         0,   0.027,pymatching,7c53fb4e615d31e5d4c99bf35992fe8d9581d34af76bf8d8eb41aacc4eb492e8,"{""config"":[""X+"",""X""],""d"":7,""p"":0.005376923076923077}",
      1024,        11,         0,   0.018,pymatching,44206ae84723ba1ca5b7b273593872b991680c9ab3e4933e072fe09f027cc7ef,"{""config"":[""X+"",""X""],""d"":7,""p"":0.006802564102564103}",
      1297,         9,         0,   0.022,pymatching,0e55159f8cc3e9ff5036fc15139dd300d40c086444c609c580809a7d5005181b,"{""config"":[""X+"",""X""],""d"":7,""p"":0.005733333333333333}",
     14336,       102,         0,   0.217,pymatching,0e55159f8cc3e9ff5036fc15139dd300d40c086444c609c580809a7d5005181b,"{""config"":[""X+"",""X""],""d"":7,""p"":0.005733333333333333}",
     21504,       251,         0,   0.371,pymatching,23c6762b737c8f172d70a38cb24337e07ab695cfa3677a29c39ada478a50c087,"{""config"":[""X+"",""X""],""d"":7,""p"":0.006446153846153846}",
     24576,       224,         0,   0.412,pymatching,c38f3fbcd05be71b19ac276a153e0c2484f355d31ecd184d275a4b399a271ace,"{""config"":[""X+"",""X""],""d"":7,""p"":0.00608974358974359}",
      5120,        44,         0,   0.092,pymatching,c38f3fbcd05be71b19ac276a153e0c2484f355d31ecd184d275a4b399a271ace,"{""config"":[""X+"",""X""],""d"":7,""p"":0.00608974358974359}",
      7168,        58,         0,   0.116,pymatching,c38f3fbcd05be71b19ac276a153e0c2484f355d31ecd184d275a4b399a271ace,"{""config"":[""X+"",""X""],""d"":7,""p"":0.00608974358974359}",
      1297,        13,         0,   0.022,pymatching,c38f3fbcd05be71b19ac276a153e0c2484f355d31ecd184d275a4b399a271ace,"{""config"":[""X+"",""X""],""d"":7,""p"":0.00608974358974359}",
      4845,        27,         0,   0.077,pymatching,0e55159f8cc3e9ff5036fc15139dd300d40c086444c609c580809a7d5005181b,"{""config"":[""X+"",""X""],""d"":7,""p"":0.005733333333333333}",
      3072,        27,         0,   0.056,pymatching,23c6762b737c8f172d70a38cb24337e07ab695cfa3677a29c39ada478a50c087,"{""config"":[""X+"",""X""],""d"":7,""p"":0.006446153846153846}",
      1024,         9,         0,   0.016,pymatching,0e55159f8cc3e9ff5036fc15139dd300d40c086444c609c580809a7d5005181b,"{""config"":[""X+"",""X""],""d"":7,""p"":0.005733333333333333}",
        27,         1,         0,   0.001,pymatching,7c53fb4e615d31e5d4c99bf35992fe8d9581d34af76bf8d8eb41aacc4eb492e8,"{""config"":[""X+"",""X""],""d"":7,""p"":0.005376923076923077}",
      5120,        22,         0,   0.078,pymatching,0e55159f8cc3e9ff5036fc15139dd300d40c086444c609c580809a7d5005181b,"{""config"":[""X+"",""X""],""d"":7,""p"":0.005733333333333333}",
     34816,       472,         0,   0.658,pymatching,44206ae84723ba1ca5b7b273593872b991680c9ab3e4933e072fe09f027cc7ef,"{""config"":[""X+"",""X""],""d"":7,""p"":0.006802564102564103}",
      6770,        50,         0,   0.103,pymatching,0e55159f8cc3e9ff5036fc15139dd300d40c086444c609c580809a7d5005181b,"{""config"":[""X+"",""X""],""d"":7,""p"":0.005733333333333333}",
      1297,        10,         0,   0.023,pymatching,23c6762b737c8f172d70a38cb24337e07ab695cfa3677a29c39ada478a50c087,"{""config"":[""X+"",""X""],""d"":7,""p"":0.006446153846153846}",
      6770,        57,         0,   0.101,pymatching,0e55159f8cc3e9ff5036fc15139dd300d40c086444c609c580809a7d5005181b,"{""config"":[""X+"",""X""],""d"":7,""p"":0.005733333333333333}",
      1024,         8,         0,   0.016,pymatching,c38f3fbcd05be71b19ac276a153e0c2484f355d31ecd184d275a4b399a271ace,"{""config"":[""X+"",""X""],""d"":7,""p"":0.00608974358974359}",
     13312,       141,         0,   0.217,pymatching,c38f3fbcd05be71b19ac276a153e0c2484f355d31ecd184d275a4b399a271ace,"{""config"":[""X+"",""X""],""d"":7,""p"":0.00608974358974359}",
      5338,        28,         0,   0.098,pymatching,0e55159f8cc3e9ff5036fc15139dd300d40c086444c609c580809a7d5005181b,"{""config"":[""X+"",""X""],""d"":7,""p"":0.005733333333333333}",
        67,         1,         0,   0.002,pymatching,7c53fb4e615d31e5d4c99bf35992fe8d9581d34af76bf8d8eb41aacc4eb492e8,"{""config"":[""X+"",""X""],""d"":7,""p"":0.005376923076923077}",
      2048,        26,         0,   0.037,pymatching,44206ae84723ba1ca5b7b273593872b991680c9ab3e4933e072fe09f027cc7ef,"{""config"":[""X+"",""X""],""d"":7,""p"":0.006802564102564103}",
      1024,        11,         0,   0.018,pymatching,23c6762b737c8f172d70a38cb24337e07ab695cfa3677a29c39ada478a50c087,"{""config"":[""X+"",""X""],""d"":7,""p"":0.006446153846153846}",
      2048,        13,         0,   0.031,pymatching,0e55159f8cc3e9ff5036fc15139dd300d40c086444c609c580809a7d5005181b,"{""config"":[""X+"",""X""],""d"":7,""p"":0.005733333333333333}",
        32,         0,         0,   0.001,pymatching,7c53fb4e615d31e5d4c99bf35992fe8d9581d34af76bf8d8eb41aacc4eb492e8,"{""config"":[""X+"",""X""],""d"":7,""p"":0.005376923076923077}",
      4096,        34,         0,   0.066,pymatching,c38f3fbcd05be71b19ac276a153e0c2484f355d31ecd184d275a4b399a271ace,"{""config"":[""X+"",""X""],""d"":7,""p"":0.00608974358974359}",
       190,         0,         0,   0.006,pymatching,7c53fb4e615d31e5d4c99bf35992fe8d9581d34af76bf8d8eb41aacc4eb492e8,"{""config"":[""X+"",""X""],""d"":7,""p"":0.005376923076923077}",
      4975,        24,         0,   0.075,pymatching,0e55159f8cc3e9ff5036fc15139dd300d40c086444c609c580809a7d5005181b,"{""config"":[""X+"",""X""],""d"":7,""p"":0.005733333333333333}",
     13312,       137,         0,   0.215,pymatching,c38f3fbcd05be71b19ac276a153e0c2484f355d31ecd184d275a4b399a271ace,"{""config"":[""X+"",""X""],""d"":7,""p"":0.00608974358974359}",
         1,         0,         0,   0.001,pymatching,44206ae84723ba1ca5b7b273593872b991680c9ab3e4933e072fe09f027cc7ef,"{""config"":[""X+"",""X""],""d"":7,""p"":0.006802564102564103}",
     17408,       176,         0,   0.298,pymatching,23c6762b737c8f172d70a38cb24337e07ab695cfa3677a29c39ada478a50c087,"{""config"":[""X+"",""X""],""d"":7,""p"":0.006446153846153846}",
      2048,        21,         0,   0.032,pymatching,c38f3fbcd05be71b19ac276a153e0c2484f355d31ecd184d275a4b399a271ace,"{""config"":[""X+"",""X""],""d"":7,""p"":0.00608974358974359}",
       889,        10,         0,   0.015,pymatching,0e55159f8cc3e9ff5036fc15139dd300d40c086444c609c580809a7d5005181b,"{""config"":[""X+"",""X""],""d"":7,""p"":0.005733333333333333}",
      1454,         8,         0,   0.022,pymatching,0e55159f8cc3e9ff5036fc15139dd300d40c086444c609c580809a7d5005181b,"{""config"":[""X+"",""X""],""d"":7,""p"":0.005733333333333333}",
      2512,        22,         0,   0.040,pymatching,c38f3fbcd05be71b19ac276a153e0c2484f355d31ecd184d275a4b399a271ace,"{""config"":[""X+"",""X""],""d"":7,""p"":0.00608974358974359}",
      2048,        25,         0,   0.036,pymatching,44206ae84723ba1ca5b7b273593872b991680c9ab3e4933e072fe09f027cc7ef,"{""config"":[""X+"",""X""],""d"":7,""p"":0.006802564102564103}",
      6770,        47,         0,   0.103,pymatching,0e55159f8cc3e9ff5036fc15139dd300d40c086444c609c580809a7d5005181b,"{""config"":[""X+"",""X""],""d"":7,""p"":0.005733333333333333}",
        24,         0,         0,   0.001,pymatching,7c53fb4e615d31e5d4c99bf35992fe8d9581d34af76bf8d8eb41aacc4eb492e8,"{""config"":[""X+"",""X""],""d"":7,""p"":0.005376923076923077}",
        11,         0,         0,   0.001,pymatching,7c53fb4e615d31e5d4c99bf35992fe8d9581d34af76bf8d8eb41aacc4eb492e8,"{""config"":[""X+"",""X""],""d"":7,""p"":0.005376923076923077}",
      2048,        25,         0,   0.035,pymatching,23c6762b737c8f172d70a38cb24337e07ab695cfa3677a29c39ada478a50c087,"{""config"":[""X+"",""X""],""d"":7,""p"":0.006446153846153846}",
      6144,        74,         0,   0.112,pymatching,44206ae84723ba1ca5b7b273593872b991680c9ab3e4933e072fe09f027cc7ef,"{""config"":[""X+"",""X""],""d"":7,""p"":0.006802564102564103}",
        21,         0,         0,   0.001,pymatching,7c53fb4e615d31e5d4c99bf35992fe8d9581d34af76bf8d8eb41aacc4eb492e8,"{""config"":[""X+"",""X""],""d"":7,""p"":0.005376923076923077}",
      1297,        12,         0,   0.022,pymatching,c38f3fbcd05be71b19ac276a153e0c2484f355d31ecd184d275a4b399a271ace,"{""config"":[""X+"",""X""],""d"":7,""p"":0.00608974358974359}",
     16384,       207,         0,   0.301,pymatching,44206ae84723ba1ca5b7b273593872b991680c9ab3e4933e072fe09f027cc7ef,"{""config"":[""X+"",""X""],""d"":7,""p"":0.006802564102564103}",
      1296,        14,         0,   0.024,pymatching,44206ae84723ba1ca5b7b273593872b991680c9ab3e4933e072fe09f027cc7ef,"{""config"":[""X+"",""X""],""d"":7,""p"":0.006802564102564103}",
     12288,       166,         0,   0.221,pymatching,44206ae84723ba1ca5b7b273593872b991680c9ab3e4933e072fe09f027cc7ef,"{""config"":[""X+"",""X""],""d"":7,""p"":0.006802564102564103}",
         1,         0,         0,   0.000,pymatching,7c53fb4e615d31e5d4c99bf35992fe8d9581d34af76bf8d8eb41aacc4eb492e8,"{""config"":[""X+"",""X""],""d"":7,""p"":0.005376923076923077}",
      5120,        54,         0,   0.091,pymatching,44206ae84723ba1ca5b7b273593872b991680c9ab3e4933e072fe09f027cc7ef,"{""config"":[""X+"",""X""],""d"":7,""p"":0.006802564102564103}",
       879,         9,         0,   0.030,pymatching,0e55159f8cc3e9ff5036fc15139dd300d40c086444c609c580809a7d5005181b,"{""config"":[""X+"",""X""],""d"":7,""p"":0.005733333333333333}",
      1297,        12,         0,   0.022,pymatching,c38f3fbcd05be71b19ac276a153e0c2484f355d31ecd184d275a4b399a271ace,"{""config"":[""X+"",""X""],""d"":7,""p"":0.00608974358974359}",
      1297,        13,         0,   0.023,pymatching,0e55159f8cc3e9ff5036fc15139dd300d40c086444c609c580809a7d5005181b,"{""config"":[""X+"",""X""],""d"":7,""p"":0.005733333333333333}",
      1297,        22,         0,   0.025,pymatching,44206ae84723ba1ca5b7b273593872b991680c9ab3e4933e072fe09f027cc7ef,"{""config"":[""X+"",""X""],""d"":7,""p"":0.006802564102564103}",
         1,         0,         0,   0.000,pymatching,7c53fb4e615d31e5d4c99bf35992fe8d9581d34af76bf8d8eb41aacc4eb492e8,"{""config"":[""X+"",""X""],""d"":7,""p"":0.005376923076923077}",
       392,         2,         0,   0.006,pymatching,0e55159f8cc3e9ff5036fc15139dd300d40c086444c609c580809a7d5005181b,"{""config"":[""X+"",""X""],""d"":7,""p"":0.005733333333333333}",
         1,         0,         0,   0.000,pymatching,7c53fb4e615d31e5d4c99bf35992fe8d9581d34af76bf8d8eb41aacc4eb492e8,"{""config"":[""X+"",""X""],""d"":7,""p"":0.005376923076923077}",
       372,         2,         0,   0.012,pymatching,0e55159f8cc3e9ff5036fc15139dd300d40c086444c609c580809a7d5005181b,"{""config"":[""X+"",""X""],""d"":7,""p"":0.005733333333333333}",
        30,         0,         0,   0.001,pymatching,0e55159f8cc3e9ff5036fc15139dd300d40c086444c609c580809a7d5005181b,"{""config"":[""X+"",""X""],""d"":7,""p"":0.005733333333333333}",
      2048,        12,         0,   0.033,pymatching,c38f3fbcd05be71b19ac276a153e0c2484f355d31ecd184d275a4b399a271ace,"{""config"":[""X+"",""X""],""d"":7,""p"":0.00608974358974359}",
      1024,         5,         0,   0.016,pymatching,c38f3fbcd05be71b19ac276a153e0c2484f355d31ecd184d275a4b399a271ace,"{""config"":[""X+"",""X""],""d"":7,""p"":0.00608974358974359}",
      1297,         9,         0,   0.023,pymatching,c38f3fbcd05be71b19ac276a153e0c2484f355d31ecd184d275a4b399a271ace,"{""config"":[""X+"",""X""],""d"":7,""p"":0.00608974358974359}",
      1297,        14,         0,   0.023,pymatching,23c6762b737c8f172d70a38cb24337e07ab695cfa3677a29c39ada478a50c087,"{""config"":[""X+"",""X""],""d"":7,""p"":0.006446153846153846}",
         5,         0,         0,   0.000,pymatching,0e55159f8cc3e9ff5036fc15139dd300d40c086444c609c580809a7d5005181b,"{""config"":[""X+"",""X""],""d"":7,""p"":0.005733333333333333}",
      1297,        15,         0,   0.024,pymatching,44206ae84723ba1ca5b7b273593872b991680c9ab3e4933e072fe09f027cc7ef,"{""config"":[""X+"",""X""],""d"":7,""p"":0.006802564102564103}",
      5120,        43,         0,   0.085,pymatching,23c6762b737c8f172d70a38cb24337e07ab695cfa3677a29c39ada478a50c087,"{""config"":[""X+"",""X""],""d"":7,""p"":0.006446153846153846}",
      1024,         9,         0,   0.016,pymatching,c38f3fbcd05be71b19ac276a153e0c2484f355d31ecd184d275a4b399a271ace,"{""config"":[""X+"",""X""],""d"":7,""p"":0.00608974358974359}",
       858,         4,         0,   0.018,pymatching,0e55159f8cc3e9ff5036fc15139dd300d40c086444c609c580809a7d5005181b,"{""config"":[""X+"",""X""],""d"":7,""p"":0.005733333333333333}",
       947,         7,         0,   0.022,pymatching,0e55159f8cc3e9ff5036fc15139dd300d40c086444c609c580809a7d5005181b,"{""config"":[""X+"",""X""],""d"":7,""p"":0.005733333333333333}",
       820,         5,         0,   0.013,pymatching,0e55159f8cc3e9ff5036fc15139dd300d40c086444c609c580809a7d5005181b,"{""config"":[""X+"",""X""],""d"":7,""p"":0.005733333333333333}",
      1297,        12,         0,   0.024,pymatching,23c6762b737c8f172d70a38cb24337e07ab695cfa3677a29c39ada478a50c087,"{""config"":[""X+"",""X""],""d"":7,""p"":0.006446153846153846}",
       790,         5,         0,   0.012,pymatching,0e55159f8cc3e9ff5036fc15139dd300d40c086444c609c580809a7d5005181b,"{""config"":[""X+"",""X""],""d"":7,""p"":0.005733333333333333}",
      1024,        18,         0,   0.018,pymatching,44206ae84723ba1ca5b7b273593872b991680c9ab3e4933e072fe09f027cc7ef,"{""config"":[""X+"",""X""],""d"":7,""p"":0.006802564102564103}",
       790,         8,         0,   0.012,pymatching,0e55159f8cc3e9ff5036fc15139dd300d40c086444c609c580809a7d5005181b,"{""config"":[""X+"",""X""],""d"":7,""p"":0.005733333333333333}",
      1632,        15,         0,   0.026,pymatching,c38f3fbcd05be71b19ac276a153e0c2484f355d31ecd184d275a4b399a271ace,"{""config"":[""X+"",""X""],""d"":7,""p"":0.00608974358974359}",
      1297,        19,         0,   0.024,pymatching,23c6762b737c8f172d70a38cb24337e07ab695cfa3677a29c39ada478a50c087,"{""config"":[""X+"",""X""],""d"":7,""p"":0.006446153846153846}",
     10554,        97,         0,   0.171,pymatching,c38f3fbcd05be71b19ac276a153e0c2484f355d31ecd184d275a4b399a271ace,"{""config"":[""X+"",""X""],""d"":7,""p"":0.00608974358974359}",
      1024,         6,         0,   0.035,pymatching,0e55159f8cc3e9ff5036fc15139dd300d40c086444c609c580809a7d5005181b,"{""config"":[""X+"",""X""],""d"":7,""p"":0.005733333333333333}",
      1297,        13,         0,   0.024,pymatching,23c6762b737c8f172d70a38cb24337e07ab695cfa3677a29c39ada478a50c087,"{""config"":[""X+"",""X""],""d"":7,""p"":0.006446153846153846}",
      2048,        35,         0,   0.035,pymatching,23c6762b737c8f172d70a38cb24337e07ab695cfa3677a29c39ada478a50c087,"{""config"":[""X+"",""X""],""d"":7,""p"":0.006446153846153846}",
      7168,        72,         0,   0.119,pymatching,23c6762b737c8f172d70a38cb24337e07ab695cfa3677a29c39ada478a50c087,"{""config"":[""X+"",""X""],""d"":7,""p"":0.006446153846153846}",
      1024,        17,         0,   0.017,pymatching,c38f3fbcd05be71b19ac276a153e0c2484f355d31ecd184d275a4b399a271ace,"{""config"":[""X+"",""X""],""d"":7,""p"":0.00608974358974359}",
      1024,        11,         0,   0.017,pymatching,23c6762b737c8f172d70a38cb24337e07ab695cfa3677a29c39ada478a50c087,"{""config"":[""X+"",""X""],""d"":7,""p"":0.006446153846153846}",
       666,         4,         0,   0.018,pymatching,0e55159f8cc3e9ff5036fc15139dd300d40c086444c609c580809a7d5005181b,"{""config"":[""X+"",""X""],""d"":7,""p"":0.005733333333333333}",
       988,         5,         0,   0.034,pymatching,0e55159f8cc3e9ff5036fc15139dd300d40c086444c609c580809a7d5005181b,"{""config"":[""X+"",""X""],""d"":7,""p"":0.005733333333333333}",
      1297,        10,         0,   0.024,pymatching,c38f3fbcd05be71b19ac276a153e0c2484f355d31ecd184d275a4b399a271ace,"{""config"":[""X+"",""X""],""d"":7,""p"":0.00608974358974359}",
      1024,        17,         0,   0.018,pymatching,44206ae84723ba1ca5b7b273593872b991680c9ab3e4933e072fe09f027cc7ef,"{""config"":[""X+"",""X""],""d"":7,""p"":0.006802564102564103}",
      2048,        15,         0,   0.037,pymatching,44206ae84723ba1ca5b7b273593872b991680c9ab3e4933e072fe09f027cc7ef,"{""config"":[""X+"",""X""],""d"":7,""p"":0.006802564102564103}",
      7309,        88,         0,   0.123,pymatching,23c6762b737c8f172d70a38cb24337e07ab695cfa3677a29c39ada478a50c087,"{""config"":[""X+"",""X""],""d"":7,""p"":0.006446153846153846}",
      7168,        61,         0,   0.116,pymatching,c38f3fbcd05be71b19ac276a153e0c2484f355d31ecd184d275a4b399a271ace,"{""config"":[""X+"",""X""],""d"":7,""p"":0.00608974358974359}",
      7168,        56,         0,   0.113,pymatching,c38f3fbcd05be71b19ac276a153e0c2484f355d31ecd184d275a4b399a271ace,"{""config"":[""X+"",""X""],""d"":7,""p"":0.00608974358974359}",
      9216,       110,         0,   0.158,pymatching,23c6762b737c8f172d70a38cb24337e07ab695cfa3677a29c39ada478a50c087,"{""config"":[""X+"",""X""],""d"":7,""p"":0.006446153846153846}",
      1024,        17,         0,   0.018,pymatching,23c6762b737c8f172d70a38cb24337e07ab695cfa3677a29c39ada478a50c087,"{""config"":[""X+"",""X""],""d"":7,""p"":0.006446153846153846}",
      8872,        80,         0,   0.140,pymatching,c38f3fbcd05be71b19ac276a153e0c2484f355d31ecd184d275a4b399a271ace,"{""config"":[""X+"",""X""],""d"":7,""p"":0.00608974358974359}",
      8192,       101,         0,   0.147,pymatching,44206ae84723ba1ca5b7b273593872b991680c9ab3e4933e072fe09f027cc7ef,"{""config"":[""X+"",""X""],""d"":7,""p"":0.006802564102564103}",
      3072,        47,         0,   0.055,pymatching,44206ae84723ba1ca5b7b273593872b991680c9ab3e4933e072fe09f027cc7ef,"{""config"":[""X+"",""X""],""d"":7,""p"":0.006802564102564103}",
      1024,        14,         0,   0.017,pymatching,23c6762b737c8f172d70a38cb24337e07ab695cfa3677a29c39ada478a50c087,"{""config"":[""X+"",""X""],""d"":7,""p"":0.006446153846153846}",
      5120,        38,         0,   0.081,pymatching,c38f3fbcd05be71b19ac276a153e0c2484f355d31ecd184d275a4b399a271ace,"{""config"":[""X+"",""X""],""d"":7,""p"":0.00608974358974359}",
      1024,        10,         0,   0.017,pymatching,23c6762b737c8f172d70a38cb24337e07ab695cfa3677a29c39ada478a50c087,"{""config"":[""X+"",""X""],""d"":7,""p"":0.006446153846153846}",
      2048,        20,         0,   0.032,pymatching,c38f3fbcd05be71b19ac276a153e0c2484f355d31ecd184d275a4b399a271ace,"{""config"":[""X+"",""X""],""d"":7,""p"":0.00608974358974359}",
     18432,       258,         0,   0.344,pymatching,44206ae84723ba1ca5b7b273593872b991680c9ab3e4933e072fe09f027cc7ef,"{""config"":[""X+"",""X""],""d"":7,""p"":0.006802564102564103}",
        30,         0,         0,   0.001,pymatching,0e55159f8cc3e9ff5036fc15139dd300d40c086444c609c580809a7d5005181b,"{""config"":[""X+"",""X""],""d"":7,""p"":0.005733333333333333}",
      2048,        18,         0,   0.032,pymatching,c38f3fbcd05be71b19ac276a153e0c2484f355d31ecd184d275a4b399a271ace,"{""config"":[""X+"",""X""],""d"":7,""p"":0.00608974358974359}",
      1024,        11,         0,   0.016,pymatching,c38f3fbcd05be71b19ac276a153e0c2484f355d31ecd184d275a4b399a271ace,"{""config"":[""X+"",""X""],""d"":7,""p"":0.00608974358974359}",
      8784,        84,         0,   0.149,pymatching,23c6762b737c8f172d70a38cb24337e07ab695cfa3677a29c39ada478a50c087,"{""config"":[""X+"",""X""],""d"":7,""p"":0.006446153846153846}",
     20480,       258,         0,   0.402,pymatching,44206ae84723ba1ca5b7b273593872b991680c9ab3e4933e072fe09f027cc7ef,"{""config"":[""X+"",""X""],""d"":7,""p"":0.006802564102564103}",
      1024,         9,         0,   0.016,pymatching,c38f3fbcd05be71b19ac276a153e0c2484f355d31ecd184d275a4b399a271ace,"{""config"":[""X+"",""X""],""d"":7,""p"":0.00608974358974359}",
      1297,        14,         0,   0.021,pymatching,0e55159f8cc3e9ff5036fc15139dd300d40c086444c609c580809a7d5005181b,"{""config"":[""X+"",""X""],""d"":7,""p"":0.005733333333333333}",
      1297,        17,         0,   0.025,pymatching,44206ae84723ba1ca5b7b273593872b991680c9ab3e4933e072fe09f027cc7ef,"{""config"":[""X+"",""X""],""d"":7,""p"":0.006802564102564103}",
      1616,        14,         0,   0.027,pymatching,23c6762b737c8f172d70a38cb24337e07ab695cfa3677a29c39ada478a50c087,"{""config"":[""X+"",""X""],""d"":7,""p"":0.006446153846153846}",
      2048,        34,         0,   0.037,pymatching,44206ae84723ba1ca5b7b273593872b991680c9ab3e4933e072fe09f027cc7ef,"{""config"":[""X+"",""X""],""d"":7,""p"":0.006802564102564103}",
       943,         9,         0,   0.014,pymatching,c38f3fbcd05be71b19ac276a153e0c2484f355d31ecd184d275a4b399a271ace,"{""config"":[""X+"",""X""],""d"":7,""p"":0.00608974358974359}",
       392,         4,         0,   0.006,pymatching,0e55159f8cc3e9ff5036fc15139dd300d40c086444c609c580809a7d5005181b,"{""config"":[""X+"",""X""],""d"":7,""p"":0.005733333333333333}",
      3072,        30,         0,   0.049,pymatching,c38f3fbcd05be71b19ac276a153e0c2484f355d31ecd184d275a4b399a271ace,"{""config"":[""X+"",""X""],""d"":7,""p"":0.00608974358974359}",
      2048,        22,         0,   0.033,pymatching,c38f3fbcd05be71b19ac276a153e0c2484f355d31ecd184d275a4b399a271ace,"{""config"":[""X+"",""X""],""d"":7,""p"":0.00608974358974359}",
       967,        11,         0,   0.016,pymatching,c38f3fbcd05be71b19ac276a153e0c2484f355d31ecd184d275a4b399a271ace,"{""config"":[""X+"",""X""],""d"":7,""p"":0.00608974358974359}",
      2048,        18,         0,   0.034,pymatching,23c6762b737c8f172d70a38cb24337e07ab695cfa3677a29c39ada478a50c087,"{""config"":[""X+"",""X""],""d"":7,""p"":0.006446153846153846}",
      6063,        47,         0,   0.095,pymatching,c38f3fbcd05be71b19ac276a153e0c2484f355d31ecd184d275a4b399a271ace,"{""config"":[""X+"",""X""],""d"":7,""p"":0.00608974358974359}",
      1199,         9,         0,   0.020,pymatching,c38f3fbcd05be71b19ac276a153e0c2484f355d31ecd184d275a4b399a271ace,"{""config"":[""X+"",""X""],""d"":7,""p"":0.00608974358974359}",
        45,         0,         0,   0.001,pymatching,0e55159f8cc3e9ff5036fc15139dd300d40c086444c609c580809a7d5005181b,"{""config"":[""X+"",""X""],""d"":7,""p"":0.005733333333333333}",
      2048,        25,         0,   0.036,pymatching,44206ae84723ba1ca5b7b273593872b991680c9ab3e4933e072fe09f027cc7ef,"{""config"":[""X+"",""X""],""d"":7,""p"":0.006802564102564103}",
      2048,        25,         0,   0.036,pymatching,44206ae84723ba1ca5b7b273593872b991680c9ab3e4933e072fe09f027cc7ef,"{""config"":[""X+"",""X""],""d"":7,""p"":0.006802564102564103}",
      2048,        29,         0,   0.034,pymatching,23c6762b737c8f172d70a38cb24337e07ab695cfa3677a29c39ada478a50c087,"{""config"":[""X+"",""X""],""d"":7,""p"":0.006446153846153846}",
       290,         4,         0,   0.010,pymatching,0e55159f8cc3e9ff5036fc15139dd300d40c086444c609c580809a7d5005181b,"{""config"":[""X+"",""X""],""d"":7,""p"":0.005733333333333333}",
      1024,        16,         0,   0.019,pymatching,44206ae84723ba1ca5b7b273593872b991680c9ab3e4933e072fe09f027cc7ef,"{""config"":[""X+"",""X""],""d"":7,""p"":0.006802564102564103}",
        52,         0,         0,   0.002,pymatching,0e55159f8cc3e9ff5036fc15139dd300d40c086444c609c580809a7d5005181b,"{""config"":[""X+"",""X""],""d"":7,""p"":0.005733333333333333}",
      4096,        57,         0,   0.074,pymatching,44206ae84723ba1ca5b7b273593872b991680c9ab3e4933e072fe09f027cc7ef,"{""config"":[""X+"",""X""],""d"":7,""p"":0.006802564102564103}",
       248,         2,         0,   0.006,pymatching,0e55159f8cc3e9ff5036fc15139dd300d40c086444c609c580809a7d5005181b,"{""config"":[""X+"",""X""],""d"":7,""p"":0.005733333333333333}",
       290,         5,         0,   0.010,pymatching,0e55159f8cc3e9ff5036fc15139dd300d40c086444c609c580809a7d5005181b,"{""config"":[""X+"",""X""],""d"":7,""p"":0.005733333333333333}",
       943,         6,         0,   0.015,pymatching,c38f3fbcd05be71b19ac276a153e0c2484f355d31ecd184d275a4b399a271ace,"{""config"":[""X+"",""X""],""d"":7,""p"":0.00608974358974359}",
      5120,        61,         0,   0.090,pymatching,44206ae84723ba1ca5b7b273593872b991680c9ab3e4933e072fe09f027cc7ef,"{""config"":[""X+"",""X""],""d"":7,""p"":0.006802564102564103}",
       248,         3,         0,   0.009,pymatching,0e55159f8cc3e9ff5036fc15139dd300d40c086444c609c580809a7d5005181b,"{""config"":[""X+"",""X""],""d"":7,""p"":0.005733333333333333}",
      2048,        25,         0,   0.034,pymatching,23c6762b737c8f172d70a38cb24337e07ab695cfa3677a29c39ada478a50c087,"{""config"":[""X+"",""X""],""d"":7,""p"":0.006446153846153846}",
      1024,        14,         0,   0.019,pymatching,44206ae84723ba1ca5b7b273593872b991680c9ab3e4933e072fe09f027cc7ef,"{""config"":[""X+"",""X""],""d"":7,""p"":0.006802564102564103}",
      2048,        11,         0,   0.032,pymatching,c38f3fbcd05be71b19ac276a153e0c2484f355d31ecd184d275a4b399a271ace,"{""config"":[""X+"",""X""],""d"":7,""p"":0.00608974358974359}",
      3664,        38,         0,   0.063,pymatching,23c6762b737c8f172d70a38cb24337e07ab695cfa3677a29c39ada478a50c087,"{""config"":[""X+"",""X""],""d"":7,""p"":0.006446153846153846}",
      2048,        35,         0,   0.034,pymatching,23c6762b737c8f172d70a38cb24337e07ab695cfa3677a29c39ada478a50c087,"{""config"":[""X+"",""X""],""d"":7,""p"":0.006446153846153846}",
      3072,        40,         0,   0.052,pymatching,23c6762b737c8f172d70a38cb24337e07ab695cfa3677a29c39ada478a50c087,"{""config"":[""X+"",""X""],""d"":7,""p"":0.006446153846153846}",
       295,         2,         0,   0.005,pymatching,c38f3fbcd05be71b19ac276a153e0c2484f355d31ecd184d275a4b399a271ace,"{""config"":[""X+"",""X""],""d"":7,""p"":0.00608974358974359}",
      5120,        63,         0,   0.090,pymatching,44206ae84723ba1ca5b7b273593872b991680c9ab3e4933e072fe09f027cc7ef,"{""config"":[""X+"",""X""],""d"":7,""p"":0.006802564102564103}",
      1024,        15,         0,   0.018,pymatching,44206ae84723ba1ca5b7b273593872b991680c9ab3e4933e072fe09f027cc7ef,"{""config"":[""X+"",""X""],""d"":7,""p"":0.006802564102564103}",
      1024,        18,         0,   0.018,pymatching,44206ae84723ba1ca5b7b273593872b991680c9ab3e4933e072fe09f027cc7ef,"{""config"":[""X+"",""X""],""d"":7,""p"":0.006802564102564103}",
      7168,        63,         0,   0.121,pymatching,23c6762b737c8f172d70a38cb24337e07ab695cfa3677a29c39ada478a50c087,"{""config"":[""X+"",""X""],""d"":7,""p"":0.006446153846153846}",
      6063,        36,         0,   0.096,pymatching,c38f3fbcd05be71b19ac276a153e0c2484f355d31ecd184d275a4b399a271ace,"{""config"":[""X+"",""X""],""d"":7,""p"":0.00608974358974359}",
      1694,        17,         0,   0.027,pymatching,c38f3fbcd05be71b19ac276a153e0c2484f355d31ecd184d275a4b399a271ace,"{""config"":[""X+"",""X""],""d"":7,""p"":0.00608974358974359}",
      1024,         9,         0,   0.018,pymatching,44206ae84723ba1ca5b7b273593872b991680c9ab3e4933e072fe09f027cc7ef,"{""config"":[""X+"",""X""],""d"":7,""p"":0.006802564102564103}",
       872,         6,         0,   0.014,pymatching,c38f3fbcd05be71b19ac276a153e0c2484f355d31ecd184d275a4b399a271ace,"{""config"":[""X+"",""X""],""d"":7,""p"":0.00608974358974359}",
       145,         2,         0,   0.002,pymatching,23c6762b737c8f172d70a38cb24337e07ab695cfa3677a29c39ada478a50c087,"{""config"":[""X+"",""X""],""d"":7,""p"":0.006446153846153846}",
        52,         0,         0,   0.001,pymatching,23c6762b737c8f172d70a38cb24337e07ab695cfa3677a29c39ada478a50c087,"{""config"":[""X+"",""X""],""d"":7,""p"":0.006446153846153846}",
      3072,        49,         0,   0.056,pymatching,44206ae84723ba1ca5b7b273593872b991680c9ab3e4933e072fe09f027cc7ef,"{""config"":[""X+"",""X""],""d"":7,""p"":0.006802564102564103}",
      3072,        40,         0,   0.055,pymatching,44206ae84723ba1ca5b7b273593872b991680c9ab3e4933e072fe09f027cc7ef,"{""config"":[""X+"",""X""],""d"":7,""p"":0.006802564102564103}",
      2048,        17,         0,   0.034,pymatching,23c6762b737c8f172d70a38cb24337e07ab695cfa3677a29c39ada478a50c087,"{""config"":[""X+"",""X""],""d"":7,""p"":0.006446153846153846}",
        39,         1,         0,   0.002,pymatching,0e55159f8cc3e9ff5036fc15139dd300d40c086444c609c580809a7d5005181b,"{""config"":[""X+"",""X""],""d"":7,""p"":0.005733333333333333}",
      1488,         7,         0,   0.025,pymatching,c38f3fbcd05be71b19ac276a153e0c2484f355d31ecd184d275a4b399a271ace,"{""config"":[""X+"",""X""],""d"":7,""p"":0.00608974358974359}",
      6144,        70,         0,   0.105,pymatching,23c6762b737c8f172d70a38cb24337e07ab695cfa3677a29c39ada478a50c087,"{""config"":[""X+"",""X""],""d"":7,""p"":0.006446153846153846}",
      6144,        72,         0,   0.109,pymatching,44206ae84723ba1ca5b7b273593872b991680c9ab3e4933e072fe09f027cc7ef,"{""config"":[""X+"",""X""],""d"":7,""p"":0.006802564102564103}",
        39,         0,         0,   0.002,pymatching,0e55159f8cc3e9ff5036fc15139dd300d40c086444c609c580809a7d5005181b,"{""config"":[""X+"",""X""],""d"":7,""p"":0.005733333333333333}",
         3,         0,         0,   0.001,pymatching,0e55159f8cc3e9ff5036fc15139dd300d40c086444c609c580809a7d5005181b,"{""config"":[""X+"",""X""],""d"":7,""p"":0.005733333333333333}",
      2048,        26,         0,   0.035,pymatching,23c6762b737c8f172d70a38cb24337e07ab695cfa3677a29c39ada478a50c087,"{""config"":[""X+"",""X""],""d"":7,""p"":0.006446153846153846}",
      6144,        75,         0,   0.109,pymatching,44206ae84723ba1ca5b7b273593872b991680c9ab3e4933e072fe09f027cc7ef,"{""config"":[""X+"",""X""],""d"":7,""p"":0.006802564102564103}",
        71,         1,         0,   0.001,pymatching,c38f3fbcd05be71b19ac276a153e0c2484f355d31ecd184d275a4b399a271ace,"{""config"":[""X+"",""X""],""d"":7,""p"":0.00608974358974359}",
      1081,         4,         0,   0.017,pymatching,c38f3fbcd05be71b19ac276a153e0c2484f355d31ecd184d275a4b399a271ace,"{""config"":[""X+"",""X""],""d"":7,""p"":0.00608974358974359}",
      1027,         5,         0,   0.016,pymatching,c38f3fbcd05be71b19ac276a153e0c2484f355d31ecd184d275a4b399a271ace,"{""config"":[""X+"",""X""],""d"":7,""p"":0.00608974358974359}",
         1,         0,         0,   0.001,pymatching,0e55159f8cc3e9ff5036fc15139dd300d40c086444c609c580809a7d5005181b,"{""config"":[""X+"",""X""],""d"":7,""p"":0.005733333333333333}",
      7168,        71,         0,   0.144,pymatching,23c6762b737c8f172d70a38cb24337e07ab695cfa3677a29c39ada478a50c087,"{""config"":[""X+"",""X""],""d"":7,""p"":0.006446153846153846}",
       240,         4,         0,   0.004,pymatching,c38f3fbcd05be71b19ac276a153e0c2484f355d31ecd184d275a4b399a271ace,"{""config"":[""X+"",""X""],""d"":7,""p"":0.00608974358974359}",
      2048,        20,         0,   0.034,pymatching,23c6762b737c8f172d70a38cb24337e07ab695cfa3677a29c39ada478a50c087,"{""config"":[""X+"",""X""],""d"":7,""p"":0.006446153846153846}",
        98,         1,         0,   0.002,pymatching,c38f3fbcd05be71b19ac276a153e0c2484f355d31ecd184d275a4b399a271ace,"{""config"":[""X+"",""X""],""d"":7,""p"":0.00608974358974359}",
       737,         5,         0,   0.012,pymatching,23c6762b737c8f172d70a38cb24337e07ab695cfa3677a29c39ada478a50c087,"{""config"":[""X+"",""X""],""d"":7,""p"":0.006446153846153846}",
       331,         5,         0,   0.005,pymatching,c38f3fbcd05be71b19ac276a153e0c2484f355d31ecd184d275a4b399a271ace,"{""config"":[""X+"",""X""],""d"":7,""p"":0.00608974358974359}",
      2048,        21,         0,   0.035,pymatching,23c6762b737c8f172d70a38cb24337e07ab695cfa3677a29c39ada478a50c087,"{""config"":[""X+"",""X""],""d"":7,""p"":0.006446153846153846}",
      2048,        13,         0,   0.035,pymatching,23c6762b737c8f172d70a38cb24337e07ab695cfa3677a29c39ada478a50c087,"{""config"":[""X+"",""X""],""d"":7,""p"":0.006446153846153846}",
      2048,        24,         0,   0.035,pymatching,23c6762b737c8f172d70a38cb24337e07ab695cfa3677a29c39ada478a50c087,"{""config"":[""X+"",""X""],""d"":7,""p"":0.006446153846153846}",
      1940,        19,         0,   0.033,pymatching,23c6762b737c8f172d70a38cb24337e07ab695cfa3677a29c39ada478a50c087,"{""config"":[""X+"",""X""],""d"":7,""p"":0.006446153846153846}",
         1,         0,         0,   0.001,pymatching,23c6762b737c8f172d70a38cb24337e07ab695cfa3677a29c39ada478a50c087,"{""config"":[""X+"",""X""],""d"":7,""p"":0.006446153846153846}",
      2048,        19,         0,   0.038,pymatching,23c6762b737c8f172d70a38cb24337e07ab695cfa3677a29c39ada478a50c087,"{""config"":[""X+"",""X""],""d"":7,""p"":0.006446153846153846}",
       284,         2,         0,   0.005,pymatching,c38f3fbcd05be71b19ac276a153e0c2484f355d31ecd184d275a4b399a271ace,"{""config"":[""X+"",""X""],""d"":7,""p"":0.00608974358974359}",
         1,         0,         0,   0.000,pymatching,0e55159f8cc3e9ff5036fc15139dd300d40c086444c609c580809a7d5005181b,"{""config"":[""X+"",""X""],""d"":7,""p"":0.005733333333333333}",
         1,         0,         0,   0.000,pymatching,0e55159f8cc3e9ff5036fc15139dd300d40c086444c609c580809a7d5005181b,"{""config"":[""X+"",""X""],""d"":7,""p"":0.005733333333333333}",
      1024,         9,         0,   0.017,pymatching,23c6762b737c8f172d70a38cb24337e07ab695cfa3677a29c39ada478a50c087,"{""config"":[""X+"",""X""],""d"":7,""p"":0.006446153846153846}",
      1297,        11,         0,   0.023,pymatching,c38f3fbcd05be71b19ac276a153e0c2484f355d31ecd184d275a4b399a271ace,"{""config"":[""X+"",""X""],""d"":7,""p"":0.00608974358974359}",
         5,         1,         0,   0.000,pymatching,c38f3fbcd05be71b19ac276a153e0c2484f355d31ecd184d275a4b399a271ace,"{""config"":[""X+"",""X""],""d"":7,""p"":0.00608974358974359}",
       253,         3,         0,   0.004,pymatching,c38f3fbcd05be71b19ac276a153e0c2484f355d31ecd184d275a4b399a271ace,"{""config"":[""X+"",""X""],""d"":7,""p"":0.00608974358974359}",
      1024,        10,         0,   0.017,pymatching,23c6762b737c8f172d70a38cb24337e07ab695cfa3677a29c39ada478a50c087,"{""config"":[""X+"",""X""],""d"":7,""p"":0.006446153846153846}",
         5,         0,         0,   0.000,pymatching,c38f3fbcd05be71b19ac276a153e0c2484f355d31ecd184d275a4b399a271ace,"{""config"":[""X+"",""X""],""d"":7,""p"":0.00608974358974359}",
       929,         7,         0,   0.016,pymatching,c38f3fbcd05be71b19ac276a153e0c2484f355d31ecd184d275a4b399a271ace,"{""config"":[""X+"",""X""],""d"":7,""p"":0.00608974358974359}",
      1027,        10,         0,   0.039,pymatching,c38f3fbcd05be71b19ac276a153e0c2484f355d31ecd184d275a4b399a271ace,"{""config"":[""X+"",""X""],""d"":7,""p"":0.00608974358974359}",
      1024,         9,         0,   0.017,pymatching,23c6762b737c8f172d70a38cb24337e07ab695cfa3677a29c39ada478a50c087,"{""config"":[""X+"",""X""],""d"":7,""p"":0.006446153846153846}",
       314,         4,         0,   0.005,pymatching,c38f3fbcd05be71b19ac276a153e0c2484f355d31ecd184d275a4b399a271ace,"{""config"":[""X+"",""X""],""d"":7,""p"":0.00608974358974359}",
       399,         5,         0,   0.015,pymatching,c38f3fbcd05be71b19ac276a153e0c2484f355d31ecd184d275a4b399a271ace,"{""config"":[""X+"",""X""],""d"":7,""p"":0.00608974358974359}",
      2048,        27,         0,   0.049,pymatching,c38f3fbcd05be71b19ac276a153e0c2484f355d31ecd184d275a4b399a271ace,"{""config"":[""X+"",""X""],""d"":7,""p"":0.00608974358974359}",
      1024,        13,         0,   0.017,pymatching,23c6762b737c8f172d70a38cb24337e07ab695cfa3677a29c39ada478a50c087,"{""config"":[""X+"",""X""],""d"":7,""p"":0.006446153846153846}",
       897,        10,         0,   0.015,pymatching,23c6762b737c8f172d70a38cb24337e07ab695cfa3677a29c39ada478a50c087,"{""config"":[""X+"",""X""],""d"":7,""p"":0.006446153846153846}",
       929,        13,         0,   0.015,pymatching,c38f3fbcd05be71b19ac276a153e0c2484f355d31ecd184d275a4b399a271ace,"{""config"":[""X+"",""X""],""d"":7,""p"":0.00608974358974359}",
       524,         6,         0,   0.009,pymatching,c38f3fbcd05be71b19ac276a153e0c2484f355d31ecd184d275a4b399a271ace,"{""config"":[""X+"",""X""],""d"":7,""p"":0.00608974358974359}",
      1024,        10,         0,   0.017,pymatching,23c6762b737c8f172d70a38cb24337e07ab695cfa3677a29c39ada478a50c087,"{""config"":[""X+"",""X""],""d"":7,""p"":0.006446153846153846}",
      1297,         5,         0,   0.023,pymatching,23c6762b737c8f172d70a38cb24337e07ab695cfa3677a29c39ada478a50c087,"{""config"":[""X+"",""X""],""d"":7,""p"":0.006446153846153846}",
      1024,        11,         0,   0.017,pymatching,23c6762b737c8f172d70a38cb24337e07ab695cfa3677a29c39ada478a50c087,"{""config"":[""X+"",""X""],""d"":7,""p"":0.006446153846153846}",
      1297,        13,         0,   0.022,pymatching,c38f3fbcd05be71b19ac276a153e0c2484f355d31ecd184d275a4b399a271ace,"{""config"":[""X+"",""X""],""d"":7,""p"":0.00608974358974359}",
        40,         1,         0,   0.002,pymatching,c38f3fbcd05be71b19ac276a153e0c2484f355d31ecd184d275a4b399a271ace,"{""config"":[""X+"",""X""],""d"":7,""p"":0.00608974358974359}",
      1024,        11,         0,   0.016,pymatching,c38f3fbcd05be71b19ac276a153e0c2484f355d31ecd184d275a4b399a271ace,"{""config"":[""X+"",""X""],""d"":7,""p"":0.00608974358974359}",
       220,         2,         0,   0.008,pymatching,c38f3fbcd05be71b19ac276a153e0c2484f355d31ecd184d275a4b399a271ace,"{""config"":[""X+"",""X""],""d"":7,""p"":0.00608974358974359}",
      1024,         8,         0,   0.019,pymatching,23c6762b737c8f172d70a38cb24337e07ab695cfa3677a29c39ada478a50c087,"{""config"":[""X+"",""X""],""d"":7,""p"":0.006446153846153846}",
       285,         3,         0,   0.005,pymatching,c38f3fbcd05be71b19ac276a153e0c2484f355d31ecd184d275a4b399a271ace,"{""config"":[""X+"",""X""],""d"":7,""p"":0.00608974358974359}",
        39,         0,         0,   0.002,pymatching,c38f3fbcd05be71b19ac276a153e0c2484f355d31ecd184d275a4b399a271ace,"{""config"":[""X+"",""X""],""d"":7,""p"":0.00608974358974359}",
       173,         1,         0,   0.006,pymatching,c38f3fbcd05be71b19ac276a153e0c2484f355d31ecd184d275a4b399a271ace,"{""config"":[""X+"",""X""],""d"":7,""p"":0.00608974358974359}",
       328,         3,         0,   0.011,pymatching,c38f3fbcd05be71b19ac276a153e0c2484f355d31ecd184d275a4b399a271ace,"{""config"":[""X+"",""X""],""d"":7,""p"":0.00608974358974359}",
       173,         1,         0,   0.006,pymatching,c38f3fbcd05be71b19ac276a153e0c2484f355d31ecd184d275a4b399a271ace,"{""config"":[""X+"",""X""],""d"":7,""p"":0.00608974358974359}",
       173,         2,         0,   0.007,pymatching,c38f3fbcd05be71b19ac276a153e0c2484f355d31ecd184d275a4b399a271ace,"{""config"":[""X+"",""X""],""d"":7,""p"":0.00608974358974359}",
        85,         3,         0,   0.005,pymatching,c38f3fbcd05be71b19ac276a153e0c2484f355d31ecd184d275a4b399a271ace,"{""config"":[""X+"",""X""],""d"":7,""p"":0.00608974358974359}",
        58,         1,         0,   0.002,pymatching,c38f3fbcd05be71b19ac276a153e0c2484f355d31ecd184d275a4b399a271ace,"{""config"":[""X+"",""X""],""d"":7,""p"":0.00608974358974359}",
        58,         1,         0,   0.002,pymatching,c38f3fbcd05be71b19ac276a153e0c2484f355d31ecd184d275a4b399a271ace,"{""config"":[""X+"",""X""],""d"":7,""p"":0.00608974358974359}",
        58,         0,         0,   0.004,pymatching,c38f3fbcd05be71b19ac276a153e0c2484f355d31ecd184d275a4b399a271ace,"{""config"":[""X+"",""X""],""d"":7,""p"":0.00608974358974359}",
         1,         0,         0,   0.001,pymatching,c38f3fbcd05be71b19ac276a153e0c2484f355d31ecd184d275a4b399a271ace,"{""config"":[""X+"",""X""],""d"":7,""p"":0.00608974358974359}",
         4,         0,         0,   0.001,pymatching,c38f3fbcd05be71b19ac276a153e0c2484f355d31ecd184d275a4b399a271ace,"{""config"":[""X+"",""X""],""d"":7,""p"":0.00608974358974359}",
         3,         0,         0,   0.001,pymatching,c38f3fbcd05be71b19ac276a153e0c2484f355d31ecd184d275a4b399a271ace,"{""config"":[""X+"",""X""],""d"":7,""p"":0.00608974358974359}",
         1,         0,         0,   0.001,pymatching,c38f3fbcd05be71b19ac276a153e0c2484f355d31ecd184d275a4b399a271ace,"{""config"":[""X+"",""X""],""d"":7,""p"":0.00608974358974359}",
         4,         0,         0,   0.001,pymatching,c38f3fbcd05be71b19ac276a153e0c2484f355d31ecd184d275a4b399a271ace,"{""config"":[""X+"",""X""],""d"":7,""p"":0.00608974358974359}",
         3,         0,         0,   0.001,pymatching,c38f3fbcd05be71b19ac276a153e0c2484f355d31ecd184d275a4b399a271ace,"{""config"":[""X+"",""X""],""d"":7,""p"":0.00608974358974359}",
         4,         1,         0,   0.001,pymatching,c38f3fbcd05be71b19ac276a153e0c2484f355d31ecd184d275a4b399a271ace,"{""config"":[""X+"",""X""],""d"":7,""p"":0.00608974358974359}",
         1,         0,         0,   0.004,pymatching,c38f3fbcd05be71b19ac276a153e0c2484f355d31ecd184d275a4b399a271ace,"{""config"":[""X+"",""X""],""d"":7,""p"":0.00608974358974359}",
         2,         0,         0,   0.001,pymatching,c38f3fbcd05be71b19ac276a153e0c2484f355d31ecd184d275a4b399a271ace,"{""config"":[""X+"",""X""],""d"":7,""p"":0.00608974358974359}",
         3,         0,         0,   0.001,pymatching,c38f3fbcd05be71b19ac276a153e0c2484f355d31ecd184d275a4b399a271ace,"{""config"":[""X+"",""X""],""d"":7,""p"":0.00608974358974359}",
         2,         0,         0,   0.001,pymatching,c38f3fbcd05be71b19ac276a153e0c2484f355d31ecd184d275a4b399a271ace,"{""config"":[""X+"",""X""],""d"":7,""p"":0.00608974358974359}",
         2,         0,         0,   0.001,pymatching,c38f3fbcd05be71b19ac276a153e0c2484f355d31ecd184d275a4b399a271ace,"{""config"":[""X+"",""X""],""d"":7,""p"":0.00608974358974359}",
         1,         0,         0,   0.003,pymatching,c38f3fbcd05be71b19ac276a153e0c2484f355d31ecd184d275a4b399a271ace,"{""config"":[""X+"",""X""],""d"":7,""p"":0.00608974358974359}",
         1,         0,         0,   0.000,pymatching,c38f3fbcd05be71b19ac276a153e0c2484f355d31ecd184d275a4b399a271ace,"{""config"":[""X+"",""X""],""d"":7,""p"":0.00608974358974359}",
         1,         0,         0,   0.003,pymatching,c38f3fbcd05be71b19ac276a153e0c2484f355d31ecd184d275a4b399a271ace,"{""config"":[""X+"",""X""],""d"":7,""p"":0.00608974358974359}",
         2,         0,         0,   0.001,pymatching,c38f3fbcd05be71b19ac276a153e0c2484f355d31ecd184d275a4b399a271ace,"{""config"":[""X+"",""X""],""d"":7,""p"":0.00608974358974359}",
         1,         0,         0,   0.003,pymatching,c38f3fbcd05be71b19ac276a153e0c2484f355d31ecd184d275a4b399a271ace,"{""config"":[""X+"",""X""],""d"":7,""p"":0.00608974358974359}",
         2,         0,         0,   0.001,pymatching,c38f3fbcd05be71b19ac276a153e0c2484f355d31ecd184d275a4b399a271ace,"{""config"":[""X+"",""X""],""d"":7,""p"":0.00608974358974359}",
         1,         0,         0,   0.000,pymatching,c38f3fbcd05be71b19ac276a153e0c2484f355d31ecd184d275a4b399a271ace,"{""config"":[""X+"",""X""],""d"":7,""p"":0.00608974358974359}",
         1,         0,         0,   0.005,pymatching,c38f3fbcd05be71b19ac276a153e0c2484f355d31ecd184d275a4b399a271ace,"{""config"":[""X+"",""X""],""d"":7,""p"":0.00608974358974359}",
         1,         0,         0,   0.005,pymatching,c38f3fbcd05be71b19ac276a153e0c2484f355d31ecd184d275a4b399a271ace,"{""config"":[""X+"",""X""],""d"":7,""p"":0.00608974358974359}",
         1,         0,         0,   0.003,pymatching,c38f3fbcd05be71b19ac276a153e0c2484f355d31ecd184d275a4b399a271ace,"{""config"":[""X+"",""X""],""d"":7,""p"":0.00608974358974359}",
         1,         0,         0,   0.004,pymatching,c38f3fbcd05be71b19ac276a153e0c2484f355d31ecd184d275a4b399a271ace,"{""config"":[""X+"",""X""],""d"":7,""p"":0.00608974358974359}",
         2,         0,         0,   0.000,pymatching,c38f3fbcd05be71b19ac276a153e0c2484f355d31ecd184d275a4b399a271ace,"{""config"":[""X+"",""X""],""d"":7,""p"":0.00608974358974359}",
         2,         0,         0,   0.000,pymatching,c38f3fbcd05be71b19ac276a153e0c2484f355d31ecd184d275a4b399a271ace,"{""config"":[""X+"",""X""],""d"":7,""p"":0.00608974358974359}",
         1,         0,         0,   0.001,pymatching,c38f3fbcd05be71b19ac276a153e0c2484f355d31ecd184d275a4b399a271ace,"{""config"":[""X+"",""X""],""d"":7,""p"":0.00608974358974359}",
         1,         0,         0,   0.001,pymatching,c38f3fbcd05be71b19ac276a153e0c2484f355d31ecd184d275a4b399a271ace,"{""config"":[""X+"",""X""],""d"":7,""p"":0.00608974358974359}",
         1,         0,         0,   0.001,pymatching,c38f3fbcd05be71b19ac276a153e0c2484f355d31ecd184d275a4b399a271ace,"{""config"":[""X+"",""X""],""d"":7,""p"":0.00608974358974359}",
         1,         0,         0,   0.001,pymatching,c38f3fbcd05be71b19ac276a153e0c2484f355d31ecd184d275a4b399a271ace,"{""config"":[""X+"",""X""],""d"":7,""p"":0.00608974358974359}",
         1,         0,         0,   0.000,pymatching,c38f3fbcd05be71b19ac276a153e0c2484f355d31ecd184d275a4b399a271ace,"{""config"":[""X+"",""X""],""d"":7,""p"":0.00608974358974359}",
         1,         0,         0,   0.001,pymatching,c38f3fbcd05be71b19ac276a153e0c2484f355d31ecd184d275a4b399a271ace,"{""config"":[""X+"",""X""],""d"":7,""p"":0.00608974358974359}",
         1,         0,         0,   0.000,pymatching,c38f3fbcd05be71b19ac276a153e0c2484f355d31ecd184d275a4b399a271ace,"{""config"":[""X+"",""X""],""d"":7,""p"":0.00608974358974359}",
         1,         0,         0,   0.000,pymatching,c38f3fbcd05be71b19ac276a153e0c2484f355d31ecd184d275a4b399a271ace,"{""config"":[""X+"",""X""],""d"":7,""p"":0.00608974358974359}",
         1,         0,         0,   0.001,pymatching,c38f3fbcd05be71b19ac276a153e0c2484f355d31ecd184d275a4b399a271ace,"{""config"":[""X+"",""X""],""d"":7,""p"":0.00608974358974359}",
